R version 4.3.2 (2023-10-31) -- "Eye Holes"
Copyright (C) 2023 The R Foundation for Statistical Computing
Platform: x86_64-conda-linux-gnu (64-bit)

R is free software and comes with ABSOLUTELY NO WARRANTY.
You are welcome to redistribute it under the terms of the
GNU General Public License versions 2 or 3.
For more information about these matters see
https://www.gnu.org/licenses/.

1 v1 step4 158 04-model-simulation.yaml
[1] 1
[1] "v"

Agents are attending venues and using apps for week 1 in simulation...

Fixed Parameters
---------------------------
hiv.test.rate = 0.004052745 0.004265129 0.004668849 0.005370771
hiv.test.late.prob = 0 0 0 0
test.window.int = 3
tt.partial.supp.prob = 0 0 0 0
tt.full.supp.prob = 1 1 1 1
tt.durable.supp.prob = 0 0 0 0
tx.init.rate = 0.3589051 0.399814 0.4093571 0.5031471
tx.halt.partial.rate = 0.004825257 0.00453566 0.003050059 0.003050059
tx.halt.full.or = 0.9220912 0.6431206 1.415046 1.237048
tx.halt.durable.or = 0.45 0.45 0.45 0.45
tx.reinit.partial.rate = 0.00255 0.00255 0.00255 0.00255
tx.reinit.full.or = 1 1 1 1
tx.reinit.durable.or = 1 1 1 1
max.time.off.tx.full.int = 780
max.time.on.tx.partial.int = 520
max.time.off.tx.partial.int = 520
vl.acute.rise.int = 3
vl.acute.peak = 6.886
vl.acute.fall.int = 3
vl.set.point = 4.5
vl.aids.onset.int = 520
vl.aids.int = 104
vl.aids.peak = 7
vl.full.supp = 1.5
vl.part.supp = 3.5
vl.tx.down.rate = 0.25
vl.tx.aids.down.rate = 0.25
vl.tx.up.rate = 0.25
aids.on.tx.mort.rate = 0
aids.off.tx.mort.rate = 0.000537394
a.rate = 0.001386813
arrival.age = 16
hiv.urai.prob = 0.008938
hiv.uiai.prob = 0.003379
hiv.acute.or = 6
hiv.circ.or = 0.4
hiv.cond.eff.or = 0.95
hiv.cond.fail.or = 0.25 0.25 0.25 0.25
hiv.circ.prob = 0.874 0.874 0.918 0.918
acts.aids.vl = 5.75
acts.scale = 1
cond.scale = 1
rgc.prob = 0.2269585
ugc.prob = 0.1902003
rct.prob = 0.2054959
uct.prob = 0.1714429
rgc.sympt.prob = 0.1
ugc.sympt.prob = 0.9333
rct.sympt.prob = 0.1
uct.sympt.prob = 0.95
rgc.ntx.int = 26
ugc.ntx.int = 26
gc.tx.int = 1
rct.ntx.int = 32
uct.ntx.int = 32
ct.tx.int = 1
gc.sympt.tx.prob = 0.9 0.9 0.9 0.9
ct.sympt.tx.prob = 0.9 0.9 0.9 0.9
gc.asympt.tx.prob = 0.1 0.1 0.1 0.1
ct.asympt.tx.prob = 0.1 0.1 0.1 0.1
sti.cond.eff.or = 0.95
sti.cond.fail.or = 0.39 0.3 0.21 0.21
hiv.trans.scale = 17.5 3.5 2 1
hiv.rgc.or = 2.78
hiv.ugc.or = 1.73
hiv.rct.or = 2.78
hiv.uct.or = 1.73
hiv.dual.rr = 0.2
riskh.start = Inf
prep.start = Inf
prep.start.prob = 0.634375 0.775 0.765625 0.765625
prep.adhr.dist = 0.089 0.127 0.784
prep.adhr.or = 0.69 0.19 0.01
prep.discont.int = 32.06053 32.06053 32.06053 32.06053
prep.tst.int = 12.8571
prep.risk.int = 26
prep.sti.screen.int = 26
prep.sti.tx.prob = 1
prep.risk.reassess.int = 52
prep.require.lnt = TRUE
part.ident.start = Inf
part.index.window.int = 0
part.index.degree = 1
part.index.prob = 0.666
part.ident.main.window.int = 52
part.ident.casl.window.int = 52
part.ident.ooff.window.int = 52
part.ident.main.prob = 0.157
part.ident.casl.prob = 0.08518719
part.ident.ooff.prob = 0.04448852
part.hiv.test.rate = 0.394 0.394 0.394 0.394
part.prep.start.prob = 0 0 0 0
part.tx.init.rate = 0.387 0.387 0.387 0.387
part.tx.reinit.rate = 0 0 0 0
exo.trans.prob.B = 0.4642641
exo.trans.prob.H = 0.2100492
exo.trans.prob.O = 0.1640618
exo.trans.prob.W = 0.08310792
venue.treat = 0
app.treat = 0
netstats = <list>
epistats = <list>
act.rate = 1

Starting Network Simulation...
The ages, hiv status, and relationship status for the agents are being updated...

Agents are being removed from the simulation...
s00838 is aged 17.01095890410959, whiteNH and is leaving the simulation.
s01293 is aged 18.076712328767123, whiteNH and is leaving the simulation.
s02369 is aged 28.35890410958904, whiteNH and is leaving the simulation.
s03090 is aged 29.613698630136987, whiteNH and is leaving the simulation.
s03431 is aged 27.51232876712329, whiteNH and is leaving the simulation.
s04152 is aged 16.95068493150685, blackNH and is leaving the simulation.
s05214 is aged 28.353424657534248, blackNH and is leaving the simulation.
s05292 is aged 29.536986301369865, blackNH and is leaving the simulation.
s05452 is aged 23.813698630136987, blackNH and is leaving the simulation.
s06924 is aged 20.60821917808219, hispanic and is leaving the simulation.
s07655 is aged 17.843835616438355, hispanic and is leaving the simulation.
s07690 is aged 16.23835616438356, hispanic and is leaving the simulation.
s08643 is aged 22.28219178082192, hispanic and is leaving the simulation.
s08748 is aged 25.246575342465757, hispanic and is leaving the simulation.
s11436 is aged 24.328767123287676, otherNH and is leaving the simulation.

Agents who have aged to a new age group are being updated...
s01607 is 21.01723076923077 and has aged to age group 21to29.
s04308 is 21.01223076923077 and has aged to age group 21to29.
s04371 is 21.00823076923077 and has aged to age group 21to29.
s04640 is 21.00923076923077 and has aged to age group 21to29.
s05879 is 21.003230769230772 and has aged to age group 21to29.
s06073 is 21.00123076923077 and has aged to age group 21to29.
s06355 is 21.01623076923077 and has aged to age group 21to29.
s06597 is 21.00523076923077 and has aged to age group 21to29.
s06611 is 21.01223076923077 and has aged to age group 21to29.
s06940 is 21.00123076923077 and has aged to age group 21to29.
s07981 is 21.01123076923077 and has aged to age group 21to29.
s08033 is 21.01823076923077 and has aged to age group 21to29.
s08055 is 21.003230769230772 and has aged to age group 21to29.
s08065 is 21.01323076923077 and has aged to age group 21to29.
s08241 is 21.00623076923077 and has aged to age group 21to29.
s08764 is 21.01623076923077 and has aged to age group 21to29.
s08804 is 21.01423076923077 and has aged to age group 21to29.
s08984 is 21.00423076923077 and has aged to age group 21to29.
s09005 is 21.01223076923077 and has aged to age group 21to29.
s09072 is 21.01823076923077 and has aged to age group 21to29.
s10266 is 21.00123076923077 and has aged to age group 21to29.
s10343 is 21.01723076923077 and has aged to age group 21to29.

New agents are being added to the simulation...
s11703 is age 16.0 and whiteNH and is entering the model
s11704 is age 16.0 and whiteNH and is entering the model
s11705 is age 16.0 and hispanic and is entering the model
s11706 is age 16.0 and whiteNH and is entering the model
s11707 is age 16.0 and whiteNH and is entering the model
s11708 is age 16.0 and whiteNH and is entering the model
s11709 is age 16.0 and whiteNH and is entering the model
s11710 is age 16.0 and blackNH and is entering the model
s11711 is age 16.0 and hispanic and is entering the model
s11712 is age 16.0 and blackNH and is entering the model
s11713 is age 16.0 and blackNH and is entering the model
s11714 is age 16.0 and whiteNH and is entering the model
s11715 is age 16.0 and blackNH and is entering the model
s11716 is age 16.0 and whiteNH and is entering the model

Agents are attending venues and using apps for week 2 in simulation...


Epidemic Simulation
----------------------------
Simulation: 1/1
Timestep: 2/3640
Prevalence: 1858
Population Size: 11701
----------------------------
The ages, hiv status, and relationship status for the agents are being updated...
s04076 is blackNH, aged 21.76323076923077 in age group 16to20, with relationship status of 1 and is now HIV+.
s04446 is blackNH, aged 29.52123076923077 in age group 16to20, with relationship status of 1 and is now HIV+.
s04785 is blackNH, aged 19.53723076923077 in age group 16to20, with relationship status of 1 and is now HIV+.
s05187 is blackNH, aged 24.05023076923077 in age group 21to29, with relationship status of 1 and is now HIV+.
s05294 is blackNH, aged 19.95023076923077 in age group 21to29, with relationship status of 1 and is now HIV+.
s05818 is blackNH, aged 18.74223076923077 in age group 21to29, with relationship status of 1 and is now HIV+.
s06143 is blackNH, aged 24.10423076923077 in age group 21to29, with relationship status of 0 and is now HIV+.
s06453 is blackNH, aged 22.11523076923077 in age group 21to29, with relationship status of 1 and is now HIV+.
s06769 is blackNH, aged 22.62423076923077 in age group 21to29, with relationship status of 1 and is now HIV+.
s06872 is hispanic, aged 29.78523076923077 in age group 16to20, with relationship status of 0 and is now HIV+.
s07019 is hispanic, aged 25.09823076923077 in age group 16to20, with relationship status of 1 and is now HIV+.
s07266 is hispanic, aged 23.55023076923077 in age group 16to20, with relationship status of 1 and is now HIV+.
s07961 is hispanic, aged 18.98123076923077 in age group 16to20, with relationship status of 1 and is now HIV+.
s08023 is hispanic, aged 22.98123076923077 in age group 16to20, with relationship status of 1 and is now HIV+.
s08191 is hispanic, aged 21.65923076923077 in age group 21to29, with relationship status of 0 and is now HIV+.
s09244 is hispanic, aged 25.18923076923077 in age group 21to29, with relationship status of 0 and is now HIV+.
s10089 is hispanic, aged 21.17923076923077 in age group 21to29, with relationship status of 1 and is now HIV+.
s11039 is otherNH, aged 23.12523076923077 in age group 21to29, with relationship status of 0 and is now HIV+.

Agents are being removed from the simulation...
s00056 is aged 29.98823076923077, whiteNH and is leaving the simulation.
s00164 is aged 29.99123076923077, whiteNH and is leaving the simulation.
s01553 is aged 29.98523076923077, whiteNH and is leaving the simulation.
s02020 is aged 29.98723076923077, whiteNH and is leaving the simulation.
s02550 is aged 29.98823076923077, whiteNH and is leaving the simulation.
s02644 is aged 29.98223076923077, whiteNH and is leaving the simulation.
s03045 is aged 29.98923076923077, whiteNH and is leaving the simulation.
s03204 is aged 29.99423076923077, whiteNH and is leaving the simulation.
s03960 is aged 29.98323076923077, blackNH and is leaving the simulation.
s05098 is aged 29.99923076923077, blackNH and is leaving the simulation.
s06413 is aged 29.99223076923077, blackNH and is leaving the simulation.
s07963 is aged 29.99023076923077, hispanic and is leaving the simulation.
s08707 is aged 29.98823076923077, hispanic and is leaving the simulation.
s09209 is aged 29.98123076923077, hispanic and is leaving the simulation.
s10853 is aged 29.98423076923077, otherNH and is leaving the simulation.
s10874 is aged 29.99123076923077, otherNH and is leaving the simulation.
s11237 is aged 29.98523076923077, otherNH and is leaving the simulation.
s11591 is aged 29.98123076923077, otherNH and is leaving the simulation.

Agents who have aged to a new age group are being updated...
s00057 is 21.01546153846154 and has aged to age group 21to29.
s02047 is 21.00846153846154 and has aged to age group 21to29.
s03523 is 21.01046153846154 and has aged to age group 21to29.
s03806 is 21.00746153846154 and has aged to age group 21to29.
s03842 is 21.01746153846154 and has aged to age group 21to29.
s04602 is 21.00146153846154 and has aged to age group 21to29.
s04763 is 21.01346153846154 and has aged to age group 21to29.
s05805 is 21.00346153846154 and has aged to age group 21to29.
s06787 is 21.01646153846154 and has aged to age group 21to29.
s08166 is 21.00046153846154 and has aged to age group 21to29.
s08874 is 21.01146153846154 and has aged to age group 21to29.
s09528 is 21.00246153846154 and has aged to age group 21to29.
s11432 is 21.00146153846154 and has aged to age group 21to29.
s11501 is 21.00046153846154 and has aged to age group 21to29.
s11678 is 21.00746153846154 and has aged to age group 21to29.

New agents are being added to the simulation...
s11717 is age 16.0 and hispanic and is entering the model
s11718 is age 16.0 and hispanic and is entering the model
s11719 is age 16.0 and blackNH and is entering the model
s11720 is age 16.0 and otherNH and is entering the model
s11721 is age 16.0 and hispanic and is entering the model
s11722 is age 16.0 and blackNH and is entering the model
s11723 is age 16.0 and blackNH and is entering the model
s11724 is age 16.0 and otherNH and is entering the model
s11725 is age 16.0 and hispanic and is entering the model
s11726 is age 16.0 and whiteNH and is entering the model

Agents are attending venues and using apps for week 3 in simulation...


Epidemic Simulation
----------------------------
Simulation: 1/1
Timestep: 3/3640
Prevalence: 1861
Population Size: 11693
----------------------------
The ages, hiv status, and relationship status for the agents are being updated...
s04053 is blackNH, aged 23.06146153846154 in age group 16to20, with relationship status of 1 and is now HIV+.
s04063 is blackNH, aged 28.99946153846154 in age group 16to20, with relationship status of 1 and is now HIV+.
s05127 is blackNH, aged 24.64946153846154 in age group 21to29, with relationship status of 1 and is now HIV+.
s06209 is blackNH, aged 25.30446153846154 in age group 21to29, with relationship status of 1 and is now HIV+.
s11167 is otherNH, aged 24.89646153846154 in age group 21to29, with relationship status of 0 and is now HIV+.

Agents are being removed from the simulation...
s00404 is aged 29.98946153846154, whiteNH and is leaving the simulation.
s01320 is aged 29.98446153846154, whiteNH and is leaving the simulation.
s03042 is aged 29.99146153846154, whiteNH and is leaving the simulation.
s03185 is aged 29.98346153846154, whiteNH and is leaving the simulation.
s03471 is aged 29.99746153846154, whiteNH and is leaving the simulation.
s04045 is aged 29.98846153846154, blackNH and is leaving the simulation.
s04435 is aged 29.99746153846154, blackNH and is leaving the simulation.
s04963 is aged 29.98846153846154, blackNH and is leaving the simulation.
s05298 is aged 29.99546153846154, blackNH and is leaving the simulation.
s05396 is aged 29.99746153846154, blackNH and is leaving the simulation.
s05860 is aged 29.99346153846154, blackNH and is leaving the simulation.
s06236 is aged 29.98746153846154, blackNH and is leaving the simulation.
s06909 is aged 29.99146153846154, hispanic and is leaving the simulation.
s07372 is aged 29.99146153846154, hispanic and is leaving the simulation.
s09351 is aged 29.98446153846154, hispanic and is leaving the simulation.
s10467 is aged 29.98846153846154, otherNH and is leaving the simulation.
s10858 is aged 29.99246153846154, otherNH and is leaving the simulation.
s11229 is aged 29.99446153846154, otherNH and is leaving the simulation.

Agents who have aged to a new age group are being updated...
s00029 is 21.01169230769231 and has aged to age group 21to29.
s01212 is 21.00769230769231 and has aged to age group 21to29.
s01557 is 21.01269230769231 and has aged to age group 21to29.
s03056 is 21.00169230769231 and has aged to age group 21to29.
s04974 is 21.00369230769231 and has aged to age group 21to29.
s05302 is 21.01469230769231 and has aged to age group 21to29.
s06122 is 21.01369230769231 and has aged to age group 21to29.
s07142 is 21.01869230769231 and has aged to age group 21to29.
s07492 is 21.00969230769231 and has aged to age group 21to29.
s07539 is 21.01869230769231 and has aged to age group 21to29.
s08408 is 21.00269230769231 and has aged to age group 21to29.
s08982 is 21.01569230769231 and has aged to age group 21to29.
s09990 is 21.01869230769231 and has aged to age group 21to29.
s10615 is 21.01869230769231 and has aged to age group 21to29.
s11309 is 21.00469230769231 and has aged to age group 21to29.

New agents are being added to the simulation...
s11727 is age 16.0 and whiteNH and is entering the model
s11728 is age 16.0 and hispanic and is entering the model
s11729 is age 16.0 and hispanic and is entering the model
s11730 is age 16.0 and hispanic and is entering the model
s11731 is age 16.0 and otherNH and is entering the model
s11732 is age 16.0 and blackNH and is entering the model
s11733 is age 16.0 and blackNH and is entering the model
s11734 is age 16.0 and blackNH and is entering the model
s11735 is age 16.0 and whiteNH and is entering the model
s11736 is age 16.0 and whiteNH and is entering the model

Agents are attending venues and using apps for week 4 in simulation...


Epidemic Simulation
----------------------------
Simulation: 1/1
Timestep: 4/3640
Prevalence: 1876
Population Size: 11685
----------------------------
The ages, hiv status, and relationship status for the agents are being updated...
s00306 is whiteNH, aged 20.05769230769231 in age group 16to20, with relationship status of 0 and is now HIV+.
s04094 is blackNH, aged 23.88669230769231 in age group 16to20, with relationship status of 1 and is now HIV+.
s04181 is blackNH, aged 18.11469230769231 in age group 16to20, with relationship status of 0 and is now HIV+.
s04447 is blackNH, aged 24.79569230769231 in age group 16to20, with relationship status of 0 and is now HIV+.
s04619 is blackNH, aged 17.83169230769231 in age group 16to20, with relationship status of 0 and is now HIV+.
s04699 is blackNH, aged 28.45869230769231 in age group 16to20, with relationship status of 1 and is now HIV+.
s05366 is blackNH, aged 21.71669230769231 in age group 21to29, with relationship status of 1 and is now HIV+.
s05834 is blackNH, aged 23.63269230769231 in age group 21to29, with relationship status of 1 and is now HIV+.
s05905 is blackNH, aged 17.85069230769231 in age group 21to29, with relationship status of 0 and is now HIV+.
s06387 is blackNH, aged 28.695692307692312 in age group 21to29, with relationship status of 1 and is now HIV+.
s06392 is blackNH, aged 18.66269230769231 in age group 21to29, with relationship status of 1 and is now HIV+.
s06603 is blackNH, aged 16.35069230769231 in age group 21to29, with relationship status of 1 and is now HIV+.
s07181 is hispanic, aged 24.79369230769231 in age group 16to20, with relationship status of 0 and is now HIV+.
s07836 is hispanic, aged 24.64669230769231 in age group 16to20, with relationship status of 0 and is now HIV+.
s08107 is hispanic, aged 21.09169230769231 in age group 21to29, with relationship status of 1 and is now HIV+.
s09012 is hispanic, aged 18.86169230769231 in age group 21to29, with relationship status of 1 and is now HIV+.
s09396 is hispanic, aged 23.35369230769231 in age group 21to29, with relationship status of 0 and is now HIV+.
s10232 is hispanic, aged 28.31469230769231 in age group 21to29, with relationship status of 1 and is now HIV+.

Agents are being removed from the simulation...
s02632 is aged 29.98169230769231, whiteNH and is leaving the simulation.
s03353 is aged 29.99669230769231, whiteNH and is leaving the simulation.
s04039 is aged 29.98769230769231, blackNH and is leaving the simulation.
s04895 is aged 29.99969230769231, blackNH and is leaving the simulation.
s05236 is aged 19.52469230769231, blackNH and is leaving the simulation.
s05871 is aged 29.99369230769231, blackNH and is leaving the simulation.
s06363 is aged 29.99769230769231, blackNH and is leaving the simulation.
s06792 is aged 29.99269230769231, blackNH and is leaving the simulation.
s07163 is aged 29.99369230769231, hispanic and is leaving the simulation.
s07172 is aged 29.98869230769231, hispanic and is leaving the simulation.
s07472 is aged 29.99169230769231, hispanic and is leaving the simulation.
s08089 is aged 29.98269230769231, hispanic and is leaving the simulation.
s08291 is aged 29.98669230769231, hispanic and is leaving the simulation.
s09077 is aged 29.99469230769231, hispanic and is leaving the simulation.
s09667 is aged 29.98469230769231, hispanic and is leaving the simulation.
s11198 is aged 22.78169230769231, otherNH and is leaving the simulation.
s11382 is aged 29.98969230769231, otherNH and is leaving the simulation.
s11467 is aged 29.98869230769231, otherNH and is leaving the simulation.

Agents who have aged to a new age group are being updated...
s00392 is 21.00292307692308 and has aged to age group 21to29.
s01800 is 21.00292307692308 and has aged to age group 21to29.
s02786 is 21.01792307692308 and has aged to age group 21to29.
s04517 is 21.01092307692308 and has aged to age group 21to29.
s04534 is 21.01192307692308 and has aged to age group 21to29.
s04546 is 21.01692307692308 and has aged to age group 21to29.
s05593 is 21.01892307692308 and has aged to age group 21to29.
s05713 is 21.01392307692308 and has aged to age group 21to29.
s07996 is 21.00292307692308 and has aged to age group 21to29.
s10023 is 21.01492307692308 and has aged to age group 21to29.
s10102 is 21.01892307692308 and has aged to age group 21to29.
s11487 is 21.00192307692308 and has aged to age group 21to29.

New agents are being added to the simulation...
s11737 is age 16.0 and hispanic and is entering the model
s11738 is age 16.0 and blackNH and is entering the model
s11739 is age 16.0 and hispanic and is entering the model
s11740 is age 16.0 and blackNH and is entering the model
s11741 is age 16.0 and hispanic and is entering the model
s11742 is age 16.0 and hispanic and is entering the model
s11743 is age 16.0 and whiteNH and is entering the model
s11744 is age 16.0 and hispanic and is entering the model
s11745 is age 16.0 and hispanic and is entering the model
s11746 is age 16.0 and hispanic and is entering the model
s11747 is age 16.0 and whiteNH and is entering the model
s11748 is age 16.0 and blackNH and is entering the model
s11749 is age 16.0 and hispanic and is entering the model
s11750 is age 16.0 and whiteNH and is entering the model
s11751 is age 16.0 and whiteNH and is entering the model

Agents are attending venues and using apps for week 5 in simulation...


Epidemic Simulation
----------------------------
Simulation: 1/1
Timestep: 5/3640
Prevalence: 1881
Population Size: 11682
----------------------------
The ages, hiv status, and relationship status for the agents are being updated...
s04337 is blackNH, aged 18.27792307692308 in age group 16to20, with relationship status of 1 and is now HIV+.
s04693 is blackNH, aged 22.17592307692308 in age group 16to20, with relationship status of 0 and is now HIV+.
s04825 is blackNH, aged 21.557923076923082 in age group 16to20, with relationship status of 0 and is now HIV+.
s05230 is blackNH, aged 17.964923076923082 in age group 21to29, with relationship status of 1 and is now HIV+.
s05792 is blackNH, aged 16.67692307692308 in age group 21to29, with relationship status of 1 and is now HIV+.
s06776 is blackNH, aged 19.24992307692308 in age group 21to29, with relationship status of 0 and is now HIV+.
s09337 is hispanic, aged 21.17292307692308 in age group 21to29, with relationship status of 0 and is now HIV+.
s10463 is otherNH, aged 22.29892307692308 in age group 16to20, with relationship status of 0 and is now HIV+.

Agents are being removed from the simulation...
s01199 is aged 29.98192307692308, whiteNH and is leaving the simulation.
s01477 is aged 29.999923076923082, whiteNH and is leaving the simulation.
s02381 is aged 29.999923076923082, whiteNH and is leaving the simulation.
s04097 is aged 29.98292307692308, blackNH and is leaving the simulation.
s05107 is aged 29.99492307692308, blackNH and is leaving the simulation.
s05532 is aged 29.98792307692308, blackNH and is leaving the simulation.
s06796 is aged 29.98492307692308, blackNH and is leaving the simulation.
s07002 is aged 29.98792307692308, hispanic and is leaving the simulation.
s08551 is aged 29.98892307692308, hispanic and is leaving the simulation.
s08862 is aged 29.98992307692308, hispanic and is leaving the simulation.
s08879 is aged 29.999923076923082, hispanic and is leaving the simulation.
s09292 is aged 29.99892307692308, hispanic and is leaving the simulation.
s10700 is aged 29.99492307692308, otherNH and is leaving the simulation.
s10892 is aged 29.99092307692308, otherNH and is leaving the simulation.

Agents who have aged to a new age group are being updated...
s00844 is 21.00815384615385 and has aged to age group 21to29.
s04010 is 21.00115384615385 and has aged to age group 21to29.
s04367 is 21.01015384615385 and has aged to age group 21to29.
s04593 is 21.01215384615385 and has aged to age group 21to29.
s04860 is 21.013153846153852 and has aged to age group 21to29.
s04918 is 21.01815384615385 and has aged to age group 21to29.
s05112 is 21.01415384615385 and has aged to age group 21to29.
s05734 is 21.01515384615385 and has aged to age group 21to29.
s06348 is 21.00715384615385 and has aged to age group 21to29.
s07914 is 21.00315384615385 and has aged to age group 21to29.
s08221 is 21.00715384615385 and has aged to age group 21to29.
s09303 is 21.01115384615385 and has aged to age group 21to29.
s09693 is 21.00815384615385 and has aged to age group 21to29.
s10671 is 21.01415384615385 and has aged to age group 21to29.
s10893 is 21.01415384615385 and has aged to age group 21to29.
s11070 is 21.00815384615385 and has aged to age group 21to29.
s11490 is 21.01715384615385 and has aged to age group 21to29.

New agents are being added to the simulation...
s11752 is age 16.0 and blackNH and is entering the model
s11753 is age 16.0 and whiteNH and is entering the model
s11754 is age 16.0 and blackNH and is entering the model
s11755 is age 16.0 and blackNH and is entering the model
s11756 is age 16.0 and hispanic and is entering the model
s11757 is age 16.0 and hispanic and is entering the model
s11758 is age 16.0 and whiteNH and is entering the model
s11759 is age 16.0 and whiteNH and is entering the model
s11760 is age 16.0 and hispanic and is entering the model
s11761 is age 16.0 and blackNH and is entering the model
s11762 is age 16.0 and whiteNH and is entering the model

Agents are attending venues and using apps for week 6 in simulation...


Epidemic Simulation
----------------------------
Simulation: 1/1
Timestep: 6/3640
Prevalence: 1888
Population Size: 11679
----------------------------
The ages, hiv status, and relationship status for the agents are being updated...
s03178 is whiteNH, aged 16.24215384615385 in age group 21to29, with relationship status of 0 and is now HIV+.
s04387 is blackNH, aged 19.26715384615385 in age group 16to20, with relationship status of 0 and is now HIV+.
s05439 is blackNH, aged 19.16715384615385 in age group 21to29, with relationship status of 1 and is now HIV+.
s05824 is blackNH, aged 28.90015384615385 in age group 21to29, with relationship status of 1 and is now HIV+.
s05936 is blackNH, aged 27.15415384615385 in age group 21to29, with relationship status of 1 and is now HIV+.
s06696 is blackNH, aged 19.00515384615385 in age group 21to29, with relationship status of 0 and is now HIV+.
s07923 is hispanic, aged 21.14715384615385 in age group 16to20, with relationship status of 0 and is now HIV+.
s09391 is hispanic, aged 24.28215384615385 in age group 21to29, with relationship status of 1 and is now HIV+.

Agents are being removed from the simulation...
s00095 is aged 29.99115384615385, whiteNH and is leaving the simulation.
s01147 is aged 29.98715384615385, whiteNH and is leaving the simulation.
s01895 is aged 29.99115384615385, whiteNH and is leaving the simulation.
s02003 is aged 29.98915384615385, whiteNH and is leaving the simulation.
s02038 is aged 29.98915384615385, whiteNH and is leaving the simulation.
s02187 is aged 29.99115384615385, whiteNH and is leaving the simulation.
s02224 is aged 29.99015384615385, whiteNH and is leaving the simulation.
s03210 is aged 29.99315384615385, whiteNH and is leaving the simulation.
s03801 is aged 29.99815384615385, whiteNH and is leaving the simulation.
s04955 is aged 29.98515384615385, blackNH and is leaving the simulation.
s05884 is aged 29.981153846153852, blackNH and is leaving the simulation.
s09122 is aged 29.98215384615385, hispanic and is leaving the simulation.

Agents who have aged to a new age group are being updated...
s00364 is 21.01238461538462 and has aged to age group 21to29.
s00901 is 21.01438461538462 and has aged to age group 21to29.
s01095 is 21.01738461538462 and has aged to age group 21to29.
s03034 is 21.01738461538462 and has aged to age group 21to29.
s03816 is 21.01738461538462 and has aged to age group 21to29.
s04690 is 21.00238461538462 and has aged to age group 21to29.
s04761 is 21.01438461538462 and has aged to age group 21to29.
s05038 is 21.01138461538462 and has aged to age group 21to29.
s05974 is 21.003384615384622 and has aged to age group 21to29.
s06592 is 21.01738461538462 and has aged to age group 21to29.
s06897 is 21.003384615384622 and has aged to age group 21to29.
s06969 is 21.01838461538462 and has aged to age group 21to29.
s08006 is 21.01638461538462 and has aged to age group 21to29.
s08132 is 21.003384615384622 and has aged to age group 21to29.
s08251 is 21.01238461538462 and has aged to age group 21to29.
s08951 is 21.003384615384622 and has aged to age group 21to29.
s09863 is 21.00238461538462 and has aged to age group 21to29.
s09917 is 21.00638461538462 and has aged to age group 21to29.
s09969 is 21.01138461538462 and has aged to age group 21to29.

New agents are being added to the simulation...
s11763 is age 16.0 and blackNH and is entering the model
s11764 is age 16.0 and blackNH and is entering the model
s11765 is age 16.0 and whiteNH and is entering the model
s11766 is age 16.0 and hispanic and is entering the model
s11767 is age 16.0 and whiteNH and is entering the model
s11768 is age 16.0 and blackNH and is entering the model
s11769 is age 16.0 and whiteNH and is entering the model
s11770 is age 16.0 and hispanic and is entering the model
s11771 is age 16.0 and whiteNH and is entering the model
s11772 is age 16.0 and hispanic and is entering the model
s11773 is age 16.0 and blackNH and is entering the model
s11774 is age 16.0 and hispanic and is entering the model
s11775 is age 16.0 and whiteNH and is entering the model
s11776 is age 16.0 and hispanic and is entering the model
s11777 is age 16.0 and otherNH and is entering the model
s11778 is age 16.0 and blackNH and is entering the model
s11779 is age 16.0 and hispanic and is entering the model

Agents are attending venues and using apps for week 7 in simulation...


Epidemic Simulation
----------------------------
Simulation: 1/1
Timestep: 7/3640
Prevalence: 1897
Population Size: 11684
----------------------------
The ages, hiv status, and relationship status for the agents are being updated...
s05261 is blackNH, aged 18.43838461538462 in age group 21to29, with relationship status of 1 and is now HIV+.
s06086 is blackNH, aged 16.56638461538462 in age group 21to29, with relationship status of 1 and is now HIV+.
s08148 is hispanic, aged 18.98338461538462 in age group 21to29, with relationship status of 1 and is now HIV+.
s08302 is hispanic, aged 21.65338461538462 in age group 21to29, with relationship status of 1 and is now HIV+.
s08348 is hispanic, aged 19.80438461538462 in age group 21to29, with relationship status of 1 and is now HIV+.
s09651 is hispanic, aged 25.85638461538462 in age group 21to29, with relationship status of 1 and is now HIV+.
s11029 is otherNH, aged 17.96738461538462 in age group 21to29, with relationship status of 1 and is now HIV+.
s11360 is otherNH, aged 26.34138461538462 in age group 21to29, with relationship status of 0 and is now HIV+.
s11380 is otherNH, aged 27.77038461538462 in age group 21to29, with relationship status of 0 and is now HIV+.

Agents are being removed from the simulation...
s00274 is aged 29.99838461538462, whiteNH and is leaving the simulation.
s01409 is aged 29.98438461538462, whiteNH and is leaving the simulation.
s01431 is aged 29.99338461538462, whiteNH and is leaving the simulation.
s02036 is aged 29.99038461538462, whiteNH and is leaving the simulation.
s02267 is aged 29.98638461538462, whiteNH and is leaving the simulation.
s04436 is aged 29.99338461538462, blackNH and is leaving the simulation.
s05493 is aged 29.99838461538462, blackNH and is leaving the simulation.
s06483 is aged 29.99738461538462, blackNH and is leaving the simulation.
s08453 is aged 29.99538461538462, hispanic and is leaving the simulation.
s08464 is aged 29.98138461538462, hispanic and is leaving the simulation.
s10205 is aged 29.99938461538462, hispanic and is leaving the simulation.
s10278 is aged 29.99038461538462, hispanic and is leaving the simulation.
s11378 is aged 29.99738461538462, otherNH and is leaving the simulation.

Agents who have aged to a new age group are being updated...
s00755 is 21.00861538461539 and has aged to age group 21to29.
s00831 is 21.00161538461539 and has aged to age group 21to29.
s01012 is 21.00961538461539 and has aged to age group 21to29.
s01040 is 21.01061538461539 and has aged to age group 21to29.
s01598 is 21.01261538461539 and has aged to age group 21to29.
s01880 is 21.00061538461539 and has aged to age group 21to29.
s02236 is 21.01361538461539 and has aged to age group 21to29.
s03726 is 21.00661538461539 and has aged to age group 21to29.
s07572 is 21.00361538461539 and has aged to age group 21to29.
s07841 is 21.00561538461539 and has aged to age group 21to29.
s09048 is 21.00961538461539 and has aged to age group 21to29.
s09954 is 21.00261538461539 and has aged to age group 21to29.
s10728 is 21.00661538461539 and has aged to age group 21to29.

New agents are being added to the simulation...
s11780 is age 16.0 and blackNH and is entering the model
s11781 is age 16.0 and whiteNH and is entering the model
s11782 is age 16.0 and whiteNH and is entering the model
s11783 is age 16.0 and hispanic and is entering the model
s11784 is age 16.0 and blackNH and is entering the model
s11785 is age 16.0 and blackNH and is entering the model
s11786 is age 16.0 and blackNH and is entering the model
s11787 is age 16.0 and blackNH and is entering the model
s11788 is age 16.0 and whiteNH and is entering the model
s11789 is age 16.0 and whiteNH and is entering the model
s11790 is age 16.0 and hispanic and is entering the model
s11791 is age 16.0 and whiteNH and is entering the model
s11792 is age 16.0 and hispanic and is entering the model
s11793 is age 16.0 and hispanic and is entering the model
s11794 is age 16.0 and otherNH and is entering the model
s11795 is age 16.0 and hispanic and is entering the model
s11796 is age 16.0 and hispanic and is entering the model

Agents are attending venues and using apps for week 8 in simulation...


Epidemic Simulation
----------------------------
Simulation: 1/1
Timestep: 8/3640
Prevalence: 1903
Population Size: 11688
----------------------------
The ages, hiv status, and relationship status for the agents are being updated...
s04095 is blackNH, aged 26.31561538461539 in age group 16to20, with relationship status of 0 and is now HIV+.
s04771 is blackNH, aged 24.36661538461539 in age group 16to20, with relationship status of 0 and is now HIV+.
s05249 is blackNH, aged 25.74661538461539 in age group 21to29, with relationship status of 1 and is now HIV+.
s05429 is blackNH, aged 29.84861538461539 in age group 21to29, with relationship status of 1 and is now HIV+.
s05551 is blackNH, aged 23.71261538461539 in age group 21to29, with relationship status of 1 and is now HIV+.
s05702 is blackNH, aged 25.04161538461539 in age group 21to29, with relationship status of 0 and is now HIV+.
s06513 is blackNH, aged 26.743615384615392 in age group 21to29, with relationship status of 0 and is now HIV+.
s06577 is blackNH, aged 18.68961538461539 in age group 21to29, with relationship status of 0 and is now HIV+.
s07374 is hispanic, aged 29.64661538461539 in age group 16to20, with relationship status of 1 and is now HIV+.
s09697 is hispanic, aged 24.94761538461539 in age group 21to29, with relationship status of 0 and is now HIV+.

Agents are being removed from the simulation...
s02779 is aged 29.98161538461539, whiteNH and is leaving the simulation.
s04829 is aged 29.98261538461539, blackNH and is leaving the simulation.
s05446 is aged 29.99961538461539, blackNH and is leaving the simulation.
s05625 is aged 29.98461538461539, blackNH and is leaving the simulation.
s06738 is aged 29.99861538461539, blackNH and is leaving the simulation.
s06918 is aged 29.99161538461539, hispanic and is leaving the simulation.
s07072 is aged 29.99561538461539, hispanic and is leaving the simulation.
s07254 is aged 29.99261538461539, hispanic and is leaving the simulation.
s07518 is aged 29.98661538461539, hispanic and is leaving the simulation.
s07660 is aged 29.98661538461539, hispanic and is leaving the simulation.
s07766 is aged 29.98961538461539, hispanic and is leaving the simulation.
s08766 is aged 29.987615384615392, hispanic and is leaving the simulation.
s09525 is aged 29.98261538461539, hispanic and is leaving the simulation.
s10138 is aged 29.98261538461539, hispanic and is leaving the simulation.
s10161 is aged 29.98861538461539, hispanic and is leaving the simulation.
s10478 is aged 29.990615384615392, otherNH and is leaving the simulation.
s10897 is aged 29.98861538461539, otherNH and is leaving the simulation.
s11445 is aged 29.98461538461539, otherNH and is leaving the simulation.

Agents who have aged to a new age group are being updated...
s00004 is 21.00484615384616 and has aged to age group 21to29.
s00259 is 21.01484615384616 and has aged to age group 21to29.
s00490 is 21.00584615384616 and has aged to age group 21to29.
s01208 is 21.009846153846162 and has aged to age group 21to29.
s03116 is 21.00284615384616 and has aged to age group 21to29.
s03670 is 21.01684615384616 and has aged to age group 21to29.
s05192 is 21.01084615384616 and has aged to age group 21to29.
s05428 is 21.00584615384616 and has aged to age group 21to29.
s05445 is 21.01784615384616 and has aged to age group 21to29.
s09028 is 21.00484615384616 and has aged to age group 21to29.
s09728 is 21.00284615384616 and has aged to age group 21to29.
s09799 is 21.01484615384616 and has aged to age group 21to29.
s10092 is 21.01584615384616 and has aged to age group 21to29.
s10163 is 21.01484615384616 and has aged to age group 21to29.

New agents are being added to the simulation...
s11797 is age 16.0 and whiteNH and is entering the model
s11798 is age 16.0 and blackNH and is entering the model
s11799 is age 16.0 and blackNH and is entering the model
s11800 is age 16.0 and hispanic and is entering the model
s11801 is age 16.0 and blackNH and is entering the model
s11802 is age 16.0 and otherNH and is entering the model
s11803 is age 16.0 and hispanic and is entering the model
s11804 is age 16.0 and whiteNH and is entering the model
s11805 is age 16.0 and blackNH and is entering the model
s11806 is age 16.0 and hispanic and is entering the model
s11807 is age 16.0 and whiteNH and is entering the model
s11808 is age 16.0 and blackNH and is entering the model
s11809 is age 16.0 and whiteNH and is entering the model
s11810 is age 16.0 and hispanic and is entering the model
s11811 is age 16.0 and hispanic and is entering the model
s11812 is age 16.0 and otherNH and is entering the model
s11813 is age 16.0 and blackNH and is entering the model
s11814 is age 16.0 and whiteNH and is entering the model
s11815 is age 16.0 and whiteNH and is entering the model
s11816 is age 16.0 and otherNH and is entering the model

Agents are attending venues and using apps for week 9 in simulation...


Epidemic Simulation
----------------------------
Simulation: 1/1
Timestep: 9/3640
Prevalence: 1910
Population Size: 11690
----------------------------
The ages, hiv status, and relationship status for the agents are being updated...
s04004 is blackNH, aged 17.77084615384616 in age group 16to20, with relationship status of 0 and is now HIV+.
s04067 is blackNH, aged 28.79284615384616 in age group 16to20, with relationship status of 0 and is now HIV+.
s04099 is blackNH, aged 20.98884615384616 in age group 16to20, with relationship status of 0 and is now HIV+.
s04601 is blackNH, aged 24.39484615384616 in age group 16to20, with relationship status of 0 and is now HIV+.
s05526 is blackNH, aged 26.55784615384616 in age group 21to29, with relationship status of 1 and is now HIV+.
s06846 is hispanic, aged 22.56084615384616 in age group 16to20, with relationship status of 0 and is now HIV+.
s07299 is hispanic, aged 24.14084615384616 in age group 16to20, with relationship status of 0 and is now HIV+.
s08135 is hispanic, aged 19.34284615384616 in age group 21to29, with relationship status of 0 and is now HIV+.
s10334 is hispanic, aged 27.61984615384616 in age group 21to29, with relationship status of 1 and is now HIV+.

Agents are being removed from the simulation...
s01633 is aged 29.98884615384616, whiteNH and is leaving the simulation.
s02096 is aged 29.98684615384616, whiteNH and is leaving the simulation.
s03001 is aged 29.98584615384616, whiteNH and is leaving the simulation.
s03215 is aged 29.98884615384616, whiteNH and is leaving the simulation.
s03817 is aged 29.98684615384616, whiteNH and is leaving the simulation.
s04059 is aged 29.98984615384616, blackNH and is leaving the simulation.
s05167 is aged 29.98184615384616, blackNH and is leaving the simulation.
s06340 is aged 29.99184615384616, blackNH and is leaving the simulation.
s07178 is aged 29.99684615384616, hispanic and is leaving the simulation.
s08547 is aged 29.99284615384616, hispanic and is leaving the simulation.
s11280 is aged 29.99184615384616, otherNH and is leaving the simulation.

Agents who have aged to a new age group are being updated...
s00943 is 21.01207692307693 and has aged to age group 21to29.
s01675 is 21.01707692307693 and has aged to age group 21to29.
s02116 is 21.01707692307693 and has aged to age group 21to29.
s04099 is 21.00807692307693 and has aged to age group 21to29.
s04801 is 21.00807692307693 and has aged to age group 21to29.
s05280 is 21.00807692307693 and has aged to age group 21to29.
s06055 is 21.01407692307693 and has aged to age group 21to29.
s06898 is 21.00107692307693 and has aged to age group 21to29.
s07888 is 21.01907692307693 and has aged to age group 21to29.
s08760 is 21.00507692307693 and has aged to age group 21to29.
s09050 is 21.01307692307693 and has aged to age group 21to29.
s09182 is 21.00607692307693 and has aged to age group 21to29.
s10051 is 21.01907692307693 and has aged to age group 21to29.
s11248 is 21.00007692307693 and has aged to age group 21to29.
s11657 is 21.00607692307693 and has aged to age group 21to29.

New agents are being added to the simulation...
s11817 is age 16.0 and blackNH and is entering the model
s11818 is age 16.0 and hispanic and is entering the model
s11819 is age 16.0 and otherNH and is entering the model
s11820 is age 16.0 and otherNH and is entering the model
s11821 is age 16.0 and blackNH and is entering the model
s11822 is age 16.0 and hispanic and is entering the model
s11823 is age 16.0 and hispanic and is entering the model
s11824 is age 16.0 and hispanic and is entering the model
s11825 is age 16.0 and hispanic and is entering the model
s11826 is age 16.0 and blackNH and is entering the model
s11827 is age 16.0 and whiteNH and is entering the model
s11828 is age 16.0 and hispanic and is entering the model
s11829 is age 16.0 and hispanic and is entering the model
s11830 is age 16.0 and whiteNH and is entering the model
s11831 is age 16.0 and otherNH and is entering the model
s11832 is age 16.0 and blackNH and is entering the model
s11833 is age 16.0 and whiteNH and is entering the model

Agents are attending venues and using apps for week 10 in simulation...


Epidemic Simulation
----------------------------
Simulation: 1/1
Timestep: 10/3640
Prevalence: 1912
Population Size: 11696
----------------------------
The ages, hiv status, and relationship status for the agents are being updated...
s04061 is blackNH, aged 17.31007692307693 in age group 16to20, with relationship status of 1 and is now HIV+.
s04786 is blackNH, aged 21.52007692307693 in age group 16to20, with relationship status of 1 and is now HIV+.
s06374 is blackNH, aged 17.11207692307693 in age group 21to29, with relationship status of 1 and is now HIV+.
s09472 is hispanic, aged 22.39607692307693 in age group 21to29, with relationship status of 1 and is now HIV+.

Agents are being removed from the simulation...
s00493 is aged 29.98107692307693, whiteNH and is leaving the simulation.
s00570 is aged 29.98207692307693, whiteNH and is leaving the simulation.
s00794 is aged 29.98707692307693, whiteNH and is leaving the simulation.
s01014 is aged 29.997076923076932, whiteNH and is leaving the simulation.
s01025 is aged 29.98307692307693, whiteNH and is leaving the simulation.
s01124 is aged 29.99807692307693, whiteNH and is leaving the simulation.
s04969 is aged 29.99007692307693, blackNH and is leaving the simulation.
s05646 is aged 29.99907692307693, blackNH and is leaving the simulation.
s07118 is aged 29.98807692307693, hispanic and is leaving the simulation.
s09464 is aged 29.994076923076932, hispanic and is leaving the simulation.
s10233 is aged 29.99607692307693, hispanic and is leaving the simulation.
s10957 is aged 29.98407692307693, otherNH and is leaving the simulation.
s11040 is aged 29.98507692307693, otherNH and is leaving the simulation.
s11457 is aged 29.994076923076932, otherNH and is leaving the simulation.

Agents who have aged to a new age group are being updated...
s01898 is 21.0083076923077 and has aged to age group 21to29.
s02585 is 21.0173076923077 and has aged to age group 21to29.
s03198 is 21.010307692307702 and has aged to age group 21to29.
s04506 is 21.0023076923077 and has aged to age group 21to29.
s05217 is 21.0023076923077 and has aged to age group 21to29.
s06226 is 21.007307692307702 and has aged to age group 21to29.
s07636 is 21.0113076923077 and has aged to age group 21to29.
s08947 is 21.0173076923077 and has aged to age group 21to29.
s09223 is 21.0153076923077 and has aged to age group 21to29.
s09494 is 21.0183076923077 and has aged to age group 21to29.
s10633 is 21.0113076923077 and has aged to age group 21to29.
s11075 is 21.013307692307702 and has aged to age group 21to29.

New agents are being added to the simulation...
s11834 is age 16.0 and whiteNH and is entering the model
s11835 is age 16.0 and whiteNH and is entering the model
s11836 is age 16.0 and blackNH and is entering the model
s11837 is age 16.0 and otherNH and is entering the model
s11838 is age 16.0 and hispanic and is entering the model
s11839 is age 16.0 and blackNH and is entering the model
s11840 is age 16.0 and otherNH and is entering the model
s11841 is age 16.0 and blackNH and is entering the model
s11842 is age 16.0 and blackNH and is entering the model
s11843 is age 16.0 and blackNH and is entering the model

Agents are attending venues and using apps for week 11 in simulation...


Epidemic Simulation
----------------------------
Simulation: 1/1
Timestep: 11/3640
Prevalence: 1915
Population Size: 11692
----------------------------
The ages, hiv status, and relationship status for the agents are being updated...
s00855 is whiteNH, aged 28.1783076923077 in age group 16to20, with relationship status of 0 and is now HIV+.
s06463 is blackNH, aged 28.1933076923077 in age group 21to29, with relationship status of 0 and is now HIV+.
s07643 is hispanic, aged 25.426307692307702 in age group 16to20, with relationship status of 1 and is now HIV+.
s08252 is hispanic, aged 26.5603076923077 in age group 21to29, with relationship status of 1 and is now HIV+.
s10031 is hispanic, aged 25.7323076923077 in age group 21to29, with relationship status of 1 and is now HIV+.

Agents are being removed from the simulation...
s01317 is aged 29.9853076923077, whiteNH and is leaving the simulation.
s01978 is aged 29.9883076923077, whiteNH and is leaving the simulation.
s02152 is aged 29.9953076923077, whiteNH and is leaving the simulation.
s02160 is aged 29.9823076923077, whiteNH and is leaving the simulation.
s04160 is aged 29.9913076923077, blackNH and is leaving the simulation.
s04491 is aged 29.9933076923077, blackNH and is leaving the simulation.
s04884 is aged 29.9983076923077, blackNH and is leaving the simulation.
s07818 is aged 29.9963076923077, hispanic and is leaving the simulation.
s10966 is aged 29.9893076923077, otherNH and is leaving the simulation.
s11377 is aged 29.990307692307702, otherNH and is leaving the simulation.

Agents who have aged to a new age group are being updated...
s00298 is 21.01153846153847 and has aged to age group 21to29.
s00919 is 21.000538461538472 and has aged to age group 21to29.
s01380 is 21.01753846153847 and has aged to age group 21to29.
s02110 is 21.01753846153847 and has aged to age group 21to29.
s03072 is 21.00253846153847 and has aged to age group 21to29.
s03159 is 21.01253846153847 and has aged to age group 21to29.
s03269 is 21.00753846153847 and has aged to age group 21to29.
s03908 is 21.00753846153847 and has aged to age group 21to29.
s04713 is 21.01653846153847 and has aged to age group 21to29.
s04924 is 21.01153846153847 and has aged to age group 21to29.
s05172 is 21.01453846153847 and has aged to age group 21to29.
s05782 is 21.00853846153847 and has aged to age group 21to29.
s05940 is 21.01853846153847 and has aged to age group 21to29.
s06060 is 21.01153846153847 and has aged to age group 21to29.
s06188 is 21.01753846153847 and has aged to age group 21to29.
s06260 is 21.00253846153847 and has aged to age group 21to29.
s07355 is 21.01053846153847 and has aged to age group 21to29.
s07356 is 21.01853846153847 and has aged to age group 21to29.
s07747 is 21.01453846153847 and has aged to age group 21to29.
s08143 is 21.00553846153847 and has aged to age group 21to29.
s08315 is 21.00853846153847 and has aged to age group 21to29.
s08390 is 21.01353846153847 and has aged to age group 21to29.
s08420 is 21.01453846153847 and has aged to age group 21to29.
s09319 is 21.003538461538472 and has aged to age group 21to29.
s10159 is 21.009538461538472 and has aged to age group 21to29.

New agents are being added to the simulation...
s11844 is age 16.0 and whiteNH and is entering the model
s11845 is age 16.0 and whiteNH and is entering the model
s11846 is age 16.0 and whiteNH and is entering the model
s11847 is age 16.0 and blackNH and is entering the model
s11848 is age 16.0 and hispanic and is entering the model
s11849 is age 16.0 and otherNH and is entering the model
s11850 is age 16.0 and hispanic and is entering the model
s11851 is age 16.0 and whiteNH and is entering the model
s11852 is age 16.0 and otherNH and is entering the model
s11853 is age 16.0 and whiteNH and is entering the model
s11854 is age 16.0 and hispanic and is entering the model
s11855 is age 16.0 and whiteNH and is entering the model
s11856 is age 16.0 and hispanic and is entering the model
s11857 is age 16.0 and whiteNH and is entering the model
s11858 is age 16.0 and whiteNH and is entering the model
s11859 is age 16.0 and whiteNH and is entering the model
s11860 is age 16.0 and whiteNH and is entering the model
s11861 is age 16.0 and whiteNH and is entering the model

Agents are attending venues and using apps for week 12 in simulation...


Epidemic Simulation
----------------------------
Simulation: 1/1
Timestep: 12/3640
Prevalence: 1916
Population Size: 11700
----------------------------
The ages, hiv status, and relationship status for the agents are being updated...
s06146 is blackNH, aged 26.683538461538472 in age group 21to29, with relationship status of 0 and is now HIV+.

Agents are being removed from the simulation...
s00020 is aged 29.98753846153847, whiteNH and is leaving the simulation.
s01275 is aged 29.98653846153847, whiteNH and is leaving the simulation.
s01491 is aged 29.98353846153847, whiteNH and is leaving the simulation.
s01649 is aged 29.99053846153847, whiteNH and is leaving the simulation.
s01735 is aged 29.994538461538472, whiteNH and is leaving the simulation.
s01846 is aged 29.98653846153847, whiteNH and is leaving the simulation.
s02877 is aged 29.99153846153847, whiteNH and is leaving the simulation.
s03388 is aged 29.997538461538472, whiteNH and is leaving the simulation.
s04500 is aged 29.99553846153847, blackNH and is leaving the simulation.
s05005 is aged 29.99953846153847, blackNH and is leaving the simulation.
s06637 is aged 29.98753846153847, blackNH and is leaving the simulation.
s08636 is aged 29.99153846153847, hispanic and is leaving the simulation.
s09257 is aged 29.98453846153847, hispanic and is leaving the simulation.
s10048 is aged 29.99153846153847, hispanic and is leaving the simulation.
s10949 is aged 29.98353846153847, otherNH and is leaving the simulation.

Agents who have aged to a new age group are being updated...
s00494 is 21.016769230769242 and has aged to age group 21to29.
s01088 is 21.01776923076924 and has aged to age group 21to29.
s02858 is 21.016769230769242 and has aged to age group 21to29.
s04299 is 21.01576923076924 and has aged to age group 21to29.
s05096 is 21.00076923076924 and has aged to age group 21to29.
s05285 is 21.013769230769242 and has aged to age group 21to29.
s06391 is 21.01276923076924 and has aged to age group 21to29.
s06491 is 21.01176923076924 and has aged to age group 21to29.
s07785 is 21.01176923076924 and has aged to age group 21to29.
s07913 is 21.00276923076924 and has aged to age group 21to29.
s08568 is 21.00576923076924 and has aged to age group 21to29.
s08981 is 21.01076923076924 and has aged to age group 21to29.
s09041 is 21.013769230769242 and has aged to age group 21to29.
s09479 is 21.00176923076924 and has aged to age group 21to29.
s09515 is 21.00576923076924 and has aged to age group 21to29.
s09689 is 21.01076923076924 and has aged to age group 21to29.
s11149 is 21.00076923076924 and has aged to age group 21to29.

New agents are being added to the simulation...
s11862 is age 16.0 and whiteNH and is entering the model
s11863 is age 16.0 and blackNH and is entering the model
s11864 is age 16.0 and blackNH and is entering the model
s11865 is age 16.0 and hispanic and is entering the model
s11866 is age 16.0 and blackNH and is entering the model
s11867 is age 16.0 and blackNH and is entering the model
s11868 is age 16.0 and blackNH and is entering the model
s11869 is age 16.0 and whiteNH and is entering the model
s11870 is age 16.0 and hispanic and is entering the model
s11871 is age 16.0 and whiteNH and is entering the model
s11872 is age 16.0 and otherNH and is entering the model
s11873 is age 16.0 and whiteNH and is entering the model
s11874 is age 16.0 and blackNH and is entering the model

Agents are attending venues and using apps for week 13 in simulation...


Epidemic Simulation
----------------------------
Simulation: 1/1
Timestep: 13/3640
Prevalence: 1916
Population Size: 11698
----------------------------
The ages, hiv status, and relationship status for the agents are being updated...
s05270 is blackNH, aged 26.23276923076924 in age group 21to29, with relationship status of 1 and is now HIV+.

Agents are being removed from the simulation...
s00428 is aged 29.98376923076924, whiteNH and is leaving the simulation.
s01238 is aged 29.99976923076924, whiteNH and is leaving the simulation.
s01446 is aged 29.99576923076924, whiteNH and is leaving the simulation.
s01863 is aged 29.99576923076924, whiteNH and is leaving the simulation.
s02034 is aged 29.99476923076924, whiteNH and is leaving the simulation.
s02426 is aged 29.99176923076924, whiteNH and is leaving the simulation.
s02745 is aged 29.99476923076924, whiteNH and is leaving the simulation.
s03142 is aged 29.98076923076924, whiteNH and is leaving the simulation.
s03167 is aged 29.98676923076924, whiteNH and is leaving the simulation.
s04176 is aged 29.98976923076924, blackNH and is leaving the simulation.
s04335 is aged 29.990769230769242, blackNH and is leaving the simulation.
s04372 is aged 29.99876923076924, blackNH and is leaving the simulation.
s05604 is aged 29.98876923076924, blackNH and is leaving the simulation.
s06097 is aged 29.99876923076924, blackNH and is leaving the simulation.
s06103 is aged 29.99676923076924, blackNH and is leaving the simulation.
s06140 is aged 29.98976923076924, blackNH and is leaving the simulation.
s06382 is aged 29.98976923076924, blackNH and is leaving the simulation.
s06644 is aged 18.548769230769242, blackNH and is leaving the simulation.
s06770 is aged 29.99876923076924, blackNH and is leaving the simulation.
s06872 is aged 29.99676923076924, hispanic and is leaving the simulation.
s07398 is aged 29.98376923076924, hispanic and is leaving the simulation.
s08422 is aged 29.99976923076924, hispanic and is leaving the simulation.
s08827 is aged 29.99976923076924, hispanic and is leaving the simulation.
s08917 is aged 29.987769230769242, hispanic and is leaving the simulation.
s09202 is aged 29.99576923076924, hispanic and is leaving the simulation.
s09297 is aged 29.99476923076924, hispanic and is leaving the simulation.
s09972 is aged 29.990769230769242, hispanic and is leaving the simulation.
s10214 is aged 29.98376923076924, hispanic and is leaving the simulation.
s10921 is aged 29.98376923076924, otherNH and is leaving the simulation.
s11028 is aged 29.981769230769242, otherNH and is leaving the simulation.

Agents who have aged to a new age group are being updated...
s00691 is 21.00900000000001 and has aged to age group 21to29.
s00998 is 21.01400000000001 and has aged to age group 21to29.
s01575 is 21.00200000000001 and has aged to age group 21to29.
s01979 is 21.010000000000012 and has aged to age group 21to29.
s02056 is 21.010000000000012 and has aged to age group 21to29.
s02633 is 21.00800000000001 and has aged to age group 21to29.
s02739 is 21.00000000000001 and has aged to age group 21to29.
s03130 is 21.01100000000001 and has aged to age group 21to29.
s04040 is 21.013000000000012 and has aged to age group 21to29.
s05232 is 21.01100000000001 and has aged to age group 21to29.
s06089 is 21.00800000000001 and has aged to age group 21to29.
s07481 is 21.004000000000012 and has aged to age group 21to29.
s08633 is 21.01700000000001 and has aged to age group 21to29.
s09126 is 21.00200000000001 and has aged to age group 21to29.
s09491 is 21.01500000000001 and has aged to age group 21to29.
s09614 is 21.01100000000001 and has aged to age group 21to29.
s09784 is 21.00500000000001 and has aged to age group 21to29.
s10005 is 21.004000000000012 and has aged to age group 21to29.
s10774 is 21.01400000000001 and has aged to age group 21to29.

New agents are being added to the simulation...
s11875 is age 16.0 and hispanic and is entering the model
s11876 is age 16.0 and blackNH and is entering the model
s11877 is age 16.0 and whiteNH and is entering the model
s11878 is age 16.0 and blackNH and is entering the model
s11879 is age 16.0 and otherNH and is entering the model
s11880 is age 16.0 and blackNH and is entering the model
s11881 is age 16.0 and hispanic and is entering the model
s11882 is age 16.0 and blackNH and is entering the model
s11883 is age 16.0 and whiteNH and is entering the model
s11884 is age 16.0 and hispanic and is entering the model
s11885 is age 16.0 and whiteNH and is entering the model
s11886 is age 16.0 and whiteNH and is entering the model
s11887 is age 16.0 and blackNH and is entering the model
s11888 is age 16.0 and blackNH and is entering the model
s11889 is age 16.0 and hispanic and is entering the model

Agents are attending venues and using apps for week 14 in simulation...


Epidemic Simulation
----------------------------
Simulation: 1/1
Timestep: 14/3640
Prevalence: 1913
Population Size: 11683
----------------------------
The ages, hiv status, and relationship status for the agents are being updated...
s04169 is blackNH, aged 29.815000000000012 in age group 16to20, with relationship status of 1 and is now HIV+.
s05038 is blackNH, aged 21.14600000000001 in age group 21to29, with relationship status of 1 and is now HIV+.
s10883 is otherNH, aged 21.99300000000001 in age group 21to29, with relationship status of 0 and is now HIV+.

Agents are being removed from the simulation...
s00173 is aged 29.99700000000001, whiteNH and is leaving the simulation.
s00981 is aged 29.99200000000001, whiteNH and is leaving the simulation.
s02014 is aged 29.99000000000001, whiteNH and is leaving the simulation.
s02027 is aged 29.98600000000001, whiteNH and is leaving the simulation.
s03175 is aged 29.99000000000001, whiteNH and is leaving the simulation.
s03555 is aged 29.98200000000001, whiteNH and is leaving the simulation.
s03576 is aged 29.98200000000001, whiteNH and is leaving the simulation.
s03664 is aged 29.99200000000001, whiteNH and is leaving the simulation.
s04008 is aged 29.99000000000001, blackNH and is leaving the simulation.
s05181 is aged 29.98800000000001, blackNH and is leaving the simulation.
s05258 is aged 29.99900000000001, blackNH and is leaving the simulation.
s05317 is aged 29.98800000000001, blackNH and is leaving the simulation.
s07319 is aged 24.84200000000001, hispanic and is leaving the simulation.
s07717 is aged 29.99500000000001, hispanic and is leaving the simulation.
s10316 is aged 29.99600000000001, hispanic and is leaving the simulation.
s10868 is aged 29.981000000000012, otherNH and is leaving the simulation.
s11396 is aged 29.98800000000001, otherNH and is leaving the simulation.

Agents who have aged to a new age group are being updated...
s00240 is 21.000230769230782 and has aged to age group 21to29.
s00851 is 21.00123076923078 and has aged to age group 21to29.
s01158 is 21.00423076923078 and has aged to age group 21to29.
s01327 is 21.01623076923078 and has aged to age group 21to29.
s01753 is 21.00723076923078 and has aged to age group 21to29.
s01971 is 21.00523076923078 and has aged to age group 21to29.
s02344 is 21.000230769230782 and has aged to age group 21to29.
s02367 is 21.01423076923078 and has aged to age group 21to29.
s02579 is 21.01023076923078 and has aged to age group 21to29.
s02689 is 21.003230769230782 and has aged to age group 21to29.
s03152 is 21.00423076923078 and has aged to age group 21to29.
s04952 is 21.003230769230782 and has aged to age group 21to29.
s05971 is 21.00123076923078 and has aged to age group 21to29.
s06230 is 21.00723076923078 and has aged to age group 21to29.
s07202 is 21.01623076923078 and has aged to age group 21to29.
s07218 is 21.000230769230782 and has aged to age group 21to29.
s07282 is 21.01423076923078 and has aged to age group 21to29.
s07339 is 21.01623076923078 and has aged to age group 21to29.
s08274 is 21.01523076923078 and has aged to age group 21to29.
s09059 is 21.01323076923078 and has aged to age group 21to29.
s09162 is 21.00823076923078 and has aged to age group 21to29.
s09183 is 21.01123076923078 and has aged to age group 21to29.
s09925 is 21.00923076923078 and has aged to age group 21to29.
s10408 is 21.00223076923078 and has aged to age group 21to29.

New agents are being added to the simulation...
s11890 is age 16.0 and hispanic and is entering the model
s11891 is age 16.0 and whiteNH and is entering the model
s11892 is age 16.0 and hispanic and is entering the model
s11893 is age 16.0 and whiteNH and is entering the model
s11894 is age 16.0 and whiteNH and is entering the model
s11895 is age 16.0 and hispanic and is entering the model
s11896 is age 16.0 and blackNH and is entering the model
s11897 is age 16.0 and otherNH and is entering the model
s11898 is age 16.0 and whiteNH and is entering the model
s11899 is age 16.0 and whiteNH and is entering the model
s11900 is age 16.0 and otherNH and is entering the model
s11901 is age 16.0 and hispanic and is entering the model
s11902 is age 16.0 and hispanic and is entering the model
s11903 is age 16.0 and blackNH and is entering the model
s11904 is age 16.0 and whiteNH and is entering the model

Agents are attending venues and using apps for week 15 in simulation...


Epidemic Simulation
----------------------------
Simulation: 1/1
Timestep: 15/3640
Prevalence: 1910
Population Size: 11681
----------------------------
The ages, hiv status, and relationship status for the agents are being updated...
s04173 is blackNH, aged 16.299230769230782 in age group 16to20, with relationship status of 1 and is now HIV+.

Agents are being removed from the simulation...
s00085 is aged 29.985230769230782, whiteNH and is leaving the simulation.
s01328 is aged 29.99923076923078, whiteNH and is leaving the simulation.
s03081 is aged 29.98923076923078, whiteNH and is leaving the simulation.
s03755 is aged 29.98923076923078, whiteNH and is leaving the simulation.
s03775 is aged 29.98623076923078, whiteNH and is leaving the simulation.
s04644 is aged 29.988230769230782, blackNH and is leaving the simulation.
s04854 is aged 29.98423076923078, blackNH and is leaving the simulation.
s04968 is aged 29.99823076923078, blackNH and is leaving the simulation.
s05429 is aged 29.98323076923078, blackNH and is leaving the simulation.
s07410 is aged 29.99323076923078, hispanic and is leaving the simulation.
s07570 is aged 29.985230769230782, hispanic and is leaving the simulation.
s07880 is aged 29.994230769230782, hispanic and is leaving the simulation.
s08247 is aged 29.98923076923078, hispanic and is leaving the simulation.
s08655 is aged 29.98923076923078, hispanic and is leaving the simulation.
s09213 is aged 29.994230769230782, hispanic and is leaving the simulation.
s09650 is aged 29.99623076923078, hispanic and is leaving the simulation.
s09843 is aged 29.99823076923078, hispanic and is leaving the simulation.
s10153 is aged 29.988230769230782, hispanic and is leaving the simulation.
s10981 is aged 21.76923076923078, otherNH and is leaving the simulation.

Agents who have aged to a new age group are being updated...
s02490 is 21.00146153846155 and has aged to age group 21to29.
s03131 is 21.00646153846155 and has aged to age group 21to29.
s03312 is 21.00046153846155 and has aged to age group 21to29.
s03778 is 21.00046153846155 and has aged to age group 21to29.
s04649 is 21.00646153846155 and has aged to age group 21to29.
s05125 is 21.00046153846155 and has aged to age group 21to29.
s06246 is 21.00246153846155 and has aged to age group 21to29.
s06386 is 21.00946153846155 and has aged to age group 21to29.
s06885 is 21.004461538461552 and has aged to age group 21to29.
s07058 is 21.01246153846155 and has aged to age group 21to29.
s07825 is 21.010461538461552 and has aged to age group 21to29.
s08902 is 21.01846153846155 and has aged to age group 21to29.
s09482 is 21.01146153846155 and has aged to age group 21to29.

New agents are being added to the simulation...
s11905 is age 16.0 and blackNH and is entering the model
s11906 is age 16.0 and whiteNH and is entering the model
s11907 is age 16.0 and hispanic and is entering the model
s11908 is age 16.0 and hispanic and is entering the model
s11909 is age 16.0 and blackNH and is entering the model
s11910 is age 16.0 and blackNH and is entering the model
s11911 is age 16.0 and hispanic and is entering the model
s11912 is age 16.0 and whiteNH and is entering the model
s11913 is age 16.0 and hispanic and is entering the model
s11914 is age 16.0 and otherNH and is entering the model
s11915 is age 16.0 and whiteNH and is entering the model
s11916 is age 16.0 and whiteNH and is entering the model
s11917 is age 16.0 and hispanic and is entering the model
s11918 is age 16.0 and whiteNH and is entering the model
s11919 is age 16.0 and whiteNH and is entering the model
s11920 is age 16.0 and hispanic and is entering the model
s11921 is age 16.0 and blackNH and is entering the model
s11922 is age 16.0 and hispanic and is entering the model
s11923 is age 16.0 and blackNH and is entering the model
s11924 is age 16.0 and blackNH and is entering the model
s11925 is age 16.0 and whiteNH and is entering the model

Agents are attending venues and using apps for week 16 in simulation...


Epidemic Simulation
----------------------------
Simulation: 1/1
Timestep: 16/3640
Prevalence: 1909
Population Size: 11683
----------------------------
The ages, hiv status, and relationship status for the agents are being updated...
s06173 is blackNH, aged 18.86446153846155 in age group 21to29, with relationship status of 0 and is now HIV+.

Agents are being removed from the simulation...
s01054 is aged 29.99546153846155, whiteNH and is leaving the simulation.
s01059 is aged 29.99346153846155, whiteNH and is leaving the simulation.
s02087 is aged 29.987461538461552, whiteNH and is leaving the simulation.
s02365 is aged 29.99746153846155, whiteNH and is leaving the simulation.
s02376 is aged 29.98246153846155, whiteNH and is leaving the simulation.
s02571 is aged 29.99046153846155, whiteNH and is leaving the simulation.
s03520 is aged 29.99546153846155, whiteNH and is leaving the simulation.
s03935 is aged 29.987461538461552, blackNH and is leaving the simulation.
s04776 is aged 29.99346153846155, blackNH and is leaving the simulation.
s05557 is aged 29.98546153846155, blackNH and is leaving the simulation.
s06680 is aged 29.99546153846155, blackNH and is leaving the simulation.
s06713 is aged 29.99446153846155, blackNH and is leaving the simulation.
s06831 is aged 29.99746153846155, hispanic and is leaving the simulation.
s07205 is aged 29.98346153846155, hispanic and is leaving the simulation.
s08223 is aged 29.99246153846155, hispanic and is leaving the simulation.
s09363 is aged 29.984461538461552, hispanic and is leaving the simulation.
s09475 is aged 29.98246153846155, hispanic and is leaving the simulation.
s10021 is aged 29.98546153846155, hispanic and is leaving the simulation.
s10332 is aged 29.99946153846155, hispanic and is leaving the simulation.
s10687 is aged 29.984461538461552, otherNH and is leaving the simulation.

Agents who have aged to a new age group are being updated...
s00630 is 21.00969230769232 and has aged to age group 21to29.
s01732 is 21.00169230769232 and has aged to age group 21to29.
s01972 is 21.01169230769232 and has aged to age group 21to29.
s03085 is 21.00269230769232 and has aged to age group 21to29.
s03134 is 21.00769230769232 and has aged to age group 21to29.
s03140 is 21.000692307692322 and has aged to age group 21to29.
s03248 is 21.01869230769232 and has aged to age group 21to29.
s03693 is 21.000692307692322 and has aged to age group 21to29.
s03871 is 21.00269230769232 and has aged to age group 21to29.
s04471 is 21.00469230769232 and has aged to age group 21to29.
s04568 is 21.003692307692322 and has aged to age group 21to29.
s05052 is 21.006692307692322 and has aged to age group 21to29.
s05820 is 21.00569230769232 and has aged to age group 21to29.
s06105 is 21.003692307692322 and has aged to age group 21to29.
s06287 is 21.01069230769232 and has aged to age group 21to29.
s08259 is 21.01369230769232 and has aged to age group 21to29.
s08556 is 21.00469230769232 and has aged to age group 21to29.
s09116 is 21.003692307692322 and has aged to age group 21to29.
s09691 is 21.01669230769232 and has aged to age group 21to29.
s10137 is 21.00869230769232 and has aged to age group 21to29.
s10554 is 21.00969230769232 and has aged to age group 21to29.
s11429 is 21.01769230769232 and has aged to age group 21to29.
s11576 is 21.01769230769232 and has aged to age group 21to29.

New agents are being added to the simulation...
s11926 is age 16.0 and blackNH and is entering the model
s11927 is age 16.0 and hispanic and is entering the model
s11928 is age 16.0 and blackNH and is entering the model
s11929 is age 16.0 and whiteNH and is entering the model
s11930 is age 16.0 and blackNH and is entering the model
s11931 is age 16.0 and whiteNH and is entering the model
s11932 is age 16.0 and hispanic and is entering the model
s11933 is age 16.0 and blackNH and is entering the model
s11934 is age 16.0 and blackNH and is entering the model
s11935 is age 16.0 and whiteNH and is entering the model
s11936 is age 16.0 and whiteNH and is entering the model
s11937 is age 16.0 and blackNH and is entering the model
s11938 is age 16.0 and hispanic and is entering the model
s11939 is age 16.0 and whiteNH and is entering the model
s11940 is age 16.0 and blackNH and is entering the model
s11941 is age 16.0 and hispanic and is entering the model
s11942 is age 16.0 and hispanic and is entering the model
s11943 is age 16.0 and blackNH and is entering the model
s11944 is age 16.0 and blackNH and is entering the model
s11945 is age 16.0 and hispanic and is entering the model

Agents are attending venues and using apps for week 17 in simulation...


Epidemic Simulation
----------------------------
Simulation: 1/1
Timestep: 17/3640
Prevalence: 1909
Population Size: 11683
----------------------------
The ages, hiv status, and relationship status for the agents are being updated...
s06505 is blackNH, aged 20.05069230769232 in age group 21to29, with relationship status of 1 and is now HIV+.

Agents are being removed from the simulation...
s00154 is aged 29.98569230769232, whiteNH and is leaving the simulation.
s01644 is aged 29.997692307692322, whiteNH and is leaving the simulation.
s01662 is aged 29.98869230769232, whiteNH and is leaving the simulation.
s02155 is aged 29.99069230769232, whiteNH and is leaving the simulation.
s05393 is aged 29.98169230769232, blackNH and is leaving the simulation.
s05482 is aged 29.991692307692322, blackNH and is leaving the simulation.
s06438 is aged 29.99269230769232, blackNH and is leaving the simulation.
s07306 is aged 29.99569230769232, hispanic and is leaving the simulation.
s08029 is aged 29.98969230769232, hispanic and is leaving the simulation.
s10146 is aged 29.991692307692322, hispanic and is leaving the simulation.

Agents who have aged to a new age group are being updated...
s00116 is 21.010923076923092 and has aged to age group 21to29.
s04566 is 21.007923076923092 and has aged to age group 21to29.
s04709 is 21.00392307692309 and has aged to age group 21to29.
s04727 is 21.007923076923092 and has aged to age group 21to29.
s05450 is 21.01492307692309 and has aged to age group 21to29.
s06132 is 21.00692307692309 and has aged to age group 21to29.
s06809 is 21.00292307692309 and has aged to age group 21to29.
s07437 is 21.00092307692309 and has aged to age group 21to29.
s08813 is 21.00992307692309 and has aged to age group 21to29.
s10035 is 21.01592307692309 and has aged to age group 21to29.
s10103 is 21.00192307692309 and has aged to age group 21to29.
s11444 is 21.007923076923092 and has aged to age group 21to29.

New agents are being added to the simulation...
s11946 is age 16.0 and blackNH and is entering the model
s11947 is age 16.0 and whiteNH and is entering the model
s11948 is age 16.0 and whiteNH and is entering the model
s11949 is age 16.0 and hispanic and is entering the model
s11950 is age 16.0 and otherNH and is entering the model
s11951 is age 16.0 and otherNH and is entering the model
s11952 is age 16.0 and otherNH and is entering the model
s11953 is age 16.0 and whiteNH and is entering the model
s11954 is age 16.0 and blackNH and is entering the model
s11955 is age 16.0 and blackNH and is entering the model

Agents are attending venues and using apps for week 18 in simulation...


Epidemic Simulation
----------------------------
Simulation: 1/1
Timestep: 18/3640
Prevalence: 1909
Population Size: 11683
----------------------------
The ages, hiv status, and relationship status for the agents are being updated...
s09763 is hispanic, aged 29.54192307692309 in age group 21to29, with relationship status of 0 and is now HIV+.
s11009 is otherNH, aged 26.96092307692309 in age group 21to29, with relationship status of 0 and is now HIV+.

Agents are being removed from the simulation...
s01720 is aged 29.98392307692309, whiteNH and is leaving the simulation.
s02134 is aged 29.98092307692309, whiteNH and is leaving the simulation.
s02635 is aged 29.99492307692309, whiteNH and is leaving the simulation.
s03329 is aged 29.99592307692309, whiteNH and is leaving the simulation.
s03522 is aged 29.99592307692309, whiteNH and is leaving the simulation.
s03721 is aged 29.98092307692309, whiteNH and is leaving the simulation.
s03758 is aged 29.98692307692309, whiteNH and is leaving the simulation.
s06093 is aged 29.98592307692309, blackNH and is leaving the simulation.
s06262 is aged 29.98692307692309, blackNH and is leaving the simulation.
s07581 is aged 29.98092307692309, hispanic and is leaving the simulation.
s07838 is aged 29.99792307692309, hispanic and is leaving the simulation.
s09739 is aged 29.98092307692309, hispanic and is leaving the simulation.
s10034 is aged 29.98992307692309, hispanic and is leaving the simulation.
s10120 is aged 26.98092307692309, hispanic and is leaving the simulation.
s10144 is aged 29.99892307692309, hispanic and is leaving the simulation.
s10635 is aged 29.98992307692309, otherNH and is leaving the simulation.
s10856 is aged 29.99792307692309, otherNH and is leaving the simulation.
s11250 is aged 29.99792307692309, otherNH and is leaving the simulation.
s11413 is aged 29.987923076923092, otherNH and is leaving the simulation.

Agents who have aged to a new age group are being updated...
s00567 is 21.00515384615386 and has aged to age group 21to29.
s00821 is 21.007153846153862 and has aged to age group 21to29.
s00945 is 21.01215384615386 and has aged to age group 21to29.
s02749 is 21.01515384615386 and has aged to age group 21to29.
s02766 is 21.010153846153862 and has aged to age group 21to29.
s03031 is 21.01515384615386 and has aged to age group 21to29.
s03867 is 21.00515384615386 and has aged to age group 21to29.
s04809 is 21.00515384615386 and has aged to age group 21to29.
s06134 is 21.019153846153863 and has aged to age group 21to29.
s06378 is 21.01515384615386 and has aged to age group 21to29.
s07429 is 21.00515384615386 and has aged to age group 21to29.
s07566 is 21.004153846153862 and has aged to age group 21to29.
s08128 is 21.004153846153862 and has aged to age group 21to29.
s08393 is 21.00915384615386 and has aged to age group 21to29.
s08745 is 21.016153846153863 and has aged to age group 21to29.
s08989 is 21.019153846153863 and has aged to age group 21to29.
s09632 is 21.00915384615386 and has aged to age group 21to29.
s10422 is 21.00215384615386 and has aged to age group 21to29.
s11516 is 21.010153846153862 and has aged to age group 21to29.

New agents are being added to the simulation...
s11956 is age 16.0 and hispanic and is entering the model
s11957 is age 16.0 and whiteNH and is entering the model
s11958 is age 16.0 and hispanic and is entering the model
s11959 is age 16.0 and blackNH and is entering the model
s11960 is age 16.0 and whiteNH and is entering the model
s11961 is age 16.0 and hispanic and is entering the model
s11962 is age 16.0 and blackNH and is entering the model
s11963 is age 16.0 and hispanic and is entering the model
s11964 is age 16.0 and otherNH and is entering the model
s11965 is age 16.0 and hispanic and is entering the model
s11966 is age 16.0 and whiteNH and is entering the model
s11967 is age 16.0 and blackNH and is entering the model
s11968 is age 16.0 and whiteNH and is entering the model
s11969 is age 16.0 and hispanic and is entering the model
s11970 is age 16.0 and whiteNH and is entering the model
s11971 is age 16.0 and whiteNH and is entering the model

Agents are attending venues and using apps for week 19 in simulation...


Epidemic Simulation
----------------------------
Simulation: 1/1
Timestep: 19/3640
Prevalence: 1909
Population Size: 11680
----------------------------
The ages, hiv status, and relationship status for the agents are being updated...
s00268 is whiteNH, aged 17.60715384615386 in age group 16to20, with relationship status of 1 and is now HIV+.
s04584 is blackNH, aged 16.914153846153862 in age group 16to20, with relationship status of 1 and is now HIV+.
s05273 is blackNH, aged 25.47615384615386 in age group 21to29, with relationship status of 1 and is now HIV+.

Agents are being removed from the simulation...
s01319 is aged 29.98315384615386, whiteNH and is leaving the simulation.
s03383 is aged 29.98915384615386, whiteNH and is leaving the simulation.
s05825 is aged 29.984153846153863, blackNH and is leaving the simulation.
s05932 is aged 29.99415384615386, blackNH and is leaving the simulation.
s06038 is aged 29.98515384615386, blackNH and is leaving the simulation.
s07467 is aged 29.995153846153862, hispanic and is leaving the simulation.
s07563 is aged 29.98615384615386, hispanic and is leaving the simulation.
s07814 is aged 29.99615384615386, hispanic and is leaving the simulation.
s08880 is aged 29.981153846153862, hispanic and is leaving the simulation.
s09458 is aged 29.99615384615386, hispanic and is leaving the simulation.
s09521 is aged 29.98515384615386, hispanic and is leaving the simulation.
s09547 is aged 29.98215384615386, hispanic and is leaving the simulation.
s10014 is aged 29.99215384615386, hispanic and is leaving the simulation.
s10069 is aged 29.98615384615386, hispanic and is leaving the simulation.
s10180 is aged 29.99715384615386, hispanic and is leaving the simulation.
s10250 is aged 29.98915384615386, hispanic and is leaving the simulation.
s10640 is aged 29.981153846153862, otherNH and is leaving the simulation.

Agents who have aged to a new age group are being updated...
s00006 is 21.01338461538463 and has aged to age group 21to29.
s00202 is 21.01338461538463 and has aged to age group 21to29.
s00480 is 21.00738461538463 and has aged to age group 21to29.
s00682 is 21.00138461538463 and has aged to age group 21to29.
s00725 is 21.00438461538463 and has aged to age group 21to29.
s02988 is 21.00838461538463 and has aged to age group 21to29.
s03718 is 21.00438461538463 and has aged to age group 21to29.
s04203 is 21.00938461538463 and has aged to age group 21to29.
s04248 is 21.000384615384633 and has aged to age group 21to29.
s06586 is 21.003384615384633 and has aged to age group 21to29.
s07789 is 21.003384615384633 and has aged to age group 21to29.
s09400 is 21.01838461538463 and has aged to age group 21to29.
s09520 is 21.00438461538463 and has aged to age group 21to29.
s09783 is 21.003384615384633 and has aged to age group 21to29.
s09848 is 21.014384615384632 and has aged to age group 21to29.
s10118 is 21.01838461538463 and has aged to age group 21to29.

New agents are being added to the simulation...
s11972 is age 16.0 and hispanic and is entering the model
s11973 is age 16.0 and hispanic and is entering the model
s11974 is age 16.0 and whiteNH and is entering the model
s11975 is age 16.0 and hispanic and is entering the model
s11976 is age 16.0 and hispanic and is entering the model
s11977 is age 16.0 and blackNH and is entering the model
s11978 is age 16.0 and blackNH and is entering the model
s11979 is age 16.0 and hispanic and is entering the model
s11980 is age 16.0 and whiteNH and is entering the model
s11981 is age 16.0 and hispanic and is entering the model

Agents are attending venues and using apps for week 20 in simulation...


Epidemic Simulation
----------------------------
Simulation: 1/1
Timestep: 20/3640
Prevalence: 1907
Population Size: 11673
----------------------------
The ages, hiv status, and relationship status for the agents are being updated...
s05613 is blackNH, aged 18.53038461538463 in age group 21to29, with relationship status of 0 and is now HIV+.

Agents are being removed from the simulation...
s00227 is aged 29.98338461538463, whiteNH and is leaving the simulation.
s00975 is aged 29.982384615384632, whiteNH and is leaving the simulation.
s04797 is aged 29.99838461538463, blackNH and is leaving the simulation.
s05681 is aged 29.98938461538463, blackNH and is leaving the simulation.
s06501 is aged 29.991384615384632, blackNH and is leaving the simulation.
s07079 is aged 29.98738461538463, hispanic and is leaving the simulation.
s07697 is aged 29.99638461538463, hispanic and is leaving the simulation.
s08318 is aged 29.99838461538463, hispanic and is leaving the simulation.
s08758 is aged 29.99538461538463, hispanic and is leaving the simulation.

Agents who have aged to a new age group are being updated...
s00001 is 21.0116153846154 and has aged to age group 21to29.
s01030 is 21.0176153846154 and has aged to age group 21to29.
s02738 is 21.0176153846154 and has aged to age group 21to29.
s02910 is 21.0156153846154 and has aged to age group 21to29.
s02935 is 21.001615384615402 and has aged to age group 21to29.
s03885 is 21.0026153846154 and has aged to age group 21to29.
s04079 is 21.007615384615402 and has aged to age group 21to29.
s05325 is 21.010615384615402 and has aged to age group 21to29.
s05329 is 21.010615384615402 and has aged to age group 21to29.
s08219 is 21.0186153846154 and has aged to age group 21to29.
s08838 is 21.0186153846154 and has aged to age group 21to29.
s09198 is 21.010615384615402 and has aged to age group 21to29.
s09560 is 21.004615384615402 and has aged to age group 21to29.
s09659 is 21.0116153846154 and has aged to age group 21to29.
s10195 is 21.0036153846154 and has aged to age group 21to29.

New agents are being added to the simulation...
s11982 is age 16.0 and hispanic and is entering the model
s11983 is age 16.0 and whiteNH and is entering the model
s11984 is age 16.0 and hispanic and is entering the model
s11985 is age 16.0 and hispanic and is entering the model
s11986 is age 16.0 and blackNH and is entering the model
s11987 is age 16.0 and hispanic and is entering the model
s11988 is age 16.0 and blackNH and is entering the model
s11989 is age 16.0 and blackNH and is entering the model
s11990 is age 16.0 and whiteNH and is entering the model
s11991 is age 16.0 and whiteNH and is entering the model
s11992 is age 16.0 and blackNH and is entering the model
s11993 is age 16.0 and whiteNH and is entering the model
s11994 is age 16.0 and hispanic and is entering the model
s11995 is age 16.0 and whiteNH and is entering the model
s11996 is age 16.0 and whiteNH and is entering the model
s11997 is age 16.0 and hispanic and is entering the model
s11998 is age 16.0 and hispanic and is entering the model
s11999 is age 16.0 and whiteNH and is entering the model
s12000 is age 16.0 and whiteNH and is entering the model

Agents are attending venues and using apps for week 21 in simulation...


Epidemic Simulation
----------------------------
Simulation: 1/1
Timestep: 21/3640
Prevalence: 1910
Population Size: 11683
----------------------------
The ages, hiv status, and relationship status for the agents are being updated...
s03080 is whiteNH, aged 24.6726153846154 in age group 21to29, with relationship status of 0 and is now HIV+.
s04187 is blackNH, aged 28.513615384615402 in age group 16to20, with relationship status of 0 and is now HIV+.
s08780 is hispanic, aged 26.586615384615403 in age group 21to29, with relationship status of 0 and is now HIV+.

Agents are being removed from the simulation...
s00005 is aged 29.9956153846154, whiteNH and is leaving the simulation.
s00092 is aged 29.9826153846154, whiteNH and is leaving the simulation.
s01077 is aged 29.9856153846154, whiteNH and is leaving the simulation.
s02106 is aged 29.984615384615402, whiteNH and is leaving the simulation.
s02726 is aged 29.993615384615403, whiteNH and is leaving the simulation.
s03437 is aged 29.993615384615403, whiteNH and is leaving the simulation.
s03909 is aged 29.9956153846154, blackNH and is leaving the simulation.
s05144 is aged 29.9946153846154, blackNH and is leaving the simulation.
s05316 is aged 29.9976153846154, blackNH and is leaving the simulation.
s06227 is aged 29.9836153846154, blackNH and is leaving the simulation.
s07067 is aged 29.987615384615403, hispanic and is leaving the simulation.
s08486 is aged 29.981615384615402, hispanic and is leaving the simulation.
s10884 is aged 29.984615384615402, otherNH and is leaving the simulation.
s11222 is aged 29.9996153846154, otherNH and is leaving the simulation.
s11273 is aged 29.984615384615402, otherNH and is leaving the simulation.

Agents who have aged to a new age group are being updated...
s00410 is 21.01584615384617 and has aged to age group 21to29.
s00466 is 21.00484615384617 and has aged to age group 21to29.
s02032 is 21.01084615384617 and has aged to age group 21to29.
s02401 is 21.000846153846172 and has aged to age group 21to29.
s03512 is 21.003846153846172 and has aged to age group 21to29.
s05185 is 21.01184615384617 and has aged to age group 21to29.
s06206 is 21.01184615384617 and has aged to age group 21to29.
s06218 is 21.012846153846173 and has aged to age group 21to29.
s06433 is 21.01384615384617 and has aged to age group 21to29.
s06510 is 21.012846153846173 and has aged to age group 21to29.
s08354 is 21.00184615384617 and has aged to age group 21to29.
s09062 is 21.017846153846172 and has aged to age group 21to29.
s09133 is 21.00284615384617 and has aged to age group 21to29.
s09608 is 21.00484615384617 and has aged to age group 21to29.
s09658 is 21.012846153846173 and has aged to age group 21to29.
s10087 is 21.01584615384617 and has aged to age group 21to29.
s11316 is 21.003846153846172 and has aged to age group 21to29.
s11640 is 21.012846153846173 and has aged to age group 21to29.

New agents are being added to the simulation...
s12001 is age 16.0 and whiteNH and is entering the model
s12002 is age 16.0 and blackNH and is entering the model
s12003 is age 16.0 and hispanic and is entering the model
s12004 is age 16.0 and whiteNH and is entering the model
s12005 is age 16.0 and whiteNH and is entering the model
s12006 is age 16.0 and whiteNH and is entering the model
s12007 is age 16.0 and blackNH and is entering the model
s12008 is age 16.0 and whiteNH and is entering the model
s12009 is age 16.0 and hispanic and is entering the model
s12010 is age 16.0 and blackNH and is entering the model
s12011 is age 16.0 and hispanic and is entering the model
s12012 is age 16.0 and blackNH and is entering the model
s12013 is age 16.0 and whiteNH and is entering the model
s12014 is age 16.0 and hispanic and is entering the model
s12015 is age 16.0 and otherNH and is entering the model
s12016 is age 16.0 and hispanic and is entering the model
s12017 is age 16.0 and hispanic and is entering the model
s12018 is age 16.0 and hispanic and is entering the model
s12019 is age 16.0 and otherNH and is entering the model
s12020 is age 16.0 and whiteNH and is entering the model

Agents are attending venues and using apps for week 22 in simulation...


Epidemic Simulation
----------------------------
Simulation: 1/1
Timestep: 22/3640
Prevalence: 1906
Population Size: 11688
----------------------------
The ages, hiv status, and relationship status for the agents are being updated...
s06443 is blackNH, aged 19.47384615384617 in age group 21to29, with relationship status of 0 and is now HIV+.

Agents are being removed from the simulation...
s00218 is aged 29.988846153846172, whiteNH and is leaving the simulation.
s00444 is aged 29.98184615384617, whiteNH and is leaving the simulation.
s00872 is aged 29.98684615384617, whiteNH and is leaving the simulation.
s01153 is aged 29.99984615384617, whiteNH and is leaving the simulation.
s01443 is aged 29.98384615384617, whiteNH and is leaving the simulation.
s01648 is aged 29.98484615384617, whiteNH and is leaving the simulation.
s01799 is aged 29.98784615384617, whiteNH and is leaving the simulation.
s02577 is aged 29.99084615384617, whiteNH and is leaving the simulation.
s02688 is aged 29.98984615384617, whiteNH and is leaving the simulation.
s03325 is aged 29.997846153846172, whiteNH and is leaving the simulation.
s04144 is aged 29.98084615384617, blackNH and is leaving the simulation.
s06172 is aged 29.98084615384617, blackNH and is leaving the simulation.
s06669 is aged 29.99084615384617, blackNH and is leaving the simulation.
s07096 is aged 29.98784615384617, hispanic and is leaving the simulation.
s07842 is aged 29.98084615384617, hispanic and is leaving the simulation.
s07910 is aged 29.98184615384617, hispanic and is leaving the simulation.
s08200 is aged 29.98184615384617, hispanic and is leaving the simulation.
s10662 is aged 29.994846153846172, otherNH and is leaving the simulation.
s11064 is aged 29.98684615384617, otherNH and is leaving the simulation.
s11239 is aged 29.98084615384617, otherNH and is leaving the simulation.

Agents who have aged to a new age group are being updated...
s00121 is 21.00707692307694 and has aged to age group 21to29.
s00356 is 21.00207692307694 and has aged to age group 21to29.
s00759 is 21.014076923076942 and has aged to age group 21to29.
s00833 is 21.01207692307694 and has aged to age group 21to29.
s01130 is 21.01907692307694 and has aged to age group 21to29.
s01241 is 21.00207692307694 and has aged to age group 21to29.
s01490 is 21.00607692307694 and has aged to age group 21to29.
s03905 is 21.005076923076942 and has aged to age group 21to29.
s03934 is 21.01607692307694 and has aged to age group 21to29.
s04226 is 21.00707692307694 and has aged to age group 21to29.
s05361 is 21.00407692307694 and has aged to age group 21to29.
s05760 is 21.01007692307694 and has aged to age group 21to29.
s06595 is 21.00707692307694 and has aged to age group 21to29.
s06784 is 21.017076923076942 and has aged to age group 21to29.
s08027 is 21.017076923076942 and has aged to age group 21to29.
s08648 is 21.014076923076942 and has aged to age group 21to29.
s10396 is 21.00307692307694 and has aged to age group 21to29.

New agents are being added to the simulation...
s12021 is age 16.0 and blackNH and is entering the model
s12022 is age 16.0 and whiteNH and is entering the model
s12023 is age 16.0 and hispanic and is entering the model
s12024 is age 16.0 and blackNH and is entering the model
s12025 is age 16.0 and otherNH and is entering the model
s12026 is age 16.0 and whiteNH and is entering the model
s12027 is age 16.0 and blackNH and is entering the model
s12028 is age 16.0 and whiteNH and is entering the model
s12029 is age 16.0 and whiteNH and is entering the model
s12030 is age 16.0 and whiteNH and is entering the model
s12031 is age 16.0 and whiteNH and is entering the model
s12032 is age 16.0 and whiteNH and is entering the model
s12033 is age 16.0 and otherNH and is entering the model
s12034 is age 16.0 and blackNH and is entering the model
s12035 is age 16.0 and whiteNH and is entering the model
s12036 is age 16.0 and whiteNH and is entering the model
s12037 is age 16.0 and whiteNH and is entering the model

Agents are attending venues and using apps for week 23 in simulation...


Epidemic Simulation
----------------------------
Simulation: 1/1
Timestep: 23/3640
Prevalence: 1908
Population Size: 11685
----------------------------
The ages, hiv status, and relationship status for the agents are being updated...
s01424 is whiteNH, aged 19.99907692307694 in age group 21to29, with relationship status of 0 and is now HIV+.
s04515 is blackNH, aged 16.97407692307694 in age group 16to20, with relationship status of 1 and is now HIV+.
s06108 is blackNH, aged 28.07607692307694 in age group 21to29, with relationship status of 1 and is now HIV+.

Agents are being removed from the simulation...
s00445 is aged 29.99007692307694, whiteNH and is leaving the simulation.
s00887 is aged 29.985076923076942, whiteNH and is leaving the simulation.
s01479 is aged 29.99507692307694, whiteNH and is leaving the simulation.
s02455 is aged 29.991076923076943, whiteNH and is leaving the simulation.
s02893 is aged 29.997076923076943, whiteNH and is leaving the simulation.
s02962 is aged 29.98307692307694, whiteNH and is leaving the simulation.
s03374 is aged 29.988076923076942, whiteNH and is leaving the simulation.
s03581 is aged 29.99207692307694, whiteNH and is leaving the simulation.
s03641 is aged 29.985076923076942, whiteNH and is leaving the simulation.
s03897 is aged 29.98307692307694, blackNH and is leaving the simulation.
s03946 is aged 29.997076923076943, blackNH and is leaving the simulation.
s04169 is aged 29.988076923076942, blackNH and is leaving the simulation.
s04178 is aged 29.991076923076943, blackNH and is leaving the simulation.
s05469 is aged 29.98307692307694, blackNH and is leaving the simulation.
s05672 is aged 29.99607692307694, blackNH and is leaving the simulation.
s06393 is aged 29.994076923076943, blackNH and is leaving the simulation.
s06444 is aged 29.988076923076942, blackNH and is leaving the simulation.
s06652 is aged 29.99807692307694, blackNH and is leaving the simulation.
s06771 is aged 29.98707692307694, blackNH and is leaving the simulation.
s07161 is aged 29.985076923076942, hispanic and is leaving the simulation.
s09582 is aged 29.98707692307694, hispanic and is leaving the simulation.
s10123 is aged 29.99807692307694, hispanic and is leaving the simulation.
s10656 is aged 29.99007692307694, otherNH and is leaving the simulation.
s10895 is aged 29.99307692307694, otherNH and is leaving the simulation.

Agents who have aged to a new age group are being updated...
s01470 is 21.01130769230771 and has aged to age group 21to29.
s02751 is 21.00630769230771 and has aged to age group 21to29.
s04110 is 21.00530769230771 and has aged to age group 21to29.
s05209 is 21.00530769230771 and has aged to age group 21to29.
s07150 is 21.00330769230771 and has aged to age group 21to29.
s07468 is 21.001307692307712 and has aged to age group 21to29.
s08713 is 21.01230769230771 and has aged to age group 21to29.
s08876 is 21.00030769230771 and has aged to age group 21to29.
s09857 is 21.01730769230771 and has aged to age group 21to29.
s10878 is 21.001307692307712 and has aged to age group 21to29.
s11044 is 21.00030769230771 and has aged to age group 21to29.
s11049 is 21.001307692307712 and has aged to age group 21to29.

New agents are being added to the simulation...
s12038 is age 16.0 and whiteNH and is entering the model
s12039 is age 16.0 and blackNH and is entering the model
s12040 is age 16.0 and whiteNH and is entering the model
s12041 is age 16.0 and hispanic and is entering the model
s12042 is age 16.0 and whiteNH and is entering the model
s12043 is age 16.0 and hispanic and is entering the model
s12044 is age 16.0 and hispanic and is entering the model
s12045 is age 16.0 and blackNH and is entering the model
s12046 is age 16.0 and blackNH and is entering the model
s12047 is age 16.0 and hispanic and is entering the model
s12048 is age 16.0 and whiteNH and is entering the model
s12049 is age 16.0 and hispanic and is entering the model
s12050 is age 16.0 and hispanic and is entering the model
s12051 is age 16.0 and whiteNH and is entering the model
s12052 is age 16.0 and blackNH and is entering the model
s12053 is age 16.0 and whiteNH and is entering the model
s12054 is age 16.0 and blackNH and is entering the model
s12055 is age 16.0 and hispanic and is entering the model
s12056 is age 16.0 and whiteNH and is entering the model
s12057 is age 16.0 and otherNH and is entering the model
s12058 is age 16.0 and whiteNH and is entering the model

Agents are attending venues and using apps for week 24 in simulation...


Epidemic Simulation
----------------------------
Simulation: 1/1
Timestep: 24/3640
Prevalence: 1903
Population Size: 11682
----------------------------
The ages, hiv status, and relationship status for the agents are being updated...
s10809 is otherNH, aged 17.53130769230771 in age group 16to20, with relationship status of 0 and is now HIV+.

Agents are being removed from the simulation...
s00320 is aged 29.995307692307712, whiteNH and is leaving the simulation.
s00485 is aged 29.99930769230771, whiteNH and is leaving the simulation.
s00801 is aged 29.98230769230771, whiteNH and is leaving the simulation.
s01398 is aged 29.98830769230771, whiteNH and is leaving the simulation.
s02337 is aged 29.998307692307712, whiteNH and is leaving the simulation.
s03764 is aged 29.99930769230771, whiteNH and is leaving the simulation.
s04066 is aged 29.98930769230771, blackNH and is leaving the simulation.
s05422 is aged 29.99130769230771, blackNH and is leaving the simulation.
s05522 is aged 29.981307692307713, blackNH and is leaving the simulation.
s06095 is aged 29.981307692307713, blackNH and is leaving the simulation.
s06616 is aged 29.98830769230771, blackNH and is leaving the simulation.
s07004 is aged 29.992307692307712, hispanic and is leaving the simulation.
s07600 is aged 29.99330769230771, hispanic and is leaving the simulation.
s08415 is aged 29.98330769230771, hispanic and is leaving the simulation.
s08570 is aged 29.98630769230771, hispanic and is leaving the simulation.
s09413 is aged 29.98930769230771, hispanic and is leaving the simulation.
s10955 is aged 29.990307692307713, otherNH and is leaving the simulation.
s11504 is aged 29.99430769230771, otherNH and is leaving the simulation.

Agents who have aged to a new age group are being updated...
s00808 is 21.01853846153848 and has aged to age group 21to29.
s01520 is 21.017538461538482 and has aged to age group 21to29.
s03408 is 21.01553846153848 and has aged to age group 21to29.
s03479 is 21.00453846153848 and has aged to age group 21to29.
s03727 is 21.01353846153848 and has aged to age group 21to29.
s04257 is 21.00453846153848 and has aged to age group 21to29.
s05237 is 21.017538461538482 and has aged to age group 21to29.
s06529 is 21.017538461538482 and has aged to age group 21to29.
s06660 is 21.01853846153848 and has aged to age group 21to29.
s08198 is 21.01653846153848 and has aged to age group 21to29.
s08344 is 21.00453846153848 and has aged to age group 21to29.
s09145 is 21.01053846153848 and has aged to age group 21to29.
s11397 is 21.01253846153848 and has aged to age group 21to29.

New agents are being added to the simulation...
s12059 is age 16.0 and whiteNH and is entering the model
s12060 is age 16.0 and blackNH and is entering the model
s12061 is age 16.0 and whiteNH and is entering the model
s12062 is age 16.0 and whiteNH and is entering the model
s12063 is age 16.0 and whiteNH and is entering the model
s12064 is age 16.0 and whiteNH and is entering the model
s12065 is age 16.0 and blackNH and is entering the model
s12066 is age 16.0 and otherNH and is entering the model
s12067 is age 16.0 and blackNH and is entering the model
s12068 is age 16.0 and whiteNH and is entering the model
s12069 is age 16.0 and blackNH and is entering the model
s12070 is age 16.0 and whiteNH and is entering the model

Agents are attending venues and using apps for week 25 in simulation...


Epidemic Simulation
----------------------------
Simulation: 1/1
Timestep: 25/3640
Prevalence: 1901
Population Size: 11676
----------------------------
The ages, hiv status, and relationship status for the agents are being updated...
s09974 is hispanic, aged 16.92353846153848 in age group 21to29, with relationship status of 1 and is now HIV+.

Agents are being removed from the simulation...
s00033 is aged 29.985538461538482, whiteNH and is leaving the simulation.
s00609 is aged 29.98353846153848, whiteNH and is leaving the simulation.
s01173 is aged 29.99253846153848, whiteNH and is leaving the simulation.
s03181 is aged 29.99953846153848, whiteNH and is leaving the simulation.
s03463 is aged 29.99953846153848, whiteNH and is leaving the simulation.
s03543 is aged 29.98753846153848, whiteNH and is leaving the simulation.
s04928 is aged 29.99053846153848, blackNH and is leaving the simulation.
s05324 is aged 29.99653846153848, blackNH and is leaving the simulation.
s06887 is aged 29.982538461538482, hispanic and is leaving the simulation.
s07007 is aged 29.988538461538482, hispanic and is leaving the simulation.
s08413 is aged 29.98653846153848, hispanic and is leaving the simulation.
s09085 is aged 29.98353846153848, hispanic and is leaving the simulation.
s09505 is aged 29.99853846153848, hispanic and is leaving the simulation.
s09583 is aged 29.988538461538482, hispanic and is leaving the simulation.
s09937 is aged 29.994538461538482, hispanic and is leaving the simulation.
s11043 is aged 29.98653846153848, otherNH and is leaving the simulation.

Agents who have aged to a new age group are being updated...
s00900 is 21.01176923076925 and has aged to age group 21to29.
s01152 is 21.004769230769252 and has aged to age group 21to29.
s01839 is 21.00076923076925 and has aged to age group 21to29.
s02101 is 21.00576923076925 and has aged to age group 21to29.
s02380 is 21.00576923076925 and has aged to age group 21to29.
s03028 is 21.016769230769253 and has aged to age group 21to29.
s03514 is 21.001769230769252 and has aged to age group 21to29.
s05588 is 21.01776923076925 and has aged to age group 21to29.
s05642 is 21.00276923076925 and has aged to age group 21to29.
s06242 is 21.00076923076925 and has aged to age group 21to29.
s07053 is 21.00076923076925 and has aged to age group 21to29.
s07188 is 21.001769230769252 and has aged to age group 21to29.
s08185 is 21.013769230769253 and has aged to age group 21to29.
s08835 is 21.007769230769252 and has aged to age group 21to29.
s09406 is 21.00276923076925 and has aged to age group 21to29.
s09834 is 21.004769230769252 and has aged to age group 21to29.
s10264 is 21.007769230769252 and has aged to age group 21to29.

New agents are being added to the simulation...
s12071 is age 16.0 and whiteNH and is entering the model
s12072 is age 16.0 and whiteNH and is entering the model
s12073 is age 16.0 and hispanic and is entering the model
s12074 is age 16.0 and whiteNH and is entering the model
s12075 is age 16.0 and hispanic and is entering the model
s12076 is age 16.0 and blackNH and is entering the model
s12077 is age 16.0 and hispanic and is entering the model
s12078 is age 16.0 and blackNH and is entering the model
s12079 is age 16.0 and blackNH and is entering the model
s12080 is age 16.0 and otherNH and is entering the model
s12081 is age 16.0 and blackNH and is entering the model
s12082 is age 16.0 and blackNH and is entering the model
s12083 is age 16.0 and whiteNH and is entering the model
s12084 is age 16.0 and otherNH and is entering the model
s12085 is age 16.0 and blackNH and is entering the model
s12086 is age 16.0 and whiteNH and is entering the model
s12087 is age 16.0 and whiteNH and is entering the model
s12088 is age 16.0 and otherNH and is entering the model
s12089 is age 16.0 and whiteNH and is entering the model
s12090 is age 16.0 and whiteNH and is entering the model
s12091 is age 16.0 and whiteNH and is entering the model

Agents are attending venues and using apps for week 26 in simulation...


Epidemic Simulation
----------------------------
Simulation: 1/1
Timestep: 26/3640
Prevalence: 1900
Population Size: 11681
----------------------------
The ages, hiv status, and relationship status for the agents are being updated...
s04564 is blackNH, aged 22.708769230769253 in age group 16to20, with relationship status of 0 and is now HIV+.
s05545 is blackNH, aged 26.73876923076925 in age group 21to29, with relationship status of 0 and is now HIV+.

Agents are being removed from the simulation...
s00735 is aged 29.98576923076925, whiteNH and is leaving the simulation.
s01351 is aged 29.99776923076925, whiteNH and is leaving the simulation.
s01959 is aged 29.99776923076925, whiteNH and is leaving the simulation.
s04446 is aged 29.98276923076925, blackNH and is leaving the simulation.
s04581 is aged 29.98576923076925, blackNH and is leaving the simulation.
s05171 is aged 29.99976923076925, blackNH and is leaving the simulation.
s06295 is aged 29.98276923076925, blackNH and is leaving the simulation.
s06957 is aged 29.987769230769253, hispanic and is leaving the simulation.
s07374 is aged 29.99276923076925, hispanic and is leaving the simulation.
s08355 is aged 29.99176923076925, hispanic and is leaving the simulation.
s10129 is aged 29.990769230769253, hispanic and is leaving the simulation.
s10288 is aged 29.987769230769253, hispanic and is leaving the simulation.
s11226 is aged 29.99776923076925, otherNH and is leaving the simulation.
s11357 is aged 29.99276923076925, otherNH and is leaving the simulation.

Agents who have aged to a new age group are being updated...
s00015 is 21.018000000000022 and has aged to age group 21to29.
s00549 is 21.001000000000023 and has aged to age group 21to29.
s00703 is 21.010000000000023 and has aged to age group 21to29.
s00827 is 21.00000000000002 and has aged to age group 21to29.
s01540 is 21.00600000000002 and has aged to age group 21to29.
s02024 is 21.01900000000002 and has aged to age group 21to29.
s02144 is 21.00900000000002 and has aged to age group 21to29.
s02255 is 21.01900000000002 and has aged to age group 21to29.
s02328 is 21.00800000000002 and has aged to age group 21to29.
s03127 is 21.01600000000002 and has aged to age group 21to29.
s04748 is 21.00200000000002 and has aged to age group 21to29.
s06269 is 21.01200000000002 and has aged to age group 21to29.
s06412 is 21.01100000000002 and has aged to age group 21to29.
s07939 is 21.00500000000002 and has aged to age group 21to29.
s08352 is 21.00600000000002 and has aged to age group 21to29.
s08659 is 21.01100000000002 and has aged to age group 21to29.
s09065 is 21.00300000000002 and has aged to age group 21to29.
s09453 is 21.01400000000002 and has aged to age group 21to29.
s10579 is 21.007000000000023 and has aged to age group 21to29.
s11306 is 21.01700000000002 and has aged to age group 21to29.
s11611 is 21.007000000000023 and has aged to age group 21to29.

New agents are being added to the simulation...
s12092 is age 16.0 and whiteNH and is entering the model
s12093 is age 16.0 and blackNH and is entering the model
s12094 is age 16.0 and whiteNH and is entering the model
s12095 is age 16.0 and hispanic and is entering the model
s12096 is age 16.0 and whiteNH and is entering the model
s12097 is age 16.0 and hispanic and is entering the model
s12098 is age 16.0 and blackNH and is entering the model
s12099 is age 16.0 and hispanic and is entering the model
s12100 is age 16.0 and whiteNH and is entering the model
s12101 is age 16.0 and hispanic and is entering the model
s12102 is age 16.0 and blackNH and is entering the model
s12103 is age 16.0 and hispanic and is entering the model
s12104 is age 16.0 and otherNH and is entering the model

Agents are attending venues and using apps for week 27 in simulation...


Epidemic Simulation
----------------------------
Simulation: 1/1
Timestep: 27/3640
Prevalence: 1894
Population Size: 11680
----------------------------
The ages, hiv status, and relationship status for the agents are being updated...

Agents are being removed from the simulation...
s00675 is aged 29.99400000000002, whiteNH and is leaving the simulation.
s00893 is aged 29.983000000000022, whiteNH and is leaving the simulation.
s01080 is aged 29.99300000000002, whiteNH and is leaving the simulation.
s01848 is aged 29.99700000000002, whiteNH and is leaving the simulation.
s02137 is aged 29.98700000000002, whiteNH and is leaving the simulation.
s02146 is aged 29.99700000000002, whiteNH and is leaving the simulation.
s02756 is aged 29.98800000000002, whiteNH and is leaving the simulation.
s03155 is aged 29.986000000000022, whiteNH and is leaving the simulation.
s03261 is aged 29.981000000000023, whiteNH and is leaving the simulation.
s03735 is aged 29.986000000000022, whiteNH and is leaving the simulation.
s03851 is aged 29.99400000000002, blackNH and is leaving the simulation.
s04191 is aged 29.99000000000002, blackNH and is leaving the simulation.
s04523 is aged 29.995000000000022, blackNH and is leaving the simulation.
s04643 is aged 29.99900000000002, blackNH and is leaving the simulation.
s06264 is aged 29.98800000000002, blackNH and is leaving the simulation.
s07102 is aged 29.99300000000002, hispanic and is leaving the simulation.
s07290 is aged 29.99000000000002, hispanic and is leaving the simulation.
s07293 is aged 29.983000000000022, hispanic and is leaving the simulation.
s08382 is aged 29.99600000000002, hispanic and is leaving the simulation.
s08964 is aged 29.983000000000022, hispanic and is leaving the simulation.
s10340 is aged 29.984000000000023, hispanic and is leaving the simulation.
s10580 is aged 29.983000000000022, otherNH and is leaving the simulation.
s11616 is aged 29.99100000000002, otherNH and is leaving the simulation.

Agents who have aged to a new age group are being updated...
s01180 is 21.00923076923079 and has aged to age group 21to29.
s01263 is 21.017230769230792 and has aged to age group 21to29.
s01843 is 21.01623076923079 and has aged to age group 21to29.
s02885 is 21.00623076923079 and has aged to age group 21to29.
s03485 is 21.01323076923079 and has aged to age group 21to29.
s04114 is 21.01323076923079 and has aged to age group 21to29.
s04190 is 21.002230769230792 and has aged to age group 21to29.
s04527 is 21.01023076923079 and has aged to age group 21to29.
s04982 is 21.01623076923079 and has aged to age group 21to29.
s05300 is 21.005230769230792 and has aged to age group 21to29.
s05685 is 21.008230769230792 and has aged to age group 21to29.
s08623 is 21.014230769230792 and has aged to age group 21to29.
s09633 is 21.01023076923079 and has aged to age group 21to29.
s09965 is 21.00423076923079 and has aged to age group 21to29.
s10297 is 21.005230769230792 and has aged to age group 21to29.
s10602 is 21.002230769230792 and has aged to age group 21to29.
s11133 is 21.01823076923079 and has aged to age group 21to29.
s11234 is 21.01623076923079 and has aged to age group 21to29.

New agents are being added to the simulation...
s12105 is age 16.0 and blackNH and is entering the model
s12106 is age 16.0 and otherNH and is entering the model
s12107 is age 16.0 and whiteNH and is entering the model
s12108 is age 16.0 and hispanic and is entering the model
s12109 is age 16.0 and blackNH and is entering the model
s12110 is age 16.0 and hispanic and is entering the model
s12111 is age 16.0 and otherNH and is entering the model
s12112 is age 16.0 and blackNH and is entering the model
s12113 is age 16.0 and whiteNH and is entering the model
s12114 is age 16.0 and hispanic and is entering the model
s12115 is age 16.0 and hispanic and is entering the model
s12116 is age 16.0 and otherNH and is entering the model
s12117 is age 16.0 and hispanic and is entering the model
s12118 is age 16.0 and whiteNH and is entering the model
s12119 is age 16.0 and hispanic and is entering the model
s12120 is age 16.0 and blackNH and is entering the model
s12121 is age 16.0 and blackNH and is entering the model
s12122 is age 16.0 and whiteNH and is entering the model

Agents are attending venues and using apps for week 28 in simulation...


Epidemic Simulation
----------------------------
Simulation: 1/1
Timestep: 28/3640
Prevalence: 1891
Population Size: 11675
----------------------------
The ages, hiv status, and relationship status for the agents are being updated...
s09808 is hispanic, aged 17.596230769230793 in age group 21to29, with relationship status of 1 and is now HIV+.
s10753 is otherNH, aged 24.255230769230792 in age group 16to20, with relationship status of 0 and is now HIV+.

Agents are being removed from the simulation...
s00119 is aged 29.988230769230793, whiteNH and is leaving the simulation.
s00655 is aged 29.994230769230793, whiteNH and is leaving the simulation.
s00709 is aged 29.99323076923079, whiteNH and is leaving the simulation.
s00753 is aged 29.99823076923079, whiteNH and is leaving the simulation.
s01697 is aged 29.98923076923079, whiteNH and is leaving the simulation.
s02864 is aged 29.99023076923079, whiteNH and is leaving the simulation.
s03754 is aged 29.999230769230792, whiteNH and is leaving the simulation.
s03786 is aged 29.99823076923079, whiteNH and is leaving the simulation.
s04122 is aged 29.98623076923079, blackNH and is leaving the simulation.
s04312 is aged 29.98723076923079, blackNH and is leaving the simulation.
s05291 is aged 29.98723076923079, blackNH and is leaving the simulation.
s05383 is aged 29.985230769230792, blackNH and is leaving the simulation.
s05962 is aged 29.994230769230793, blackNH and is leaving the simulation.
s06020 is aged 29.80723076923079, blackNH and is leaving the simulation.
s06109 is aged 29.98323076923079, blackNH and is leaving the simulation.
s06484 is aged 29.985230769230792, blackNH and is leaving the simulation.
s08703 is aged 29.98923076923079, hispanic and is leaving the simulation.
s10238 is aged 29.98723076923079, hispanic and is leaving the simulation.
s10274 is aged 29.98623076923079, hispanic and is leaving the simulation.
s10946 is aged 29.99323076923079, otherNH and is leaving the simulation.

Agents who have aged to a new age group are being updated...
s01935 is 21.00846153846156 and has aged to age group 21to29.
s02213 is 21.013461538461563 and has aged to age group 21to29.
s02361 is 21.018461538461562 and has aged to age group 21to29.
s03222 is 21.01446153846156 and has aged to age group 21to29.
s03959 is 21.00346153846156 and has aged to age group 21to29.
s04196 is 21.00546153846156 and has aged to age group 21to29.
s04511 is 21.01246153846156 and has aged to age group 21to29.
s04559 is 21.00246153846156 and has aged to age group 21to29.
s04726 is 21.00246153846156 and has aged to age group 21to29.
s04811 is 21.010461538461563 and has aged to age group 21to29.
s05372 is 21.01246153846156 and has aged to age group 21to29.
s06063 is 21.016461538461563 and has aged to age group 21to29.
s06127 is 21.004461538461562 and has aged to age group 21to29.
s06441 is 21.00246153846156 and has aged to age group 21to29.
s06793 is 21.018461538461562 and has aged to age group 21to29.
s07350 is 21.010461538461563 and has aged to age group 21to29.
s07530 is 21.00346153846156 and has aged to age group 21to29.
s09377 is 21.010461538461563 and has aged to age group 21to29.
s10008 is 21.01446153846156 and has aged to age group 21to29.
s10384 is 21.00046153846156 and has aged to age group 21to29.
s10475 is 21.01546153846156 and has aged to age group 21to29.
s11065 is 21.00246153846156 and has aged to age group 21to29.
s11102 is 21.00546153846156 and has aged to age group 21to29.
s11601 is 21.001461538461562 and has aged to age group 21to29.

New agents are being added to the simulation...
s12123 is age 16.0 and otherNH and is entering the model
s12124 is age 16.0 and whiteNH and is entering the model
s12125 is age 16.0 and whiteNH and is entering the model
s12126 is age 16.0 and whiteNH and is entering the model
s12127 is age 16.0 and hispanic and is entering the model
s12128 is age 16.0 and blackNH and is entering the model
s12129 is age 16.0 and hispanic and is entering the model
s12130 is age 16.0 and whiteNH and is entering the model
s12131 is age 16.0 and blackNH and is entering the model
s12132 is age 16.0 and whiteNH and is entering the model
s12133 is age 16.0 and whiteNH and is entering the model
s12134 is age 16.0 and whiteNH and is entering the model
s12135 is age 16.0 and hispanic and is entering the model
s12136 is age 16.0 and hispanic and is entering the model
s12137 is age 16.0 and blackNH and is entering the model
s12138 is age 16.0 and otherNH and is entering the model
s12139 is age 16.0 and hispanic and is entering the model

Agents are attending venues and using apps for week 29 in simulation...


Epidemic Simulation
----------------------------
Simulation: 1/1
Timestep: 29/3640
Prevalence: 1889
Population Size: 11672
----------------------------
The ages, hiv status, and relationship status for the agents are being updated...
s03888 is blackNH, aged 28.52646153846156 in age group 16to20, with relationship status of 1 and is now HIV+.
s05999 is blackNH, aged 21.57346153846156 in age group 21to29, with relationship status of 1 and is now HIV+.
s07497 is hispanic, aged 19.141461538461563 in age group 16to20, with relationship status of 0 and is now HIV+.
s11621 is otherNH, aged 17.902461538461562 in age group 21to29, with relationship status of 1 and is now HIV+.

Agents are being removed from the simulation...
s00414 is aged 29.99346153846156, whiteNH and is leaving the simulation.
s01010 is aged 29.989461538461562, whiteNH and is leaving the simulation.
s01128 is aged 29.98246153846156, whiteNH and is leaving the simulation.
s01332 is aged 29.99946153846156, whiteNH and is leaving the simulation.
s01968 is aged 29.992461538461562, whiteNH and is leaving the simulation.
s02272 is aged 29.987461538461563, whiteNH and is leaving the simulation.
s02711 is aged 29.998461538461562, whiteNH and is leaving the simulation.
s03161 is aged 29.989461538461562, whiteNH and is leaving the simulation.
s03637 is aged 29.99446153846156, whiteNH and is leaving the simulation.
s04961 is aged 22.66346153846156, blackNH and is leaving the simulation.
s06642 is aged 29.98546153846156, blackNH and is leaving the simulation.
s08790 is aged 29.992461538461562, hispanic and is leaving the simulation.
s11298 is aged 29.98346153846156, otherNH and is leaving the simulation.

Agents who have aged to a new age group are being updated...
s01659 is 21.00769230769233 and has aged to age group 21to29.
s01747 is 21.009692307692333 and has aged to age group 21to29.
s02371 is 21.008692307692332 and has aged to age group 21to29.
s03360 is 21.00469230769233 and has aged to age group 21to29.
s05151 is 21.005692307692332 and has aged to age group 21to29.
s05574 is 21.00469230769233 and has aged to age group 21to29.
s06893 is 21.014692307692332 and has aged to age group 21to29.
s06991 is 21.01869230769233 and has aged to age group 21to29.
s08356 is 21.017692307692332 and has aged to age group 21to29.
s08372 is 21.005692307692332 and has aged to age group 21to29.
s08649 is 21.005692307692332 and has aged to age group 21to29.
s09309 is 21.008692307692332 and has aged to age group 21to29.
s09786 is 21.01069230769233 and has aged to age group 21to29.

New agents are being added to the simulation...
s12140 is age 16.0 and blackNH and is entering the model
s12141 is age 16.0 and blackNH and is entering the model
s12142 is age 16.0 and whiteNH and is entering the model
s12143 is age 16.0 and whiteNH and is entering the model
s12144 is age 16.0 and whiteNH and is entering the model
s12145 is age 16.0 and hispanic and is entering the model
s12146 is age 16.0 and whiteNH and is entering the model
s12147 is age 16.0 and hispanic and is entering the model
s12148 is age 16.0 and hispanic and is entering the model
s12149 is age 16.0 and hispanic and is entering the model
s12150 is age 16.0 and whiteNH and is entering the model
s12151 is age 16.0 and hispanic and is entering the model
s12152 is age 16.0 and blackNH and is entering the model
s12153 is age 16.0 and whiteNH and is entering the model
s12154 is age 16.0 and hispanic and is entering the model

Agents are attending venues and using apps for week 30 in simulation...


Epidemic Simulation
----------------------------
Simulation: 1/1
Timestep: 30/3640
Prevalence: 1891
Population Size: 11674
----------------------------
The ages, hiv status, and relationship status for the agents are being updated...
s05282 is blackNH, aged 27.811692307692333 in age group 21to29, with relationship status of 1 and is now HIV+.
s06830 is hispanic, aged 27.18569230769233 in age group 16to20, with relationship status of 0 and is now HIV+.
s09066 is hispanic, aged 24.50769230769233 in age group 21to29, with relationship status of 0 and is now HIV+.

Agents are being removed from the simulation...
s01184 is aged 29.985692307692332, whiteNH and is leaving the simulation.
s01496 is aged 29.98169230769233, whiteNH and is leaving the simulation.
s03341 is aged 29.98469230769233, whiteNH and is leaving the simulation.
s04182 is aged 29.98769230769233, blackNH and is leaving the simulation.
s04302 is aged 29.99669230769233, blackNH and is leaving the simulation.
s05199 is aged 29.988692307692332, blackNH and is leaving the simulation.
s07133 is aged 20.54469230769233, hispanic and is leaving the simulation.
s07278 is aged 29.98769230769233, hispanic and is leaving the simulation.
s08204 is aged 29.99969230769233, hispanic and is leaving the simulation.
s08402 is aged 29.985692307692332, hispanic and is leaving the simulation.
s09250 is aged 29.98769230769233, hispanic and is leaving the simulation.
s09527 is aged 29.98969230769233, hispanic and is leaving the simulation.
s09640 is aged 29.988692307692332, hispanic and is leaving the simulation.
s09702 is aged 29.99569230769233, hispanic and is leaving the simulation.
s11010 is aged 29.991692307692333, otherNH and is leaving the simulation.
s11328 is aged 29.985692307692332, otherNH and is leaving the simulation.
s11518 is aged 29.98769230769233, otherNH and is leaving the simulation.

Agents who have aged to a new age group are being updated...
s01621 is 21.0149230769231 and has aged to age group 21to29.
s01694 is 21.0039230769231 and has aged to age group 21to29.
s02458 is 21.004923076923102 and has aged to age group 21to29.
s02994 is 21.0119230769231 and has aged to age group 21to29.
s03882 is 21.0119230769231 and has aged to age group 21to29.
s03974 is 21.0039230769231 and has aged to age group 21to29.
s04700 is 21.0039230769231 and has aged to age group 21to29.
s04839 is 21.001923076923102 and has aged to age group 21to29.
s05322 is 21.004923076923102 and has aged to age group 21to29.
s06248 is 21.0069230769231 and has aged to age group 21to29.
s06303 is 21.0179230769231 and has aged to age group 21to29.
s06977 is 21.016923076923103 and has aged to age group 21to29.
s07006 is 21.0069230769231 and has aged to age group 21to29.
s09021 is 21.0009230769231 and has aged to age group 21to29.
s09094 is 21.0179230769231 and has aged to age group 21to29.
s09605 is 21.0189230769231 and has aged to age group 21to29.
s10395 is 21.0009230769231 and has aged to age group 21to29.
s10415 is 21.0069230769231 and has aged to age group 21to29.

New agents are being added to the simulation...
s12155 is age 16.0 and hispanic and is entering the model
s12156 is age 16.0 and blackNH and is entering the model
s12157 is age 16.0 and hispanic and is entering the model
s12158 is age 16.0 and whiteNH and is entering the model
s12159 is age 16.0 and whiteNH and is entering the model
s12160 is age 16.0 and whiteNH and is entering the model
s12161 is age 16.0 and otherNH and is entering the model
s12162 is age 16.0 and hispanic and is entering the model
s12163 is age 16.0 and blackNH and is entering the model
s12164 is age 16.0 and hispanic and is entering the model
s12165 is age 16.0 and whiteNH and is entering the model
s12166 is age 16.0 and hispanic and is entering the model
s12167 is age 16.0 and whiteNH and is entering the model
s12168 is age 16.0 and whiteNH and is entering the model
s12169 is age 16.0 and whiteNH and is entering the model
s12170 is age 16.0 and otherNH and is entering the model
s12171 is age 16.0 and blackNH and is entering the model
s12172 is age 16.0 and whiteNH and is entering the model

Agents are attending venues and using apps for week 31 in simulation...


Epidemic Simulation
----------------------------
Simulation: 1/1
Timestep: 31/3640
Prevalence: 1892
Population Size: 11675
----------------------------
The ages, hiv status, and relationship status for the agents are being updated...
s04210 is blackNH, aged 27.062923076923102 in age group 16to20, with relationship status of 0 and is now HIV+.

Agents are being removed from the simulation...
s00054 is aged 29.995923076923102, whiteNH and is leaving the simulation.
s01076 is aged 29.9839230769231, whiteNH and is leaving the simulation.
s01252 is aged 29.995923076923102, whiteNH and is leaving the simulation.
s01705 is aged 29.9809230769231, whiteNH and is leaving the simulation.
s02169 is aged 29.9859230769231, whiteNH and is leaving the simulation.
s03255 is aged 29.998923076923102, whiteNH and is leaving the simulation.
s03321 is aged 29.9999230769231, whiteNH and is leaving the simulation.
s03497 is aged 29.9809230769231, whiteNH and is leaving the simulation.
s04973 is aged 29.9859230769231, blackNH and is leaving the simulation.
s05287 is aged 29.9889230769231, blackNH and is leaving the simulation.
s06204 is aged 29.9889230769231, blackNH and is leaving the simulation.
s08100 is aged 29.9839230769231, hispanic and is leaving the simulation.
s08611 is aged 29.9889230769231, hispanic and is leaving the simulation.
s09723 is aged 29.984923076923103, hispanic and is leaving the simulation.
s09737 is aged 29.9869230769231, hispanic and is leaving the simulation.
s09842 is aged 29.984923076923103, hispanic and is leaving the simulation.
s10045 is aged 29.9979230769231, hispanic and is leaving the simulation.
s10206 is aged 29.984923076923103, hispanic and is leaving the simulation.
s11143 is aged 29.9859230769231, otherNH and is leaving the simulation.
s11523 is aged 29.9999230769231, otherNH and is leaving the simulation.

Agents who have aged to a new age group are being updated...
s01213 is 21.001153846153873 and has aged to age group 21to29.
s01626 is 21.004153846153873 and has aged to age group 21to29.
s01904 is 21.00015384615387 and has aged to age group 21to29.
s01936 is 21.012153846153872 and has aged to age group 21to29.
s02546 is 21.004153846153873 and has aged to age group 21to29.
s02753 is 21.01415384615387 and has aged to age group 21to29.
s03750 is 21.004153846153873 and has aged to age group 21to29.
s04999 is 21.018153846153872 and has aged to age group 21to29.
s05380 is 21.001153846153873 and has aged to age group 21to29.
s05889 is 21.00515384615387 and has aged to age group 21to29.
s05924 is 21.018153846153872 and has aged to age group 21to29.
s06066 is 21.018153846153872 and has aged to age group 21to29.
s08783 is 21.01415384615387 and has aged to age group 21to29.
s11208 is 21.00515384615387 and has aged to age group 21to29.

New agents are being added to the simulation...
s12173 is age 16.0 and blackNH and is entering the model
s12174 is age 16.0 and whiteNH and is entering the model
s12175 is age 16.0 and blackNH and is entering the model
s12176 is age 16.0 and whiteNH and is entering the model
s12177 is age 16.0 and otherNH and is entering the model
s12178 is age 16.0 and hispanic and is entering the model
s12179 is age 16.0 and otherNH and is entering the model
s12180 is age 16.0 and hispanic and is entering the model
s12181 is age 16.0 and hispanic and is entering the model
s12182 is age 16.0 and whiteNH and is entering the model
s12183 is age 16.0 and whiteNH and is entering the model
s12184 is age 16.0 and blackNH and is entering the model
s12185 is age 16.0 and whiteNH and is entering the model

Agents are attending venues and using apps for week 32 in simulation...


Epidemic Simulation
----------------------------
Simulation: 1/1
Timestep: 32/3640
Prevalence: 1891
Population Size: 11668
----------------------------
The ages, hiv status, and relationship status for the agents are being updated...
s05456 is blackNH, aged 16.606153846153873 in age group 21to29, with relationship status of 0 and is now HIV+.
s06283 is blackNH, aged 20.83315384615387 in age group 21to29, with relationship status of 1 and is now HIV+.

Agents are being removed from the simulation...
s01403 is aged 29.995153846153872, whiteNH and is leaving the simulation.
s02947 is aged 29.984153846153873, whiteNH and is leaving the simulation.
s03791 is aged 29.99115384615387, whiteNH and is leaving the simulation.
s05160 is aged 29.992153846153872, blackNH and is leaving the simulation.
s05770 is aged 29.98815384615387, blackNH and is leaving the simulation.
s06037 is aged 18.216153846153873, blackNH and is leaving the simulation.
s06235 is aged 18.12215384615387, blackNH and is leaving the simulation.
s08080 is aged 29.984153846153873, hispanic and is leaving the simulation.
s08865 is aged 29.99615384615387, hispanic and is leaving the simulation.
s09216 is aged 29.99615384615387, hispanic and is leaving the simulation.
s09260 is aged 29.986153846153872, hispanic and is leaving the simulation.
s09562 is aged 29.99115384615387, hispanic and is leaving the simulation.
s09789 is aged 29.99315384615387, hispanic and is leaving the simulation.
s09839 is aged 29.989153846153872, hispanic and is leaving the simulation.
s10155 is aged 29.989153846153872, hispanic and is leaving the simulation.
s11007 is aged 29.992153846153872, otherNH and is leaving the simulation.

Agents who have aged to a new age group are being updated...
s00730 is 21.00938461538464 and has aged to age group 21to29.
s00757 is 21.014384615384643 and has aged to age group 21to29.
s01387 is 21.008384615384642 and has aged to age group 21to29.
s01458 is 21.01038461538464 and has aged to age group 21to29.
s02363 is 21.01038461538464 and has aged to age group 21to29.
s04702 is 21.003384615384643 and has aged to age group 21to29.
s05161 is 21.00938461538464 and has aged to age group 21to29.
s05200 is 21.01338461538464 and has aged to age group 21to29.
s10573 is 21.01538461538464 and has aged to age group 21to29.

New agents are being added to the simulation...
s12186 is age 16.0 and hispanic and is entering the model
s12187 is age 16.0 and blackNH and is entering the model
s12188 is age 16.0 and whiteNH and is entering the model
s12189 is age 16.0 and otherNH and is entering the model
s12190 is age 16.0 and blackNH and is entering the model
s12191 is age 16.0 and blackNH and is entering the model
s12192 is age 16.0 and whiteNH and is entering the model
s12193 is age 16.0 and hispanic and is entering the model
s12194 is age 16.0 and hispanic and is entering the model
s12195 is age 16.0 and whiteNH and is entering the model
s12196 is age 16.0 and blackNH and is entering the model
s12197 is age 16.0 and blackNH and is entering the model
s12198 is age 16.0 and whiteNH and is entering the model
s12199 is age 16.0 and blackNH and is entering the model
s12200 is age 16.0 and hispanic and is entering the model
s12201 is age 16.0 and hispanic and is entering the model
s12202 is age 16.0 and blackNH and is entering the model
s12203 is age 16.0 and blackNH and is entering the model
s12204 is age 16.0 and whiteNH and is entering the model

Agents are attending venues and using apps for week 33 in simulation...


Epidemic Simulation
----------------------------
Simulation: 1/1
Timestep: 33/3640
Prevalence: 1886
Population Size: 11671
----------------------------
The ages, hiv status, and relationship status for the agents are being updated...

Agents are being removed from the simulation...
s00418 is aged 29.985384615384643, whiteNH and is leaving the simulation.
s00608 is aged 29.98738461538464, whiteNH and is leaving the simulation.
s01288 is aged 29.99838461538464, whiteNH and is leaving the simulation.
s05726 is aged 29.99338461538464, blackNH and is leaving the simulation.
s05875 is aged 29.99038461538464, blackNH and is leaving the simulation.
s06045 is aged 29.98138461538464, blackNH and is leaving the simulation.
s06139 is aged 29.99338461538464, blackNH and is leaving the simulation.
s06322 is aged 29.988384615384643, blackNH and is leaving the simulation.
s06980 is aged 29.999384615384642, hispanic and is leaving the simulation.
s07599 is aged 29.988384615384643, hispanic and is leaving the simulation.
s08011 is aged 29.98338461538464, hispanic and is leaving the simulation.
s08370 is aged 29.98438461538464, hispanic and is leaving the simulation.
s08419 is aged 29.98738461538464, hispanic and is leaving the simulation.
s08641 is aged 29.99338461538464, hispanic and is leaving the simulation.
s08934 is aged 29.99838461538464, hispanic and is leaving the simulation.
s11056 is aged 29.98738461538464, otherNH and is leaving the simulation.

Agents who have aged to a new age group are being updated...
s00203 is 21.001615384615413 and has aged to age group 21to29.
s00853 is 21.00261538461541 and has aged to age group 21to29.
s01032 is 21.00561538461541 and has aged to age group 21to29.
s01299 is 21.012615384615412 and has aged to age group 21to29.
s01505 is 21.010615384615413 and has aged to age group 21to29.
s03932 is 21.00561538461541 and has aged to age group 21to29.
s06135 is 21.010615384615413 and has aged to age group 21to29.
s06475 is 21.016615384615413 and has aged to age group 21to29.
s07003 is 21.016615384615413 and has aged to age group 21to29.
s09397 is 21.015615384615412 and has aged to age group 21to29.
s10100 is 21.00361538461541 and has aged to age group 21to29.
s11066 is 21.018615384615412 and has aged to age group 21to29.

New agents are being added to the simulation...
s12205 is age 16.0 and hispanic and is entering the model
s12206 is age 16.0 and blackNH and is entering the model
s12207 is age 16.0 and hispanic and is entering the model
s12208 is age 16.0 and hispanic and is entering the model
s12209 is age 16.0 and blackNH and is entering the model
s12210 is age 16.0 and hispanic and is entering the model
s12211 is age 16.0 and hispanic and is entering the model
s12212 is age 16.0 and otherNH and is entering the model
s12213 is age 16.0 and hispanic and is entering the model
s12214 is age 16.0 and blackNH and is entering the model
s12215 is age 16.0 and blackNH and is entering the model
s12216 is age 16.0 and hispanic and is entering the model
s12217 is age 16.0 and whiteNH and is entering the model
s12218 is age 16.0 and blackNH and is entering the model
s12219 is age 16.0 and hispanic and is entering the model

Agents are attending venues and using apps for week 34 in simulation...


Epidemic Simulation
----------------------------
Simulation: 1/1
Timestep: 34/3640
Prevalence: 1883
Population Size: 11670
----------------------------
The ages, hiv status, and relationship status for the agents are being updated...
s05748 is blackNH, aged 20.629615384615413 in age group 21to29, with relationship status of 0 and is now HIV+.
s10121 is hispanic, aged 22.08161538461541 in age group 21to29, with relationship status of 0 and is now HIV+.
s11732 is blackNH, aged 16.5769230769231 in age group 16to20, with relationship status of 0 and is now HIV+.

Agents are being removed from the simulation...
s00596 is aged 29.989615384615412, whiteNH and is leaving the simulation.
s00656 is aged 29.99661538461541, whiteNH and is leaving the simulation.
s00743 is aged 29.99761538461541, whiteNH and is leaving the simulation.
s01677 is aged 29.984615384615413, whiteNH and is leaving the simulation.
s02512 is aged 29.99161538461541, whiteNH and is leaving the simulation.
s02640 is aged 29.98861538461541, whiteNH and is leaving the simulation.
s02722 is aged 29.998615384615412, whiteNH and is leaving the simulation.
s03279 is aged 29.981615384615413, whiteNH and is leaving the simulation.
s03940 is aged 29.992615384615412, blackNH and is leaving the simulation.
s05473 is aged 29.995615384615412, blackNH and is leaving the simulation.
s05503 is aged 29.98561538461541, blackNH and is leaving the simulation.
s05629 is aged 29.983615384615412, blackNH and is leaving the simulation.
s07214 is aged 29.98561538461541, hispanic and is leaving the simulation.
s07817 is aged 29.998615384615412, hispanic and is leaving the simulation.
s08309 is aged 29.99161538461541, hispanic and is leaving the simulation.
s10742 is aged 29.993615384615413, otherNH and is leaving the simulation.
s11137 is aged 29.989615384615412, otherNH and is leaving the simulation.

Agents who have aged to a new age group are being updated...
s01701 is 21.008846153846182 and has aged to age group 21to29.
s02004 is 21.009846153846183 and has aged to age group 21to29.
s03919 is 21.002846153846182 and has aged to age group 21to29.
s04208 is 21.01384615384618 and has aged to age group 21to29.
s04558 is 21.011846153846182 and has aged to age group 21to29.
s07005 is 21.009846153846183 and has aged to age group 21to29.
s07586 is 21.005846153846182 and has aged to age group 21to29.
s08339 is 21.002846153846182 and has aged to age group 21to29.
s08379 is 21.00484615384618 and has aged to age group 21to29.
s08774 is 21.003846153846183 and has aged to age group 21to29.
s08942 is 21.009846153846183 and has aged to age group 21to29.
s09838 is 21.006846153846183 and has aged to age group 21to29.
s09862 is 21.006846153846183 and has aged to age group 21to29.
s11279 is 21.00784615384618 and has aged to age group 21to29.

New agents are being added to the simulation...
s12220 is age 16.0 and whiteNH and is entering the model
s12221 is age 16.0 and hispanic and is entering the model
s12222 is age 16.0 and whiteNH and is entering the model
s12223 is age 16.0 and whiteNH and is entering the model
s12224 is age 16.0 and hispanic and is entering the model
s12225 is age 16.0 and whiteNH and is entering the model
s12226 is age 16.0 and whiteNH and is entering the model
s12227 is age 16.0 and hispanic and is entering the model
s12228 is age 16.0 and whiteNH and is entering the model
s12229 is age 16.0 and whiteNH and is entering the model
s12230 is age 16.0 and blackNH and is entering the model
s12231 is age 16.0 and blackNH and is entering the model

Agents are attending venues and using apps for week 35 in simulation...


Epidemic Simulation
----------------------------
Simulation: 1/1
Timestep: 35/3640
Prevalence: 1881
Population Size: 11665
----------------------------
The ages, hiv status, and relationship status for the agents are being updated...

Agents are being removed from the simulation...
s01352 is aged 29.98784615384618, whiteNH and is leaving the simulation.
s02603 is aged 29.98984615384618, whiteNH and is leaving the simulation.
s03007 is aged 29.99884615384618, whiteNH and is leaving the simulation.
s04218 is aged 29.99084615384618, blackNH and is leaving the simulation.
s04276 is aged 29.99584615384618, blackNH and is leaving the simulation.
s04984 is aged 29.980846153846183, blackNH and is leaving the simulation.
s07050 is aged 29.982846153846182, hispanic and is leaving the simulation.
s07221 is aged 29.98984615384618, hispanic and is leaving the simulation.
s07809 is aged 29.997846153846183, hispanic and is leaving the simulation.
s08090 is aged 29.999846153846182, hispanic and is leaving the simulation.
s08914 is aged 29.98684615384618, hispanic and is leaving the simulation.
s09674 is aged 29.99384615384618, hispanic and is leaving the simulation.
s10018 is aged 29.99584615384618, hispanic and is leaving the simulation.
s10682 is aged 29.98684615384618, otherNH and is leaving the simulation.

Agents who have aged to a new age group are being updated...
s00475 is 21.017076923076953 and has aged to age group 21to29.
s00813 is 21.014076923076953 and has aged to age group 21to29.
s00829 is 21.01807692307695 and has aged to age group 21to29.
s00972 is 21.01207692307695 and has aged to age group 21to29.
s00978 is 21.01007692307695 and has aged to age group 21to29.
s01378 is 21.017076923076953 and has aged to age group 21to29.
s02178 is 21.01507692307695 and has aged to age group 21to29.
s02662 is 21.000076923076954 and has aged to age group 21to29.
s03507 is 21.019076923076952 and has aged to age group 21to29.
s03547 is 21.008076923076953 and has aged to age group 21to29.
s03636 is 21.01607692307695 and has aged to age group 21to29.
s03834 is 21.01207692307695 and has aged to age group 21to29.
s05355 is 21.00107692307695 and has aged to age group 21to29.
s05716 is 21.00707692307695 and has aged to age group 21to29.
s05793 is 21.000076923076954 and has aged to age group 21to29.
s08809 is 21.00707692307695 and has aged to age group 21to29.
s09950 is 21.00707692307695 and has aged to age group 21to29.
s10152 is 21.00607692307695 and has aged to age group 21to29.

New agents are being added to the simulation...
s12232 is age 16.0 and whiteNH and is entering the model
s12233 is age 16.0 and blackNH and is entering the model
s12234 is age 16.0 and blackNH and is entering the model
s12235 is age 16.0 and hispanic and is entering the model
s12236 is age 16.0 and hispanic and is entering the model
s12237 is age 16.0 and whiteNH and is entering the model
s12238 is age 16.0 and whiteNH and is entering the model
s12239 is age 16.0 and hispanic and is entering the model
s12240 is age 16.0 and hispanic and is entering the model
s12241 is age 16.0 and blackNH and is entering the model
s12242 is age 16.0 and blackNH and is entering the model
s12243 is age 16.0 and otherNH and is entering the model
s12244 is age 16.0 and whiteNH and is entering the model
s12245 is age 16.0 and hispanic and is entering the model
s12246 is age 16.0 and whiteNH and is entering the model
s12247 is age 16.0 and whiteNH and is entering the model
s12248 is age 16.0 and hispanic and is entering the model
s12249 is age 16.0 and blackNH and is entering the model

Agents are attending venues and using apps for week 36 in simulation...


Epidemic Simulation
----------------------------
Simulation: 1/1
Timestep: 36/3640
Prevalence: 1878
Population Size: 11669
----------------------------
The ages, hiv status, and relationship status for the agents are being updated...

Agents are being removed from the simulation...
s01441 is aged 29.994076923076953, whiteNH and is leaving the simulation.
s01687 is aged 29.987076923076952, whiteNH and is leaving the simulation.
s02985 is aged 29.982076923076953, whiteNH and is leaving the simulation.
s03630 is aged 29.991076923076953, whiteNH and is leaving the simulation.
s03699 is aged 29.987076923076952, whiteNH and is leaving the simulation.
s04237 is aged 29.985076923076953, blackNH and is leaving the simulation.
s04587 is aged 29.98107692307695, blackNH and is leaving the simulation.
s04837 is aged 29.99207692307695, blackNH and is leaving the simulation.
s05684 is aged 29.98407692307695, blackNH and is leaving the simulation.
s05846 is aged 29.997076923076953, blackNH and is leaving the simulation.
s06411 is aged 29.997076923076953, blackNH and is leaving the simulation.
s07228 is aged 29.987076923076952, hispanic and is leaving the simulation.
s07738 is aged 26.264076923076953, hispanic and is leaving the simulation.
s08299 is aged 29.987076923076952, hispanic and is leaving the simulation.
s09234 is aged 29.99207692307695, hispanic and is leaving the simulation.
s09607 is aged 29.988076923076953, hispanic and is leaving the simulation.
s10223 is aged 29.98407692307695, hispanic and is leaving the simulation.
s10569 is aged 29.996076923076952, otherNH and is leaving the simulation.
s11091 is aged 29.98407692307695, otherNH and is leaving the simulation.

Agents who have aged to a new age group are being updated...
s00483 is 21.004307692307723 and has aged to age group 21to29.
s02630 is 21.013307692307723 and has aged to age group 21to29.
s03174 is 21.007307692307723 and has aged to age group 21to29.
s03422 is 21.00330769230772 and has aged to age group 21to29.
s03800 is 21.00230769230772 and has aged to age group 21to29.
s04279 is 21.00230769230772 and has aged to age group 21to29.
s05301 is 21.006307692307722 and has aged to age group 21to29.
s05579 is 21.007307692307723 and has aged to age group 21to29.
s05605 is 21.01430769230772 and has aged to age group 21to29.
s05659 is 21.00230769230772 and has aged to age group 21to29.
s07247 is 21.010307692307723 and has aged to age group 21to29.
s07466 is 21.01130769230772 and has aged to age group 21to29.
s09492 is 21.00530769230772 and has aged to age group 21to29.
s09581 is 21.01730769230772 and has aged to age group 21to29.
s09999 is 21.00230769230772 and has aged to age group 21to29.
s10441 is 21.00230769230772 and has aged to age group 21to29.

New agents are being added to the simulation...
s12250 is age 16.0 and hispanic and is entering the model
s12251 is age 16.0 and hispanic and is entering the model
s12252 is age 16.0 and hispanic and is entering the model
s12253 is age 16.0 and whiteNH and is entering the model
s12254 is age 16.0 and blackNH and is entering the model
s12255 is age 16.0 and hispanic and is entering the model
s12256 is age 16.0 and otherNH and is entering the model
s12257 is age 16.0 and blackNH and is entering the model
s12258 is age 16.0 and blackNH and is entering the model
s12259 is age 16.0 and hispanic and is entering the model
s12260 is age 16.0 and hispanic and is entering the model
s12261 is age 16.0 and blackNH and is entering the model
s12262 is age 16.0 and hispanic and is entering the model
s12263 is age 16.0 and blackNH and is entering the model
s12264 is age 16.0 and hispanic and is entering the model

Agents are attending venues and using apps for week 37 in simulation...


Epidemic Simulation
----------------------------
Simulation: 1/1
Timestep: 37/3640
Prevalence: 1880
Population Size: 11665
----------------------------
The ages, hiv status, and relationship status for the agents are being updated...
s03122 is whiteNH, aged 28.067307692307722 in age group 21to29, with relationship status of 0 and is now HIV+.
s04412 is blackNH, aged 26.734307692307723 in age group 16to20, with relationship status of 0 and is now HIV+.
s05186 is blackNH, aged 27.24430769230772 in age group 21to29, with relationship status of 1 and is now HIV+.
s05207 is blackNH, aged 23.05430769230772 in age group 21to29, with relationship status of 1 and is now HIV+.
s08533 is hispanic, aged 28.280307692307723 in age group 21to29, with relationship status of 1 and is now HIV+.
s10355 is hispanic, aged 29.89530769230772 in age group 21to29, with relationship status of 1 and is now HIV+.

Agents are being removed from the simulation...
s00492 is aged 29.99130769230772, whiteNH and is leaving the simulation.
s00973 is aged 29.984307692307723, whiteNH and is leaving the simulation.
s01512 is aged 29.99330769230772, whiteNH and is leaving the simulation.
s06658 is aged 29.99630769230772, blackNH and is leaving the simulation.
s06672 is aged 26.69730769230772, blackNH and is leaving the simulation.
s08429 is aged 29.998307692307723, hispanic and is leaving the simulation.
s08558 is aged 29.99330769230772, hispanic and is leaving the simulation.
s10551 is aged 29.987307692307724, otherNH and is leaving the simulation.
s10732 is aged 29.99130769230772, otherNH and is leaving the simulation.
s11465 is aged 29.98530769230772, otherNH and is leaving the simulation.
s11684 is aged 29.98230769230772, otherNH and is leaving the simulation.

Agents who have aged to a new age group are being updated...
s00210 is 21.01053846153849 and has aged to age group 21to29.
s00371 is 21.01553846153849 and has aged to age group 21to29.
s00785 is 21.008538461538492 and has aged to age group 21to29.
s00906 is 21.00753846153849 and has aged to age group 21to29.
s02281 is 21.014538461538493 and has aged to age group 21to29.
s02584 is 21.006538461538494 and has aged to age group 21to29.
s03016 is 21.01853846153849 and has aged to age group 21to29.
s03046 is 21.01553846153849 and has aged to age group 21to29.
s03629 is 21.00153846153849 and has aged to age group 21to29.
s03964 is 21.011538461538493 and has aged to age group 21to29.
s04084 is 21.00753846153849 and has aged to age group 21to29.
s05119 is 21.01653846153849 and has aged to age group 21to29.
s05706 is 21.01553846153849 and has aged to age group 21to29.
s07045 is 21.01353846153849 and has aged to age group 21to29.
s07875 is 21.01553846153849 and has aged to age group 21to29.
s08955 is 21.01553846153849 and has aged to age group 21to29.
s10391 is 21.005538461538492 and has aged to age group 21to29.
s10705 is 21.00953846153849 and has aged to age group 21to29.
s10899 is 21.01853846153849 and has aged to age group 21to29.
s11071 is 21.005538461538492 and has aged to age group 21to29.
s11220 is 21.01253846153849 and has aged to age group 21to29.

New agents are being added to the simulation...
s12265 is age 16.0 and whiteNH and is entering the model
s12266 is age 16.0 and blackNH and is entering the model
s12267 is age 16.0 and blackNH and is entering the model
s12268 is age 16.0 and hispanic and is entering the model
s12269 is age 16.0 and otherNH and is entering the model
s12270 is age 16.0 and whiteNH and is entering the model
s12271 is age 16.0 and otherNH and is entering the model
s12272 is age 16.0 and hispanic and is entering the model
s12273 is age 16.0 and blackNH and is entering the model
s12274 is age 16.0 and blackNH and is entering the model
s12275 is age 16.0 and whiteNH and is entering the model
s12276 is age 16.0 and blackNH and is entering the model

Agents are attending venues and using apps for week 38 in simulation...


Epidemic Simulation
----------------------------
Simulation: 1/1
Timestep: 38/3640
Prevalence: 1881
Population Size: 11666
----------------------------
The ages, hiv status, and relationship status for the agents are being updated...
s04827 is blackNH, aged 24.337538461538493 in age group 16to20, with relationship status of 0 and is now HIV+.
s06448 is blackNH, aged 18.081538461538493 in age group 21to29, with relationship status of 0 and is now HIV+.
s06794 is blackNH, aged 23.006538461538494 in age group 21to29, with relationship status of 0 and is now HIV+.
s09734 is hispanic, aged 27.804538461538492 in age group 21to29, with relationship status of 1 and is now HIV+.

Agents are being removed from the simulation...
s00750 is aged 29.993538461538492, whiteNH and is leaving the simulation.
s01825 is aged 29.99853846153849, whiteNH and is leaving the simulation.
s03402 is aged 29.99553846153849, whiteNH and is leaving the simulation.
s03449 is aged 29.99853846153849, whiteNH and is leaving the simulation.
s05118 is aged 29.98453846153849, blackNH and is leaving the simulation.
s06686 is aged 29.999538461538492, blackNH and is leaving the simulation.
s07209 is aged 29.99253846153849, hispanic and is leaving the simulation.
s07412 is aged 29.98653846153849, hispanic and is leaving the simulation.
s07625 is aged 29.990538461538492, hispanic and is leaving the simulation.
s08529 is aged 29.98153846153849, hispanic and is leaving the simulation.
s09007 is aged 29.985538461538493, hispanic and is leaving the simulation.
s09201 is aged 29.98453846153849, hispanic and is leaving the simulation.
s10139 is aged 29.98753846153849, hispanic and is leaving the simulation.
s10998 is aged 29.98753846153849, otherNH and is leaving the simulation.
s11002 is aged 29.98653846153849, otherNH and is leaving the simulation.

Agents who have aged to a new age group are being updated...
s00764 is 21.00376923076926 and has aged to age group 21to29.
s01031 is 21.015769230769262 and has aged to age group 21to29.
s01419 is 21.004769230769263 and has aged to age group 21to29.
s02555 is 21.012769230769262 and has aged to age group 21to29.
s02637 is 21.01476923076926 and has aged to age group 21to29.
s03349 is 21.01776923076926 and has aged to age group 21to29.
s04784 is 21.007769230769263 and has aged to age group 21to29.
s05425 is 21.016769230769263 and has aged to age group 21to29.
s06398 is 21.00876923076926 and has aged to age group 21to29.
s06428 is 21.007769230769263 and has aged to age group 21to29.
s07551 is 21.004769230769263 and has aged to age group 21to29.
s09102 is 21.018769230769262 and has aged to age group 21to29.
s09195 is 21.00376923076926 and has aged to age group 21to29.
s09212 is 21.012769230769262 and has aged to age group 21to29.
s09947 is 21.013769230769263 and has aged to age group 21to29.
s10095 is 21.00276923076926 and has aged to age group 21to29.
s10493 is 21.01776923076926 and has aged to age group 21to29.
s10699 is 21.01776923076926 and has aged to age group 21to29.

New agents are being added to the simulation...
s12277 is age 16.0 and blackNH and is entering the model
s12278 is age 16.0 and otherNH and is entering the model
s12279 is age 16.0 and whiteNH and is entering the model
s12280 is age 16.0 and otherNH and is entering the model
s12281 is age 16.0 and otherNH and is entering the model
s12282 is age 16.0 and whiteNH and is entering the model
s12283 is age 16.0 and hispanic and is entering the model
s12284 is age 16.0 and whiteNH and is entering the model

Agents are attending venues and using apps for week 39 in simulation...


Epidemic Simulation
----------------------------
Simulation: 1/1
Timestep: 39/3640
Prevalence: 1880
Population Size: 11659
----------------------------
The ages, hiv status, and relationship status for the agents are being updated...
s11896 is blackNH, aged 16.46153846153848 in age group 16to20, with relationship status of 0 and is now HIV+.

Agents are being removed from the simulation...
s00840 is aged 29.99776923076926, whiteNH and is leaving the simulation.
s01781 is aged 29.992769230769262, whiteNH and is leaving the simulation.
s02887 is aged 29.99176923076926, whiteNH and is leaving the simulation.
s03747 is aged 29.980769230769262, whiteNH and is leaving the simulation.
s04117 is aged 29.992769230769262, blackNH and is leaving the simulation.
s04978 is aged 16.932769230769264, blackNH and is leaving the simulation.
s05047 is aged 29.992769230769262, blackNH and is leaving the simulation.
s05213 is aged 29.98576923076926, blackNH and is leaving the simulation.
s05390 is aged 29.984769230769263, blackNH and is leaving the simulation.
s05854 is aged 29.98576923076926, blackNH and is leaving the simulation.
s06951 is aged 29.980769230769262, hispanic and is leaving the simulation.
s07370 is aged 29.98276923076926, hispanic and is leaving the simulation.
s07441 is aged 29.986769230769262, hispanic and is leaving the simulation.
s08860 is aged 29.998769230769263, hispanic and is leaving the simulation.
s09343 is aged 29.98276923076926, hispanic and is leaving the simulation.
s10431 is aged 29.990769230769263, otherNH and is leaving the simulation.

Agents who have aged to a new age group are being updated...
s01595 is 21.00200000000003 and has aged to age group 21to29.
s01901 is 21.003000000000032 and has aged to age group 21to29.
s02194 is 21.01900000000003 and has aged to age group 21to29.
s02307 is 21.00500000000003 and has aged to age group 21to29.
s02438 is 21.004000000000033 and has aged to age group 21to29.
s02727 is 21.012000000000032 and has aged to age group 21to29.
s02817 is 21.012000000000032 and has aged to age group 21to29.
s05233 is 21.00200000000003 and has aged to age group 21to29.
s05789 is 21.015000000000033 and has aged to age group 21to29.
s05926 is 21.012000000000032 and has aged to age group 21to29.
s06185 is 21.000000000000032 and has aged to age group 21to29.
s06928 is 21.00800000000003 and has aged to age group 21to29.
s07099 is 21.012000000000032 and has aged to age group 21to29.
s09039 is 21.01900000000003 and has aged to age group 21to29.
s09493 is 21.010000000000034 and has aged to age group 21to29.
s10631 is 21.00800000000003 and has aged to age group 21to29.
s10803 is 21.000000000000032 and has aged to age group 21to29.
s10804 is 21.003000000000032 and has aged to age group 21to29.
s11651 is 21.012000000000032 and has aged to age group 21to29.

New agents are being added to the simulation...
s12285 is age 16.0 and otherNH and is entering the model
s12286 is age 16.0 and hispanic and is entering the model
s12287 is age 16.0 and whiteNH and is entering the model
s12288 is age 16.0 and hispanic and is entering the model
s12289 is age 16.0 and hispanic and is entering the model
s12290 is age 16.0 and blackNH and is entering the model
s12291 is age 16.0 and whiteNH and is entering the model
s12292 is age 16.0 and hispanic and is entering the model
s12293 is age 16.0 and otherNH and is entering the model
s12294 is age 16.0 and whiteNH and is entering the model
s12295 is age 16.0 and otherNH and is entering the model
s12296 is age 16.0 and hispanic and is entering the model
s12297 is age 16.0 and whiteNH and is entering the model
s12298 is age 16.0 and otherNH and is entering the model
s12299 is age 16.0 and hispanic and is entering the model
s12300 is age 16.0 and hispanic and is entering the model

Agents are attending venues and using apps for week 40 in simulation...


Epidemic Simulation
----------------------------
Simulation: 1/1
Timestep: 40/3640
Prevalence: 1878
Population Size: 11659
----------------------------
The ages, hiv status, and relationship status for the agents are being updated...

Agents are being removed from the simulation...
s00603 is aged 29.995000000000033, whiteNH and is leaving the simulation.
s00792 is aged 29.986000000000033, whiteNH and is leaving the simulation.
s01201 is aged 29.99100000000003, whiteNH and is leaving the simulation.
s04217 is aged 29.984000000000034, blackNH and is leaving the simulation.
s04227 is aged 29.997000000000032, blackNH and is leaving the simulation.
s04672 is aged 29.986000000000033, blackNH and is leaving the simulation.
s05492 is aged 29.99600000000003, blackNH and is leaving the simulation.
s05634 is aged 28.96100000000003, blackNH and is leaving the simulation.
s05665 is aged 29.99400000000003, blackNH and is leaving the simulation.
s05795 is aged 29.989000000000033, blackNH and is leaving the simulation.
s06323 is aged 29.98500000000003, blackNH and is leaving the simulation.
s06498 is aged 29.99600000000003, blackNH and is leaving the simulation.
s06692 is aged 29.98700000000003, blackNH and is leaving the simulation.
s06914 is aged 29.998000000000033, hispanic and is leaving the simulation.
s07309 is aged 29.995000000000033, hispanic and is leaving the simulation.
s07863 is aged 29.997000000000032, hispanic and is leaving the simulation.
s09441 is aged 29.984000000000034, hispanic and is leaving the simulation.
s09462 is aged 29.99300000000003, hispanic and is leaving the simulation.
s10826 is aged 29.98800000000003, otherNH and is leaving the simulation.
s11186 is aged 29.98800000000003, otherNH and is leaving the simulation.

Agents who have aged to a new age group are being updated...
s00187 is 21.0072307692308 and has aged to age group 21to29.
s00366 is 21.0062307692308 and has aged to age group 21to29.
s00552 is 21.014230769230803 and has aged to age group 21to29.
s01182 is 21.000230769230804 and has aged to age group 21to29.
s02002 is 21.014230769230803 and has aged to age group 21to29.
s02340 is 21.003230769230804 and has aged to age group 21to29.
s02342 is 21.005230769230803 and has aged to age group 21to29.
s04998 is 21.0062307692308 and has aged to age group 21to29.
s05757 is 21.0122307692308 and has aged to age group 21to29.
s06247 is 21.0062307692308 and has aged to age group 21to29.
s06283 is 21.0062307692308 and has aged to age group 21to29.
s07729 is 21.017230769230803 and has aged to age group 21to29.
s07810 is 21.0042307692308 and has aged to age group 21to29.
s07826 is 21.014230769230803 and has aged to age group 21to29.
s07840 is 21.005230769230803 and has aged to age group 21to29.
s09820 is 21.0072307692308 and has aged to age group 21to29.

New agents are being added to the simulation...
s12301 is age 16.0 and whiteNH and is entering the model
s12302 is age 16.0 and whiteNH and is entering the model
s12303 is age 16.0 and hispanic and is entering the model
s12304 is age 16.0 and whiteNH and is entering the model
s12305 is age 16.0 and hispanic and is entering the model
s12306 is age 16.0 and whiteNH and is entering the model
s12307 is age 16.0 and otherNH and is entering the model
s12308 is age 16.0 and whiteNH and is entering the model
s12309 is age 16.0 and blackNH and is entering the model
s12310 is age 16.0 and whiteNH and is entering the model
s12311 is age 16.0 and blackNH and is entering the model
s12312 is age 16.0 and whiteNH and is entering the model
s12313 is age 16.0 and blackNH and is entering the model
s12314 is age 16.0 and hispanic and is entering the model
s12315 is age 16.0 and hispanic and is entering the model
s12316 is age 16.0 and whiteNH and is entering the model

Agents are attending venues and using apps for week 41 in simulation...


Epidemic Simulation
----------------------------
Simulation: 1/1
Timestep: 41/3640
Prevalence: 1872
Population Size: 11655
----------------------------
The ages, hiv status, and relationship status for the agents are being updated...
s06585 is blackNH, aged 27.528230769230802 in age group 21to29, with relationship status of 1 and is now HIV+.

Agents are being removed from the simulation...
s00773 is aged 29.9892307692308, whiteNH and is leaving the simulation.
s02075 is aged 29.9862307692308, whiteNH and is leaving the simulation.
s02989 is aged 29.997230769230804, whiteNH and is leaving the simulation.
s03074 is aged 29.994230769230803, whiteNH and is leaving the simulation.
s04314 is aged 29.9982307692308, blackNH and is leaving the simulation.
s04351 is aged 29.990230769230802, blackNH and is leaving the simulation.
s07554 is aged 29.9832307692308, hispanic and is leaving the simulation.
s09008 is aged 29.9922307692308, hispanic and is leaving the simulation.
s09597 is aged 29.994230769230803, hispanic and is leaving the simulation.
s09763 is aged 29.984230769230802, hispanic and is leaving the simulation.
s10837 is aged 29.993230769230802, otherNH and is leaving the simulation.
s10888 is aged 29.9952307692308, otherNH and is leaving the simulation.
s11464 is aged 29.997230769230804, otherNH and is leaving the simulation.

Agents who have aged to a new age group are being updated...
s00045 is 21.015461538461572 and has aged to age group 21to29.
s00814 is 21.015461538461572 and has aged to age group 21to29.
s02130 is 21.013461538461573 and has aged to age group 21to29.
s02323 is 21.009461538461572 and has aged to age group 21to29.
s02330 is 21.015461538461572 and has aged to age group 21to29.
s03170 is 21.004461538461573 and has aged to age group 21to29.
s04142 is 21.006461538461572 and has aged to age group 21to29.
s04370 is 21.013461538461573 and has aged to age group 21to29.
s05162 is 21.003461538461572 and has aged to age group 21to29.
s07799 is 21.00546153846157 and has aged to age group 21to29.
s08152 is 21.001461538461573 and has aged to age group 21to29.
s08756 is 21.000461538461572 and has aged to age group 21to29.
s10933 is 21.016461538461574 and has aged to age group 21to29.

New agents are being added to the simulation...
s12317 is age 16.0 and hispanic and is entering the model
s12318 is age 16.0 and blackNH and is entering the model
s12319 is age 16.0 and whiteNH and is entering the model
s12320 is age 16.0 and hispanic and is entering the model
s12321 is age 16.0 and blackNH and is entering the model
s12322 is age 16.0 and whiteNH and is entering the model
s12323 is age 16.0 and blackNH and is entering the model
s12324 is age 16.0 and hispanic and is entering the model
s12325 is age 16.0 and otherNH and is entering the model
s12326 is age 16.0 and whiteNH and is entering the model
s12327 is age 16.0 and hispanic and is entering the model
s12328 is age 16.0 and whiteNH and is entering the model
s12329 is age 16.0 and whiteNH and is entering the model
s12330 is age 16.0 and whiteNH and is entering the model
s12331 is age 16.0 and hispanic and is entering the model
s12332 is age 16.0 and blackNH and is entering the model
s12333 is age 16.0 and hispanic and is entering the model
s12334 is age 16.0 and whiteNH and is entering the model
s12335 is age 16.0 and otherNH and is entering the model

Agents are attending venues and using apps for week 42 in simulation...


Epidemic Simulation
----------------------------
Simulation: 1/1
Timestep: 42/3640
Prevalence: 1876
Population Size: 11661
----------------------------
The ages, hiv status, and relationship status for the agents are being updated...
s01651 is whiteNH, aged 27.68246153846157 in age group 21to29, with relationship status of 1 and is now HIV+.
s04084 is blackNH, aged 21.08446153846157 in age group 21to29, with relationship status of 1 and is now HIV+.
s05044 is blackNH, aged 28.31646153846157 in age group 21to29, with relationship status of 1 and is now HIV+.
s06431 is blackNH, aged 29.914461538461573 in age group 21to29, with relationship status of 1 and is now HIV+.
s09954 is hispanic, aged 21.65646153846157 in age group 21to29, with relationship status of 0 and is now HIV+.
s11758 is whiteNH, aged 16.692307692307722 in age group 16to20, with relationship status of 0 and is now HIV+.

Agents are being removed from the simulation...
s01063 is aged 29.99746153846157, whiteNH and is leaving the simulation.
s01605 is aged 29.98846153846157, whiteNH and is leaving the simulation.
s03047 is aged 29.998461538461573, whiteNH and is leaving the simulation.
s03698 is aged 29.984461538461574, whiteNH and is leaving the simulation.
s06194 is aged 29.98846153846157, blackNH and is leaving the simulation.
s06539 is aged 29.986461538461572, blackNH and is leaving the simulation.
s08893 is aged 29.98846153846157, hispanic and is leaving the simulation.
s09283 is aged 29.98546153846157, hispanic and is leaving the simulation.
s09710 is aged 29.98246153846157, hispanic and is leaving the simulation.
s09890 is aged 29.998461538461573, hispanic and is leaving the simulation.
s10355 is aged 29.99146153846157, hispanic and is leaving the simulation.
s10414 is aged 29.99946153846157, otherNH and is leaving the simulation.
s10520 is aged 29.99946153846157, otherNH and is leaving the simulation.
s10906 is aged 29.995461538461573, otherNH and is leaving the simulation.
s11402 is aged 29.998461538461573, otherNH and is leaving the simulation.

Agents who have aged to a new age group are being updated...
s00313 is 21.01569230769234 and has aged to age group 21to29.
s00326 is 21.00169230769234 and has aged to age group 21to29.
s00551 is 21.01069230769234 and has aged to age group 21to29.
s01195 is 21.00469230769234 and has aged to age group 21to29.
s03443 is 21.00469230769234 and has aged to age group 21to29.
s04243 is 21.017692307692343 and has aged to age group 21to29.
s04725 is 21.008692307692343 and has aged to age group 21to29.
s06161 is 21.01569230769234 and has aged to age group 21to29.
s06722 is 21.01669230769234 and has aged to age group 21to29.
s08616 is 21.008692307692343 and has aged to age group 21to29.
s09526 is 21.002692307692342 and has aged to age group 21to29.
s09720 is 21.01069230769234 and has aged to age group 21to29.
s09921 is 21.008692307692343 and has aged to age group 21to29.
s11620 is 21.008692307692343 and has aged to age group 21to29.

New agents are being added to the simulation...
s12336 is age 16.0 and hispanic and is entering the model
s12337 is age 16.0 and blackNH and is entering the model
s12338 is age 16.0 and hispanic and is entering the model
s12339 is age 16.0 and hispanic and is entering the model
s12340 is age 16.0 and hispanic and is entering the model
s12341 is age 16.0 and whiteNH and is entering the model
s12342 is age 16.0 and otherNH and is entering the model
s12343 is age 16.0 and blackNH and is entering the model
s12344 is age 16.0 and otherNH and is entering the model
s12345 is age 16.0 and hispanic and is entering the model
s12346 is age 16.0 and hispanic and is entering the model
s12347 is age 16.0 and whiteNH and is entering the model
s12348 is age 16.0 and blackNH and is entering the model
s12349 is age 16.0 and whiteNH and is entering the model
s12350 is age 16.0 and blackNH and is entering the model
s12351 is age 16.0 and blackNH and is entering the model
s12352 is age 16.0 and whiteNH and is entering the model
s12353 is age 16.0 and blackNH and is entering the model

Agents are attending venues and using apps for week 43 in simulation...


Epidemic Simulation
----------------------------
Simulation: 1/1
Timestep: 43/3640
Prevalence: 1877
Population Size: 11664
----------------------------
The ages, hiv status, and relationship status for the agents are being updated...
s01196 is whiteNH, aged 19.69369230769234 in age group 16to20, with relationship status of 1 and is now HIV+.
s05513 is blackNH, aged 17.578692307692343 in age group 21to29, with relationship status of 0 and is now HIV+.
s08796 is hispanic, aged 29.686692307692343 in age group 21to29, with relationship status of 1 and is now HIV+.

Agents are being removed from the simulation...
s03359 is aged 29.991692307692343, whiteNH and is leaving the simulation.
s03409 is aged 29.999692307692342, whiteNH and is leaving the simulation.
s03656 is aged 29.98469230769234, whiteNH and is leaving the simulation.
s04950 is aged 28.70269230769234, blackNH and is leaving the simulation.
s05816 is aged 29.982692307692343, blackNH and is leaving the simulation.
s06497 is aged 29.982692307692343, blackNH and is leaving the simulation.
s07971 is aged 29.99269230769234, hispanic and is leaving the simulation.
s09908 is aged 29.987692307692342, hispanic and is leaving the simulation.
s09996 is aged 29.985692307692343, hispanic and is leaving the simulation.
s11290 is aged 29.98969230769234, otherNH and is leaving the simulation.

Agents who have aged to a new age group are being updated...
s02357 is 21.006923076923112 and has aged to age group 21to29.
s03676 is 21.00892307692311 and has aged to age group 21to29.
s03973 is 21.003923076923112 and has aged to age group 21to29.
s04845 is 21.00592307692311 and has aged to age group 21to29.
s07054 is 21.00092307692311 and has aged to age group 21to29.
s08041 is 21.010923076923113 and has aged to age group 21to29.
s08472 is 21.00292307692311 and has aged to age group 21to29.
s09856 is 21.004923076923113 and has aged to age group 21to29.
s10065 is 21.013923076923113 and has aged to age group 21to29.

New agents are being added to the simulation...
s12354 is age 16.0 and blackNH and is entering the model
s12355 is age 16.0 and blackNH and is entering the model
s12356 is age 16.0 and blackNH and is entering the model
s12357 is age 16.0 and blackNH and is entering the model
s12358 is age 16.0 and hispanic and is entering the model
s12359 is age 16.0 and otherNH and is entering the model
s12360 is age 16.0 and whiteNH and is entering the model
s12361 is age 16.0 and hispanic and is entering the model
s12362 is age 16.0 and blackNH and is entering the model
s12363 is age 16.0 and blackNH and is entering the model
s12364 is age 16.0 and whiteNH and is entering the model
s12365 is age 16.0 and otherNH and is entering the model
s12366 is age 16.0 and otherNH and is entering the model
s12367 is age 16.0 and whiteNH and is entering the model
s12368 is age 16.0 and whiteNH and is entering the model
s12369 is age 16.0 and hispanic and is entering the model
s12370 is age 16.0 and whiteNH and is entering the model
s12371 is age 16.0 and whiteNH and is entering the model

Agents are attending venues and using apps for week 44 in simulation...


Epidemic Simulation
----------------------------
Simulation: 1/1
Timestep: 44/3640
Prevalence: 1878
Population Size: 11672
----------------------------
The ages, hiv status, and relationship status for the agents are being updated...
s02825 is whiteNH, aged 22.11992307692311 in age group 21to29, with relationship status of 0 and is now HIV+.
s04368 is blackNH, aged 23.469923076923113 in age group 16to20, with relationship status of 1 and is now HIV+.
s05035 is blackNH, aged 22.591923076923113 in age group 21to29, with relationship status of 0 and is now HIV+.
s06148 is blackNH, aged 18.082923076923112 in age group 21to29, with relationship status of 1 and is now HIV+.

Agents are being removed from the simulation...
s01892 is aged 29.99492307692311, whiteNH and is leaving the simulation.
s02601 is aged 29.980923076923112, whiteNH and is leaving the simulation.
s03586 is aged 29.990923076923114, whiteNH and is leaving the simulation.
s03597 is aged 29.993923076923114, whiteNH and is leaving the simulation.
s03751 is aged 28.385923076923113, whiteNH and is leaving the simulation.
s04143 is aged 29.995923076923113, blackNH and is leaving the simulation.
s06591 is aged 29.993923076923114, blackNH and is leaving the simulation.
s07637 is aged 29.989923076923112, hispanic and is leaving the simulation.
s08129 is aged 29.986923076923112, hispanic and is leaving the simulation.
s08741 is aged 29.993923076923114, hispanic and is leaving the simulation.
s10090 is aged 29.99492307692311, hispanic and is leaving the simulation.
s10324 is aged 29.99492307692311, hispanic and is leaving the simulation.
s10585 is aged 29.99992307692311, otherNH and is leaving the simulation.
s10855 is aged 29.996923076923114, otherNH and is leaving the simulation.
s11639 is aged 29.99992307692311, otherNH and is leaving the simulation.

Agents who have aged to a new age group are being updated...
s00035 is 21.016153846153884 and has aged to age group 21to29.
s00744 is 21.012153846153883 and has aged to age group 21to29.
s01716 is 21.012153846153883 and has aged to age group 21to29.
s02053 is 21.012153846153883 and has aged to age group 21to29.
s02446 is 21.007153846153884 and has aged to age group 21to29.
s04493 is 21.007153846153884 and has aged to age group 21to29.
s04800 is 21.004153846153883 and has aged to age group 21to29.
s04960 is 21.009153846153882 and has aged to age group 21to29.
s05277 is 21.01715384615388 and has aged to age group 21to29.
s05885 is 21.00515384615388 and has aged to age group 21to29.
s06705 is 21.000153846153882 and has aged to age group 21to29.
s07199 is 21.01415384615388 and has aged to age group 21to29.
s08435 is 21.013153846153884 and has aged to age group 21to29.
s08514 is 21.01715384615388 and has aged to age group 21to29.
s08593 is 21.006153846153882 and has aged to age group 21to29.
s08596 is 21.013153846153884 and has aged to age group 21to29.
s09071 is 21.018153846153883 and has aged to age group 21to29.
s09371 is 21.012153846153883 and has aged to age group 21to29.
s09761 is 21.000153846153882 and has aged to age group 21to29.
s09841 is 21.00215384615388 and has aged to age group 21to29.
s11243 is 21.010153846153884 and has aged to age group 21to29.
s11545 is 21.00515384615388 and has aged to age group 21to29.

New agents are being added to the simulation...
s12372 is age 16.0 and whiteNH and is entering the model
s12373 is age 16.0 and blackNH and is entering the model
s12374 is age 16.0 and hispanic and is entering the model
s12375 is age 16.0 and blackNH and is entering the model
s12376 is age 16.0 and whiteNH and is entering the model
s12377 is age 16.0 and blackNH and is entering the model
s12378 is age 16.0 and blackNH and is entering the model
s12379 is age 16.0 and whiteNH and is entering the model
s12380 is age 16.0 and hispanic and is entering the model
s12381 is age 16.0 and whiteNH and is entering the model
s12382 is age 16.0 and whiteNH and is entering the model
s12383 is age 16.0 and whiteNH and is entering the model
s12384 is age 16.0 and hispanic and is entering the model
s12385 is age 16.0 and otherNH and is entering the model
s12386 is age 16.0 and whiteNH and is entering the model

Agents are attending venues and using apps for week 45 in simulation...


Epidemic Simulation
----------------------------
Simulation: 1/1
Timestep: 45/3640
Prevalence: 1879
Population Size: 11672
----------------------------
The ages, hiv status, and relationship status for the agents are being updated...
s04195 is blackNH, aged 26.26715384615388 in age group 16to20, with relationship status of 1 and is now HIV+.
s06078 is blackNH, aged 20.484153846153884 in age group 21to29, with relationship status of 1 and is now HIV+.

Agents are being removed from the simulation...
s00023 is aged 29.989153846153883, whiteNH and is leaving the simulation.
s00582 is aged 29.98215384615388, whiteNH and is leaving the simulation.
s01205 is aged 29.997153846153882, whiteNH and is leaving the simulation.
s01769 is aged 29.994153846153882, whiteNH and is leaving the simulation.
s02403 is aged 29.99915384615388, whiteNH and is leaving the simulation.
s02597 is aged 29.99015384615388, whiteNH and is leaving the simulation.
s02610 is aged 29.994153846153882, whiteNH and is leaving the simulation.
s02627 is aged 29.99015384615388, whiteNH and is leaving the simulation.
s03625 is aged 29.99015384615388, whiteNH and is leaving the simulation.
s04149 is aged 29.997153846153882, blackNH and is leaving the simulation.
s04881 is aged 29.99315384615388, blackNH and is leaving the simulation.
s05011 is aged 29.98515384615388, blackNH and is leaving the simulation.
s06119 is aged 29.98515384615388, blackNH and is leaving the simulation.
s06689 is aged 29.986153846153883, blackNH and is leaving the simulation.
s06755 is aged 29.994153846153882, blackNH and is leaving the simulation.
s07083 is aged 29.98715384615388, hispanic and is leaving the simulation.
s09469 is aged 29.989153846153883, hispanic and is leaving the simulation.
s11184 is aged 29.991153846153882, otherNH and is leaving the simulation.

Agents who have aged to a new age group are being updated...
s00767 is 21.01838461538465 and has aged to age group 21to29.
s02119 is 21.016384615384652 and has aged to age group 21to29.
s02828 is 21.00638461538465 and has aged to age group 21to29.
s03626 is 21.00738461538465 and has aged to age group 21to29.
s04081 is 21.00438461538465 and has aged to age group 21to29.
s04407 is 21.011384615384653 and has aged to age group 21to29.
s04610 is 21.01538461538465 and has aged to age group 21to29.
s06239 is 21.013384615384652 and has aged to age group 21to29.
s07386 is 21.00638461538465 and has aged to age group 21to29.
s08926 is 21.014384615384653 and has aged to age group 21to29.
s09410 is 21.00638461538465 and has aged to age group 21to29.
s09822 is 21.002384615384653 and has aged to age group 21to29.
s10170 is 21.005384615384653 and has aged to age group 21to29.
s10550 is 21.00638461538465 and has aged to age group 21to29.
s11331 is 21.013384615384652 and has aged to age group 21to29.
s11468 is 21.011384615384653 and has aged to age group 21to29.

New agents are being added to the simulation...
s12387 is age 16.0 and hispanic and is entering the model
s12388 is age 16.0 and blackNH and is entering the model
s12389 is age 16.0 and whiteNH and is entering the model
s12390 is age 16.0 and blackNH and is entering the model
s12391 is age 16.0 and hispanic and is entering the model
s12392 is age 16.0 and whiteNH and is entering the model
s12393 is age 16.0 and whiteNH and is entering the model
s12394 is age 16.0 and otherNH and is entering the model
s12395 is age 16.0 and blackNH and is entering the model
s12396 is age 16.0 and hispanic and is entering the model
s12397 is age 16.0 and whiteNH and is entering the model
s12398 is age 16.0 and whiteNH and is entering the model
s12399 is age 16.0 and whiteNH and is entering the model
s12400 is age 16.0 and blackNH and is entering the model
s12401 is age 16.0 and whiteNH and is entering the model
s12402 is age 16.0 and whiteNH and is entering the model
s12403 is age 16.0 and hispanic and is entering the model

Agents are attending venues and using apps for week 46 in simulation...


Epidemic Simulation
----------------------------
Simulation: 1/1
Timestep: 46/3640
Prevalence: 1879
Population Size: 11671
----------------------------
The ages, hiv status, and relationship status for the agents are being updated...
s01800 is whiteNH, aged 21.79138461538465 in age group 21to29, with relationship status of 0 and is now HIV+.
s04294 is blackNH, aged 17.702384615384652 in age group 16to20, with relationship status of 0 and is now HIV+.
s07500 is hispanic, aged 23.40838461538465 in age group 16to20, with relationship status of 0 and is now HIV+.
s10343 is hispanic, aged 21.863384615384653 in age group 21to29, with relationship status of 1 and is now HIV+.

Agents are being removed from the simulation...
s00120 is aged 29.988384615384653, whiteNH and is leaving the simulation.
s01035 is aged 29.990384615384652, whiteNH and is leaving the simulation.
s01125 is aged 29.990384615384652, whiteNH and is leaving the simulation.
s01568 is aged 29.99538461538465, whiteNH and is leaving the simulation.
s01660 is aged 29.98338461538465, whiteNH and is leaving the simulation.
s01908 is aged 29.990384615384652, whiteNH and is leaving the simulation.
s02476 is aged 29.982384615384653, whiteNH and is leaving the simulation.
s03829 is aged 29.99838461538465, whiteNH and is leaving the simulation.
s03907 is aged 29.99238461538465, blackNH and is leaving the simulation.
s04434 is aged 29.984384615384652, blackNH and is leaving the simulation.
s05203 is aged 29.988384615384653, blackNH and is leaving the simulation.
s05987 is aged 29.991384615384654, blackNH and is leaving the simulation.
s05996 is aged 29.987384615384652, blackNH and is leaving the simulation.
s06431 is aged 29.991384615384654, blackNH and is leaving the simulation.
s07701 is aged 29.981384615384652, hispanic and is leaving the simulation.
s07757 is aged 29.991384615384654, hispanic and is leaving the simulation.
s07989 is aged 29.990384615384652, hispanic and is leaving the simulation.
s08737 is aged 29.99238461538465, hispanic and is leaving the simulation.
s09911 is aged 29.999384615384653, hispanic and is leaving the simulation.
s10227 is aged 29.98638461538465, hispanic and is leaving the simulation.
s10542 is aged 29.997384615384654, otherNH and is leaving the simulation.

Agents who have aged to a new age group are being updated...
s01104 is 21.018615384615423 and has aged to age group 21to29.
s01191 is 21.009615384615422 and has aged to age group 21to29.
s01206 is 21.01761538461542 and has aged to age group 21to29.
s01915 is 21.018615384615423 and has aged to age group 21to29.
s02433 is 21.003615384615422 and has aged to age group 21to29.
s02489 is 21.003615384615422 and has aged to age group 21to29.
s03781 is 21.016615384615424 and has aged to age group 21to29.
s03792 is 21.018615384615423 and has aged to age group 21to29.
s05222 is 21.01161538461542 and has aged to age group 21to29.
s05548 is 21.01761538461542 and has aged to age group 21to29.
s06710 is 21.01761538461542 and has aged to age group 21to29.
s06988 is 21.003615384615422 and has aged to age group 21to29.
s08112 is 21.015615384615423 and has aged to age group 21to29.
s09293 is 21.003615384615422 and has aged to age group 21to29.
s09463 is 21.018615384615423 and has aged to age group 21to29.
s09606 is 21.00861538461542 and has aged to age group 21to29.
s10280 is 21.01761538461542 and has aged to age group 21to29.

New agents are being added to the simulation...
s12404 is age 16.0 and blackNH and is entering the model
s12405 is age 16.0 and hispanic and is entering the model
s12406 is age 16.0 and whiteNH and is entering the model
s12407 is age 16.0 and whiteNH and is entering the model
s12408 is age 16.0 and hispanic and is entering the model
s12409 is age 16.0 and otherNH and is entering the model
s12410 is age 16.0 and otherNH and is entering the model
s12411 is age 16.0 and whiteNH and is entering the model
s12412 is age 16.0 and whiteNH and is entering the model
s12413 is age 16.0 and hispanic and is entering the model
s12414 is age 16.0 and hispanic and is entering the model
s12415 is age 16.0 and hispanic and is entering the model
s12416 is age 16.0 and hispanic and is entering the model
s12417 is age 16.0 and blackNH and is entering the model

Agents are attending venues and using apps for week 47 in simulation...


Epidemic Simulation
----------------------------
Simulation: 1/1
Timestep: 47/3640
Prevalence: 1875
Population Size: 11664
----------------------------
The ages, hiv status, and relationship status for the agents are being updated...
s02156 is whiteNH, aged 29.17161538461542 in age group 21to29, with relationship status of 1 and is now HIV+.
s09246 is hispanic, aged 17.365615384615424 in age group 21to29, with relationship status of 0 and is now HIV+.

Agents are being removed from the simulation...
s00394 is aged 29.984615384615424, whiteNH and is leaving the simulation.
s01379 is aged 29.981615384615424, whiteNH and is leaving the simulation.
s03147 is aged 29.990615384615424, whiteNH and is leaving the simulation.
s03480 is aged 18.09561538461542, whiteNH and is leaving the simulation.
s05289 is aged 29.99461538461542, blackNH and is leaving the simulation.
s05822 is aged 29.993615384615424, blackNH and is leaving the simulation.
s06375 is aged 29.99161538461542, blackNH and is leaving the simulation.
s06423 is aged 29.992615384615423, blackNH and is leaving the simulation.
s07034 is aged 29.98261538461542, hispanic and is leaving the simulation.
s07194 is aged 29.986615384615423, hispanic and is leaving the simulation.
s08820 is aged 29.989615384615423, hispanic and is leaving the simulation.
s09190 is aged 29.99461538461542, hispanic and is leaving the simulation.
s09243 is aged 29.99161538461542, hispanic and is leaving the simulation.
s09887 is aged 29.99461538461542, hispanic and is leaving the simulation.
s10050 is aged 29.992615384615423, hispanic and is leaving the simulation.
s10519 is aged 29.99161538461542, otherNH and is leaving the simulation.

Agents who have aged to a new age group are being updated...
s00053 is 21.01084615384619 and has aged to age group 21to29.
s00719 is 21.00484615384619 and has aged to age group 21to29.
s01236 is 21.011846153846193 and has aged to age group 21to29.
s01250 is 21.01584615384619 and has aged to age group 21to29.
s02974 is 21.00784615384619 and has aged to age group 21to29.
s03588 is 21.014846153846193 and has aged to age group 21to29.
s03999 is 21.011846153846193 and has aged to age group 21to29.
s04189 is 21.003846153846194 and has aged to age group 21to29.
s04714 is 21.016846153846192 and has aged to age group 21to29.
s05033 is 21.011846153846193 and has aged to age group 21to29.
s05775 is 21.005846153846193 and has aged to age group 21to29.
s08470 is 21.005846153846193 and has aged to age group 21to29.
s08881 is 21.014846153846193 and has aged to age group 21to29.
s09301 is 21.008846153846193 and has aged to age group 21to29.
s09806 is 21.009846153846194 and has aged to age group 21to29.
s11224 is 21.003846153846194 and has aged to age group 21to29.

New agents are being added to the simulation...
s12418 is age 16.0 and whiteNH and is entering the model
s12419 is age 16.0 and otherNH and is entering the model
s12420 is age 16.0 and blackNH and is entering the model
s12421 is age 16.0 and whiteNH and is entering the model
s12422 is age 16.0 and whiteNH and is entering the model
s12423 is age 16.0 and whiteNH and is entering the model
s12424 is age 16.0 and blackNH and is entering the model
s12425 is age 16.0 and blackNH and is entering the model
s12426 is age 16.0 and hispanic and is entering the model
s12427 is age 16.0 and hispanic and is entering the model
s12428 is age 16.0 and blackNH and is entering the model
s12429 is age 16.0 and whiteNH and is entering the model
s12430 is age 16.0 and whiteNH and is entering the model
s12431 is age 16.0 and blackNH and is entering the model
s12432 is age 16.0 and whiteNH and is entering the model
s12433 is age 16.0 and blackNH and is entering the model
s12434 is age 16.0 and whiteNH and is entering the model
s12435 is age 16.0 and whiteNH and is entering the model
s12436 is age 16.0 and hispanic and is entering the model
s12437 is age 16.0 and hispanic and is entering the model

Agents are attending venues and using apps for week 48 in simulation...


Epidemic Simulation
----------------------------
Simulation: 1/1
Timestep: 48/3640
Prevalence: 1879
Population Size: 11668
----------------------------
The ages, hiv status, and relationship status for the agents are being updated...
s02886 is whiteNH, aged 27.610846153846193 in age group 21to29, with relationship status of 1 and is now HIV+.
s04439 is blackNH, aged 25.511846153846193 in age group 16to20, with relationship status of 1 and is now HIV+.
s04526 is blackNH, aged 26.89984615384619 in age group 16to20, with relationship status of 0 and is now HIV+.
s07269 is hispanic, aged 18.994846153846193 in age group 16to20, with relationship status of 0 and is now HIV+.
s10284 is hispanic, aged 20.94084615384619 in age group 21to29, with relationship status of 0 and is now HIV+.

Agents are being removed from the simulation...
s00169 is aged 29.997846153846194, whiteNH and is leaving the simulation.
s00267 is aged 29.984846153846192, whiteNH and is leaving the simulation.
s00647 is aged 29.993846153846192, whiteNH and is leaving the simulation.
s00912 is aged 29.985846153846193, whiteNH and is leaving the simulation.
s00923 is aged 29.984846153846192, whiteNH and is leaving the simulation.
s01055 is aged 29.99884615384619, whiteNH and is leaving the simulation.
s01347 is aged 29.997846153846194, whiteNH and is leaving the simulation.
s01764 is aged 29.981846153846192, whiteNH and is leaving the simulation.
s01950 is aged 29.997846153846194, whiteNH and is leaving the simulation.
s02966 is aged 29.981846153846192, whiteNH and is leaving the simulation.
s03316 is aged 29.99284615384619, whiteNH and is leaving the simulation.
s03399 is aged 29.985846153846193, whiteNH and is leaving the simulation.
s03505 is aged 29.991846153846193, whiteNH and is leaving the simulation.
s07262 is aged 29.993846153846192, hispanic and is leaving the simulation.
s08398 is aged 29.994846153846193, hispanic and is leaving the simulation.
s08425 is aged 29.987846153846192, hispanic and is leaving the simulation.
s11231 is aged 29.988846153846193, otherNH and is leaving the simulation.
s11276 is aged 29.994846153846193, otherNH and is leaving the simulation.

Agents who have aged to a new age group are being updated...
s00014 is 21.002076923076963 and has aged to age group 21to29.
s00068 is 21.013076923076962 and has aged to age group 21to29.
s00442 is 21.00307692307696 and has aged to age group 21to29.
s00558 is 21.007076923076962 and has aged to age group 21to29.
s01254 is 21.00907692307696 and has aged to age group 21to29.
s01556 is 21.00307692307696 and has aged to age group 21to29.
s02005 is 21.001076923076962 and has aged to age group 21to29.
s02593 is 21.008076923076963 and has aged to age group 21to29.
s04943 is 21.000076923076964 and has aged to age group 21to29.
s05124 is 21.016076923076962 and has aged to age group 21to29.
s05953 is 21.00907692307696 and has aged to age group 21to29.
s06009 is 21.01507692307696 and has aged to age group 21to29.
s06023 is 21.007076923076962 and has aged to age group 21to29.
s06892 is 21.008076923076963 and has aged to age group 21to29.
s07537 is 21.014076923076964 and has aged to age group 21to29.
s08911 is 21.019076923076963 and has aged to age group 21to29.
s11395 is 21.01807692307696 and has aged to age group 21to29.
s11437 is 21.004076923076962 and has aged to age group 21to29.
s11595 is 21.01507692307696 and has aged to age group 21to29.

New agents are being added to the simulation...
s12438 is age 16.0 and blackNH and is entering the model
s12439 is age 16.0 and whiteNH and is entering the model
s12440 is age 16.0 and whiteNH and is entering the model
s12441 is age 16.0 and whiteNH and is entering the model
s12442 is age 16.0 and blackNH and is entering the model
s12443 is age 16.0 and blackNH and is entering the model
s12444 is age 16.0 and whiteNH and is entering the model
s12445 is age 16.0 and hispanic and is entering the model
s12446 is age 16.0 and hispanic and is entering the model
s12447 is age 16.0 and whiteNH and is entering the model
s12448 is age 16.0 and hispanic and is entering the model
s12449 is age 16.0 and otherNH and is entering the model
s12450 is age 16.0 and blackNH and is entering the model
s12451 is age 16.0 and blackNH and is entering the model
s12452 is age 16.0 and hispanic and is entering the model
s12453 is age 16.0 and blackNH and is entering the model
s12454 is age 16.0 and otherNH and is entering the model
s12455 is age 16.0 and hispanic and is entering the model
s12456 is age 16.0 and otherNH and is entering the model

Agents are attending venues and using apps for week 49 in simulation...


Epidemic Simulation
----------------------------
Simulation: 1/1
Timestep: 49/3640
Prevalence: 1882
Population Size: 11669
----------------------------
The ages, hiv status, and relationship status for the agents are being updated...
s01798 is whiteNH, aged 20.66907692307696 in age group 21to29, with relationship status of 1 and is now HIV+.
s05643 is blackNH, aged 25.75607692307696 in age group 21to29, with relationship status of 0 and is now HIV+.
s11048 is otherNH, aged 22.392076923076964 in age group 21to29, with relationship status of 1 and is now HIV+.

Agents are being removed from the simulation...
s00421 is aged 29.98907692307696, whiteNH and is leaving the simulation.
s01284 is aged 29.990076923076963, whiteNH and is leaving the simulation.
s02182 is aged 29.98907692307696, whiteNH and is leaving the simulation.
s03460 is aged 29.987076923076962, whiteNH and is leaving the simulation.
s04417 is aged 29.98607692307696, blackNH and is leaving the simulation.
s04788 is aged 29.99507692307696, blackNH and is leaving the simulation.
s05688 is aged 29.997076923076964, blackNH and is leaving the simulation.
s06621 is aged 29.982076923076963, blackNH and is leaving the simulation.
s07198 is aged 29.985076923076964, hispanic and is leaving the simulation.
s07561 is aged 27.042076923076962, hispanic and is leaving the simulation.
s10107 is aged 29.98907692307696, hispanic and is leaving the simulation.
s10830 is aged 29.997076923076964, otherNH and is leaving the simulation.

Agents who have aged to a new age group are being updated...
s00113 is 21.007307692307734 and has aged to age group 21to29.
s00300 is 21.010307692307734 and has aged to age group 21to29.
s00468 is 21.013307692307734 and has aged to age group 21to29.
s01029 is 21.000307692307732 and has aged to age group 21to29.
s01145 is 21.000307692307732 and has aged to age group 21to29.
s01183 is 21.015307692307733 and has aged to age group 21to29.
s02138 is 21.018307692307733 and has aged to age group 21to29.
s02258 is 21.001307692307734 and has aged to age group 21to29.
s03307 is 21.012307692307733 and has aged to age group 21to29.
s04444 is 21.00230769230773 and has aged to age group 21to29.
s05661 is 21.00830769230773 and has aged to age group 21to29.
s06074 is 21.018307692307733 and has aged to age group 21to29.
s07217 is 21.001307692307734 and has aged to age group 21to29.
s07418 is 21.006307692307733 and has aged to age group 21to29.
s07889 is 21.01430769230773 and has aged to age group 21to29.
s08122 is 21.01130769230773 and has aged to age group 21to29.
s10708 is 21.01430769230773 and has aged to age group 21to29.
s11033 is 21.001307692307734 and has aged to age group 21to29.
s11658 is 21.010307692307734 and has aged to age group 21to29.

New agents are being added to the simulation...
s12457 is age 16.0 and whiteNH and is entering the model
s12458 is age 16.0 and otherNH and is entering the model
s12459 is age 16.0 and blackNH and is entering the model
s12460 is age 16.0 and whiteNH and is entering the model
s12461 is age 16.0 and blackNH and is entering the model
s12462 is age 16.0 and hispanic and is entering the model
s12463 is age 16.0 and blackNH and is entering the model
s12464 is age 16.0 and hispanic and is entering the model
s12465 is age 16.0 and whiteNH and is entering the model
s12466 is age 16.0 and hispanic and is entering the model
s12467 is age 16.0 and whiteNH and is entering the model
s12468 is age 16.0 and whiteNH and is entering the model
s12469 is age 16.0 and otherNH and is entering the model
s12470 is age 16.0 and blackNH and is entering the model
s12471 is age 16.0 and whiteNH and is entering the model

Agents are attending venues and using apps for week 50 in simulation...


Epidemic Simulation
----------------------------
Simulation: 1/1
Timestep: 50/3640
Prevalence: 1887
Population Size: 11672
----------------------------
The ages, hiv status, and relationship status for the agents are being updated...
s03923 is blackNH, aged 24.46130769230773 in age group 16to20, with relationship status of 1 and is now HIV+.
s04768 is blackNH, aged 17.661307692307734 in age group 16to20, with relationship status of 1 and is now HIV+.
s06094 is blackNH, aged 28.06330769230773 in age group 21to29, with relationship status of 0 and is now HIV+.
s06910 is hispanic, aged 18.21130769230773 in age group 16to20, with relationship status of 0 and is now HIV+.
s07845 is hispanic, aged 28.99630769230773 in age group 16to20, with relationship status of 0 and is now HIV+.
s12038 is whiteNH, aged 16.50000000000002 in age group 16to20, with relationship status of 0 and is now HIV+.

Agents are being removed from the simulation...
s00133 is aged 29.99630769230773, whiteNH and is leaving the simulation.
s00160 is aged 29.987307692307734, whiteNH and is leaving the simulation.
s00181 is aged 29.981307692307734, whiteNH and is leaving the simulation.
s00625 is aged 29.986307692307733, whiteNH and is leaving the simulation.
s00920 is aged 29.99930769230773, whiteNH and is leaving the simulation.
s00959 is aged 29.984307692307734, whiteNH and is leaving the simulation.
s01340 is aged 29.998307692307733, whiteNH and is leaving the simulation.
s02231 is aged 29.988307692307732, whiteNH and is leaving the simulation.
s03570 is aged 29.99930769230773, whiteNH and is leaving the simulation.
s04631 is aged 29.987307692307734, blackNH and is leaving the simulation.
s04728 is aged 29.983307692307733, blackNH and is leaving the simulation.
s04927 is aged 29.987307692307734, blackNH and is leaving the simulation.
s06908 is aged 29.986307692307733, hispanic and is leaving the simulation.
s07302 is aged 29.99030769230773, hispanic and is leaving the simulation.
s08326 is aged 29.989307692307733, hispanic and is leaving the simulation.
s08511 is aged 29.991307692307732, hispanic and is leaving the simulation.
s09861 is aged 29.992307692307733, hispanic and is leaving the simulation.
s11069 is aged 29.988307692307732, otherNH and is leaving the simulation.
s11146 is aged 29.995307692307733, otherNH and is leaving the simulation.
s11488 is aged 29.984307692307734, otherNH and is leaving the simulation.

Agents who have aged to a new age group are being updated...
s01074 is 21.013538461538502 and has aged to age group 21to29.
s01219 is 21.017538461538503 and has aged to age group 21to29.
s01565 is 21.010538461538502 and has aged to age group 21to29.
s02168 is 21.014538461538503 and has aged to age group 21to29.
s03303 is 21.0155384615385 and has aged to age group 21to29.
s04346 is 21.002538461538503 and has aged to age group 21to29.
s04375 is 21.002538461538503 and has aged to age group 21to29.
s04589 is 21.0095384615385 and has aged to age group 21to29.
s05978 is 21.006538461538504 and has aged to age group 21to29.
s06012 is 21.013538461538502 and has aged to age group 21to29.
s06749 is 21.003538461538504 and has aged to age group 21to29.
s07624 is 21.014538461538503 and has aged to age group 21to29.
s07707 is 21.016538461538502 and has aged to age group 21to29.
s07763 is 21.005538461538503 and has aged to age group 21to29.
s07987 is 21.0125384615385 and has aged to age group 21to29.
s08706 is 21.008538461538503 and has aged to age group 21to29.
s09573 is 21.013538461538502 and has aged to age group 21to29.
s09594 is 21.013538461538502 and has aged to age group 21to29.
s10850 is 21.0155384615385 and has aged to age group 21to29.
s11269 is 21.0125384615385 and has aged to age group 21to29.

New agents are being added to the simulation...
s12472 is age 16.0 and whiteNH and is entering the model
s12473 is age 16.0 and otherNH and is entering the model
s12474 is age 16.0 and whiteNH and is entering the model
s12475 is age 16.0 and hispanic and is entering the model
s12476 is age 16.0 and hispanic and is entering the model
s12477 is age 16.0 and hispanic and is entering the model
s12478 is age 16.0 and whiteNH and is entering the model
s12479 is age 16.0 and whiteNH and is entering the model
s12480 is age 16.0 and whiteNH and is entering the model
s12481 is age 16.0 and blackNH and is entering the model

Agents are attending venues and using apps for week 51 in simulation...


Epidemic Simulation
----------------------------
Simulation: 1/1
Timestep: 51/3640
Prevalence: 1888
Population Size: 11662
----------------------------
The ages, hiv status, and relationship status for the agents are being updated...
s04234 is blackNH, aged 19.488538461538504 in age group 16to20, with relationship status of 0 and is now HIV+.
s04286 is blackNH, aged 25.731538461538502 in age group 16to20, with relationship status of 0 and is now HIV+.

Agents are being removed from the simulation...
s00368 is aged 29.9985384615385, whiteNH and is leaving the simulation.
s01902 is aged 29.981538461538502, whiteNH and is leaving the simulation.
s01938 is aged 29.9835384615385, whiteNH and is leaving the simulation.
s05961 is aged 29.988538461538504, blackNH and is leaving the simulation.
s06571 is aged 29.994538461538504, blackNH and is leaving the simulation.
s06859 is aged 29.9955384615385, hispanic and is leaving the simulation.
s08376 is aged 29.987538461538502, hispanic and is leaving the simulation.
s08661 is aged 29.981538461538502, hispanic and is leaving the simulation.
s09768 is aged 29.984538461538502, hispanic and is leaving the simulation.
s10442 is aged 24.3155384615385, otherNH and is leaving the simulation.
s10527 is aged 29.990538461538502, otherNH and is leaving the simulation.
s11414 is aged 29.991538461538504, otherNH and is leaving the simulation.

Agents who have aged to a new age group are being updated...
s00693 is 21.00876923076927 and has aged to age group 21to29.
s04058 is 21.018769230769273 and has aged to age group 21to29.
s04166 is 21.004769230769273 and has aged to age group 21to29.
s04626 is 21.012769230769273 and has aged to age group 21to29.
s06740 is 21.013769230769274 and has aged to age group 21to29.
s07206 is 21.01476923076927 and has aged to age group 21to29.
s07321 is 21.013769230769274 and has aged to age group 21to29.
s08077 is 21.007769230769274 and has aged to age group 21to29.
s08417 is 21.01776923076927 and has aged to age group 21to29.
s09270 is 21.003769230769272 and has aged to age group 21to29.
s09368 is 21.009769230769272 and has aged to age group 21to29.
s09425 is 21.01776923076927 and has aged to age group 21to29.
s09759 is 21.009769230769272 and has aged to age group 21to29.
s09956 is 21.006769230769272 and has aged to age group 21to29.
s10188 is 21.00276923076927 and has aged to age group 21to29.
s10284 is 21.01776923076927 and has aged to age group 21to29.
s10462 is 21.00276923076927 and has aged to age group 21to29.
s10465 is 21.006769230769272 and has aged to age group 21to29.
s10963 is 21.00876923076927 and has aged to age group 21to29.
s11268 is 21.010769230769274 and has aged to age group 21to29.
s11629 is 21.003769230769272 and has aged to age group 21to29.

New agents are being added to the simulation...
s12482 is age 16.0 and hispanic and is entering the model
s12483 is age 16.0 and hispanic and is entering the model
s12484 is age 16.0 and whiteNH and is entering the model
s12485 is age 16.0 and whiteNH and is entering the model
s12486 is age 16.0 and blackNH and is entering the model
s12487 is age 16.0 and blackNH and is entering the model
s12488 is age 16.0 and blackNH and is entering the model
s12489 is age 16.0 and whiteNH and is entering the model
s12490 is age 16.0 and hispanic and is entering the model
s12491 is age 16.0 and hispanic and is entering the model
s12492 is age 16.0 and whiteNH and is entering the model
s12493 is age 16.0 and blackNH and is entering the model
s12494 is age 16.0 and whiteNH and is entering the model
s12495 is age 16.0 and whiteNH and is entering the model
s12496 is age 16.0 and blackNH and is entering the model
s12497 is age 16.0 and hispanic and is entering the model

Agents are attending venues and using apps for week 52 in simulation...


Epidemic Simulation
----------------------------
Simulation: 1/1
Timestep: 52/3640
Prevalence: 1888
Population Size: 11666
----------------------------
The ages, hiv status, and relationship status for the agents are being updated...
s04744 is blackNH, aged 29.471769230769272 in age group 16to20, with relationship status of 1 and is now HIV+.
s06777 is blackNH, aged 18.998769230769273 in age group 21to29, with relationship status of 1 and is now HIV+.

Agents are being removed from the simulation...
s01870 is aged 29.984769230769274, whiteNH and is leaving the simulation.
s02292 is aged 29.991769230769272, whiteNH and is leaving the simulation.
s02526 is aged 29.991769230769272, whiteNH and is leaving the simulation.
s03496 is aged 29.997769230769272, whiteNH and is leaving the simulation.
s03706 is aged 29.990769230769274, whiteNH and is leaving the simulation.
s04879 is aged 29.995769230769273, blackNH and is leaving the simulation.
s05598 is aged 29.99676923076927, blackNH and is leaving the simulation.
s06766 is aged 29.99676923076927, blackNH and is leaving the simulation.
s06890 is aged 20.891769230769274, hispanic and is leaving the simulation.
s07191 is aged 29.998769230769273, hispanic and is leaving the simulation.
s07610 is aged 29.98276923076927, hispanic and is leaving the simulation.
s07645 is aged 29.994769230769272, hispanic and is leaving the simulation.
s07862 is aged 29.98876923076927, hispanic and is leaving the simulation.
s07935 is aged 29.98876923076927, hispanic and is leaving the simulation.
s09132 is aged 29.987769230769274, hispanic and is leaving the simulation.
s09345 is aged 29.984769230769274, hispanic and is leaving the simulation.
s09695 is aged 29.992769230769273, hispanic and is leaving the simulation.
s10112 is aged 29.98576923076927, hispanic and is leaving the simulation.

Agents who have aged to a new age group are being updated...
s00052 is 21.00200000000004 and has aged to age group 21to29.
s00306 is 21.000000000000043 and has aged to age group 21to29.
s00439 is 21.000000000000043 and has aged to age group 21to29.
s00738 is 21.014000000000042 and has aged to age group 21to29.
s02678 is 21.009000000000043 and has aged to age group 21to29.
s03101 is 21.017000000000042 and has aged to age group 21to29.
s03252 is 21.01900000000004 and has aged to age group 21to29.
s03265 is 21.004000000000044 and has aged to age group 21to29.
s03338 is 21.013000000000044 and has aged to age group 21to29.
s03687 is 21.018000000000043 and has aged to age group 21to29.
s03902 is 21.01900000000004 and has aged to age group 21to29.
s04007 is 21.013000000000044 and has aged to age group 21to29.
s04451 is 21.001000000000044 and has aged to age group 21to29.
s05902 is 21.015000000000043 and has aged to age group 21to29.
s06182 is 21.007000000000044 and has aged to age group 21to29.
s06319 is 21.001000000000044 and has aged to age group 21to29.
s07443 is 21.001000000000044 and has aged to age group 21to29.
s07520 is 21.014000000000042 and has aged to age group 21to29.
s07558 is 21.018000000000043 and has aged to age group 21to29.
s07684 is 21.003000000000043 and has aged to age group 21to29.
s09440 is 21.012000000000043 and has aged to age group 21to29.
s10165 is 21.013000000000044 and has aged to age group 21to29.
s10784 is 21.006000000000043 and has aged to age group 21to29.
s10869 is 21.010000000000044 and has aged to age group 21to29.
s11099 is 21.006000000000043 and has aged to age group 21to29.

New agents are being added to the simulation...
s12498 is age 16.0 and otherNH and is entering the model
s12499 is age 16.0 and hispanic and is entering the model
s12500 is age 16.0 and whiteNH and is entering the model
s12501 is age 16.0 and whiteNH and is entering the model
s12502 is age 16.0 and hispanic and is entering the model
s12503 is age 16.0 and whiteNH and is entering the model
s12504 is age 16.0 and blackNH and is entering the model
s12505 is age 16.0 and whiteNH and is entering the model
s12506 is age 16.0 and blackNH and is entering the model
s12507 is age 16.0 and blackNH and is entering the model
s12508 is age 16.0 and hispanic and is entering the model
s12509 is age 16.0 and hispanic and is entering the model
s12510 is age 16.0 and blackNH and is entering the model
s12511 is age 16.0 and whiteNH and is entering the model
s12512 is age 16.0 and whiteNH and is entering the model
s12513 is age 16.0 and blackNH and is entering the model
s12514 is age 16.0 and whiteNH and is entering the model
s12515 is age 16.0 and whiteNH and is entering the model
s12516 is age 16.0 and hispanic and is entering the model
s12517 is age 16.0 and otherNH and is entering the model
s12518 is age 16.0 and whiteNH and is entering the model

Agents are attending venues and using apps for week 53 in simulation...


Epidemic Simulation
----------------------------
Simulation: 1/1
Timestep: 53/3640
Prevalence: 1889
Population Size: 11669
----------------------------
The ages, hiv status, and relationship status for the agents are being updated...
s04847 is blackNH, aged 22.146000000000043 in age group 16to20, with relationship status of 1 and is now HIV+.
s05790 is blackNH, aged 20.265000000000043 in age group 21to29, with relationship status of 1 and is now HIV+.
s07523 is hispanic, aged 18.649000000000044 in age group 16to20, with relationship status of 0 and is now HIV+.

Agents are being removed from the simulation...
s01806 is aged 29.992000000000044, whiteNH and is leaving the simulation.
s02677 is aged 29.992000000000044, whiteNH and is leaving the simulation.
s02700 is aged 29.988000000000042, whiteNH and is leaving the simulation.
s03529 is aged 29.986000000000043, whiteNH and is leaving the simulation.
s04267 is aged 29.994000000000042, blackNH and is leaving the simulation.
s04448 is aged 29.997000000000043, blackNH and is leaving the simulation.
s05283 is aged 29.997000000000043, blackNH and is leaving the simulation.
s06806 is aged 29.99900000000004, blackNH and is leaving the simulation.
s06858 is aged 29.998000000000044, hispanic and is leaving the simulation.
s07493 is aged 29.988000000000042, hispanic and is leaving the simulation.
s08155 is aged 29.995000000000044, hispanic and is leaving the simulation.
s08650 is aged 29.991000000000042, hispanic and is leaving the simulation.
s09529 is aged 29.984000000000044, hispanic and is leaving the simulation.
s09811 is aged 29.99600000000004, hispanic and is leaving the simulation.
s10609 is aged 29.981000000000044, otherNH and is leaving the simulation.

Agents who have aged to a new age group are being updated...
s00412 is 21.013230769230812 and has aged to age group 21to29.
s01137 is 21.014230769230814 and has aged to age group 21to29.
s03689 is 21.000230769230814 and has aged to age group 21to29.
s04136 is 21.001230769230812 and has aged to age group 21to29.
s04206 is 21.002230769230813 and has aged to age group 21to29.
s04376 is 21.013230769230812 and has aged to age group 21to29.
s05657 is 21.000230769230814 and has aged to age group 21to29.
s05748 is 21.014230769230814 and has aged to age group 21to29.
s05828 is 21.001230769230812 and has aged to age group 21to29.
s06286 is 21.016230769230813 and has aged to age group 21to29.
s06628 is 21.010230769230812 and has aged to age group 21to29.
s07164 is 21.005230769230813 and has aged to age group 21to29.
s09035 is 21.011230769230814 and has aged to age group 21to29.
s09506 is 21.01223076923081 and has aged to age group 21to29.
s09604 is 21.000230769230814 and has aged to age group 21to29.
s10461 is 21.007230769230812 and has aged to age group 21to29.
s10711 is 21.014230769230814 and has aged to age group 21to29.
s10928 is 21.002230769230813 and has aged to age group 21to29.

New agents are being added to the simulation...
s12519 is age 16.0 and blackNH and is entering the model
s12520 is age 16.0 and blackNH and is entering the model
s12521 is age 16.0 and hispanic and is entering the model
s12522 is age 16.0 and whiteNH and is entering the model
s12523 is age 16.0 and blackNH and is entering the model
s12524 is age 16.0 and hispanic and is entering the model
s12525 is age 16.0 and hispanic and is entering the model
s12526 is age 16.0 and otherNH and is entering the model
s12527 is age 16.0 and otherNH and is entering the model
s12528 is age 16.0 and blackNH and is entering the model
s12529 is age 16.0 and hispanic and is entering the model
s12530 is age 16.0 and whiteNH and is entering the model

Agents are attending venues and using apps for week 54 in simulation...


Epidemic Simulation
----------------------------
Simulation: 1/1
Timestep: 54/3640
Prevalence: 1886
Population Size: 11666
----------------------------
The ages, hiv status, and relationship status for the agents are being updated...
s00524 is whiteNH, aged 29.933230769230814 in age group 16to20, with relationship status of 1 and is now HIV+.

Agents are being removed from the simulation...
s01154 is aged 29.98923076923081, whiteNH and is leaving the simulation.
s02016 is aged 29.98923076923081, whiteNH and is leaving the simulation.
s03017 is aged 29.99223076923081, whiteNH and is leaving the simulation.
s03728 is aged 29.998230769230812, whiteNH and is leaving the simulation.
s04115 is aged 29.990230769230813, blackNH and is leaving the simulation.
s05758 is aged 29.998230769230812, blackNH and is leaving the simulation.
s07104 is aged 29.987230769230813, hispanic and is leaving the simulation.
s07640 is aged 29.990230769230813, hispanic and is leaving the simulation.
s09076 is aged 29.999230769230813, hispanic and is leaving the simulation.
s09188 is aged 29.987230769230813, hispanic and is leaving the simulation.
s09968 is aged 29.994230769230814, hispanic and is leaving the simulation.
s10457 is aged 29.994230769230814, otherNH and is leaving the simulation.
s10886 is aged 29.997230769230814, otherNH and is leaving the simulation.
s11411 is aged 29.988230769230814, otherNH and is leaving the simulation.

Agents who have aged to a new age group are being updated...
s00438 is 21.00246153846158 and has aged to age group 21to29.
s01235 is 21.017461538461582 and has aged to age group 21to29.
s02026 is 21.003461538461583 and has aged to age group 21to29.
s02170 is 21.000461538461582 and has aged to age group 21to29.
s02943 is 21.012461538461583 and has aged to age group 21to29.
s03238 is 21.018461538461583 and has aged to age group 21to29.
s03428 is 21.00546153846158 and has aged to age group 21to29.
s03756 is 21.01146153846158 and has aged to age group 21to29.
s05008 is 21.00846153846158 and has aged to age group 21to29.
s05299 is 21.003461538461583 and has aged to age group 21to29.
s06826 is 21.001461538461584 and has aged to age group 21to29.
s07168 is 21.018461538461583 and has aged to age group 21to29.
s07613 is 21.014461538461582 and has aged to age group 21to29.
s07816 is 21.00846153846158 and has aged to age group 21to29.
s08345 is 21.00846153846158 and has aged to age group 21to29.
s09189 is 21.015461538461583 and has aged to age group 21to29.
s09900 is 21.010461538461584 and has aged to age group 21to29.
s10663 is 21.013461538461584 and has aged to age group 21to29.
s11101 is 21.012461538461583 and has aged to age group 21to29.
s11194 is 21.000461538461582 and has aged to age group 21to29.
s11227 is 21.014461538461582 and has aged to age group 21to29.
s11699 is 21.012461538461583 and has aged to age group 21to29.

New agents are being added to the simulation...
s12531 is age 16.0 and hispanic and is entering the model
s12532 is age 16.0 and otherNH and is entering the model
s12533 is age 16.0 and whiteNH and is entering the model
s12534 is age 16.0 and whiteNH and is entering the model
s12535 is age 16.0 and blackNH and is entering the model
s12536 is age 16.0 and hispanic and is entering the model
s12537 is age 16.0 and blackNH and is entering the model
s12538 is age 16.0 and hispanic and is entering the model
s12539 is age 16.0 and blackNH and is entering the model
s12540 is age 16.0 and whiteNH and is entering the model
s12541 is age 16.0 and hispanic and is entering the model
s12542 is age 16.0 and hispanic and is entering the model
s12543 is age 16.0 and whiteNH and is entering the model
s12544 is age 16.0 and whiteNH and is entering the model
s12545 is age 16.0 and hispanic and is entering the model
s12546 is age 16.0 and whiteNH and is entering the model
s12547 is age 16.0 and hispanic and is entering the model
s12548 is age 16.0 and whiteNH and is entering the model
s12549 is age 16.0 and otherNH and is entering the model

Agents are attending venues and using apps for week 55 in simulation...


Epidemic Simulation
----------------------------
Simulation: 1/1
Timestep: 55/3640
Prevalence: 1890
Population Size: 11671
----------------------------
The ages, hiv status, and relationship status for the agents are being updated...
s02190 is whiteNH, aged 20.122461538461582 in age group 21to29, with relationship status of 0 and is now HIV+.
s04463 is blackNH, aged 25.196461538461584 in age group 16to20, with relationship status of 1 and is now HIV+.
s11798 is blackNH, aged 16.884615384615422 in age group 16to20, with relationship status of 1 and is now HIV+.
s11832 is blackNH, aged 16.865384615384652 in age group 16to20, with relationship status of 0 and is now HIV+.

Agents are being removed from the simulation...
s02941 is aged 29.985461538461582, whiteNH and is leaving the simulation.
s03166 is aged 29.99346153846158, whiteNH and is leaving the simulation.
s03417 is aged 29.99646153846158, whiteNH and is leaving the simulation.
s03494 is aged 29.998461538461584, whiteNH and is leaving the simulation.
s04063 is aged 29.99946153846158, blackNH and is leaving the simulation.
s04075 is aged 29.992461538461583, blackNH and is leaving the simulation.
s04133 is aged 29.981461538461584, blackNH and is leaving the simulation.
s04475 is aged 29.982461538461582, blackNH and is leaving the simulation.
s04718 is aged 29.982461538461582, blackNH and is leaving the simulation.
s04886 is aged 29.992461538461583, blackNH and is leaving the simulation.
s04994 is aged 29.989461538461583, blackNH and is leaving the simulation.
s05715 is aged 29.99946153846158, blackNH and is leaving the simulation.
s06351 is aged 29.991461538461582, blackNH and is leaving the simulation.
s08819 is aged 29.998461538461584, hispanic and is leaving the simulation.
s09115 is aged 29.988461538461582, hispanic and is leaving the simulation.
s09282 is aged 29.992461538461583, hispanic and is leaving the simulation.
s09943 is aged 29.983461538461583, hispanic and is leaving the simulation.
s09953 is aged 29.995461538461583, hispanic and is leaving the simulation.
s10279 is aged 29.985461538461582, hispanic and is leaving the simulation.
s10303 is aged 29.986461538461583, hispanic and is leaving the simulation.
s10532 is aged 29.997461538461582, otherNH and is leaving the simulation.
s10776 is aged 29.983461538461583, otherNH and is leaving the simulation.
s11138 is aged 29.997461538461582, otherNH and is leaving the simulation.
s11225 is aged 29.992461538461583, otherNH and is leaving the simulation.
s11448 is aged 29.998461538461584, otherNH and is leaving the simulation.
s11527 is aged 29.991461538461582, otherNH and is leaving the simulation.

Agents who have aged to a new age group are being updated...
s00165 is 21.01869230769235 and has aged to age group 21to29.
s00248 is 21.005692307692353 and has aged to age group 21to29.
s00528 is 21.004692307692352 and has aged to age group 21to29.
s03901 is 21.017692307692354 and has aged to age group 21to29.
s04245 is 21.011692307692353 and has aged to age group 21to29.
s04903 is 21.016692307692352 and has aged to age group 21to29.
s05880 is 21.01869230769235 and has aged to age group 21to29.
s06237 is 21.014692307692354 and has aged to age group 21to29.
s06288 is 21.003692307692354 and has aged to age group 21to29.
s06741 is 21.004692307692352 and has aged to age group 21to29.
s07092 is 21.01569230769235 and has aged to age group 21to29.
s07590 is 21.006692307692354 and has aged to age group 21to29.
s07724 is 21.013692307692352 and has aged to age group 21to29.
s08060 is 21.006692307692354 and has aged to age group 21to29.
s08366 is 21.00969230769235 and has aged to age group 21to29.
s08805 is 21.001692307692352 and has aged to age group 21to29.
s09200 is 21.01869230769235 and has aged to age group 21to29.
s10426 is 21.008692307692353 and has aged to age group 21to29.
s10918 is 21.007692307692352 and has aged to age group 21to29.
s11323 is 21.000692307692354 and has aged to age group 21to29.
s11420 is 21.001692307692352 and has aged to age group 21to29.
s11588 is 21.002692307692353 and has aged to age group 21to29.

New agents are being added to the simulation...
s12550 is age 16.0 and whiteNH and is entering the model
s12551 is age 16.0 and whiteNH and is entering the model
s12552 is age 16.0 and hispanic and is entering the model
s12553 is age 16.0 and blackNH and is entering the model
s12554 is age 16.0 and whiteNH and is entering the model
s12555 is age 16.0 and otherNH and is entering the model
s12556 is age 16.0 and hispanic and is entering the model
s12557 is age 16.0 and otherNH and is entering the model
s12558 is age 16.0 and hispanic and is entering the model
s12559 is age 16.0 and whiteNH and is entering the model
s12560 is age 16.0 and blackNH and is entering the model
s12561 is age 16.0 and hispanic and is entering the model
s12562 is age 16.0 and hispanic and is entering the model
s12563 is age 16.0 and hispanic and is entering the model
s12564 is age 16.0 and whiteNH and is entering the model

Agents are attending venues and using apps for week 56 in simulation...


Epidemic Simulation
----------------------------
Simulation: 1/1
Timestep: 56/3640
Prevalence: 1885
Population Size: 11660
----------------------------
The ages, hiv status, and relationship status for the agents are being updated...
s07470 is hispanic, aged 29.972692307692352 in age group 16to20, with relationship status of 0 and is now HIV+.

Agents are being removed from the simulation...
s01101 is aged 29.98669230769235, whiteNH and is leaving the simulation.
s02216 is aged 29.98369230769235, whiteNH and is leaving the simulation.
s02459 is aged 29.985692307692354, whiteNH and is leaving the simulation.
s03100 is aged 29.99569230769235, whiteNH and is leaving the simulation.
s03111 is aged 29.98969230769235, whiteNH and is leaving the simulation.
s04796 is aged 29.99269230769235, blackNH and is leaving the simulation.
s07237 is aged 29.99869230769235, hispanic and is leaving the simulation.
s07397 is aged 29.985692307692354, hispanic and is leaving the simulation.
s07781 is aged 29.987692307692353, hispanic and is leaving the simulation.
s09173 is aged 29.990692307692353, hispanic and is leaving the simulation.
s09775 is aged 29.997692307692354, hispanic and is leaving the simulation.
s10588 is aged 29.997692307692354, otherNH and is leaving the simulation.

Agents who have aged to a new age group are being updated...
s00142 is 21.000923076923122 and has aged to age group 21to29.
s00327 is 21.010923076923124 and has aged to age group 21to29.
s01289 is 21.010923076923124 and has aged to age group 21to29.
s02706 is 21.003923076923122 and has aged to age group 21to29.
s03623 is 21.003923076923122 and has aged to age group 21to29.
s04519 is 21.013923076923124 and has aged to age group 21to29.
s05294 is 21.007923076923124 and has aged to age group 21to29.
s06862 is 21.015923076923123 and has aged to age group 21to29.
s07098 is 21.007923076923124 and has aged to age group 21to29.
s09512 is 21.00292307692312 and has aged to age group 21to29.
s11664 is 21.003923076923122 and has aged to age group 21to29.

New agents are being added to the simulation...
s12565 is age 16.0 and blackNH and is entering the model
s12566 is age 16.0 and whiteNH and is entering the model
s12567 is age 16.0 and hispanic and is entering the model
s12568 is age 16.0 and whiteNH and is entering the model
s12569 is age 16.0 and hispanic and is entering the model
s12570 is age 16.0 and whiteNH and is entering the model
s12571 is age 16.0 and blackNH and is entering the model
s12572 is age 16.0 and blackNH and is entering the model
s12573 is age 16.0 and hispanic and is entering the model
s12574 is age 16.0 and hispanic and is entering the model
s12575 is age 16.0 and whiteNH and is entering the model
s12576 is age 16.0 and otherNH and is entering the model
s12577 is age 16.0 and otherNH and is entering the model
s12578 is age 16.0 and otherNH and is entering the model
s12579 is age 16.0 and otherNH and is entering the model

Agents are attending venues and using apps for week 57 in simulation...


Epidemic Simulation
----------------------------
Simulation: 1/1
Timestep: 57/3640
Prevalence: 1889
Population Size: 11663
----------------------------
The ages, hiv status, and relationship status for the agents are being updated...
s04553 is blackNH, aged 26.085923076923123 in age group 16to20, with relationship status of 0 and is now HIV+.
s06790 is blackNH, aged 26.588923076923123 in age group 21to29, with relationship status of 1 and is now HIV+.
s06877 is hispanic, aged 26.243923076923124 in age group 16to20, with relationship status of 1 and is now HIV+.
s07805 is hispanic, aged 28.62792307692312 in age group 16to20, with relationship status of 1 and is now HIV+.
s11161 is otherNH, aged 24.169923076923123 in age group 21to29, with relationship status of 0 and is now HIV+.

Agents are being removed from the simulation...
s00524 is aged 29.990923076923124, whiteNH and is leaving the simulation.
s00997 is aged 29.997923076923122, whiteNH and is leaving the simulation.
s01116 is aged 29.987923076923124, whiteNH and is leaving the simulation.
s01907 is aged 29.994923076923122, whiteNH and is leaving the simulation.
s02055 is aged 29.983923076923123, whiteNH and is leaving the simulation.
s03106 is aged 29.993923076923124, whiteNH and is leaving the simulation.
s03128 is aged 29.981923076923124, whiteNH and is leaving the simulation.
s03470 is aged 29.999923076923125, whiteNH and is leaving the simulation.
s03539 is aged 29.996923076923125, whiteNH and is leaving the simulation.
s04934 is aged 29.990923076923124, blackNH and is leaving the simulation.
s05679 is aged 29.981923076923124, blackNH and is leaving the simulation.
s05891 is aged 29.986923076923123, blackNH and is leaving the simulation.
s06153 is aged 29.98592307692312, blackNH and is leaving the simulation.
s06948 is aged 29.98592307692312, hispanic and is leaving the simulation.
s07162 is aged 29.993923076923124, hispanic and is leaving the simulation.
s07263 is aged 29.984923076923124, hispanic and is leaving the simulation.
s07470 is aged 29.991923076923122, hispanic and is leaving the simulation.
s07918 is aged 29.988923076923122, hispanic and is leaving the simulation.
s07932 is aged 29.997923076923122, hispanic and is leaving the simulation.
s08954 is aged 29.995923076923123, hispanic and is leaving the simulation.
s08959 is aged 29.994923076923122, hispanic and is leaving the simulation.
s09754 is aged 29.980923076923123, hispanic and is leaving the simulation.
s10217 is aged 29.986923076923123, hispanic and is leaving the simulation.
s10521 is aged 29.992923076923123, otherNH and is leaving the simulation.

Agents who have aged to a new age group are being updated...
s00509 is 21.009153846153893 and has aged to age group 21to29.
s00758 is 21.013153846153894 and has aged to age group 21to29.
s01049 is 21.000153846153893 and has aged to age group 21to29.
s01193 is 21.017153846153892 and has aged to age group 21to29.
s03343 is 21.016153846153895 and has aged to age group 21to29.
s03627 is 21.000153846153893 and has aged to age group 21to29.
s04001 is 21.008153846153892 and has aged to age group 21to29.
s04479 is 21.013153846153894 and has aged to age group 21to29.
s04887 is 21.004153846153894 and has aged to age group 21to29.
s06346 is 21.008153846153892 and has aged to age group 21to29.
s06939 is 21.015153846153893 and has aged to age group 21to29.
s07223 is 21.005153846153892 and has aged to age group 21to29.
s07411 is 21.015153846153893 and has aged to age group 21to29.
s09576 is 21.007153846153894 and has aged to age group 21to29.
s09677 is 21.006153846153893 and has aged to age group 21to29.
s10366 is 21.003153846153893 and has aged to age group 21to29.

New agents are being added to the simulation...
s12580 is age 16.0 and otherNH and is entering the model
s12581 is age 16.0 and otherNH and is entering the model
s12582 is age 16.0 and whiteNH and is entering the model
s12583 is age 16.0 and whiteNH and is entering the model
s12584 is age 16.0 and hispanic and is entering the model
s12585 is age 16.0 and whiteNH and is entering the model
s12586 is age 16.0 and blackNH and is entering the model
s12587 is age 16.0 and whiteNH and is entering the model
s12588 is age 16.0 and whiteNH and is entering the model
s12589 is age 16.0 and hispanic and is entering the model
s12590 is age 16.0 and whiteNH and is entering the model
s12591 is age 16.0 and hispanic and is entering the model
s12592 is age 16.0 and hispanic and is entering the model
s12593 is age 16.0 and whiteNH and is entering the model

Agents are attending venues and using apps for week 58 in simulation...


Epidemic Simulation
----------------------------
Simulation: 1/1
Timestep: 58/3640
Prevalence: 1884
Population Size: 11653
----------------------------
The ages, hiv status, and relationship status for the agents are being updated...
s00380 is whiteNH, aged 29.065153846153894 in age group 16to20, with relationship status of 1 and is now HIV+.
s06191 is blackNH, aged 22.738153846153892 in age group 21to29, with relationship status of 0 and is now HIV+.

Agents are being removed from the simulation...
s00457 is aged 29.988153846153892, whiteNH and is leaving the simulation.
s01281 is aged 29.991153846153892, whiteNH and is leaving the simulation.
s02463 is aged 29.982153846153892, whiteNH and is leaving the simulation.
s02473 is aged 29.985153846153892, whiteNH and is leaving the simulation.
s03231 is aged 29.991153846153892, whiteNH and is leaving the simulation.
s05183 is aged 29.99915384615389, blackNH and is leaving the simulation.
s05519 is aged 29.98715384615389, blackNH and is leaving the simulation.
s05667 is aged 29.99315384615389, blackNH and is leaving the simulation.
s06825 is aged 29.988153846153892, hispanic and is leaving the simulation.
s07193 is aged 29.985153846153892, hispanic and is leaving the simulation.
s08067 is aged 29.986153846153893, hispanic and is leaving the simulation.
s09976 is aged 29.992153846153894, hispanic and is leaving the simulation.
s11212 is aged 29.988153846153892, otherNH and is leaving the simulation.

Agents who have aged to a new age group are being updated...
s00642 is 21.008384615384664 and has aged to age group 21to29.
s01930 is 21.002384615384663 and has aged to age group 21to29.
s01934 is 21.011384615384664 and has aged to age group 21to29.
s02237 is 21.004384615384662 and has aged to age group 21to29.
s02407 is 21.00638461538466 and has aged to age group 21to29.
s03284 is 21.001384615384662 and has aged to age group 21to29.
s03993 is 21.005384615384664 and has aged to age group 21to29.
s04754 is 21.001384615384662 and has aged to age group 21to29.
s07392 is 21.001384615384662 and has aged to age group 21to29.
s09272 is 21.01538461538466 and has aged to age group 21to29.
s09461 is 21.010384615384663 and has aged to age group 21to29.
s09872 is 21.013384615384663 and has aged to age group 21to29.
s10228 is 21.004384615384662 and has aged to age group 21to29.
s10577 is 21.011384615384664 and has aged to age group 21to29.
s10610 is 21.01838461538466 and has aged to age group 21to29.
s10852 is 21.014384615384664 and has aged to age group 21to29.
s11431 is 21.01238461538466 and has aged to age group 21to29.

New agents are being added to the simulation...
s12594 is age 16.0 and hispanic and is entering the model
s12595 is age 16.0 and whiteNH and is entering the model
s12596 is age 16.0 and otherNH and is entering the model
s12597 is age 16.0 and hispanic and is entering the model
s12598 is age 16.0 and whiteNH and is entering the model
s12599 is age 16.0 and blackNH and is entering the model
s12600 is age 16.0 and blackNH and is entering the model
s12601 is age 16.0 and whiteNH and is entering the model
s12602 is age 16.0 and whiteNH and is entering the model
s12603 is age 16.0 and whiteNH and is entering the model
s12604 is age 16.0 and blackNH and is entering the model
s12605 is age 16.0 and hispanic and is entering the model

Agents are attending venues and using apps for week 59 in simulation...


Epidemic Simulation
----------------------------
Simulation: 1/1
Timestep: 59/3640
Prevalence: 1884
Population Size: 11652
----------------------------
The ages, hiv status, and relationship status for the agents are being updated...
s04470 is blackNH, aged 24.133384615384664 in age group 16to20, with relationship status of 1 and is now HIV+.
s06678 is blackNH, aged 24.30038461538466 in age group 21to29, with relationship status of 0 and is now HIV+.

Agents are being removed from the simulation...
s00017 is aged 29.985384615384664, whiteNH and is leaving the simulation.
s00381 is aged 29.992384615384662, whiteNH and is leaving the simulation.
s00970 is aged 29.994384615384664, whiteNH and is leaving the simulation.
s01266 is aged 29.998384615384662, whiteNH and is leaving the simulation.
s02534 is aged 29.992384615384662, whiteNH and is leaving the simulation.
s03289 is aged 29.991384615384664, whiteNH and is leaving the simulation.
s03339 is aged 29.982384615384664, whiteNH and is leaving the simulation.
s04659 is aged 29.987384615384663, blackNH and is leaving the simulation.
s06357 is aged 29.985384615384664, blackNH and is leaving the simulation.
s06562 is aged 29.985384615384664, blackNH and is leaving the simulation.
s06664 is aged 29.996384615384663, blackNH and is leaving the simulation.
s06670 is aged 29.992384615384662, blackNH and is leaving the simulation.
s08196 is aged 29.988384615384664, hispanic and is leaving the simulation.
s08796 is aged 29.994384615384664, hispanic and is leaving the simulation.
s08975 is aged 29.995384615384662, hispanic and is leaving the simulation.
s09353 is aged 29.992384615384662, hispanic and is leaving the simulation.
s09445 is aged 29.998384615384662, hispanic and is leaving the simulation.
s10387 is aged 29.98338461538466, hispanic and is leaving the simulation.
s10590 is aged 29.997384615384664, otherNH and is leaving the simulation.
s10618 is aged 29.982384615384664, otherNH and is leaving the simulation.
s10692 is aged 29.984384615384663, otherNH and is leaving the simulation.
s11079 is aged 29.987384615384663, otherNH and is leaving the simulation.
s11410 is aged 29.981384615384663, otherNH and is leaving the simulation.

Agents who have aged to a new age group are being updated...
s00036 is 21.011615384615432 and has aged to age group 21to29.
s00304 is 21.004615384615434 and has aged to age group 21to29.
s00486 is 21.018615384615433 and has aged to age group 21to29.
s00723 is 21.003615384615433 and has aged to age group 21to29.
s01171 is 21.016615384615434 and has aged to age group 21to29.
s03826 is 21.016615384615434 and has aged to age group 21to29.
s04026 is 21.016615384615434 and has aged to age group 21to29.
s04428 is 21.003615384615433 and has aged to age group 21to29.
s05459 is 21.018615384615433 and has aged to age group 21to29.
s06371 is 21.00261538461543 and has aged to age group 21to29.
s06502 is 21.009615384615433 and has aged to age group 21to29.
s07070 is 21.013615384615434 and has aged to age group 21to29.
s08693 is 21.016615384615434 and has aged to age group 21to29.
s09040 is 21.001615384615434 and has aged to age group 21to29.
s11558 is 21.016615384615434 and has aged to age group 21to29.

New agents are being added to the simulation...
s12606 is age 16.0 and whiteNH and is entering the model
s12607 is age 16.0 and whiteNH and is entering the model
s12608 is age 16.0 and hispanic and is entering the model
s12609 is age 16.0 and hispanic and is entering the model
s12610 is age 16.0 and otherNH and is entering the model
s12611 is age 16.0 and hispanic and is entering the model
s12612 is age 16.0 and blackNH and is entering the model
s12613 is age 16.0 and blackNH and is entering the model
s12614 is age 16.0 and otherNH and is entering the model
s12615 is age 16.0 and blackNH and is entering the model
s12616 is age 16.0 and hispanic and is entering the model
s12617 is age 16.0 and hispanic and is entering the model
s12618 is age 16.0 and whiteNH and is entering the model
s12619 is age 16.0 and otherNH and is entering the model
s12620 is age 16.0 and whiteNH and is entering the model
s12621 is age 16.0 and blackNH and is entering the model
s12622 is age 16.0 and hispanic and is entering the model
s12623 is age 16.0 and hispanic and is entering the model
s12624 is age 16.0 and whiteNH and is entering the model
s12625 is age 16.0 and hispanic and is entering the model
s12626 is age 16.0 and whiteNH and is entering the model
s12627 is age 16.0 and whiteNH and is entering the model
s12628 is age 16.0 and hispanic and is entering the model
s12629 is age 16.0 and whiteNH and is entering the model
s12630 is age 16.0 and whiteNH and is entering the model
s12631 is age 16.0 and whiteNH and is entering the model
s12632 is age 16.0 and blackNH and is entering the model
s12633 is age 16.0 and whiteNH and is entering the model
s12634 is age 16.0 and otherNH and is entering the model

Agents are attending venues and using apps for week 60 in simulation...


Epidemic Simulation
----------------------------
Simulation: 1/1
Timestep: 60/3640
Prevalence: 1882
Population Size: 11658
----------------------------
The ages, hiv status, and relationship status for the agents are being updated...
s03912 is blackNH, aged 25.864615384615433 in age group 16to20, with relationship status of 1 and is now HIV+.
s04379 is blackNH, aged 28.06061538461543 in age group 16to20, with relationship status of 0 and is now HIV+.
s11760 is hispanic, aged 17.038461538461583 in age group 16to20, with relationship status of 0 and is now HIV+.

Agents are being removed from the simulation...
s01272 is aged 29.983615384615433, whiteNH and is leaving the simulation.
s01664 is aged 29.995615384615434, whiteNH and is leaving the simulation.
s02573 is aged 29.997615384615433, whiteNH and is leaving the simulation.
s02992 is aged 29.99961538461543, whiteNH and is leaving the simulation.
s03490 is aged 29.984615384615434, whiteNH and is leaving the simulation.
s03515 is aged 29.998615384615434, whiteNH and is leaving the simulation.
s05120 is aged 29.982615384615432, blackNH and is leaving the simulation.
s06115 is aged 29.987615384615435, blackNH and is leaving the simulation.
s06736 is aged 29.987615384615435, blackNH and is leaving the simulation.
s08175 is aged 29.99961538461543, hispanic and is leaving the simulation.
s09106 is aged 29.982615384615432, hispanic and is leaving the simulation.
s10841 is aged 29.982615384615432, otherNH and is leaving the simulation.
s10975 is aged 29.991615384615432, otherNH and is leaving the simulation.

Agents who have aged to a new age group are being updated...
s01869 is 21.000846153846204 and has aged to age group 21to29.
s02158 is 21.000846153846204 and has aged to age group 21to29.
s04301 is 21.016846153846203 and has aged to age group 21to29.
s04628 is 21.0188461538462 and has aged to age group 21to29.
s04682 is 21.001846153846202 and has aged to age group 21to29.
s05362 is 21.011846153846204 and has aged to age group 21to29.
s05621 is 21.0188461538462 and has aged to age group 21to29.
s06168 is 21.012846153846205 and has aged to age group 21to29.
s06183 is 21.016846153846203 and has aged to age group 21to29.
s06203 is 21.016846153846203 and has aged to age group 21to29.
s06624 is 21.010846153846202 and has aged to age group 21to29.
s06868 is 21.014846153846204 and has aged to age group 21to29.
s07846 is 21.009846153846205 and has aged to age group 21to29.
s08017 is 21.003846153846204 and has aged to age group 21to29.
s09258 is 21.004846153846202 and has aged to age group 21to29.
s09294 is 21.0158461538462 and has aged to age group 21to29.

New agents are being added to the simulation...
s12635 is age 16.0 and otherNH and is entering the model
s12636 is age 16.0 and whiteNH and is entering the model
s12637 is age 16.0 and hispanic and is entering the model
s12638 is age 16.0 and whiteNH and is entering the model
s12639 is age 16.0 and hispanic and is entering the model
s12640 is age 16.0 and hispanic and is entering the model
s12641 is age 16.0 and hispanic and is entering the model
s12642 is age 16.0 and otherNH and is entering the model

Agents are attending venues and using apps for week 61 in simulation...


Epidemic Simulation
----------------------------
Simulation: 1/1
Timestep: 61/3640
Prevalence: 1883
Population Size: 11653
----------------------------
The ages, hiv status, and relationship status for the agents are being updated...
s05196 is blackNH, aged 27.494846153846204 in age group 21to29, with relationship status of 1 and is now HIV+.
s05619 is blackNH, aged 23.846846153846204 in age group 21to29, with relationship status of 1 and is now HIV+.
s08076 is hispanic, aged 28.1698461538462 in age group 16to20, with relationship status of 0 and is now HIV+.
s08091 is hispanic, aged 19.235846153846204 in age group 16to20, with relationship status of 1 and is now HIV+.

Agents are being removed from the simulation...
s00837 is aged 29.988846153846204, whiteNH and is leaving the simulation.
s00999 is aged 29.985846153846204, whiteNH and is leaving the simulation.
s02088 is aged 29.990846153846203, whiteNH and is leaving the simulation.
s02384 is aged 29.9808461538462, whiteNH and is leaving the simulation.
s02439 is aged 29.995846153846202, whiteNH and is leaving the simulation.
s02882 is aged 29.987846153846203, whiteNH and is leaving the simulation.
s02936 is aged 29.993846153846203, whiteNH and is leaving the simulation.
s06335 is aged 29.999846153846203, blackNH and is leaving the simulation.
s06394 is aged 29.9868461538462, blackNH and is leaving the simulation.
s06735 is aged 29.999846153846203, blackNH and is leaving the simulation.
s06844 is aged 29.985846153846204, hispanic and is leaving the simulation.
s07653 is aged 29.991846153846204, hispanic and is leaving the simulation.
s07896 is aged 29.9808461538462, hispanic and is leaving the simulation.
s08571 is aged 29.981846153846202, hispanic and is leaving the simulation.
s09277 is aged 29.9808461538462, hispanic and is leaving the simulation.
s10919 is aged 29.9808461538462, otherNH and is leaving the simulation.
s11242 is aged 29.995846153846202, otherNH and is leaving the simulation.
s11521 is aged 29.998846153846202, otherNH and is leaving the simulation.

Agents who have aged to a new age group are being updated...
s00019 is 21.004076923076973 and has aged to age group 21to29.
s00090 is 21.00907692307697 and has aged to age group 21to29.
s01684 is 21.00007692307697 and has aged to age group 21to29.
s01782 is 21.00007692307697 and has aged to age group 21to29.
s02963 is 21.01207692307697 and has aged to age group 21to29.
s03525 is 21.007076923076973 and has aged to age group 21to29.
s05712 is 21.011076923076974 and has aged to age group 21to29.
s06232 is 21.018076923076972 and has aged to age group 21to29.
s08045 is 21.017076923076974 and has aged to age group 21to29.
s08885 is 21.00007692307697 and has aged to age group 21to29.
s09004 is 21.019076923076973 and has aged to age group 21to29.
s09206 is 21.007076923076973 and has aged to age group 21to29.
s09643 is 21.011076923076974 and has aged to age group 21to29.
s09703 is 21.008076923076974 and has aged to age group 21to29.
s09730 is 21.007076923076973 and has aged to age group 21to29.
s10262 is 21.004076923076973 and has aged to age group 21to29.
s11515 is 21.004076923076973 and has aged to age group 21to29.

New agents are being added to the simulation...
s12643 is age 16.0 and blackNH and is entering the model
s12644 is age 16.0 and hispanic and is entering the model
s12645 is age 16.0 and hispanic and is entering the model
s12646 is age 16.0 and whiteNH and is entering the model
s12647 is age 16.0 and blackNH and is entering the model
s12648 is age 16.0 and hispanic and is entering the model
s12649 is age 16.0 and blackNH and is entering the model
s12650 is age 16.0 and hispanic and is entering the model

Agents are attending venues and using apps for week 62 in simulation...


Epidemic Simulation
----------------------------
Simulation: 1/1
Timestep: 62/3640
Prevalence: 1884
Population Size: 11643
----------------------------
The ages, hiv status, and relationship status for the agents are being updated...
s05269 is blackNH, aged 23.572076923076974 in age group 21to29, with relationship status of 0 and is now HIV+.
s05295 is blackNH, aged 19.842076923076974 in age group 21to29, with relationship status of 1 and is now HIV+.
s05868 is blackNH, aged 26.043076923076974 in age group 21to29, with relationship status of 1 and is now HIV+.
s08216 is hispanic, aged 20.892076923076974 in age group 21to29, with relationship status of 1 and is now HIV+.

Agents are being removed from the simulation...
s00100 is aged 29.988076923076974, whiteNH and is leaving the simulation.
s00611 is aged 29.984076923076973, whiteNH and is leaving the simulation.
s01020 is aged 29.988076923076974, whiteNH and is leaving the simulation.
s01023 is aged 29.986076923076972, whiteNH and is leaving the simulation.
s02563 is aged 29.996076923076973, whiteNH and is leaving the simulation.
s02721 is aged 29.994076923076975, whiteNH and is leaving the simulation.
s04300 is aged 29.988076923076974, blackNH and is leaving the simulation.
s04912 is aged 29.984076923076973, blackNH and is leaving the simulation.
s05848 is aged 29.995076923076972, blackNH and is leaving the simulation.
s06025 is aged 29.994076923076975, blackNH and is leaving the simulation.
s06430 is aged 29.998076923076972, blackNH and is leaving the simulation.
s06542 is aged 29.991076923076974, blackNH and is leaving the simulation.
s06703 is aged 29.999076923076974, blackNH and is leaving the simulation.
s06743 is aged 29.981076923076973, blackNH and is leaving the simulation.
s09108 is aged 29.985076923076974, hispanic and is leaving the simulation.
s09327 is aged 29.991076923076974, hispanic and is leaving the simulation.
s09538 is aged 29.985076923076974, hispanic and is leaving the simulation.
s10515 is aged 29.986076923076972, otherNH and is leaving the simulation.
s11356 is aged 29.991076923076974, otherNH and is leaving the simulation.
s11373 is aged 29.989076923076972, otherNH and is leaving the simulation.
s11471 is aged 29.983076923076972, otherNH and is leaving the simulation.

Agents who have aged to a new age group are being updated...
s00064 is 21.008307692307742 and has aged to age group 21to29.
s01503 is 21.010307692307745 and has aged to age group 21to29.
s02699 is 21.008307692307742 and has aged to age group 21to29.
s02894 is 21.005307692307742 and has aged to age group 21to29.
s02911 is 21.010307692307745 and has aged to age group 21to29.
s03551 is 21.011307692307742 and has aged to age group 21to29.
s04426 is 21.009307692307743 and has aged to age group 21to29.
s06259 is 21.009307692307743 and has aged to age group 21to29.
s07210 is 21.002307692307742 and has aged to age group 21to29.
s08141 is 21.004307692307744 and has aged to age group 21to29.
s09330 is 21.013307692307745 and has aged to age group 21to29.
s10769 is 21.012307692307743 and has aged to age group 21to29.

New agents are being added to the simulation...
s12651 is age 16.0 and whiteNH and is entering the model
s12652 is age 16.0 and whiteNH and is entering the model
s12653 is age 16.0 and hispanic and is entering the model
s12654 is age 16.0 and hispanic and is entering the model
s12655 is age 16.0 and whiteNH and is entering the model
s12656 is age 16.0 and whiteNH and is entering the model
s12657 is age 16.0 and whiteNH and is entering the model
s12658 is age 16.0 and whiteNH and is entering the model
s12659 is age 16.0 and hispanic and is entering the model
s12660 is age 16.0 and hispanic and is entering the model
s12661 is age 16.0 and whiteNH and is entering the model
s12662 is age 16.0 and hispanic and is entering the model
s12663 is age 16.0 and blackNH and is entering the model

Agents are attending venues and using apps for week 63 in simulation...


Epidemic Simulation
----------------------------
Simulation: 1/1
Timestep: 63/3640
Prevalence: 1882
Population Size: 11635
----------------------------
The ages, hiv status, and relationship status for the agents are being updated...
s04481 is blackNH, aged 23.053307692307744 in age group 16to20, with relationship status of 0 and is now HIV+.
s08580 is hispanic, aged 26.329307692307744 in age group 21to29, with relationship status of 1 and is now HIV+.
s11802 is otherNH, aged 17.038461538461583 in age group 16to20, with relationship status of 1 and is now HIV+.

Agents are being removed from the simulation...
s00239 is aged 29.991307692307743, whiteNH and is leaving the simulation.
s00772 is aged 29.988307692307743, whiteNH and is leaving the simulation.
s00991 is aged 29.987307692307745, whiteNH and is leaving the simulation.
s01524 is aged 29.986307692307744, whiteNH and is leaving the simulation.
s01942 is aged 29.995307692307744, whiteNH and is leaving the simulation.
s02748 is aged 29.99330769230774, whiteNH and is leaving the simulation.
s04485 is aged 29.994307692307743, blackNH and is leaving the simulation.
s05540 is aged 29.99330769230774, blackNH and is leaving the simulation.
s05824 is aged 29.99630769230774, blackNH and is leaving the simulation.
s08035 is aged 29.994307692307743, hispanic and is leaving the simulation.
s08127 is aged 29.989307692307744, hispanic and is leaving the simulation.
s08725 is aged 29.990307692307745, hispanic and is leaving the simulation.
s09231 is aged 29.981307692307745, hispanic and is leaving the simulation.
s09924 is aged 29.998307692307744, hispanic and is leaving the simulation.
s10330 is aged 29.981307692307745, hispanic and is leaving the simulation.
s10625 is aged 29.984307692307745, otherNH and is leaving the simulation.
s10984 is aged 29.994307692307743, otherNH and is leaving the simulation.
s11004 is aged 29.992307692307744, otherNH and is leaving the simulation.
s11304 is aged 29.986307692307744, otherNH and is leaving the simulation.

Agents who have aged to a new age group are being updated...
s00284 is 21.002538461538514 and has aged to age group 21to29.
s00333 is 21.003538461538515 and has aged to age group 21to29.
s02356 is 21.018538461538512 and has aged to age group 21to29.
s02358 is 21.01253846153851 and has aged to age group 21to29.
s04495 is 21.011538461538514 and has aged to age group 21to29.
s05227 is 21.006538461538515 and has aged to age group 21to29.
s05433 is 21.014538461538514 and has aged to age group 21to29.
s07622 is 21.010538461538513 and has aged to age group 21to29.
s07719 is 21.011538461538514 and has aged to age group 21to29.
s07874 is 21.002538461538514 and has aged to age group 21to29.
s09496 is 21.004538461538512 and has aged to age group 21to29.
s09628 is 21.010538461538513 and has aged to age group 21to29.
s09829 is 21.009538461538515 and has aged to age group 21to29.
s10315 is 21.018538461538512 and has aged to age group 21to29.
s10657 is 21.017538461538514 and has aged to age group 21to29.
s11427 is 21.017538461538514 and has aged to age group 21to29.

New agents are being added to the simulation...
s12664 is age 16.0 and hispanic and is entering the model
s12665 is age 16.0 and otherNH and is entering the model
s12666 is age 16.0 and whiteNH and is entering the model
s12667 is age 16.0 and whiteNH and is entering the model
s12668 is age 16.0 and blackNH and is entering the model
s12669 is age 16.0 and blackNH and is entering the model
s12670 is age 16.0 and blackNH and is entering the model
s12671 is age 16.0 and whiteNH and is entering the model
s12672 is age 16.0 and blackNH and is entering the model
s12673 is age 16.0 and blackNH and is entering the model
s12674 is age 16.0 and blackNH and is entering the model
s12675 is age 16.0 and blackNH and is entering the model
s12676 is age 16.0 and hispanic and is entering the model
s12677 is age 16.0 and otherNH and is entering the model
s12678 is age 16.0 and whiteNH and is entering the model
s12679 is age 16.0 and otherNH and is entering the model
s12680 is age 16.0 and whiteNH and is entering the model
s12681 is age 16.0 and hispanic and is entering the model
s12682 is age 16.0 and whiteNH and is entering the model

Agents are attending venues and using apps for week 64 in simulation...


Epidemic Simulation
----------------------------
Simulation: 1/1
Timestep: 64/3640
Prevalence: 1883
Population Size: 11635
----------------------------
The ages, hiv status, and relationship status for the agents are being updated...
s06569 is blackNH, aged 19.311538461538515 in age group 21to29, with relationship status of 0 and is now HIV+.
s06635 is blackNH, aged 19.728538461538513 in age group 21to29, with relationship status of 0 and is now HIV+.
s10006 is hispanic, aged 24.177538461538514 in age group 21to29, with relationship status of 1 and is now HIV+.
s10661 is otherNH, aged 28.045538461538513 in age group 16to20, with relationship status of 0 and is now HIV+.

Agents are being removed from the simulation...
s00246 is aged 29.981538461538513, whiteNH and is leaving the simulation.
s01287 is aged 29.982538461538514, whiteNH and is leaving the simulation.
s02349 is aged 29.989538461538512, whiteNH and is leaving the simulation.
s03256 is aged 29.985538461538514, whiteNH and is leaving the simulation.
s03457 is aged 29.987538461538513, whiteNH and is leaving the simulation.
s04291 is aged 29.98353846153851, blackNH and is leaving the simulation.
s10295 is aged 29.997538461538515, hispanic and is leaving the simulation.

Agents who have aged to a new age group are being updated...
s00150 is 21.00276923076928 and has aged to age group 21to29.
s01353 is 21.001769230769284 and has aged to age group 21to29.
s02007 is 21.007769230769284 and has aged to age group 21to29.
s02132 is 21.018769230769283 and has aged to age group 21to29.
s02174 is 21.018769230769283 and has aged to age group 21to29.
s02188 is 21.001769230769284 and has aged to age group 21to29.
s02300 is 21.007769230769284 and has aged to age group 21to29.
s02331 is 21.017769230769282 and has aged to age group 21to29.
s02495 is 21.007769230769284 and has aged to age group 21to29.
s04145 is 21.001769230769284 and has aged to age group 21to29.
s04282 is 21.00276923076928 and has aged to age group 21to29.
s05797 is 21.007769230769284 and has aged to age group 21to29.
s08825 is 21.009769230769283 and has aged to age group 21to29.
s09121 is 21.015769230769283 and has aged to age group 21to29.
s09222 is 21.001769230769284 and has aged to age group 21to29.
s09331 is 21.013769230769284 and has aged to age group 21to29.
s09398 is 21.013769230769284 and has aged to age group 21to29.
s09940 is 21.013769230769284 and has aged to age group 21to29.
s10547 is 21.007769230769284 and has aged to age group 21to29.
s10844 is 21.006769230769283 and has aged to age group 21to29.
s10979 is 21.010769230769284 and has aged to age group 21to29.
s11365 is 21.017769230769282 and has aged to age group 21to29.

New agents are being added to the simulation...
s12683 is age 16.0 and whiteNH and is entering the model
s12684 is age 16.0 and whiteNH and is entering the model
s12685 is age 16.0 and blackNH and is entering the model
s12686 is age 16.0 and whiteNH and is entering the model
s12687 is age 16.0 and whiteNH and is entering the model
s12688 is age 16.0 and blackNH and is entering the model
s12689 is age 16.0 and blackNH and is entering the model
s12690 is age 16.0 and whiteNH and is entering the model
s12691 is age 16.0 and hispanic and is entering the model
s12692 is age 16.0 and whiteNH and is entering the model
s12693 is age 16.0 and whiteNH and is entering the model
s12694 is age 16.0 and whiteNH and is entering the model
s12695 is age 16.0 and blackNH and is entering the model

Agents are attending venues and using apps for week 65 in simulation...


Epidemic Simulation
----------------------------
Simulation: 1/1
Timestep: 65/3640
Prevalence: 1886
Population Size: 11641
----------------------------
The ages, hiv status, and relationship status for the agents are being updated...
s01121 is whiteNH, aged 23.208769230769285 in age group 16to20, with relationship status of 0 and is now HIV+.
s04088 is blackNH, aged 19.354769230769282 in age group 16to20, with relationship status of 0 and is now HIV+.
s04572 is blackNH, aged 27.987769230769285 in age group 16to20, with relationship status of 0 and is now HIV+.
s09898 is hispanic, aged 25.399769230769284 in age group 21to29, with relationship status of 1 and is now HIV+.

Agents are being removed from the simulation...
s00550 is aged 29.983769230769283, whiteNH and is leaving the simulation.
s02251 is aged 29.997769230769283, whiteNH and is leaving the simulation.
s02570 is aged 29.99676923076928, whiteNH and is leaving the simulation.
s02800 is aged 29.995769230769284, whiteNH and is leaving the simulation.
s02938 is aged 29.993769230769285, whiteNH and is leaving the simulation.
s03476 is aged 29.998769230769284, whiteNH and is leaving the simulation.
s03541 is aged 25.211769230769285, whiteNH and is leaving the simulation.
s04538 is aged 29.995769230769284, blackNH and is leaving the simulation.
s07727 is aged 29.997769230769283, hispanic and is leaving the simulation.
s09186 is aged 29.981769230769284, hispanic and is leaving the simulation.
s09960 is aged 29.989769230769284, hispanic and is leaving the simulation.

Agents who have aged to a new age group are being updated...
s00618 is 21.010000000000055 and has aged to age group 21to29.
s01194 is 21.011000000000053 and has aged to age group 21to29.
s01360 is 21.015000000000054 and has aged to age group 21to29.
s01762 is 21.017000000000053 and has aged to age group 21to29.
s03554 is 21.01900000000005 and has aged to age group 21to29.
s04062 is 21.012000000000054 and has aged to age group 21to29.
s04607 is 21.018000000000054 and has aged to age group 21to29.
s06726 is 21.000000000000053 and has aged to age group 21to29.
s06765 is 21.000000000000053 and has aged to age group 21to29.
s07414 is 21.015000000000054 and has aged to age group 21to29.
s07871 is 21.001000000000055 and has aged to age group 21to29.
s09152 is 21.017000000000053 and has aged to age group 21to29.
s09624 is 21.000000000000053 and has aged to age group 21to29.
s09733 is 21.011000000000053 and has aged to age group 21to29.
s09913 is 21.002000000000052 and has aged to age group 21to29.
s10001 is 21.010000000000055 and has aged to age group 21to29.
s10558 is 21.007000000000055 and has aged to age group 21to29.
s11055 is 21.011000000000053 and has aged to age group 21to29.

New agents are being added to the simulation...
s12696 is age 16.0 and hispanic and is entering the model
s12697 is age 16.0 and blackNH and is entering the model
s12698 is age 16.0 and blackNH and is entering the model
s12699 is age 16.0 and blackNH and is entering the model
s12700 is age 16.0 and blackNH and is entering the model
s12701 is age 16.0 and blackNH and is entering the model
s12702 is age 16.0 and whiteNH and is entering the model
s12703 is age 16.0 and whiteNH and is entering the model
s12704 is age 16.0 and hispanic and is entering the model
s12705 is age 16.0 and whiteNH and is entering the model
s12706 is age 16.0 and hispanic and is entering the model
s12707 is age 16.0 and whiteNH and is entering the model
s12708 is age 16.0 and hispanic and is entering the model
s12709 is age 16.0 and blackNH and is entering the model
s12710 is age 16.0 and otherNH and is entering the model
s12711 is age 16.0 and blackNH and is entering the model
s12712 is age 16.0 and blackNH and is entering the model
s12713 is age 16.0 and whiteNH and is entering the model
s12714 is age 16.0 and whiteNH and is entering the model
s12715 is age 16.0 and whiteNH and is entering the model
s12716 is age 16.0 and hispanic and is entering the model

Agents are attending venues and using apps for week 66 in simulation...


Epidemic Simulation
----------------------------
Simulation: 1/1
Timestep: 66/3640
Prevalence: 1891
Population Size: 11651
----------------------------
The ages, hiv status, and relationship status for the agents are being updated...
s01487 is whiteNH, aged 28.67600000000005 in age group 21to29, with relationship status of 1 and is now HIV+.
s06224 is blackNH, aged 26.755000000000052 in age group 21to29, with relationship status of 0 and is now HIV+.
s09446 is hispanic, aged 19.448000000000054 in age group 21to29, with relationship status of 1 and is now HIV+.
s11777 is otherNH, aged 17.134615384615433 in age group 16to20, with relationship status of 0 and is now HIV+.
s12257 is blackNH, aged 16.55769230769233 in age group 16to20, with relationship status of 0 and is now HIV+.

Agents are being removed from the simulation...
s00106 is aged 29.984000000000055, whiteNH and is leaving the simulation.
s02058 is aged 29.996000000000052, whiteNH and is leaving the simulation.
s02784 is aged 29.982000000000053, whiteNH and is leaving the simulation.
s02815 is aged 29.986000000000054, whiteNH and is leaving the simulation.
s03715 is aged 29.98700000000005, whiteNH and is leaving the simulation.
s04168 is aged 29.994000000000053, blackNH and is leaving the simulation.
s04373 is aged 29.992000000000054, blackNH and is leaving the simulation.
s04574 is aged 29.991000000000053, blackNH and is leaving the simulation.
s06142 is aged 29.981000000000055, blackNH and is leaving the simulation.
s06906 is aged 29.986000000000054, hispanic and is leaving the simulation.
s07635 is aged 29.99000000000005, hispanic and is leaving the simulation.
s08715 is aged 29.993000000000052, hispanic and is leaving the simulation.
s10665 is aged 29.999000000000052, otherNH and is leaving the simulation.
s10715 is aged 29.981000000000055, otherNH and is leaving the simulation.
s10824 is aged 29.998000000000054, otherNH and is leaving the simulation.
s11116 is aged 29.99000000000005, otherNH and is leaving the simulation.

Agents who have aged to a new age group are being updated...
s01354 is 21.00623076923082 and has aged to age group 21to29.
s01798 is 21.015230769230822 and has aged to age group 21to29.
s01977 is 21.013230769230823 and has aged to age group 21to29.
s02588 is 21.010230769230823 and has aged to age group 21to29.
s04580 is 21.010230769230823 and has aged to age group 21to29.
s05898 is 21.005230769230824 and has aged to age group 21to29.
s06024 is 21.013230769230823 and has aged to age group 21to29.
s06505 is 21.012230769230822 and has aged to age group 21to29.
s06745 is 21.003230769230825 and has aged to age group 21to29.
s07344 is 21.007230769230823 and has aged to age group 21to29.
s08609 is 21.00623076923082 and has aged to age group 21to29.
s08723 is 21.008230769230824 and has aged to age group 21to29.
s09443 is 21.013230769230823 and has aged to age group 21to29.

New agents are being added to the simulation...
s12717 is age 16.0 and whiteNH and is entering the model
s12718 is age 16.0 and hispanic and is entering the model
s12719 is age 16.0 and whiteNH and is entering the model
s12720 is age 16.0 and whiteNH and is entering the model
s12721 is age 16.0 and whiteNH and is entering the model
s12722 is age 16.0 and blackNH and is entering the model
s12723 is age 16.0 and whiteNH and is entering the model
s12724 is age 16.0 and otherNH and is entering the model
s12725 is age 16.0 and whiteNH and is entering the model
s12726 is age 16.0 and hispanic and is entering the model
s12727 is age 16.0 and blackNH and is entering the model
s12728 is age 16.0 and whiteNH and is entering the model
s12729 is age 16.0 and blackNH and is entering the model
s12730 is age 16.0 and whiteNH and is entering the model
s12731 is age 16.0 and hispanic and is entering the model
s12732 is age 16.0 and whiteNH and is entering the model
s12733 is age 16.0 and blackNH and is entering the model
s12734 is age 16.0 and blackNH and is entering the model
s12735 is age 16.0 and hispanic and is entering the model

Agents are attending venues and using apps for week 67 in simulation...


Epidemic Simulation
----------------------------
Simulation: 1/1
Timestep: 67/3640
Prevalence: 1897
Population Size: 11654
----------------------------
The ages, hiv status, and relationship status for the agents are being updated...
s03226 is whiteNH, aged 29.466230769230823 in age group 21to29, with relationship status of 0 and is now HIV+.
s08802 is hispanic, aged 26.100230769230823 in age group 21to29, with relationship status of 1 and is now HIV+.
s09236 is hispanic, aged 23.987230769230823 in age group 21to29, with relationship status of 0 and is now HIV+.
s09269 is hispanic, aged 24.046230769230824 in age group 21to29, with relationship status of 1 and is now HIV+.
s09820 is hispanic, aged 21.507230769230823 in age group 21to29, with relationship status of 0 and is now HIV+.
s12672 is blackNH, aged 16.05769230769231 in age group 16to20, with relationship status of 1 and is now HIV+.

Agents are being removed from the simulation...
s00096 is aged 29.989230769230822, whiteNH and is leaving the simulation.
s00373 is aged 29.991230769230825, whiteNH and is leaving the simulation.
s01100 is aged 29.984230769230823, whiteNH and is leaving the simulation.
s03430 is aged 29.986230769230822, whiteNH and is leaving the simulation.
s03861 is aged 29.984230769230823, blackNH and is leaving the simulation.
s04454 is aged 29.987230769230823, blackNH and is leaving the simulation.
s04518 is aged 29.981230769230823, blackNH and is leaving the simulation.
s05226 is aged 29.994230769230825, blackNH and is leaving the simulation.
s05385 is aged 29.998230769230823, blackNH and is leaving the simulation.
s07304 is aged 29.985230769230824, hispanic and is leaving the simulation.
s09124 is aged 29.992230769230822, hispanic and is leaving the simulation.
s09140 is aged 29.983230769230822, hispanic and is leaving the simulation.
s09432 is aged 29.990230769230823, hispanic and is leaving the simulation.

Agents who have aged to a new age group are being updated...
s00540 is 21.015461538461594 and has aged to age group 21to29.
s03029 is 21.000461538461593 and has aged to age group 21to29.
s07160 is 21.003461538461593 and has aged to age group 21to29.
s07608 is 21.007461538461595 and has aged to age group 21to29.
s07730 is 21.010461538461595 and has aged to age group 21to29.
s07731 is 21.014461538461592 and has aged to age group 21to29.
s08216 is 21.007461538461595 and has aged to age group 21to29.
s08266 is 21.004461538461594 and has aged to age group 21to29.
s08384 is 21.005461538461592 and has aged to age group 21to29.
s10342 is 21.003461538461593 and has aged to age group 21to29.
s10481 is 21.010461538461595 and has aged to age group 21to29.

New agents are being added to the simulation...
s12736 is age 16.0 and hispanic and is entering the model
s12737 is age 16.0 and hispanic and is entering the model
s12738 is age 16.0 and whiteNH and is entering the model
s12739 is age 16.0 and whiteNH and is entering the model
s12740 is age 16.0 and whiteNH and is entering the model
s12741 is age 16.0 and blackNH and is entering the model
s12742 is age 16.0 and whiteNH and is entering the model
s12743 is age 16.0 and blackNH and is entering the model
s12744 is age 16.0 and whiteNH and is entering the model
s12745 is age 16.0 and hispanic and is entering the model
s12746 is age 16.0 and otherNH and is entering the model
s12747 is age 16.0 and blackNH and is entering the model
s12748 is age 16.0 and whiteNH and is entering the model
s12749 is age 16.0 and blackNH and is entering the model
s12750 is age 16.0 and hispanic and is entering the model
s12751 is age 16.0 and hispanic and is entering the model

Agents are attending venues and using apps for week 68 in simulation...


Epidemic Simulation
----------------------------
Simulation: 1/1
Timestep: 68/3640
Prevalence: 1902
Population Size: 11657
----------------------------
The ages, hiv status, and relationship status for the agents are being updated...
s03125 is whiteNH, aged 28.854461538461592 in age group 21to29, with relationship status of 1 and is now HIV+.
s04476 is blackNH, aged 17.455461538461595 in age group 16to20, with relationship status of 0 and is now HIV+.
s06349 is blackNH, aged 29.300461538461594 in age group 21to29, with relationship status of 0 and is now HIV+.
s09506 is hispanic, aged 21.281461538461592 in age group 21to29, with relationship status of 1 and is now HIV+.
s11535 is otherNH, aged 18.738461538461593 in age group 21to29, with relationship status of 0 and is now HIV+.
s12378 is blackNH, aged 16.44230769230771 in age group 16to20, with relationship status of 1 and is now HIV+.
s12390 is blackNH, aged 16.42307692307694 in age group 16to20, with relationship status of 1 and is now HIV+.

Agents are being removed from the simulation...
s00433 is aged 29.995461538461594, whiteNH and is leaving the simulation.
s00634 is aged 29.983461538461594, whiteNH and is leaving the simulation.
s00907 is aged 29.997461538461593, whiteNH and is leaving the simulation.
s01617 is aged 29.99046153846159, whiteNH and is leaving the simulation.
s02121 is aged 29.986461538461594, whiteNH and is leaving the simulation.
s02760 is aged 29.999461538461592, whiteNH and is leaving the simulation.
s03429 is aged 29.99346153846159, whiteNH and is leaving the simulation.
s03711 is aged 29.99346153846159, whiteNH and is leaving the simulation.
s05063 is aged 29.991461538461593, blackNH and is leaving the simulation.
s07815 is aged 29.99046153846159, hispanic and is leaving the simulation.
s08240 is aged 29.985461538461593, hispanic and is leaving the simulation.
s08323 is aged 29.997461538461593, hispanic and is leaving the simulation.
s08828 is aged 29.991461538461593, hispanic and is leaving the simulation.
s09020 is aged 29.99046153846159, hispanic and is leaving the simulation.
s09068 is aged 29.984461538461595, hispanic and is leaving the simulation.
s09135 is aged 29.992461538461594, hispanic and is leaving the simulation.
s09514 is aged 29.983461538461594, hispanic and is leaving the simulation.
s09678 is aged 29.991461538461593, hispanic and is leaving the simulation.
s09936 is aged 29.982461538461592, hispanic and is leaving the simulation.
s09944 is aged 29.988461538461593, hispanic and is leaving the simulation.
s10263 is aged 29.995461538461594, hispanic and is leaving the simulation.
s11115 is aged 28.488461538461593, otherNH and is leaving the simulation.
s11166 is aged 29.988461538461593, otherNH and is leaving the simulation.
s11347 is aged 29.982461538461592, otherNH and is leaving the simulation.
s11386 is aged 29.985461538461593, otherNH and is leaving the simulation.

Agents who have aged to a new age group are being updated...
s00071 is 21.00969230769236 and has aged to age group 21to29.
s00389 is 21.011692307692364 and has aged to age group 21to29.
s01359 is 21.010692307692363 and has aged to age group 21to29.
s01528 is 21.001692307692363 and has aged to age group 21to29.
s02522 is 21.008692307692364 and has aged to age group 21to29.
s03596 is 21.002692307692364 and has aged to age group 21to29.
s04467 is 21.008692307692364 and has aged to age group 21to29.
s05491 is 21.013692307692363 and has aged to age group 21to29.
s06275 is 21.014692307692364 and has aged to age group 21to29.
s06446 is 21.014692307692364 and has aged to age group 21to29.
s06896 is 21.000692307692365 and has aged to age group 21to29.
s07642 is 21.016692307692363 and has aged to age group 21to29.
s08968 is 21.014692307692364 and has aged to age group 21to29.
s10370 is 21.001692307692363 and has aged to age group 21to29.

New agents are being added to the simulation...
s12752 is age 16.0 and otherNH and is entering the model
s12753 is age 16.0 and otherNH and is entering the model
s12754 is age 16.0 and whiteNH and is entering the model
s12755 is age 16.0 and hispanic and is entering the model
s12756 is age 16.0 and hispanic and is entering the model
s12757 is age 16.0 and whiteNH and is entering the model
s12758 is age 16.0 and blackNH and is entering the model
s12759 is age 16.0 and whiteNH and is entering the model
s12760 is age 16.0 and blackNH and is entering the model
s12761 is age 16.0 and hispanic and is entering the model
s12762 is age 16.0 and hispanic and is entering the model
s12763 is age 16.0 and hispanic and is entering the model
s12764 is age 16.0 and blackNH and is entering the model
s12765 is age 16.0 and hispanic and is entering the model
s12766 is age 16.0 and otherNH and is entering the model

Agents are attending venues and using apps for week 69 in simulation...


Epidemic Simulation
----------------------------
Simulation: 1/1
Timestep: 69/3640
Prevalence: 1900
Population Size: 11647
----------------------------
The ages, hiv status, and relationship status for the agents are being updated...
s05534 is blackNH, aged 29.491692307692364 in age group 21to29, with relationship status of 0 and is now HIV+.
s06500 is blackNH, aged 17.810692307692364 in age group 21to29, with relationship status of 0 and is now HIV+.

Agents are being removed from the simulation...
s00878 is aged 29.990692307692363, whiteNH and is leaving the simulation.
s01343 is aged 29.984692307692363, whiteNH and is leaving the simulation.
s01535 is aged 29.989692307692362, whiteNH and is leaving the simulation.
s01875 is aged 29.993692307692363, whiteNH and is leaving the simulation.
s02544 is aged 29.998692307692362, whiteNH and is leaving the simulation.
s04047 is aged 29.986692307692362, blackNH and is leaving the simulation.
s04573 is aged 29.985692307692364, blackNH and is leaving the simulation.
s05211 is aged 29.990692307692363, blackNH and is leaving the simulation.
s05333 is aged 29.997692307692365, blackNH and is leaving the simulation.
s05915 is aged 29.990692307692363, blackNH and is leaving the simulation.
s05980 is aged 29.988692307692364, blackNH and is leaving the simulation.
s07074 is aged 29.994692307692365, hispanic and is leaving the simulation.
s07850 is aged 29.982692307692364, hispanic and is leaving the simulation.
s08428 is aged 29.984692307692363, hispanic and is leaving the simulation.
s08912 is aged 29.982692307692364, hispanic and is leaving the simulation.
s09165 is aged 29.997692307692365, hispanic and is leaving the simulation.
s09196 is aged 29.996692307692363, hispanic and is leaving the simulation.
s09948 is aged 29.990692307692363, hispanic and is leaving the simulation.
s09963 is aged 29.991692307692364, hispanic and is leaving the simulation.
s10346 is aged 29.982692307692364, hispanic and is leaving the simulation.
s11453 is aged 29.984692307692363, otherNH and is leaving the simulation.
s11496 is aged 29.999692307692364, otherNH and is leaving the simulation.

Agents who have aged to a new age group are being updated...
s00072 is 21.012923076923133 and has aged to age group 21to29.
s00258 is 21.015923076923134 and has aged to age group 21to29.
s02675 is 21.014923076923132 and has aged to age group 21to29.
s03102 is 21.016923076923135 and has aged to age group 21to29.
s04161 is 21.006923076923133 and has aged to age group 21to29.
s04921 is 21.006923076923133 and has aged to age group 21to29.
s05357 is 21.018923076923134 and has aged to age group 21to29.
s05635 is 21.014923076923132 and has aged to age group 21to29.
s05718 is 21.011923076923132 and has aged to age group 21to29.
s06636 is 21.006923076923133 and has aged to age group 21to29.
s07941 is 21.004923076923134 and has aged to age group 21to29.
s08348 is 21.015923076923134 and has aged to age group 21to29.
s09089 is 21.012923076923133 and has aged to age group 21to29.
s09680 is 21.000923076923133 and has aged to age group 21to29.
s11403 is 21.011923076923132 and has aged to age group 21to29.
s11623 is 21.009923076923133 and has aged to age group 21to29.

New agents are being added to the simulation...
s12767 is age 16.0 and whiteNH and is entering the model
s12768 is age 16.0 and whiteNH and is entering the model
s12769 is age 16.0 and blackNH and is entering the model
s12770 is age 16.0 and whiteNH and is entering the model
s12771 is age 16.0 and hispanic and is entering the model
s12772 is age 16.0 and whiteNH and is entering the model
s12773 is age 16.0 and whiteNH and is entering the model
s12774 is age 16.0 and blackNH and is entering the model
s12775 is age 16.0 and hispanic and is entering the model
s12776 is age 16.0 and hispanic and is entering the model
s12777 is age 16.0 and whiteNH and is entering the model
s12778 is age 16.0 and hispanic and is entering the model
s12779 is age 16.0 and otherNH and is entering the model
s12780 is age 16.0 and hispanic and is entering the model
s12781 is age 16.0 and blackNH and is entering the model
s12782 is age 16.0 and whiteNH and is entering the model
s12783 is age 16.0 and whiteNH and is entering the model
s12784 is age 16.0 and hispanic and is entering the model

Agents are attending venues and using apps for week 70 in simulation...


Epidemic Simulation
----------------------------
Simulation: 1/1
Timestep: 70/3640
Prevalence: 1904
Population Size: 11643
----------------------------
The ages, hiv status, and relationship status for the agents are being updated...
s03921 is blackNH, aged 27.057923076923135 in age group 16to20, with relationship status of 1 and is now HIV+.
s06667 is blackNH, aged 25.039923076923134 in age group 21to29, with relationship status of 0 and is now HIV+.
s06822 is hispanic, aged 25.189923076923133 in age group 16to20, with relationship status of 0 and is now HIV+.
s07720 is hispanic, aged 24.493923076923135 in age group 16to20, with relationship status of 0 and is now HIV+.
s12343 is blackNH, aged 16.51923076923079 in age group 16to20, with relationship status of 1 and is now HIV+.

Agents are being removed from the simulation...
s00375 is aged 29.992923076923134, whiteNH and is leaving the simulation.
s02222 is aged 29.998923076923134, whiteNH and is leaving the simulation.
s02639 is aged 19.277923076923134, whiteNH and is leaving the simulation.
s03501 is aged 29.984923076923135, whiteNH and is leaving the simulation.
s03784 is aged 29.988923076923133, whiteNH and is leaving the simulation.
s04068 is aged 29.997923076923133, blackNH and is leaving the simulation.
s04129 is aged 29.981923076923135, blackNH and is leaving the simulation.
s04537 is aged 29.994923076923133, blackNH and is leaving the simulation.
s05611 is aged 29.989923076923134, blackNH and is leaving the simulation.
s06249 is aged 27.705923076923135, blackNH and is leaving the simulation.
s06282 is aged 29.997923076923133, blackNH and is leaving the simulation.
s06432 is aged 29.991923076923133, blackNH and is leaving the simulation.
s07353 is aged 29.994923076923133, hispanic and is leaving the simulation.
s08921 is aged 29.982923076923132, hispanic and is leaving the simulation.
s09967 is aged 29.989923076923134, hispanic and is leaving the simulation.
s11171 is aged 29.985923076923132, otherNH and is leaving the simulation.

Agents who have aged to a new age group are being updated...
s00451 is 21.008153846153903 and has aged to age group 21to29.
s00497 is 21.019153846153905 and has aged to age group 21to29.
s01156 is 21.014153846153903 and has aged to age group 21to29.
s01990 is 21.007153846153905 and has aged to age group 21to29.
s02350 is 21.013153846153905 and has aged to age group 21to29.
s03884 is 21.014153846153903 and has aged to age group 21to29.
s04957 is 21.009153846153904 and has aged to age group 21to29.
s05060 is 21.009153846153904 and has aged to age group 21to29.
s05483 is 21.015153846153904 and has aged to age group 21to29.
s06330 is 21.011153846153903 and has aged to age group 21to29.
s08369 is 21.014153846153903 and has aged to age group 21to29.
s08690 is 21.010153846153905 and has aged to age group 21to29.
s10838 is 21.002153846153902 and has aged to age group 21to29.

New agents are being added to the simulation...
s12785 is age 16.0 and whiteNH and is entering the model
s12786 is age 16.0 and whiteNH and is entering the model
s12787 is age 16.0 and blackNH and is entering the model
s12788 is age 16.0 and blackNH and is entering the model
s12789 is age 16.0 and whiteNH and is entering the model
s12790 is age 16.0 and blackNH and is entering the model
s12791 is age 16.0 and whiteNH and is entering the model
s12792 is age 16.0 and blackNH and is entering the model
s12793 is age 16.0 and hispanic and is entering the model
s12794 is age 16.0 and blackNH and is entering the model
s12795 is age 16.0 and blackNH and is entering the model
s12796 is age 16.0 and whiteNH and is entering the model
s12797 is age 16.0 and whiteNH and is entering the model
s12798 is age 16.0 and hispanic and is entering the model
s12799 is age 16.0 and whiteNH and is entering the model
s12800 is age 16.0 and hispanic and is entering the model
s12801 is age 16.0 and hispanic and is entering the model
s12802 is age 16.0 and whiteNH and is entering the model
s12803 is age 16.0 and whiteNH and is entering the model
s12804 is age 16.0 and hispanic and is entering the model

Agents are attending venues and using apps for week 71 in simulation...


Epidemic Simulation
----------------------------
Simulation: 1/1
Timestep: 71/3640
Prevalence: 1907
Population Size: 11647
----------------------------
The ages, hiv status, and relationship status for the agents are being updated...
s00116 is whiteNH, aged 22.030153846153905 in age group 21to29, with relationship status of 1 and is now HIV+.
s02586 is whiteNH, aged 29.425153846153904 in age group 21to29, with relationship status of 0 and is now HIV+.
s05615 is blackNH, aged 27.637153846153904 in age group 21to29, with relationship status of 1 and is now HIV+.
s08122 is hispanic, aged 21.415153846153903 in age group 21to29, with relationship status of 1 and is now HIV+.
s08144 is hispanic, aged 25.177153846153903 in age group 21to29, with relationship status of 0 and is now HIV+.

Agents are being removed from the simulation...
s01369 is aged 29.982153846153903, whiteNH and is leaving the simulation.
s01430 is aged 29.995153846153904, whiteNH and is leaving the simulation.
s02049 is aged 29.999153846153902, whiteNH and is leaving the simulation.
s02165 is aged 29.988153846153903, whiteNH and is leaving the simulation.
s02836 is aged 29.983153846153904, whiteNH and is leaving the simulation.
s03545 is aged 29.994153846153903, whiteNH and is leaving the simulation.
s03752 is aged 29.985153846153903, whiteNH and is leaving the simulation.
s03873 is aged 29.991153846153903, blackNH and is leaving the simulation.
s04067 is aged 29.985153846153903, blackNH and is leaving the simulation.
s04551 is aged 29.991153846153903, blackNH and is leaving the simulation.
s04835 is aged 19.388153846153905, blackNH and is leaving the simulation.
s05175 is aged 29.989153846153904, blackNH and is leaving the simulation.
s06085 is aged 29.995153846153904, blackNH and is leaving the simulation.
s06129 is aged 29.995153846153904, blackNH and is leaving the simulation.
s06387 is aged 29.984153846153905, blackNH and is leaving the simulation.
s07095 is aged 29.988153846153903, hispanic and is leaving the simulation.
s07297 is aged 29.984153846153905, hispanic and is leaving the simulation.
s09078 is aged 29.989153846153904, hispanic and is leaving the simulation.
s10712 is aged 29.985153846153903, otherNH and is leaving the simulation.

Agents who have aged to a new age group are being updated...
s00409 is 21.008384615384674 and has aged to age group 21to29.
s00888 is 21.004384615384673 and has aged to age group 21to29.
s03233 is 21.000384615384675 and has aged to age group 21to29.
s06078 is 21.003384615384675 and has aged to age group 21to29.
s06384 is 21.008384615384674 and has aged to age group 21to29.
s07240 is 21.003384615384675 and has aged to age group 21to29.
s08664 is 21.014384615384675 and has aged to age group 21to29.
s10632 is 21.013384615384673 and has aged to age group 21to29.

New agents are being added to the simulation...
s12805 is age 16.0 and hispanic and is entering the model
s12806 is age 16.0 and hispanic and is entering the model
s12807 is age 16.0 and hispanic and is entering the model
s12808 is age 16.0 and hispanic and is entering the model
s12809 is age 16.0 and hispanic and is entering the model
s12810 is age 16.0 and whiteNH and is entering the model
s12811 is age 16.0 and hispanic and is entering the model
s12812 is age 16.0 and hispanic and is entering the model
s12813 is age 16.0 and whiteNH and is entering the model
s12814 is age 16.0 and blackNH and is entering the model
s12815 is age 16.0 and blackNH and is entering the model
s12816 is age 16.0 and whiteNH and is entering the model
s12817 is age 16.0 and whiteNH and is entering the model
s12818 is age 16.0 and hispanic and is entering the model
s12819 is age 16.0 and whiteNH and is entering the model
s12820 is age 16.0 and whiteNH and is entering the model
s12821 is age 16.0 and hispanic and is entering the model
s12822 is age 16.0 and blackNH and is entering the model
s12823 is age 16.0 and hispanic and is entering the model
s12824 is age 16.0 and blackNH and is entering the model
s12825 is age 16.0 and whiteNH and is entering the model
s12826 is age 16.0 and whiteNH and is entering the model

Agents are attending venues and using apps for week 72 in simulation...


Epidemic Simulation
----------------------------
Simulation: 1/1
Timestep: 72/3640
Prevalence: 1906
Population Size: 11650
----------------------------
The ages, hiv status, and relationship status for the agents are being updated...
s04240 is blackNH, aged 23.023384615384675 in age group 16to20, with relationship status of 0 and is now HIV+.
s05150 is blackNH, aged 24.344384615384673 in age group 21to29, with relationship status of 0 and is now HIV+.
s10995 is otherNH, aged 27.289384615384673 in age group 21to29, with relationship status of 0 and is now HIV+.

Agents are being removed from the simulation...
s00353 is aged 29.991384615384675, whiteNH and is leaving the simulation.
s00739 is aged 29.983384615384672, whiteNH and is leaving the simulation.
s01375 is aged 29.985384615384675, whiteNH and is leaving the simulation.
s02127 is aged 29.990384615384674, whiteNH and is leaving the simulation.
s02969 is aged 29.986384615384672, whiteNH and is leaving the simulation.
s04054 is aged 22.927384615384675, blackNH and is leaving the simulation.
s04772 is aged 29.992384615384672, blackNH and is leaving the simulation.
s05310 is aged 29.984384615384673, blackNH and is leaving the simulation.
s06267 is aged 29.984384615384673, blackNH and is leaving the simulation.
s08537 is aged 29.986384615384672, hispanic and is leaving the simulation.
s08773 is aged 29.997384615384675, hispanic and is leaving the simulation.
s09155 is aged 29.986384615384672, hispanic and is leaving the simulation.
s09235 is aged 29.982384615384674, hispanic and is leaving the simulation.
s09454 is aged 29.992384615384672, hispanic and is leaving the simulation.

Agents who have aged to a new age group are being updated...
s00431 is 21.012615384615444 and has aged to age group 21to29.
s00966 is 21.013615384615445 and has aged to age group 21to29.
s01792 is 21.000615384615443 and has aged to age group 21to29.
s02035 is 21.017615384615443 and has aged to age group 21to29.
s02937 is 21.007615384615445 and has aged to age group 21to29.
s03107 is 21.005615384615442 and has aged to age group 21to29.
s03410 is 21.011615384615443 and has aged to age group 21to29.
s04377 is 21.018615384615444 and has aged to age group 21to29.
s04505 is 21.011615384615443 and has aged to age group 21to29.
s06083 is 21.010615384615445 and has aged to age group 21to29.
s06190 is 21.004615384615445 and has aged to age group 21to29.
s06687 is 21.004615384615445 and has aged to age group 21to29.
s07055 is 21.017615384615443 and has aged to age group 21to29.
s07220 is 21.000615384615443 and has aged to age group 21to29.
s07236 is 21.005615384615442 and has aged to age group 21to29.
s08217 is 21.016615384615445 and has aged to age group 21to29.
s09159 is 21.009615384615444 and has aged to age group 21to29.

New agents are being added to the simulation...
s12827 is age 16.0 and otherNH and is entering the model
s12828 is age 16.0 and otherNH and is entering the model
s12829 is age 16.0 and whiteNH and is entering the model
s12830 is age 16.0 and hispanic and is entering the model
s12831 is age 16.0 and hispanic and is entering the model
s12832 is age 16.0 and whiteNH and is entering the model
s12833 is age 16.0 and whiteNH and is entering the model
s12834 is age 16.0 and hispanic and is entering the model
s12835 is age 16.0 and hispanic and is entering the model
s12836 is age 16.0 and whiteNH and is entering the model
s12837 is age 16.0 and otherNH and is entering the model
s12838 is age 16.0 and hispanic and is entering the model
s12839 is age 16.0 and whiteNH and is entering the model
s12840 is age 16.0 and whiteNH and is entering the model
s12841 is age 16.0 and whiteNH and is entering the model
s12842 is age 16.0 and otherNH and is entering the model
s12843 is age 16.0 and whiteNH and is entering the model
s12844 is age 16.0 and whiteNH and is entering the model

Agents are attending venues and using apps for week 73 in simulation...


Epidemic Simulation
----------------------------
Simulation: 1/1
Timestep: 73/3640
Prevalence: 1906
Population Size: 11654
----------------------------
The ages, hiv status, and relationship status for the agents are being updated...
s04605 is blackNH, aged 18.323615384615444 in age group 16to20, with relationship status of 0 and is now HIV+.
s05228 is blackNH, aged 19.183615384615443 in age group 21to29, with relationship status of 0 and is now HIV+.
s06487 is blackNH, aged 23.743615384615445 in age group 21to29, with relationship status of 1 and is now HIV+.
s06952 is hispanic, aged 29.044615384615444 in age group 16to20, with relationship status of 1 and is now HIV+.
s11429 is otherNH, aged 22.094615384615444 in age group 21to29, with relationship status of 0 and is now HIV+.
s11942 is hispanic, aged 17.076923076923123 in age group 16to20, with relationship status of 1 and is now HIV+.

Agents are being removed from the simulation...
s00107 is aged 29.998615384615444, whiteNH and is leaving the simulation.
s00761 is aged 29.985615384615443, whiteNH and is leaving the simulation.
s01550 is aged 29.998615384615444, whiteNH and is leaving the simulation.
s01601 is aged 29.990615384615445, whiteNH and is leaving the simulation.
s02149 is aged 29.985615384615443, whiteNH and is leaving the simulation.
s02219 is aged 29.989615384615444, whiteNH and is leaving the simulation.
s02978 is aged 29.988615384615443, whiteNH and is leaving the simulation.
s03065 is aged 29.984615384615445, whiteNH and is leaving the simulation.
s03217 is aged 29.985615384615443, whiteNH and is leaving the simulation.
s03281 is aged 29.998615384615444, whiteNH and is leaving the simulation.
s05394 is aged 29.998615384615444, blackNH and is leaving the simulation.
s05550 is aged 29.989615384615444, blackNH and is leaving the simulation.
s06827 is aged 29.988615384615443, hispanic and is leaving the simulation.
s07768 is aged 29.983615384615444, hispanic and is leaving the simulation.
s07833 is aged 29.983615384615444, hispanic and is leaving the simulation.
s10451 is aged 29.992615384615444, otherNH and is leaving the simulation.
s10763 is aged 29.998615384615444, otherNH and is leaving the simulation.
s11325 is aged 29.982615384615443, otherNH and is leaving the simulation.

Agents who have aged to a new age group are being updated...
s00871 is 21.005846153846214 and has aged to age group 21to29.
s01488 is 21.000846153846215 and has aged to age group 21to29.
s01530 is 21.011846153846214 and has aged to age group 21to29.
s02923 is 21.015846153846212 and has aged to age group 21to29.
s03709 is 21.015846153846212 and has aged to age group 21to29.
s04746 is 21.008846153846214 and has aged to age group 21to29.
s05539 is 21.018846153846212 and has aged to age group 21to29.
s06581 is 21.004846153846213 and has aged to age group 21to29.
s07602 is 21.011846153846214 and has aged to age group 21to29.
s08525 is 21.011846153846214 and has aged to age group 21to29.
s08907 is 21.008846153846214 and has aged to age group 21to29.
s09694 is 21.011846153846214 and has aged to age group 21to29.
s10612 is 21.005846153846214 and has aged to age group 21to29.
s11126 is 21.000846153846215 and has aged to age group 21to29.

New agents are being added to the simulation...
s12845 is age 16.0 and whiteNH and is entering the model
s12846 is age 16.0 and blackNH and is entering the model
s12847 is age 16.0 and hispanic and is entering the model
s12848 is age 16.0 and hispanic and is entering the model
s12849 is age 16.0 and otherNH and is entering the model
s12850 is age 16.0 and whiteNH and is entering the model
s12851 is age 16.0 and otherNH and is entering the model
s12852 is age 16.0 and whiteNH and is entering the model
s12853 is age 16.0 and whiteNH and is entering the model
s12854 is age 16.0 and hispanic and is entering the model
s12855 is age 16.0 and whiteNH and is entering the model
s12856 is age 16.0 and hispanic and is entering the model
s12857 is age 16.0 and hispanic and is entering the model
s12858 is age 16.0 and whiteNH and is entering the model
s12859 is age 16.0 and blackNH and is entering the model
s12860 is age 16.0 and hispanic and is entering the model
s12861 is age 16.0 and otherNH and is entering the model

Agents are attending venues and using apps for week 74 in simulation...


Epidemic Simulation
----------------------------
Simulation: 1/1
Timestep: 74/3640
Prevalence: 1904
Population Size: 11653
----------------------------
The ages, hiv status, and relationship status for the agents are being updated...
s01723 is whiteNH, aged 29.682846153846214 in age group 21to29, with relationship status of 0 and is now HIV+.
s05527 is blackNH, aged 27.118846153846214 in age group 21to29, with relationship status of 0 and is now HIV+.

Agents are being removed from the simulation...
s01134 is aged 29.990846153846213, whiteNH and is leaving the simulation.
s01526 is aged 29.989846153846212, whiteNH and is leaving the simulation.
s01661 is aged 29.985846153846214, whiteNH and is leaving the simulation.
s01750 is aged 29.990846153846213, whiteNH and is leaving the simulation.
s01790 is aged 29.995846153846212, whiteNH and is leaving the simulation.
s01945 is aged 29.995846153846212, whiteNH and is leaving the simulation.
s02114 is aged 29.982846153846214, whiteNH and is leaving the simulation.
s02211 is aged 29.996846153846214, whiteNH and is leaving the simulation.
s02484 is aged 29.989846153846212, whiteNH and is leaving the simulation.
s03199 is aged 29.982846153846214, whiteNH and is leaving the simulation.
s04283 is aged 29.992846153846212, blackNH and is leaving the simulation.
s04484 is aged 29.982846153846214, blackNH and is leaving the simulation.
s04773 is aged 29.996846153846214, blackNH and is leaving the simulation.
s04853 is aged 29.989846153846212, blackNH and is leaving the simulation.
s05352 is aged 29.982846153846214, blackNH and is leaving the simulation.
s08359 is aged 29.991846153846215, hispanic and is leaving the simulation.
s08753 is aged 29.996846153846214, hispanic and is leaving the simulation.
s08995 is aged 29.988846153846215, hispanic and is leaving the simulation.
s10831 is aged 29.994846153846215, otherNH and is leaving the simulation.
s11438 is aged 29.999846153846214, otherNH and is leaving the simulation.

Agents who have aged to a new age group are being updated...
s04942 is 21.003076923076982 and has aged to age group 21to29.
s05954 is 21.004076923076983 and has aged to age group 21to29.
s06422 is 21.006076923076982 and has aged to age group 21to29.
s07110 is 21.007076923076983 and has aged to age group 21to29.
s07487 is 21.004076923076983 and has aged to age group 21to29.
s07708 is 21.014076923076985 and has aged to age group 21to29.
s07933 is 21.000076923076982 and has aged to age group 21to29.
s08115 is 21.006076923076982 and has aged to age group 21to29.
s10113 is 21.016076923076984 and has aged to age group 21to29.
s10374 is 21.006076923076982 and has aged to age group 21to29.
s11263 is 21.010076923076983 and has aged to age group 21to29.
s11462 is 21.003076923076982 and has aged to age group 21to29.

New agents are being added to the simulation...
s12862 is age 16.0 and hispanic and is entering the model
s12863 is age 16.0 and hispanic and is entering the model
s12864 is age 16.0 and whiteNH and is entering the model
s12865 is age 16.0 and whiteNH and is entering the model
s12866 is age 16.0 and hispanic and is entering the model
s12867 is age 16.0 and blackNH and is entering the model
s12868 is age 16.0 and hispanic and is entering the model
s12869 is age 16.0 and whiteNH and is entering the model
s12870 is age 16.0 and hispanic and is entering the model
s12871 is age 16.0 and hispanic and is entering the model
s12872 is age 16.0 and hispanic and is entering the model
s12873 is age 16.0 and whiteNH and is entering the model
s12874 is age 16.0 and hispanic and is entering the model
s12875 is age 16.0 and otherNH and is entering the model
s12876 is age 16.0 and hispanic and is entering the model

Agents are attending venues and using apps for week 75 in simulation...


Epidemic Simulation
----------------------------
Simulation: 1/1
Timestep: 75/3640
Prevalence: 1906
Population Size: 11648
----------------------------
The ages, hiv status, and relationship status for the agents are being updated...
s01777 is whiteNH, aged 23.180076923076985 in age group 21to29, with relationship status of 1 and is now HIV+.
s08698 is hispanic, aged 27.987076923076984 in age group 21to29, with relationship status of 0 and is now HIV+.
s08924 is hispanic, aged 18.811076923076985 in age group 21to29, with relationship status of 0 and is now HIV+.
s10059 is hispanic, aged 25.561076923076985 in age group 21to29, with relationship status of 1 and is now HIV+.
s11898 is whiteNH, aged 17.153846153846203 in age group 16to20, with relationship status of 1 and is now HIV+.

Agents are being removed from the simulation...
s00477 is aged 29.999076923076984, whiteNH and is leaving the simulation.
s00545 is aged 29.989076923076983, whiteNH and is leaving the simulation.
s00587 is aged 29.993076923076984, whiteNH and is leaving the simulation.
s00641 is aged 29.988076923076985, whiteNH and is leaving the simulation.
s00886 is aged 29.987076923076984, whiteNH and is leaving the simulation.
s01878 is aged 29.991076923076985, whiteNH and is leaving the simulation.
s03462 is aged 29.999076923076984, whiteNH and is leaving the simulation.
s04290 is aged 29.985076923076985, blackNH and is leaving the simulation.
s05335 is aged 23.806076923076983, blackNH and is leaving the simulation.
s05377 is aged 29.990076923076984, blackNH and is leaving the simulation.
s07324 is aged 29.987076923076984, hispanic and is leaving the simulation.
s07876 is aged 29.991076923076985, hispanic and is leaving the simulation.
s08360 is aged 29.981076923076984, hispanic and is leaving the simulation.
s08452 is aged 29.998076923076983, hispanic and is leaving the simulation.
s09025 is aged 29.985076923076985, hispanic and is leaving the simulation.
s09128 is aged 29.996076923076984, hispanic and is leaving the simulation.
s09627 is aged 29.983076923076982, hispanic and is leaving the simulation.
s11482 is aged 29.991076923076985, otherNH and is leaving the simulation.

Agents who have aged to a new age group are being updated...
s00309 is 21.002307692307753 and has aged to age group 21to29.
s01169 is 21.012307692307754 and has aged to age group 21to29.
s01280 is 21.011307692307753 and has aged to age group 21to29.
s01424 is 21.018307692307754 and has aged to age group 21to29.
s02090 is 21.009307692307754 and has aged to age group 21to29.
s02768 is 21.010307692307755 and has aged to age group 21to29.
s02824 is 21.016307692307755 and has aged to age group 21to29.
s03108 is 21.012307692307754 and has aged to age group 21to29.
s03334 is 21.001307692307755 and has aged to age group 21to29.
s04555 is 21.005307692307753 and has aged to age group 21to29.
s04900 is 21.004307692307755 and has aged to age group 21to29.
s05458 is 21.017307692307753 and has aged to age group 21to29.
s06137 is 21.018307692307754 and has aged to age group 21to29.
s07662 is 21.002307692307753 and has aged to age group 21to29.
s08387 is 21.012307692307754 and has aged to age group 21to29.
s08858 is 21.018307692307754 and has aged to age group 21to29.
s09061 is 21.004307692307755 and has aged to age group 21to29.
s09339 is 21.006307692307754 and has aged to age group 21to29.
s11266 is 21.011307692307753 and has aged to age group 21to29.

New agents are being added to the simulation...
s12877 is age 16.0 and whiteNH and is entering the model
s12878 is age 16.0 and whiteNH and is entering the model
s12879 is age 16.0 and hispanic and is entering the model
s12880 is age 16.0 and hispanic and is entering the model
s12881 is age 16.0 and whiteNH and is entering the model
s12882 is age 16.0 and hispanic and is entering the model
s12883 is age 16.0 and blackNH and is entering the model
s12884 is age 16.0 and hispanic and is entering the model
s12885 is age 16.0 and hispanic and is entering the model
s12886 is age 16.0 and blackNH and is entering the model
s12887 is age 16.0 and whiteNH and is entering the model
s12888 is age 16.0 and whiteNH and is entering the model
s12889 is age 16.0 and whiteNH and is entering the model
s12890 is age 16.0 and hispanic and is entering the model
s12891 is age 16.0 and otherNH and is entering the model
s12892 is age 16.0 and hispanic and is entering the model
s12893 is age 16.0 and whiteNH and is entering the model
s12894 is age 16.0 and otherNH and is entering the model
s12895 is age 16.0 and whiteNH and is entering the model
s12896 is age 16.0 and whiteNH and is entering the model
s12897 is age 16.0 and whiteNH and is entering the model

Agents are attending venues and using apps for week 76 in simulation...


Epidemic Simulation
----------------------------
Simulation: 1/1
Timestep: 76/3640
Prevalence: 1907
Population Size: 11651
----------------------------
The ages, hiv status, and relationship status for the agents are being updated...
s06170 is blackNH, aged 20.049307692307753 in age group 21to29, with relationship status of 0 and is now HIV+.
s06338 is blackNH, aged 22.466307692307755 in age group 21to29, with relationship status of 1 and is now HIV+.
s08007 is hispanic, aged 27.386307692307753 in age group 16to20, with relationship status of 1 and is now HIV+.

Agents are being removed from the simulation...
s01175 is aged 29.986307692307754, whiteNH and is leaving the simulation.
s01795 is aged 29.998307692307755, whiteNH and is leaving the simulation.
s02062 is aged 29.996307692307752, whiteNH and is leaving the simulation.
s02172 is aged 29.982307692307753, whiteNH and is leaving the simulation.
s02769 is aged 29.991307692307753, whiteNH and is leaving the simulation.
s04645 is aged 29.997307692307754, blackNH and is leaving the simulation.
s05389 is aged 29.994307692307753, blackNH and is leaving the simulation.
s05731 is aged 29.998307692307755, blackNH and is leaving the simulation.
s05956 is aged 29.991307692307753, blackNH and is leaving the simulation.
s06071 is aged 29.982307692307753, blackNH and is leaving the simulation.
s07211 is aged 29.983307692307754, hispanic and is leaving the simulation.
s09998 is aged 29.989307692307754, hispanic and is leaving the simulation.
s10256 is aged 29.990307692307756, hispanic and is leaving the simulation.

Agents who have aged to a new age group are being updated...
s00809 is 21.008538461538524 and has aged to age group 21to29.
s01456 is 21.018538461538522 and has aged to age group 21to29.
s02912 is 21.002538461538524 and has aged to age group 21to29.
s02915 is 21.016538461538524 and has aged to age group 21to29.
s02996 is 21.018538461538522 and has aged to age group 21to29.
s03809 is 21.001538461538523 and has aged to age group 21to29.
s04616 is 21.012538461538522 and has aged to age group 21to29.
s05338 is 21.011538461538525 and has aged to age group 21to29.
s05708 is 21.017538461538525 and has aged to age group 21to29.
s06171 is 21.005538461538524 and has aged to age group 21to29.
s06750 is 21.003538461538525 and has aged to age group 21to29.
s07088 is 21.018538461538522 and has aged to age group 21to29.
s07232 is 21.012538461538522 and has aged to age group 21to29.
s07524 is 21.012538461538522 and has aged to age group 21to29.
s07955 is 21.005538461538524 and has aged to age group 21to29.
s09178 is 21.002538461538524 and has aged to age group 21to29.
s09179 is 21.002538461538524 and has aged to age group 21to29.
s10243 is 21.009538461538526 and has aged to age group 21to29.
s10724 is 21.012538461538522 and has aged to age group 21to29.

New agents are being added to the simulation...
s12898 is age 16.0 and hispanic and is entering the model
s12899 is age 16.0 and hispanic and is entering the model
s12900 is age 16.0 and hispanic and is entering the model
s12901 is age 16.0 and blackNH and is entering the model
s12902 is age 16.0 and blackNH and is entering the model
s12903 is age 16.0 and otherNH and is entering the model
s12904 is age 16.0 and blackNH and is entering the model
s12905 is age 16.0 and whiteNH and is entering the model
s12906 is age 16.0 and blackNH and is entering the model
s12907 is age 16.0 and whiteNH and is entering the model
s12908 is age 16.0 and whiteNH and is entering the model
s12909 is age 16.0 and blackNH and is entering the model

Agents are attending venues and using apps for week 77 in simulation...


Epidemic Simulation
----------------------------
Simulation: 1/1
Timestep: 77/3640
Prevalence: 1908
Population Size: 11650
----------------------------
The ages, hiv status, and relationship status for the agents are being updated...
s04257 is blackNH, aged 22.004538461538523 in age group 21to29, with relationship status of 1 and is now HIV+.
s04305 is blackNH, aged 17.755538461538524 in age group 16to20, with relationship status of 0 and is now HIV+.
s04307 is blackNH, aged 19.164538461538523 in age group 16to20, with relationship status of 1 and is now HIV+.
s04875 is blackNH, aged 22.669538461538522 in age group 16to20, with relationship status of 0 and is now HIV+.
s08354 is hispanic, aged 22.059538461538523 in age group 21to29, with relationship status of 1 and is now HIV+.
s08915 is hispanic, aged 27.903538461538524 in age group 21to29, with relationship status of 1 and is now HIV+.

Agents are being removed from the simulation...
s00280 is aged 29.984538461538524, whiteNH and is leaving the simulation.
s01164 is aged 29.990538461538524, whiteNH and is leaving the simulation.
s01925 is aged 29.994538461538525, whiteNH and is leaving the simulation.
s02701 is aged 29.996538461538524, whiteNH and is leaving the simulation.
s02870 is aged 29.988538461538525, whiteNH and is leaving the simulation.
s03435 is aged 29.985538461538525, whiteNH and is leaving the simulation.
s05001 is aged 29.987538461538524, blackNH and is leaving the simulation.
s05836 is aged 29.981538461538523, blackNH and is leaving the simulation.
s06245 is aged 29.987538461538524, blackNH and is leaving the simulation.
s06424 is aged 29.993538461538524, blackNH and is leaving the simulation.
s07364 is aged 29.992538461538523, hispanic and is leaving the simulation.
s07704 is aged 29.995538461538523, hispanic and is leaving the simulation.
s10149 is aged 29.995538461538523, hispanic and is leaving the simulation.
s10489 is aged 29.983538461538522, otherNH and is leaving the simulation.
s10524 is aged 29.990538461538524, otherNH and is leaving the simulation.
s11441 is aged 29.981538461538523, otherNH and is leaving the simulation.

Agents who have aged to a new age group are being updated...
s01240 is 21.015769230769294 and has aged to age group 21to29.
s01400 is 21.002769230769292 and has aged to age group 21to29.
s01552 is 21.009769230769294 and has aged to age group 21to29.
s02557 is 21.000769230769293 and has aged to age group 21to29.
s03195 is 21.014769230769293 and has aged to age group 21to29.
s04120 is 21.003769230769294 and has aged to age group 21to29.
s06482 is 21.013769230769295 and has aged to age group 21to29.
s08831 is 21.010769230769295 and has aged to age group 21to29.
s08944 is 21.010769230769295 and has aged to age group 21to29.
s09665 is 21.014769230769293 and has aged to age group 21to29.
s10935 is 21.007769230769295 and has aged to age group 21to29.
s11113 is 21.010769230769295 and has aged to age group 21to29.

New agents are being added to the simulation...
s12910 is age 16.0 and whiteNH and is entering the model
s12911 is age 16.0 and hispanic and is entering the model
s12912 is age 16.0 and whiteNH and is entering the model
s12913 is age 16.0 and whiteNH and is entering the model
s12914 is age 16.0 and otherNH and is entering the model
s12915 is age 16.0 and blackNH and is entering the model
s12916 is age 16.0 and blackNH and is entering the model
s12917 is age 16.0 and whiteNH and is entering the model
s12918 is age 16.0 and blackNH and is entering the model
s12919 is age 16.0 and hispanic and is entering the model
s12920 is age 16.0 and hispanic and is entering the model
s12921 is age 16.0 and otherNH and is entering the model
s12922 is age 16.0 and hispanic and is entering the model
s12923 is age 16.0 and whiteNH and is entering the model
s12924 is age 16.0 and hispanic and is entering the model
s12925 is age 16.0 and blackNH and is entering the model
s12926 is age 16.0 and hispanic and is entering the model
s12927 is age 16.0 and hispanic and is entering the model
s12928 is age 16.0 and hispanic and is entering the model
s12929 is age 16.0 and hispanic and is entering the model
s12930 is age 16.0 and blackNH and is entering the model

Agents are attending venues and using apps for week 78 in simulation...


Epidemic Simulation
----------------------------
Simulation: 1/1
Timestep: 78/3640
Prevalence: 1909
Population Size: 11655
----------------------------
The ages, hiv status, and relationship status for the agents are being updated...
s04673 is blackNH, aged 17.812769230769295 in age group 16to20, with relationship status of 0 and is now HIV+.
s05128 is blackNH, aged 18.189769230769294 in age group 21to29, with relationship status of 1 and is now HIV+.
s07359 is hispanic, aged 27.702769230769295 in age group 16to20, with relationship status of 0 and is now HIV+.
s10268 is hispanic, aged 20.636769230769293 in age group 21to29, with relationship status of 0 and is now HIV+.

Agents are being removed from the simulation...
s00441 is aged 29.997769230769293, whiteNH and is leaving the simulation.
s02835 is aged 29.983769230769294, whiteNH and is leaving the simulation.
s04739 is aged 29.986769230769294, blackNH and is leaving the simulation.
s05694 is aged 29.987769230769295, blackNH and is leaving the simulation.
s05872 is aged 29.987769230769295, blackNH and is leaving the simulation.
s06578 is aged 29.980769230769294, blackNH and is leaving the simulation.
s06665 is aged 29.996769230769292, blackNH and is leaving the simulation.
s07544 is aged 29.990769230769295, hispanic and is leaving the simulation.
s08808 is aged 29.997769230769293, hispanic and is leaving the simulation.
s08960 is aged 29.982769230769293, hispanic and is leaving the simulation.
s09074 is aged 29.984769230769295, hispanic and is leaving the simulation.
s09259 is aged 29.992769230769294, hispanic and is leaving the simulation.
s10494 is aged 29.996769230769292, otherNH and is leaving the simulation.
s10939 is aged 29.993769230769296, otherNH and is leaving the simulation.
s11073 is aged 29.993769230769296, otherNH and is leaving the simulation.

Agents who have aged to a new age group are being updated...
s00219 is 21.002000000000063 and has aged to age group 21to29.
s00358 is 21.017000000000063 and has aged to age group 21to29.
s00429 is 21.002000000000063 and has aged to age group 21to29.
s01202 is 21.009000000000064 and has aged to age group 21to29.
s01658 is 21.019000000000062 and has aged to age group 21to29.
s01759 is 21.005000000000063 and has aged to age group 21to29.
s02041 is 21.014000000000063 and has aged to age group 21to29.
s02094 is 21.005000000000063 and has aged to age group 21to29.
s04244 is 21.008000000000063 and has aged to age group 21to29.
s04785 is 21.018000000000065 and has aged to age group 21to29.
s04832 is 21.005000000000063 and has aged to age group 21to29.
s04951 is 21.007000000000065 and has aged to age group 21to29.
s08167 is 21.011000000000063 and has aged to age group 21to29.
s08324 is 21.013000000000066 and has aged to age group 21to29.
s09324 is 21.015000000000065 and has aged to age group 21to29.
s09767 is 21.003000000000064 and has aged to age group 21to29.
s10239 is 21.010000000000066 and has aged to age group 21to29.
s10533 is 21.003000000000064 and has aged to age group 21to29.

New agents are being added to the simulation...
s12931 is age 16.0 and hispanic and is entering the model
s12932 is age 16.0 and hispanic and is entering the model
s12933 is age 16.0 and otherNH and is entering the model
s12934 is age 16.0 and hispanic and is entering the model
s12935 is age 16.0 and otherNH and is entering the model
s12936 is age 16.0 and hispanic and is entering the model
s12937 is age 16.0 and whiteNH and is entering the model
s12938 is age 16.0 and blackNH and is entering the model
s12939 is age 16.0 and hispanic and is entering the model
s12940 is age 16.0 and otherNH and is entering the model
s12941 is age 16.0 and hispanic and is entering the model
s12942 is age 16.0 and whiteNH and is entering the model
s12943 is age 16.0 and otherNH and is entering the model

Agents are attending venues and using apps for week 79 in simulation...

