R version 4.3.2 (2023-10-31) -- "Eye Holes"
Copyright (C) 2023 The R Foundation for Statistical Computing
Platform: x86_64-conda-linux-gnu (64-bit)

R is free software and comes with ABSOLUTELY NO WARRANTY.
You are welcome to redistribute it under the terms of the
GNU General Public License versions 2 or 3.
For more information about these matters see
https://www.gnu.org/licenses/.

1 v1 step4 248 04-model-simulation.yaml
[1] 1
[1] "v"

Agents are attending venues and using apps for week 1 in simulation...

Fixed Parameters
---------------------------
hiv.test.rate = 0.004052745 0.004265129 0.004668849 0.005370771
hiv.test.late.prob = 0 0 0 0
test.window.int = 3
tt.partial.supp.prob = 0 0 0 0
tt.full.supp.prob = 1 1 1 1
tt.durable.supp.prob = 0 0 0 0
tx.init.rate = 0.3589051 0.399814 0.4093571 0.5031471
tx.halt.partial.rate = 0.004825257 0.00453566 0.003050059 0.003050059
tx.halt.full.or = 0.9220912 0.6431206 1.415046 1.237048
tx.halt.durable.or = 0.45 0.45 0.45 0.45
tx.reinit.partial.rate = 0.00255 0.00255 0.00255 0.00255
tx.reinit.full.or = 1 1 1 1
tx.reinit.durable.or = 1 1 1 1
max.time.off.tx.full.int = 780
max.time.on.tx.partial.int = 520
max.time.off.tx.partial.int = 520
vl.acute.rise.int = 3
vl.acute.peak = 6.886
vl.acute.fall.int = 3
vl.set.point = 4.5
vl.aids.onset.int = 520
vl.aids.int = 104
vl.aids.peak = 7
vl.full.supp = 1.5
vl.part.supp = 3.5
vl.tx.down.rate = 0.25
vl.tx.aids.down.rate = 0.25
vl.tx.up.rate = 0.25
aids.on.tx.mort.rate = 0
aids.off.tx.mort.rate = 0.000537394
a.rate = 0.001386813
arrival.age = 16
hiv.urai.prob = 0.008938
hiv.uiai.prob = 0.003379
hiv.acute.or = 6
hiv.circ.or = 0.4
hiv.cond.eff.or = 0.95
hiv.cond.fail.or = 0.25 0.25 0.25 0.25
hiv.circ.prob = 0.874 0.874 0.918 0.918
acts.aids.vl = 5.75
acts.scale = 1
cond.scale = 1
rgc.prob = 0.2269585
ugc.prob = 0.1902003
rct.prob = 0.2054959
uct.prob = 0.1714429
rgc.sympt.prob = 0.1
ugc.sympt.prob = 0.9333
rct.sympt.prob = 0.1
uct.sympt.prob = 0.95
rgc.ntx.int = 26
ugc.ntx.int = 26
gc.tx.int = 1
rct.ntx.int = 32
uct.ntx.int = 32
ct.tx.int = 1
gc.sympt.tx.prob = 0.9 0.9 0.9 0.9
ct.sympt.tx.prob = 0.9 0.9 0.9 0.9
gc.asympt.tx.prob = 0.1 0.1 0.1 0.1
ct.asympt.tx.prob = 0.1 0.1 0.1 0.1
sti.cond.eff.or = 0.95
sti.cond.fail.or = 0.39 0.3 0.21 0.21
hiv.trans.scale = 17.5 3.5 2 1
hiv.rgc.or = 2.78
hiv.ugc.or = 1.73
hiv.rct.or = 2.78
hiv.uct.or = 1.73
hiv.dual.rr = 0.2
riskh.start = Inf
prep.start = Inf
prep.start.prob = 0.634375 0.775 0.765625 0.765625
prep.adhr.dist = 0.089 0.127 0.784
prep.adhr.or = 0.69 0.19 0.01
prep.discont.int = 32.06053 32.06053 32.06053 32.06053
prep.tst.int = 12.8571
prep.risk.int = 26
prep.sti.screen.int = 26
prep.sti.tx.prob = 1
prep.risk.reassess.int = 52
prep.require.lnt = TRUE
part.ident.start = Inf
part.index.window.int = 0
part.index.degree = 1
part.index.prob = 0.666
part.ident.main.window.int = 52
part.ident.casl.window.int = 52
part.ident.ooff.window.int = 52
part.ident.main.prob = 0.157
part.ident.casl.prob = 0.08518719
part.ident.ooff.prob = 0.04448852
part.hiv.test.rate = 0.394 0.394 0.394 0.394
part.prep.start.prob = 0 0 0 0
part.tx.init.rate = 0.387 0.387 0.387 0.387
part.tx.reinit.rate = 0 0 0 0
exo.trans.prob.B = 0.4642641
exo.trans.prob.H = 0.2100492
exo.trans.prob.O = 0.1640618
exo.trans.prob.W = 0.08310792
venue.treat = 0
app.treat = 0
netstats = <list>
epistats = <list>
act.rate = 1

Starting Network Simulation...
The ages, hiv status, and relationship status for the agents are being updated...

Agents are being removed from the simulation...
s00241 is aged 19.046575342465754, whiteNH and is leaving the simulation.
s01100 is aged 18.19178082191781, whiteNH and is leaving the simulation.
s01135 is aged 19.975342465753425, whiteNH and is leaving the simulation.
s01900 is aged 27.753424657534246, whiteNH and is leaving the simulation.
s02229 is aged 23.816438356164383, whiteNH and is leaving the simulation.
s02534 is aged 23.34246575342466, whiteNH and is leaving the simulation.
s02823 is aged 27.55890410958904, whiteNH and is leaving the simulation.
s03300 is aged 23.912328767123288, whiteNH and is leaving the simulation.
s03949 is aged 18.76164383561644, blackNH and is leaving the simulation.
s04024 is aged 16.87123287671233, blackNH and is leaving the simulation.
s06046 is aged 21.34794520547945, blackNH and is leaving the simulation.
s10852 is aged 18.715068493150685, otherNH and is leaving the simulation.
s11584 is aged 28.994520547945207, otherNH and is leaving the simulation.

Agents who have aged to a new age group are being updated...
s00206 is 21.003230769230772 and has aged to age group 21to29.
s01785 is 21.00123076923077 and has aged to age group 21to29.
s01790 is 21.00623076923077 and has aged to age group 21to29.
s02218 is 21.01023076923077 and has aged to age group 21to29.
s02420 is 21.00723076923077 and has aged to age group 21to29.
s03618 is 21.00723076923077 and has aged to age group 21to29.
s04702 is 21.00223076923077 and has aged to age group 21to29.
s05378 is 21.01723076923077 and has aged to age group 21to29.
s05503 is 21.00823076923077 and has aged to age group 21to29.
s05688 is 21.00723076923077 and has aged to age group 21to29.
s06505 is 21.01223076923077 and has aged to age group 21to29.
s06702 is 21.00123076923077 and has aged to age group 21to29.
s07705 is 21.01523076923077 and has aged to age group 21to29.
s07845 is 21.00923076923077 and has aged to age group 21to29.
s09040 is 21.003230769230772 and has aged to age group 21to29.
s10504 is 21.00023076923077 and has aged to age group 21to29.
s11288 is 21.00823076923077 and has aged to age group 21to29.

New agents are being added to the simulation...
s11703 is age 16.0 and otherNH and is entering the model
s11704 is age 16.0 and hispanic and is entering the model
s11705 is age 16.0 and hispanic and is entering the model
s11706 is age 16.0 and hispanic and is entering the model
s11707 is age 16.0 and hispanic and is entering the model
s11708 is age 16.0 and blackNH and is entering the model
s11709 is age 16.0 and otherNH and is entering the model
s11710 is age 16.0 and hispanic and is entering the model
s11711 is age 16.0 and blackNH and is entering the model
s11712 is age 16.0 and hispanic and is entering the model
s11713 is age 16.0 and whiteNH and is entering the model
s11714 is age 16.0 and whiteNH and is entering the model
s11715 is age 16.0 and blackNH and is entering the model

Agents are attending venues and using apps for week 2 in simulation...


Epidemic Simulation
----------------------------
Simulation: 1/1
Timestep: 2/3640
Prevalence: 1856
Population Size: 11702
----------------------------
The ages, hiv status, and relationship status for the agents are being updated...
s03970 is blackNH, aged 20.59323076923077 in age group 16to20, with relationship status of 1 and is now HIV+.
s04281 is blackNH, aged 19.61523076923077 in age group 16to20, with relationship status of 1 and is now HIV+.
s04342 is blackNH, aged 25.64723076923077 in age group 16to20, with relationship status of 0 and is now HIV+.
s05302 is blackNH, aged 26.17023076923077 in age group 21to29, with relationship status of 1 and is now HIV+.
s05430 is blackNH, aged 17.13023076923077 in age group 21to29, with relationship status of 0 and is now HIV+.
s05651 is blackNH, aged 26.66823076923077 in age group 21to29, with relationship status of 0 and is now HIV+.
s05735 is blackNH, aged 18.76723076923077 in age group 21to29, with relationship status of 1 and is now HIV+.
s06574 is blackNH, aged 16.55823076923077 in age group 21to29, with relationship status of 0 and is now HIV+.
s06647 is blackNH, aged 21.81123076923077 in age group 21to29, with relationship status of 1 and is now HIV+.
s06662 is blackNH, aged 25.78023076923077 in age group 21to29, with relationship status of 1 and is now HIV+.
s07198 is hispanic, aged 22.88523076923077 in age group 16to20, with relationship status of 1 and is now HIV+.
s09382 is hispanic, aged 20.81923076923077 in age group 21to29, with relationship status of 1 and is now HIV+.
s09867 is hispanic, aged 21.15223076923077 in age group 21to29, with relationship status of 0 and is now HIV+.
s10077 is hispanic, aged 19.08723076923077 in age group 21to29, with relationship status of 1 and is now HIV+.
s10956 is otherNH, aged 21.07223076923077 in age group 21to29, with relationship status of 0 and is now HIV+.

Agents are being removed from the simulation...
s00194 is aged 29.98223076923077, whiteNH and is leaving the simulation.
s00761 is aged 29.99123076923077, whiteNH and is leaving the simulation.
s04444 is aged 29.98723076923077, blackNH and is leaving the simulation.
s05916 is aged 29.99623076923077, blackNH and is leaving the simulation.
s06348 is aged 29.99723076923077, blackNH and is leaving the simulation.
s07888 is aged 29.99723076923077, hispanic and is leaving the simulation.
s08320 is aged 29.99123076923077, hispanic and is leaving the simulation.
s08355 is aged 29.98123076923077, hispanic and is leaving the simulation.
s09263 is aged 29.99323076923077, hispanic and is leaving the simulation.
s09288 is aged 29.98823076923077, hispanic and is leaving the simulation.
s10062 is aged 29.99523076923077, hispanic and is leaving the simulation.
s11347 is aged 29.98723076923077, otherNH and is leaving the simulation.

Agents who have aged to a new age group are being updated...
s00286 is 21.01846153846154 and has aged to age group 21to29.
s00574 is 21.01646153846154 and has aged to age group 21to29.
s00801 is 21.01646153846154 and has aged to age group 21to29.
s02926 is 21.01646153846154 and has aged to age group 21to29.
s03055 is 21.01046153846154 and has aged to age group 21to29.
s03134 is 21.01046153846154 and has aged to age group 21to29.
s03973 is 21.00146153846154 and has aged to age group 21to29.
s04457 is 21.00646153846154 and has aged to age group 21to29.
s04569 is 21.00246153846154 and has aged to age group 21to29.
s04622 is 21.00746153846154 and has aged to age group 21to29.
s04857 is 21.01046153846154 and has aged to age group 21to29.
s05793 is 21.00146153846154 and has aged to age group 21to29.
s08967 is 21.00546153846154 and has aged to age group 21to29.
s09466 is 21.00946153846154 and has aged to age group 21to29.
s10196 is 21.01846153846154 and has aged to age group 21to29.
s10709 is 21.01346153846154 and has aged to age group 21to29.
s11494 is 21.00846153846154 and has aged to age group 21to29.

New agents are being added to the simulation...
s11716 is age 16.0 and whiteNH and is entering the model
s11717 is age 16.0 and otherNH and is entering the model
s11718 is age 16.0 and blackNH and is entering the model
s11719 is age 16.0 and hispanic and is entering the model
s11720 is age 16.0 and hispanic and is entering the model
s11721 is age 16.0 and whiteNH and is entering the model
s11722 is age 16.0 and whiteNH and is entering the model
s11723 is age 16.0 and whiteNH and is entering the model
s11724 is age 16.0 and blackNH and is entering the model
s11725 is age 16.0 and hispanic and is entering the model
s11726 is age 16.0 and hispanic and is entering the model
s11727 is age 16.0 and blackNH and is entering the model
s11728 is age 16.0 and otherNH and is entering the model
s11729 is age 16.0 and whiteNH and is entering the model
s11730 is age 16.0 and blackNH and is entering the model
s11731 is age 16.0 and blackNH and is entering the model
s11732 is age 16.0 and hispanic and is entering the model
s11733 is age 16.0 and whiteNH and is entering the model

Agents are attending venues and using apps for week 3 in simulation...


Epidemic Simulation
----------------------------
Simulation: 1/1
Timestep: 3/3640
Prevalence: 1866
Population Size: 11708
----------------------------
The ages, hiv status, and relationship status for the agents are being updated...
s03953 is blackNH, aged 24.23746153846154 in age group 16to20, with relationship status of 0 and is now HIV+.
s04242 is blackNH, aged 26.76446153846154 in age group 16to20, with relationship status of 1 and is now HIV+.
s04343 is blackNH, aged 23.91446153846154 in age group 16to20, with relationship status of 1 and is now HIV+.
s04901 is blackNH, aged 16.11146153846154 in age group 21to29, with relationship status of 0 and is now HIV+.
s05098 is blackNH, aged 22.38246153846154 in age group 21to29, with relationship status of 0 and is now HIV+.
s05325 is blackNH, aged 24.99046153846154 in age group 21to29, with relationship status of 0 and is now HIV+.
s06685 is blackNH, aged 29.34846153846154 in age group 21to29, with relationship status of 0 and is now HIV+.
s07386 is hispanic, aged 24.50546153846154 in age group 16to20, with relationship status of 1 and is now HIV+.
s07814 is hispanic, aged 17.66146153846154 in age group 16to20, with relationship status of 1 and is now HIV+.
s08306 is hispanic, aged 17.98846153846154 in age group 21to29, with relationship status of 1 and is now HIV+.
s10106 is hispanic, aged 17.49446153846154 in age group 21to29, with relationship status of 1 and is now HIV+.
s10849 is otherNH, aged 23.10646153846154 in age group 16to20, with relationship status of 1 and is now HIV+.
s11069 is otherNH, aged 19.28246153846154 in age group 21to29, with relationship status of 0 and is now HIV+.

Agents are being removed from the simulation...
s01901 is aged 29.99346153846154, whiteNH and is leaving the simulation.
s02251 is aged 29.99546153846154, whiteNH and is leaving the simulation.
s03103 is aged 29.99446153846154, whiteNH and is leaving the simulation.
s04583 is aged 29.99546153846154, blackNH and is leaving the simulation.
s04642 is aged 29.99246153846154, blackNH and is leaving the simulation.
s04848 is aged 29.99846153846154, blackNH and is leaving the simulation.
s06097 is aged 29.99246153846154, blackNH and is leaving the simulation.
s06173 is aged 29.98946153846154, blackNH and is leaving the simulation.
s06307 is aged 29.98946153846154, blackNH and is leaving the simulation.
s06808 is aged 29.99746153846154, blackNH and is leaving the simulation.
s07277 is aged 29.98346153846154, hispanic and is leaving the simulation.
s08288 is aged 29.98346153846154, hispanic and is leaving the simulation.
s08846 is aged 29.99846153846154, hispanic and is leaving the simulation.
s09848 is aged 29.98446153846154, hispanic and is leaving the simulation.
s11293 is aged 29.98246153846154, otherNH and is leaving the simulation.

Agents who have aged to a new age group are being updated...
s01039 is 21.00869230769231 and has aged to age group 21to29.
s01686 is 21.01369230769231 and has aged to age group 21to29.
s02239 is 21.01869230769231 and has aged to age group 21to29.
s02473 is 21.01369230769231 and has aged to age group 21to29.
s03305 is 21.01769230769231 and has aged to age group 21to29.
s04143 is 21.01369230769231 and has aged to age group 21to29.
s04867 is 21.00169230769231 and has aged to age group 21to29.
s05515 is 21.01269230769231 and has aged to age group 21to29.
s06073 is 21.01269230769231 and has aged to age group 21to29.
s06323 is 21.00769230769231 and has aged to age group 21to29.
s07086 is 21.00869230769231 and has aged to age group 21to29.
s07634 is 21.00769230769231 and has aged to age group 21to29.
s08813 is 21.01469230769231 and has aged to age group 21to29.
s09644 is 21.01569230769231 and has aged to age group 21to29.
s09730 is 21.01569230769231 and has aged to age group 21to29.
s10345 is 21.01269230769231 and has aged to age group 21to29.

New agents are being added to the simulation...
s11734 is age 16.0 and whiteNH and is entering the model
s11735 is age 16.0 and hispanic and is entering the model
s11736 is age 16.0 and whiteNH and is entering the model
s11737 is age 16.0 and whiteNH and is entering the model
s11738 is age 16.0 and hispanic and is entering the model
s11739 is age 16.0 and blackNH and is entering the model
s11740 is age 16.0 and whiteNH and is entering the model
s11741 is age 16.0 and hispanic and is entering the model
s11742 is age 16.0 and hispanic and is entering the model
s11743 is age 16.0 and hispanic and is entering the model
s11744 is age 16.0 and blackNH and is entering the model
s11745 is age 16.0 and otherNH and is entering the model
s11746 is age 16.0 and whiteNH and is entering the model
s11747 is age 16.0 and hispanic and is entering the model
s11748 is age 16.0 and whiteNH and is entering the model
s11749 is age 16.0 and hispanic and is entering the model
s11750 is age 16.0 and hispanic and is entering the model
s11751 is age 16.0 and blackNH and is entering the model
s11752 is age 16.0 and hispanic and is entering the model
s11753 is age 16.0 and blackNH and is entering the model

Agents are attending venues and using apps for week 4 in simulation...


Epidemic Simulation
----------------------------
Simulation: 1/1
Timestep: 4/3640
Prevalence: 1878
Population Size: 11713
----------------------------
The ages, hiv status, and relationship status for the agents are being updated...
s04433 is blackNH, aged 29.26769230769231 in age group 16to20, with relationship status of 0 and is now HIV+.
s04671 is blackNH, aged 25.54569230769231 in age group 16to20, with relationship status of 1 and is now HIV+.
s05121 is blackNH, aged 29.89169230769231 in age group 21to29, with relationship status of 1 and is now HIV+.
s05216 is blackNH, aged 18.88269230769231 in age group 21to29, with relationship status of 1 and is now HIV+.
s05835 is blackNH, aged 26.96769230769231 in age group 21to29, with relationship status of 1 and is now HIV+.
s06005 is blackNH, aged 29.68169230769231 in age group 21to29, with relationship status of 1 and is now HIV+.
s06342 is blackNH, aged 22.69769230769231 in age group 21to29, with relationship status of 0 and is now HIV+.
s06357 is blackNH, aged 19.01869230769231 in age group 21to29, with relationship status of 1 and is now HIV+.
s06477 is blackNH, aged 27.70369230769231 in age group 21to29, with relationship status of 0 and is now HIV+.
s06636 is blackNH, aged 16.26669230769231 in age group 21to29, with relationship status of 1 and is now HIV+.
s07829 is hispanic, aged 18.17469230769231 in age group 16to20, with relationship status of 1 and is now HIV+.
s09714 is hispanic, aged 27.87569230769231 in age group 21to29, with relationship status of 1 and is now HIV+.
s10500 is otherNH, aged 16.39669230769231 in age group 16to20, with relationship status of 0 and is now HIV+.
s11608 is otherNH, aged 29.25669230769231 in age group 21to29, with relationship status of 0 and is now HIV+.

Agents are being removed from the simulation...
s00097 is aged 29.98669230769231, whiteNH and is leaving the simulation.
s00716 is aged 29.98769230769231, whiteNH and is leaving the simulation.
s01548 is aged 29.99969230769231, whiteNH and is leaving the simulation.
s02355 is aged 29.99169230769231, whiteNH and is leaving the simulation.
s02685 is aged 29.99969230769231, whiteNH and is leaving the simulation.
s02728 is aged 29.99869230769231, whiteNH and is leaving the simulation.
s04522 is aged 29.98369230769231, blackNH and is leaving the simulation.
s05757 is aged 29.99169230769231, blackNH and is leaving the simulation.
s06349 is aged 29.98769230769231, blackNH and is leaving the simulation.
s07254 is aged 29.98169230769231, hispanic and is leaving the simulation.
s07624 is aged 29.98369230769231, hispanic and is leaving the simulation.
s07701 is aged 29.99369230769231, hispanic and is leaving the simulation.
s08912 is aged 29.99269230769231, hispanic and is leaving the simulation.
s09801 is aged 29.98969230769231, hispanic and is leaving the simulation.
s10976 is aged 29.99769230769231, otherNH and is leaving the simulation.

Agents who have aged to a new age group are being updated...
s00270 is 21.01692307692308 and has aged to age group 21to29.
s00465 is 21.00992307692308 and has aged to age group 21to29.
s00549 is 21.01192307692308 and has aged to age group 21to29.
s01268 is 21.01892307692308 and has aged to age group 21to29.
s02292 is 21.01692307692308 and has aged to age group 21to29.
s03090 is 21.01292307692308 and has aged to age group 21to29.
s03807 is 21.00292307692308 and has aged to age group 21to29.
s04013 is 21.00092307692308 and has aged to age group 21to29.
s05426 is 21.01692307692308 and has aged to age group 21to29.
s05570 is 21.01792307692308 and has aged to age group 21to29.
s06248 is 21.00392307692308 and has aged to age group 21to29.
s07260 is 21.01292307692308 and has aged to age group 21to29.
s08897 is 21.01492307692308 and has aged to age group 21to29.
s10279 is 21.01692307692308 and has aged to age group 21to29.
s10574 is 21.01192307692308 and has aged to age group 21to29.
s11344 is 21.00892307692308 and has aged to age group 21to29.
s11397 is 21.00292307692308 and has aged to age group 21to29.
s11415 is 21.00592307692308 and has aged to age group 21to29.
s11475 is 21.00392307692308 and has aged to age group 21to29.
s11599 is 21.01092307692308 and has aged to age group 21to29.

New agents are being added to the simulation...
s11754 is age 16.0 and hispanic and is entering the model
s11755 is age 16.0 and whiteNH and is entering the model
s11756 is age 16.0 and whiteNH and is entering the model
s11757 is age 16.0 and otherNH and is entering the model
s11758 is age 16.0 and blackNH and is entering the model
s11759 is age 16.0 and blackNH and is entering the model
s11760 is age 16.0 and blackNH and is entering the model
s11761 is age 16.0 and otherNH and is entering the model
s11762 is age 16.0 and hispanic and is entering the model
s11763 is age 16.0 and hispanic and is entering the model
s11764 is age 16.0 and blackNH and is entering the model
s11765 is age 16.0 and otherNH and is entering the model
s11766 is age 16.0 and whiteNH and is entering the model
s11767 is age 16.0 and whiteNH and is entering the model
s11768 is age 16.0 and hispanic and is entering the model
s11769 is age 16.0 and otherNH and is entering the model
s11770 is age 16.0 and whiteNH and is entering the model
s11771 is age 16.0 and blackNH and is entering the model
s11772 is age 16.0 and whiteNH and is entering the model
s11773 is age 16.0 and whiteNH and is entering the model
s11774 is age 16.0 and whiteNH and is entering the model
s11775 is age 16.0 and whiteNH and is entering the model
s11776 is age 16.0 and hispanic and is entering the model
s11777 is age 16.0 and hispanic and is entering the model
s11778 is age 16.0 and hispanic and is entering the model
s11779 is age 16.0 and hispanic and is entering the model

Agents are attending venues and using apps for week 5 in simulation...


Epidemic Simulation
----------------------------
Simulation: 1/1
Timestep: 5/3640
Prevalence: 1891
Population Size: 11724
----------------------------
The ages, hiv status, and relationship status for the agents are being updated...
s01116 is whiteNH, aged 19.92192307692308 in age group 16to20, with relationship status of 1 and is now HIV+.
s04051 is blackNH, aged 24.75292307692308 in age group 16to20, with relationship status of 1 and is now HIV+.
s04157 is blackNH, aged 24.13892307692308 in age group 16to20, with relationship status of 1 and is now HIV+.
s04233 is blackNH, aged 16.49192307692308 in age group 16to20, with relationship status of 1 and is now HIV+.
s04278 is blackNH, aged 24.30492307692308 in age group 16to20, with relationship status of 1 and is now HIV+.
s04665 is blackNH, aged 18.68492307692308 in age group 16to20, with relationship status of 0 and is now HIV+.
s04888 is blackNH, aged 24.94292307692308 in age group 16to20, with relationship status of 0 and is now HIV+.
s05593 is blackNH, aged 18.29192307692308 in age group 21to29, with relationship status of 1 and is now HIV+.
s05818 is blackNH, aged 22.68092307692308 in age group 21to29, with relationship status of 0 and is now HIV+.
s05868 is blackNH, aged 22.93992307692308 in age group 21to29, with relationship status of 1 and is now HIV+.
s06052 is blackNH, aged 23.493923076923082 in age group 21to29, with relationship status of 1 and is now HIV+.
s06503 is blackNH, aged 17.95292307692308 in age group 21to29, with relationship status of 1 and is now HIV+.
s06776 is blackNH, aged 25.12792307692308 in age group 21to29, with relationship status of 0 and is now HIV+.
s07440 is hispanic, aged 16.53492307692308 in age group 16to20, with relationship status of 0 and is now HIV+.
s08172 is hispanic, aged 21.83892307692308 in age group 21to29, with relationship status of 1 and is now HIV+.

Agents are being removed from the simulation...
s00462 is aged 29.98492307692308, whiteNH and is leaving the simulation.
s01307 is aged 29.98192307692308, whiteNH and is leaving the simulation.
s02075 is aged 29.99892307692308, whiteNH and is leaving the simulation.
s02240 is aged 29.99192307692308, whiteNH and is leaving the simulation.
s02282 is aged 29.999923076923082, whiteNH and is leaving the simulation.
s03275 is aged 29.999923076923082, whiteNH and is leaving the simulation.
s05288 is aged 29.98892307692308, blackNH and is leaving the simulation.
s05495 is aged 29.98292307692308, blackNH and is leaving the simulation.
s07135 is aged 29.99492307692308, hispanic and is leaving the simulation.
s07247 is aged 29.99092307692308, hispanic and is leaving the simulation.
s07407 is aged 29.98292307692308, hispanic and is leaving the simulation.
s07768 is aged 29.98292307692308, hispanic and is leaving the simulation.
s08087 is aged 29.98392307692308, hispanic and is leaving the simulation.
s08311 is aged 29.98192307692308, hispanic and is leaving the simulation.
s09983 is aged 29.99292307692308, hispanic and is leaving the simulation.
s11351 is aged 29.98192307692308, otherNH and is leaving the simulation.

Agents who have aged to a new age group are being updated...
s00366 is 21.00115384615385 and has aged to age group 21to29.
s00627 is 21.01215384615385 and has aged to age group 21to29.
s01311 is 21.00315384615385 and has aged to age group 21to29.
s01994 is 21.00315384615385 and has aged to age group 21to29.
s02466 is 21.00515384615385 and has aged to age group 21to29.
s02609 is 21.019153846153852 and has aged to age group 21to29.
s02753 is 21.00115384615385 and has aged to age group 21to29.
s02804 is 21.00215384615385 and has aged to age group 21to29.
s02842 is 21.01515384615385 and has aged to age group 21to29.
s03004 is 21.019153846153852 and has aged to age group 21to29.
s03988 is 21.00815384615385 and has aged to age group 21to29.
s05729 is 21.01415384615385 and has aged to age group 21to29.
s07139 is 21.01215384615385 and has aged to age group 21to29.
s07694 is 21.00215384615385 and has aged to age group 21to29.
s10139 is 21.00315384615385 and has aged to age group 21to29.
s10768 is 21.00215384615385 and has aged to age group 21to29.
s11412 is 21.00915384615385 and has aged to age group 21to29.

New agents are being added to the simulation...
s11780 is age 16.0 and whiteNH and is entering the model
s11781 is age 16.0 and whiteNH and is entering the model
s11782 is age 16.0 and blackNH and is entering the model
s11783 is age 16.0 and blackNH and is entering the model
s11784 is age 16.0 and otherNH and is entering the model
s11785 is age 16.0 and blackNH and is entering the model
s11786 is age 16.0 and whiteNH and is entering the model
s11787 is age 16.0 and hispanic and is entering the model
s11788 is age 16.0 and blackNH and is entering the model
s11789 is age 16.0 and whiteNH and is entering the model
s11790 is age 16.0 and hispanic and is entering the model
s11791 is age 16.0 and blackNH and is entering the model
s11792 is age 16.0 and hispanic and is entering the model
s11793 is age 16.0 and hispanic and is entering the model
s11794 is age 16.0 and hispanic and is entering the model
s11795 is age 16.0 and hispanic and is entering the model
s11796 is age 16.0 and whiteNH and is entering the model

Agents are attending venues and using apps for week 6 in simulation...


Epidemic Simulation
----------------------------
Simulation: 1/1
Timestep: 6/3640
Prevalence: 1899
Population Size: 11725
----------------------------
The ages, hiv status, and relationship status for the agents are being updated...
s03914 is blackNH, aged 28.138153846153852 in age group 16to20, with relationship status of 0 and is now HIV+.
s04223 is blackNH, aged 19.36915384615385 in age group 16to20, with relationship status of 0 and is now HIV+.
s04858 is blackNH, aged 28.51015384615385 in age group 16to20, with relationship status of 0 and is now HIV+.
s05456 is blackNH, aged 21.38215384615385 in age group 21to29, with relationship status of 1 and is now HIV+.
s05708 is blackNH, aged 17.60415384615385 in age group 21to29, with relationship status of 0 and is now HIV+.
s06125 is blackNH, aged 20.24815384615385 in age group 21to29, with relationship status of 1 and is now HIV+.
s09578 is hispanic, aged 29.91015384615385 in age group 21to29, with relationship status of 1 and is now HIV+.
s11153 is otherNH, aged 20.00215384615385 in age group 21to29, with relationship status of 1 and is now HIV+.
s11534 is otherNH, aged 25.98315384615385 in age group 21to29, with relationship status of 1 and is now HIV+.

Agents are being removed from the simulation...
s00364 is aged 29.99615384615385, whiteNH and is leaving the simulation.
s00683 is aged 29.98715384615385, whiteNH and is leaving the simulation.
s01010 is aged 29.98315384615385, whiteNH and is leaving the simulation.
s01059 is aged 29.98815384615385, whiteNH and is leaving the simulation.
s02221 is aged 29.99515384615385, whiteNH and is leaving the simulation.
s02629 is aged 29.984153846153852, whiteNH and is leaving the simulation.
s03623 is aged 29.99515384615385, whiteNH and is leaving the simulation.
s03832 is aged 29.99215384615385, whiteNH and is leaving the simulation.
s04629 is aged 29.99315384615385, blackNH and is leaving the simulation.
s04802 is aged 29.98215384615385, blackNH and is leaving the simulation.
s05385 is aged 29.99515384615385, blackNH and is leaving the simulation.
s05622 is aged 29.99515384615385, blackNH and is leaving the simulation.
s06346 is aged 29.98315384615385, blackNH and is leaving the simulation.
s07302 is aged 29.99515384615385, hispanic and is leaving the simulation.
s07672 is aged 29.98615384615385, hispanic and is leaving the simulation.
s09542 is aged 29.98715384615385, hispanic and is leaving the simulation.
s10507 is aged 29.99815384615385, otherNH and is leaving the simulation.
s10665 is aged 29.98915384615385, otherNH and is leaving the simulation.
s11120 is aged 29.98215384615385, otherNH and is leaving the simulation.
s11658 is aged 29.98315384615385, otherNH and is leaving the simulation.

Agents who have aged to a new age group are being updated...
s00992 is 21.00938461538462 and has aged to age group 21to29.
s01180 is 21.003384615384622 and has aged to age group 21to29.
s06521 is 21.01238461538462 and has aged to age group 21to29.
s06741 is 21.00738461538462 and has aged to age group 21to29.
s06864 is 21.01038461538462 and has aged to age group 21to29.
s08908 is 21.00238461538462 and has aged to age group 21to29.
s09699 is 21.01238461538462 and has aged to age group 21to29.
s10124 is 21.01138461538462 and has aged to age group 21to29.
s10166 is 21.00938461538462 and has aged to age group 21to29.
s10767 is 21.01438461538462 and has aged to age group 21to29.
s10797 is 21.01838461538462 and has aged to age group 21to29.
s10815 is 21.01738461538462 and has aged to age group 21to29.

New agents are being added to the simulation...
s11797 is age 16.0 and whiteNH and is entering the model
s11798 is age 16.0 and whiteNH and is entering the model
s11799 is age 16.0 and hispanic and is entering the model
s11800 is age 16.0 and hispanic and is entering the model
s11801 is age 16.0 and whiteNH and is entering the model
s11802 is age 16.0 and hispanic and is entering the model
s11803 is age 16.0 and otherNH and is entering the model
s11804 is age 16.0 and blackNH and is entering the model
s11805 is age 16.0 and otherNH and is entering the model
s11806 is age 16.0 and blackNH and is entering the model
s11807 is age 16.0 and otherNH and is entering the model
s11808 is age 16.0 and hispanic and is entering the model
s11809 is age 16.0 and whiteNH and is entering the model
s11810 is age 16.0 and whiteNH and is entering the model
s11811 is age 16.0 and otherNH and is entering the model
s11812 is age 16.0 and whiteNH and is entering the model

Agents are attending venues and using apps for week 7 in simulation...


Epidemic Simulation
----------------------------
Simulation: 1/1
Timestep: 7/3640
Prevalence: 1905
Population Size: 11721
----------------------------
The ages, hiv status, and relationship status for the agents are being updated...
s03990 is blackNH, aged 26.16938461538462 in age group 16to20, with relationship status of 0 and is now HIV+.
s05138 is blackNH, aged 27.47938461538462 in age group 21to29, with relationship status of 1 and is now HIV+.
s05228 is blackNH, aged 16.57338461538462 in age group 21to29, with relationship status of 0 and is now HIV+.
s06217 is blackNH, aged 19.10138461538462 in age group 21to29, with relationship status of 1 and is now HIV+.
s06251 is blackNH, aged 20.34438461538462 in age group 21to29, with relationship status of 1 and is now HIV+.
s06451 is blackNH, aged 29.87438461538462 in age group 21to29, with relationship status of 1 and is now HIV+.
s06527 is blackNH, aged 20.76438461538462 in age group 21to29, with relationship status of 1 and is now HIV+.
s07403 is hispanic, aged 17.753384615384622 in age group 16to20, with relationship status of 0 and is now HIV+.
s09172 is hispanic, aged 24.80738461538462 in age group 21to29, with relationship status of 1 and is now HIV+.
s10147 is hispanic, aged 16.14638461538462 in age group 21to29, with relationship status of 1 and is now HIV+.

Agents are being removed from the simulation...
s00146 is aged 29.98438461538462, whiteNH and is leaving the simulation.
s00414 is aged 29.99538461538462, whiteNH and is leaving the simulation.
s03576 is aged 29.98838461538462, whiteNH and is leaving the simulation.
s03621 is aged 29.99938461538462, whiteNH and is leaving the simulation.
s03684 is aged 29.98838461538462, whiteNH and is leaving the simulation.
s03879 is aged 29.99038461538462, blackNH and is leaving the simulation.
s03918 is aged 29.99438461538462, blackNH and is leaving the simulation.
s04784 is aged 29.98338461538462, blackNH and is leaving the simulation.
s06456 is aged 29.99138461538462, blackNH and is leaving the simulation.
s06730 is aged 29.98138461538462, blackNH and is leaving the simulation.
s07736 is aged 29.98338461538462, hispanic and is leaving the simulation.
s07966 is aged 29.98138461538462, hispanic and is leaving the simulation.
s08139 is aged 29.99138461538462, hispanic and is leaving the simulation.
s08609 is aged 29.98438461538462, hispanic and is leaving the simulation.
s08680 is aged 29.99738461538462, hispanic and is leaving the simulation.
s08735 is aged 29.98338461538462, hispanic and is leaving the simulation.
s08806 is aged 29.98138461538462, hispanic and is leaving the simulation.
s11538 is aged 29.99538461538462, otherNH and is leaving the simulation.

Agents who have aged to a new age group are being updated...
s01624 is 21.01861538461539 and has aged to age group 21to29.
s01736 is 21.01061538461539 and has aged to age group 21to29.
s02589 is 21.01861538461539 and has aged to age group 21to29.
s06910 is 21.00761538461539 and has aged to age group 21to29.
s10935 is 21.01161538461539 and has aged to age group 21to29.
s11213 is 21.01261538461539 and has aged to age group 21to29.

New agents are being added to the simulation...
s11813 is age 16.0 and whiteNH and is entering the model
s11814 is age 16.0 and hispanic and is entering the model
s11815 is age 16.0 and hispanic and is entering the model
s11816 is age 16.0 and blackNH and is entering the model
s11817 is age 16.0 and whiteNH and is entering the model
s11818 is age 16.0 and hispanic and is entering the model
s11819 is age 16.0 and blackNH and is entering the model
s11820 is age 16.0 and blackNH and is entering the model
s11821 is age 16.0 and blackNH and is entering the model
s11822 is age 16.0 and hispanic and is entering the model
s11823 is age 16.0 and hispanic and is entering the model
s11824 is age 16.0 and hispanic and is entering the model

Agents are attending venues and using apps for week 8 in simulation...


Epidemic Simulation
----------------------------
Simulation: 1/1
Timestep: 8/3640
Prevalence: 1909
Population Size: 11715
----------------------------
The ages, hiv status, and relationship status for the agents are being updated...
s02948 is whiteNH, aged 18.88561538461539 in age group 21to29, with relationship status of 1 and is now HIV+.
s04061 is blackNH, aged 22.98261538461539 in age group 16to20, with relationship status of 1 and is now HIV+.
s05627 is blackNH, aged 16.25961538461539 in age group 21to29, with relationship status of 1 and is now HIV+.
s09620 is hispanic, aged 23.41561538461539 in age group 21to29, with relationship status of 1 and is now HIV+.
s10203 is hispanic, aged 24.211615384615392 in age group 21to29, with relationship status of 0 and is now HIV+.
s10475 is otherNH, aged 24.84161538461539 in age group 16to20, with relationship status of 0 and is now HIV+.

Agents are being removed from the simulation...
s00055 is aged 29.98961538461539, whiteNH and is leaving the simulation.
s02825 is aged 29.98861538461539, whiteNH and is leaving the simulation.
s03512 is aged 29.99861538461539, whiteNH and is leaving the simulation.
s03965 is aged 29.99161538461539, blackNH and is leaving the simulation.
s04053 is aged 29.987615384615392, blackNH and is leaving the simulation.
s04296 is aged 29.98261538461539, blackNH and is leaving the simulation.
s04809 is aged 29.993615384615392, blackNH and is leaving the simulation.
s05041 is aged 29.99261538461539, blackNH and is leaving the simulation.
s05505 is aged 29.98261538461539, blackNH and is leaving the simulation.
s06155 is aged 29.99461538461539, blackNH and is leaving the simulation.
s06933 is aged 29.99861538461539, hispanic and is leaving the simulation.
s08097 is aged 29.98361538461539, hispanic and is leaving the simulation.
s09114 is aged 29.990615384615392, hispanic and is leaving the simulation.
s09975 is aged 29.987615384615392, hispanic and is leaving the simulation.
s10257 is aged 29.98661538461539, hispanic and is leaving the simulation.

Agents who have aged to a new age group are being updated...
s02138 is 21.01484615384616 and has aged to age group 21to29.
s02795 is 21.00184615384616 and has aged to age group 21to29.
s03024 is 21.00884615384616 and has aged to age group 21to29.
s04366 is 21.00184615384616 and has aged to age group 21to29.
s04579 is 21.01184615384616 and has aged to age group 21to29.
s05184 is 21.00084615384616 and has aged to age group 21to29.
s06649 is 21.01184615384616 and has aged to age group 21to29.
s06843 is 21.00784615384616 and has aged to age group 21to29.
s07848 is 21.01884615384616 and has aged to age group 21to29.
s07893 is 21.003846153846162 and has aged to age group 21to29.
s09019 is 21.00884615384616 and has aged to age group 21to29.
s09047 is 21.01884615384616 and has aged to age group 21to29.
s09057 is 21.01784615384616 and has aged to age group 21to29.
s10151 is 21.01884615384616 and has aged to age group 21to29.
s10490 is 21.00884615384616 and has aged to age group 21to29.
s11400 is 21.01484615384616 and has aged to age group 21to29.
s11639 is 21.00084615384616 and has aged to age group 21to29.

New agents are being added to the simulation...
s11825 is age 16.0 and hispanic and is entering the model
s11826 is age 16.0 and otherNH and is entering the model
s11827 is age 16.0 and blackNH and is entering the model
s11828 is age 16.0 and whiteNH and is entering the model
s11829 is age 16.0 and blackNH and is entering the model
s11830 is age 16.0 and whiteNH and is entering the model
s11831 is age 16.0 and blackNH and is entering the model
s11832 is age 16.0 and hispanic and is entering the model
s11833 is age 16.0 and hispanic and is entering the model
s11834 is age 16.0 and whiteNH and is entering the model
s11835 is age 16.0 and whiteNH and is entering the model
s11836 is age 16.0 and otherNH and is entering the model
s11837 is age 16.0 and whiteNH and is entering the model
s11838 is age 16.0 and otherNH and is entering the model
s11839 is age 16.0 and blackNH and is entering the model
s11840 is age 16.0 and blackNH and is entering the model

Agents are attending venues and using apps for week 9 in simulation...


Epidemic Simulation
----------------------------
Simulation: 1/1
Timestep: 9/3640
Prevalence: 1907
Population Size: 11716
----------------------------
The ages, hiv status, and relationship status for the agents are being updated...

Agents are being removed from the simulation...
s00897 is aged 29.98984615384616, whiteNH and is leaving the simulation.
s01386 is aged 29.98384615384616, whiteNH and is leaving the simulation.
s01503 is aged 29.98584615384616, whiteNH and is leaving the simulation.
s02803 is aged 29.99584615384616, whiteNH and is leaving the simulation.
s03192 is aged 29.98184615384616, whiteNH and is leaving the simulation.
s03404 is aged 29.99784615384616, whiteNH and is leaving the simulation.
s05121 is aged 29.98784615384616, blackNH and is leaving the simulation.
s05185 is aged 29.99884615384616, blackNH and is leaving the simulation.
s05556 is aged 29.99684615384616, blackNH and is leaving the simulation.
s06855 is aged 21.19684615384616, hispanic and is leaving the simulation.
s08289 is aged 29.99784615384616, hispanic and is leaving the simulation.
s09543 is aged 29.98584615384616, hispanic and is leaving the simulation.
s10268 is aged 29.99884615384616, hispanic and is leaving the simulation.
s10478 is aged 29.98084615384616, otherNH and is leaving the simulation.
s10696 is aged 29.99184615384616, otherNH and is leaving the simulation.
s10897 is aged 29.99584615384616, otherNH and is leaving the simulation.

Agents who have aged to a new age group are being updated...
s00572 is 21.00107692307693 and has aged to age group 21to29.
s00677 is 21.00707692307693 and has aged to age group 21to29.
s00875 is 21.01707692307693 and has aged to age group 21to29.
s01418 is 21.01107692307693 and has aged to age group 21to29.
s01781 is 21.01307692307693 and has aged to age group 21to29.
s02233 is 21.01107692307693 and has aged to age group 21to29.
s02270 is 21.01907692307693 and has aged to age group 21to29.
s02890 is 21.00907692307693 and has aged to age group 21to29.
s03338 is 21.01307692307693 and has aged to age group 21to29.
s03774 is 21.00907692307693 and has aged to age group 21to29.
s04205 is 21.01607692307693 and has aged to age group 21to29.
s05053 is 21.00207692307693 and has aged to age group 21to29.
s05781 is 21.01607692307693 and has aged to age group 21to29.
s05991 is 21.01507692307693 and has aged to age group 21to29.
s06772 is 21.00607692307693 and has aged to age group 21to29.
s08530 is 21.00707692307693 and has aged to age group 21to29.
s09323 is 21.01707692307693 and has aged to age group 21to29.
s09409 is 21.01507692307693 and has aged to age group 21to29.
s10067 is 21.00307692307693 and has aged to age group 21to29.
s10339 is 21.00707692307693 and has aged to age group 21to29.
s11558 is 21.01507692307693 and has aged to age group 21to29.
s11652 is 21.00707692307693 and has aged to age group 21to29.

New agents are being added to the simulation...
s11841 is age 16.0 and blackNH and is entering the model
s11842 is age 16.0 and blackNH and is entering the model
s11843 is age 16.0 and blackNH and is entering the model
s11844 is age 16.0 and hispanic and is entering the model
s11845 is age 16.0 and otherNH and is entering the model
s11846 is age 16.0 and blackNH and is entering the model
s11847 is age 16.0 and blackNH and is entering the model
s11848 is age 16.0 and blackNH and is entering the model
s11849 is age 16.0 and otherNH and is entering the model
s11850 is age 16.0 and whiteNH and is entering the model
s11851 is age 16.0 and hispanic and is entering the model
s11852 is age 16.0 and blackNH and is entering the model
s11853 is age 16.0 and blackNH and is entering the model
s11854 is age 16.0 and whiteNH and is entering the model

Agents are attending venues and using apps for week 10 in simulation...


Epidemic Simulation
----------------------------
Simulation: 1/1
Timestep: 10/3640
Prevalence: 1908
Population Size: 11714
----------------------------
The ages, hiv status, and relationship status for the agents are being updated...
s06075 is blackNH, aged 23.49507692307693 in age group 21to29, with relationship status of 0 and is now HIV+.
s09341 is hispanic, aged 20.92107692307693 in age group 21to29, with relationship status of 1 and is now HIV+.
s11676 is otherNH, aged 29.77007692307693 in age group 21to29, with relationship status of 0 and is now HIV+.

Agents are being removed from the simulation...
s00070 is aged 29.99307692307693, whiteNH and is leaving the simulation.
s00310 is aged 29.98207692307693, whiteNH and is leaving the simulation.
s00474 is aged 29.99607692307693, whiteNH and is leaving the simulation.
s00567 is aged 29.98407692307693, whiteNH and is leaving the simulation.
s01703 is aged 26.57407692307693, whiteNH and is leaving the simulation.
s03363 is aged 29.98707692307693, whiteNH and is leaving the simulation.
s03543 is aged 29.98107692307693, whiteNH and is leaving the simulation.
s04209 is aged 29.98507692307693, blackNH and is leaving the simulation.
s04854 is aged 29.99607692307693, blackNH and is leaving the simulation.
s05031 is aged 29.98807692307693, blackNH and is leaving the simulation.
s05336 is aged 29.98507692307693, blackNH and is leaving the simulation.
s05731 is aged 29.99007692307693, blackNH and is leaving the simulation.
s07876 is aged 29.98107692307693, hispanic and is leaving the simulation.
s08432 is aged 29.98307692307693, hispanic and is leaving the simulation.
s09533 is aged 29.99207692307693, hispanic and is leaving the simulation.
s09578 is aged 29.98707692307693, hispanic and is leaving the simulation.
s09796 is aged 29.98307692307693, hispanic and is leaving the simulation.
s11199 is aged 29.98307692307693, otherNH and is leaving the simulation.

Agents who have aged to a new age group are being updated...
s00033 is 21.0113076923077 and has aged to age group 21to29.
s00409 is 21.0123076923077 and has aged to age group 21to29.
s00947 is 21.013307692307702 and has aged to age group 21to29.
s02648 is 21.0143076923077 and has aged to age group 21to29.
s02879 is 21.0123076923077 and has aged to age group 21to29.
s02967 is 21.013307692307702 and has aged to age group 21to29.
s03520 is 21.0013076923077 and has aged to age group 21to29.
s05007 is 21.0023076923077 and has aged to age group 21to29.
s05043 is 21.007307692307702 and has aged to age group 21to29.
s05695 is 21.016307692307702 and has aged to age group 21to29.
s06914 is 21.0013076923077 and has aged to age group 21to29.
s09164 is 21.0113076923077 and has aged to age group 21to29.
s09708 is 21.0113076923077 and has aged to age group 21to29.
s11572 is 21.0173076923077 and has aged to age group 21to29.

New agents are being added to the simulation...
s11855 is age 16.0 and otherNH and is entering the model
s11856 is age 16.0 and otherNH and is entering the model
s11857 is age 16.0 and blackNH and is entering the model
s11858 is age 16.0 and hispanic and is entering the model
s11859 is age 16.0 and whiteNH and is entering the model
s11860 is age 16.0 and whiteNH and is entering the model
s11861 is age 16.0 and hispanic and is entering the model
s11862 is age 16.0 and blackNH and is entering the model
s11863 is age 16.0 and blackNH and is entering the model
s11864 is age 16.0 and blackNH and is entering the model
s11865 is age 16.0 and blackNH and is entering the model

Agents are attending venues and using apps for week 11 in simulation...


Epidemic Simulation
----------------------------
Simulation: 1/1
Timestep: 11/3640
Prevalence: 1904
Population Size: 11707
----------------------------
The ages, hiv status, and relationship status for the agents are being updated...
s08224 is hispanic, aged 29.917307692307702 in age group 21to29, with relationship status of 1 and is now HIV+.

Agents are being removed from the simulation...
s00478 is aged 29.9853076923077, whiteNH and is leaving the simulation.
s00705 is aged 29.9973076923077, whiteNH and is leaving the simulation.
s00946 is aged 29.9933076923077, whiteNH and is leaving the simulation.
s03316 is aged 29.9833076923077, whiteNH and is leaving the simulation.
s03441 is aged 29.984307692307702, whiteNH and is leaving the simulation.
s03617 is aged 25.6583076923077, whiteNH and is leaving the simulation.
s04282 is aged 29.987307692307702, blackNH and is leaving the simulation.
s04753 is aged 29.981307692307702, blackNH and is leaving the simulation.
s05058 is aged 29.9953076923077, blackNH and is leaving the simulation.
s05236 is aged 29.9883076923077, blackNH and is leaving the simulation.
s06392 is aged 29.9863076923077, blackNH and is leaving the simulation.
s07246 is aged 29.9993076923077, hispanic and is leaving the simulation.
s07555 is aged 29.9823076923077, hispanic and is leaving the simulation.
s08163 is aged 29.9923076923077, hispanic and is leaving the simulation.
s08183 is aged 29.984307692307702, hispanic and is leaving the simulation.
s09021 is aged 29.9853076923077, hispanic and is leaving the simulation.
s09838 is aged 29.9923076923077, hispanic and is leaving the simulation.

Agents who have aged to a new age group are being updated...
s00858 is 21.00553846153847 and has aged to age group 21to29.
s01206 is 21.00153846153847 and has aged to age group 21to29.
s01874 is 21.000538461538472 and has aged to age group 21to29.
s02402 is 21.00453846153847 and has aged to age group 21to29.
s03021 is 21.00853846153847 and has aged to age group 21to29.
s03176 is 21.01453846153847 and has aged to age group 21to29.
s03378 is 21.00153846153847 and has aged to age group 21to29.
s04653 is 21.00453846153847 and has aged to age group 21to29.
s04798 is 21.01453846153847 and has aged to age group 21to29.
s05086 is 21.00253846153847 and has aged to age group 21to29.
s05718 is 21.00753846153847 and has aged to age group 21to29.
s06554 is 21.01853846153847 and has aged to age group 21to29.
s06743 is 21.01453846153847 and has aged to age group 21to29.
s07604 is 21.009538461538472 and has aged to age group 21to29.
s07667 is 21.01553846153847 and has aged to age group 21to29.
s08321 is 21.01653846153847 and has aged to age group 21to29.
s08552 is 21.01353846153847 and has aged to age group 21to29.
s09382 is 21.01153846153847 and has aged to age group 21to29.
s09471 is 21.01453846153847 and has aged to age group 21to29.
s09787 is 21.006538461538472 and has aged to age group 21to29.
s09816 is 21.00453846153847 and has aged to age group 21to29.
s10356 is 21.00853846153847 and has aged to age group 21to29.

New agents are being added to the simulation...
s11866 is age 16.0 and otherNH and is entering the model
s11867 is age 16.0 and otherNH and is entering the model
s11868 is age 16.0 and hispanic and is entering the model
s11869 is age 16.0 and whiteNH and is entering the model
s11870 is age 16.0 and blackNH and is entering the model
s11871 is age 16.0 and blackNH and is entering the model
s11872 is age 16.0 and hispanic and is entering the model
s11873 is age 16.0 and whiteNH and is entering the model
s11874 is age 16.0 and blackNH and is entering the model

Agents are attending venues and using apps for week 12 in simulation...


Epidemic Simulation
----------------------------
Simulation: 1/1
Timestep: 12/3640
Prevalence: 1907
Population Size: 11699
----------------------------
The ages, hiv status, and relationship status for the agents are being updated...
s02257 is whiteNH, aged 21.29253846153847 in age group 21to29, with relationship status of 0 and is now HIV+.
s06167 is blackNH, aged 21.67053846153847 in age group 21to29, with relationship status of 0 and is now HIV+.
s06358 is blackNH, aged 18.78753846153847 in age group 21to29, with relationship status of 1 and is now HIV+.
s06909 is hispanic, aged 29.80553846153847 in age group 16to20, with relationship status of 0 and is now HIV+.

Agents are being removed from the simulation...
s00821 is aged 29.98353846153847, whiteNH and is leaving the simulation.
s00848 is aged 29.99853846153847, whiteNH and is leaving the simulation.
s00920 is aged 29.99553846153847, whiteNH and is leaving the simulation.
s00973 is aged 29.99853846153847, whiteNH and is leaving the simulation.
s02168 is aged 29.98153846153847, whiteNH and is leaving the simulation.
s02359 is aged 29.99353846153847, whiteNH and is leaving the simulation.
s02658 is aged 29.99053846153847, whiteNH and is leaving the simulation.
s02677 is aged 29.99953846153847, whiteNH and is leaving the simulation.
s03597 is aged 29.99853846153847, whiteNH and is leaving the simulation.
s04991 is aged 29.99653846153847, blackNH and is leaving the simulation.
s05237 is aged 29.99253846153847, blackNH and is leaving the simulation.
s05400 is aged 29.99153846153847, blackNH and is leaving the simulation.
s05814 is aged 29.99353846153847, blackNH and is leaving the simulation.
s06170 is aged 29.98453846153847, blackNH and is leaving the simulation.
s06886 is aged 29.99653846153847, hispanic and is leaving the simulation.
s07527 is aged 29.98553846153847, hispanic and is leaving the simulation.
s08395 is aged 29.98953846153847, hispanic and is leaving the simulation.
s08429 is aged 29.98653846153847, hispanic and is leaving the simulation.
s08568 is aged 29.98653846153847, hispanic and is leaving the simulation.
s08583 is aged 29.99853846153847, hispanic and is leaving the simulation.
s08970 is aged 29.994538461538472, hispanic and is leaving the simulation.
s09958 is aged 29.99253846153847, hispanic and is leaving the simulation.
s10732 is aged 29.98753846153847, otherNH and is leaving the simulation.

Agents who have aged to a new age group are being updated...
s01013 is 21.01476923076924 and has aged to age group 21to29.
s02770 is 21.016769230769242 and has aged to age group 21to29.
s03952 is 21.01876923076924 and has aged to age group 21to29.
s04698 is 21.01176923076924 and has aged to age group 21to29.
s05477 is 21.00876923076924 and has aged to age group 21to29.
s05819 is 21.00076923076924 and has aged to age group 21to29.
s07298 is 21.00376923076924 and has aged to age group 21to29.
s07646 is 21.01276923076924 and has aged to age group 21to29.
s08723 is 21.01776923076924 and has aged to age group 21to29.
s09121 is 21.00876923076924 and has aged to age group 21to29.
s09937 is 21.01076923076924 and has aged to age group 21to29.
s10007 is 21.00876923076924 and has aged to age group 21to29.
s11026 is 21.01076923076924 and has aged to age group 21to29.
s11200 is 21.00376923076924 and has aged to age group 21to29.
s11383 is 21.00576923076924 and has aged to age group 21to29.
s11619 is 21.01576923076924 and has aged to age group 21to29.

New agents are being added to the simulation...
s11875 is age 16.0 and hispanic and is entering the model
s11876 is age 16.0 and whiteNH and is entering the model
s11877 is age 16.0 and whiteNH and is entering the model
s11878 is age 16.0 and hispanic and is entering the model
s11879 is age 16.0 and hispanic and is entering the model
s11880 is age 16.0 and otherNH and is entering the model
s11881 is age 16.0 and blackNH and is entering the model
s11882 is age 16.0 and hispanic and is entering the model
s11883 is age 16.0 and whiteNH and is entering the model
s11884 is age 16.0 and whiteNH and is entering the model
s11885 is age 16.0 and whiteNH and is entering the model
s11886 is age 16.0 and hispanic and is entering the model
s11887 is age 16.0 and hispanic and is entering the model
s11888 is age 16.0 and blackNH and is entering the model
s11889 is age 16.0 and hispanic and is entering the model
s11890 is age 16.0 and hispanic and is entering the model
s11891 is age 16.0 and whiteNH and is entering the model
s11892 is age 16.0 and hispanic and is entering the model

Agents are attending venues and using apps for week 13 in simulation...


Epidemic Simulation
----------------------------
Simulation: 1/1
Timestep: 13/3640
Prevalence: 1904
Population Size: 11694
----------------------------
The ages, hiv status, and relationship status for the agents are being updated...
s06446 is blackNH, aged 28.211769230769242 in age group 21to29, with relationship status of 0 and is now HIV+.

Agents are being removed from the simulation...
s00214 is aged 29.99676923076924, whiteNH and is leaving the simulation.
s00726 is aged 29.98276923076924, whiteNH and is leaving the simulation.
s00826 is aged 29.987769230769242, whiteNH and is leaving the simulation.
s01017 is aged 29.993769230769242, whiteNH and is leaving the simulation.
s01271 is aged 29.993769230769242, whiteNH and is leaving the simulation.
s02643 is aged 29.98976923076924, whiteNH and is leaving the simulation.
s03008 is aged 29.98576923076924, whiteNH and is leaving the simulation.
s03654 is aged 29.99976923076924, whiteNH and is leaving the simulation.
s04574 is aged 29.99976923076924, blackNH and is leaving the simulation.
s06195 is aged 29.98876923076924, blackNH and is leaving the simulation.
s06451 is aged 29.98976923076924, blackNH and is leaving the simulation.
s07585 is aged 29.99276923076924, hispanic and is leaving the simulation.
s08484 is aged 29.98376923076924, hispanic and is leaving the simulation.
s09368 is aged 29.99476923076924, hispanic and is leaving the simulation.
s10044 is aged 29.98676923076924, hispanic and is leaving the simulation.
s10681 is aged 29.98976923076924, otherNH and is leaving the simulation.
s10889 is aged 29.98676923076924, otherNH and is leaving the simulation.
s11466 is aged 29.98876923076924, otherNH and is leaving the simulation.

Agents who have aged to a new age group are being updated...
s00669 is 21.01100000000001 and has aged to age group 21to29.
s01837 is 21.00900000000001 and has aged to age group 21to29.
s02582 is 21.00000000000001 and has aged to age group 21to29.
s03058 is 21.00900000000001 and has aged to age group 21to29.
s03836 is 21.01400000000001 and has aged to age group 21to29.
s05104 is 21.00200000000001 and has aged to age group 21to29.
s06646 is 21.00900000000001 and has aged to age group 21to29.
s07445 is 21.01200000000001 and has aged to age group 21to29.
s09309 is 21.00500000000001 and has aged to age group 21to29.
s10373 is 21.00500000000001 and has aged to age group 21to29.
s10559 is 21.001000000000012 and has aged to age group 21to29.
s10986 is 21.00300000000001 and has aged to age group 21to29.
s11003 is 21.00800000000001 and has aged to age group 21to29.
s11216 is 21.01700000000001 and has aged to age group 21to29.

New agents are being added to the simulation...
s11893 is age 16.0 and hispanic and is entering the model
s11894 is age 16.0 and otherNH and is entering the model
s11895 is age 16.0 and blackNH and is entering the model
s11896 is age 16.0 and blackNH and is entering the model
s11897 is age 16.0 and whiteNH and is entering the model
s11898 is age 16.0 and hispanic and is entering the model
s11899 is age 16.0 and whiteNH and is entering the model
s11900 is age 16.0 and hispanic and is entering the model
s11901 is age 16.0 and otherNH and is entering the model
s11902 is age 16.0 and otherNH and is entering the model
s11903 is age 16.0 and blackNH and is entering the model
s11904 is age 16.0 and blackNH and is entering the model
s11905 is age 16.0 and whiteNH and is entering the model
s11906 is age 16.0 and whiteNH and is entering the model
s11907 is age 16.0 and whiteNH and is entering the model
s11908 is age 16.0 and whiteNH and is entering the model
s11909 is age 16.0 and blackNH and is entering the model
s11910 is age 16.0 and hispanic and is entering the model
s11911 is age 16.0 and blackNH and is entering the model
s11912 is age 16.0 and hispanic and is entering the model
s11913 is age 16.0 and hispanic and is entering the model

Agents are attending venues and using apps for week 14 in simulation...


Epidemic Simulation
----------------------------
Simulation: 1/1
Timestep: 14/3640
Prevalence: 1903
Population Size: 11697
----------------------------
The ages, hiv status, and relationship status for the agents are being updated...
s07681 is hispanic, aged 16.754000000000012 in age group 16to20, with relationship status of 0 and is now HIV+.

Agents are being removed from the simulation...
s00736 is aged 29.984000000000012, whiteNH and is leaving the simulation.
s01095 is aged 29.99100000000001, whiteNH and is leaving the simulation.
s01795 is aged 29.99000000000001, whiteNH and is leaving the simulation.
s01947 is aged 29.98500000000001, whiteNH and is leaving the simulation.
s02669 is aged 29.99200000000001, whiteNH and is leaving the simulation.
s02787 is aged 29.98200000000001, whiteNH and is leaving the simulation.
s04155 is aged 29.99400000000001, blackNH and is leaving the simulation.
s04915 is aged 29.98200000000001, blackNH and is leaving the simulation.
s05028 is aged 29.99800000000001, blackNH and is leaving the simulation.
s05680 is aged 29.99700000000001, blackNH and is leaving the simulation.
s07316 is aged 29.99600000000001, hispanic and is leaving the simulation.
s07335 is aged 29.99800000000001, hispanic and is leaving the simulation.
s07379 is aged 29.98900000000001, hispanic and is leaving the simulation.
s07443 is aged 29.99800000000001, hispanic and is leaving the simulation.
s07584 is aged 29.99100000000001, hispanic and is leaving the simulation.
s08890 is aged 29.98900000000001, hispanic and is leaving the simulation.
s09819 is aged 29.98600000000001, hispanic and is leaving the simulation.
s10394 is aged 29.99900000000001, hispanic and is leaving the simulation.
s11319 is aged 29.99700000000001, otherNH and is leaving the simulation.

Agents who have aged to a new age group are being updated...
s00181 is 21.00123076923078 and has aged to age group 21to29.
s01070 is 21.00623076923078 and has aged to age group 21to29.
s01845 is 21.00623076923078 and has aged to age group 21to29.
s01942 is 21.01823076923078 and has aged to age group 21to29.
s03510 is 21.017230769230782 and has aged to age group 21to29.
s03875 is 21.003230769230782 and has aged to age group 21to29.
s04384 is 21.01323076923078 and has aged to age group 21to29.
s04830 is 21.01523076923078 and has aged to age group 21to29.
s06533 is 21.00723076923078 and has aged to age group 21to29.
s08773 is 21.00423076923078 and has aged to age group 21to29.
s09341 is 21.017230769230782 and has aged to age group 21to29.
s11680 is 21.01323076923078 and has aged to age group 21to29.

New agents are being added to the simulation...
s11914 is age 16.0 and blackNH and is entering the model
s11915 is age 16.0 and whiteNH and is entering the model
s11916 is age 16.0 and hispanic and is entering the model
s11917 is age 16.0 and blackNH and is entering the model
s11918 is age 16.0 and blackNH and is entering the model
s11919 is age 16.0 and whiteNH and is entering the model
s11920 is age 16.0 and whiteNH and is entering the model
s11921 is age 16.0 and hispanic and is entering the model
s11922 is age 16.0 and hispanic and is entering the model
s11923 is age 16.0 and whiteNH and is entering the model
s11924 is age 16.0 and blackNH and is entering the model
s11925 is age 16.0 and whiteNH and is entering the model

Agents are attending venues and using apps for week 15 in simulation...


Epidemic Simulation
----------------------------
Simulation: 1/1
Timestep: 15/3640
Prevalence: 1902
Population Size: 11690
----------------------------
The ages, hiv status, and relationship status for the agents are being updated...
s06142 is blackNH, aged 22.31823076923078 in age group 21to29, with relationship status of 0 and is now HIV+.
s06763 is blackNH, aged 27.73123076923078 in age group 21to29, with relationship status of 0 and is now HIV+.

Agents are being removed from the simulation...
s02316 is aged 29.985230769230782, whiteNH and is leaving the simulation.
s02568 is aged 29.99223076923078, whiteNH and is leaving the simulation.
s03461 is aged 29.988230769230782, whiteNH and is leaving the simulation.
s03738 is aged 29.997230769230782, whiteNH and is leaving the simulation.
s05080 is aged 29.99323076923078, blackNH and is leaving the simulation.
s05191 is aged 29.98223076923078, blackNH and is leaving the simulation.
s05644 is aged 29.99923076923078, blackNH and is leaving the simulation.
s06690 is aged 29.98723076923078, blackNH and is leaving the simulation.
s06766 is aged 29.991230769230782, blackNH and is leaving the simulation.
s07160 is aged 29.99623076923078, hispanic and is leaving the simulation.
s07621 is aged 29.99623076923078, hispanic and is leaving the simulation.
s08224 is aged 29.994230769230782, hispanic and is leaving the simulation.
s08697 is aged 29.98923076923078, hispanic and is leaving the simulation.
s08809 is aged 29.99023076923078, hispanic and is leaving the simulation.
s10425 is aged 29.991230769230782, otherNH and is leaving the simulation.

Agents who have aged to a new age group are being updated...
s00434 is 21.016461538461552 and has aged to age group 21to29.
s03261 is 21.00346153846155 and has aged to age group 21to29.
s03375 is 21.004461538461552 and has aged to age group 21to29.
s03857 is 21.013461538461552 and has aged to age group 21to29.
s03903 is 21.01146153846155 and has aged to age group 21to29.
s03924 is 21.00946153846155 and has aged to age group 21to29.
s05118 is 21.00646153846155 and has aged to age group 21to29.
s07723 is 21.00246153846155 and has aged to age group 21to29.
s07872 is 21.004461538461552 and has aged to age group 21to29.
s08891 is 21.016461538461552 and has aged to age group 21to29.
s08892 is 21.00846153846155 and has aged to age group 21to29.
s09074 is 21.00646153846155 and has aged to age group 21to29.
s09210 is 21.00146153846155 and has aged to age group 21to29.
s09616 is 21.016461538461552 and has aged to age group 21to29.
s10647 is 21.01846153846155 and has aged to age group 21to29.
s11224 is 21.00546153846155 and has aged to age group 21to29.

New agents are being added to the simulation...
s11926 is age 16.0 and whiteNH and is entering the model
s11927 is age 16.0 and blackNH and is entering the model
s11928 is age 16.0 and blackNH and is entering the model
s11929 is age 16.0 and blackNH and is entering the model
s11930 is age 16.0 and whiteNH and is entering the model
s11931 is age 16.0 and hispanic and is entering the model
s11932 is age 16.0 and blackNH and is entering the model
s11933 is age 16.0 and whiteNH and is entering the model
s11934 is age 16.0 and whiteNH and is entering the model
s11935 is age 16.0 and whiteNH and is entering the model
s11936 is age 16.0 and whiteNH and is entering the model
s11937 is age 16.0 and hispanic and is entering the model

Agents are attending venues and using apps for week 16 in simulation...


Epidemic Simulation
----------------------------
Simulation: 1/1
Timestep: 16/3640
Prevalence: 1899
Population Size: 11687
----------------------------
The ages, hiv status, and relationship status for the agents are being updated...
s04418 is blackNH, aged 26.31746153846155 in age group 16to20, with relationship status of 0 and is now HIV+.

Agents are being removed from the simulation...
s00230 is aged 29.98246153846155, whiteNH and is leaving the simulation.
s01274 is aged 29.98846153846155, whiteNH and is leaving the simulation.
s01491 is aged 29.984461538461552, whiteNH and is leaving the simulation.
s03291 is aged 29.99446153846155, whiteNH and is leaving the simulation.
s05293 is aged 25.222461538461552, blackNH and is leaving the simulation.
s05812 is aged 29.99646153846155, blackNH and is leaving the simulation.
s06727 is aged 29.99346153846155, blackNH and is leaving the simulation.
s06731 is aged 29.98646153846155, blackNH and is leaving the simulation.
s07997 is aged 29.98846153846155, hispanic and is leaving the simulation.
s11070 is aged 29.98246153846155, otherNH and is leaving the simulation.

Agents who have aged to a new age group are being updated...
s00438 is 21.01369230769232 and has aged to age group 21to29.
s00808 is 21.01569230769232 and has aged to age group 21to29.
s01068 is 21.00869230769232 and has aged to age group 21to29.
s01331 is 21.01469230769232 and has aged to age group 21to29.
s01654 is 21.01869230769232 and has aged to age group 21to29.
s01935 is 21.000692307692322 and has aged to age group 21to29.
s02038 is 21.01469230769232 and has aged to age group 21to29.
s02536 is 21.00869230769232 and has aged to age group 21to29.
s02599 is 21.00269230769232 and has aged to age group 21to29.
s02935 is 21.00869230769232 and has aged to age group 21to29.
s03006 is 21.00169230769232 and has aged to age group 21to29.
s03531 is 21.006692307692322 and has aged to age group 21to29.
s05225 is 21.006692307692322 and has aged to age group 21to29.
s05770 is 21.006692307692322 and has aged to age group 21to29.
s07211 is 21.006692307692322 and has aged to age group 21to29.
s07670 is 21.01669230769232 and has aged to age group 21to29.
s09674 is 21.01669230769232 and has aged to age group 21to29.
s09930 is 21.01369230769232 and has aged to age group 21to29.
s10518 is 21.00469230769232 and has aged to age group 21to29.

New agents are being added to the simulation...
s11938 is age 16.0 and blackNH and is entering the model
s11939 is age 16.0 and whiteNH and is entering the model
s11940 is age 16.0 and whiteNH and is entering the model
s11941 is age 16.0 and whiteNH and is entering the model
s11942 is age 16.0 and hispanic and is entering the model
s11943 is age 16.0 and blackNH and is entering the model
s11944 is age 16.0 and otherNH and is entering the model
s11945 is age 16.0 and whiteNH and is entering the model
s11946 is age 16.0 and hispanic and is entering the model
s11947 is age 16.0 and hispanic and is entering the model
s11948 is age 16.0 and blackNH and is entering the model

Agents are attending venues and using apps for week 17 in simulation...


Epidemic Simulation
----------------------------
Simulation: 1/1
Timestep: 17/3640
Prevalence: 1901
Population Size: 11688
----------------------------
The ages, hiv status, and relationship status for the agents are being updated...
s00963 is whiteNH, aged 18.07369230769232 in age group 16to20, with relationship status of 0 and is now HIV+.
s04487 is blackNH, aged 19.651692307692322 in age group 16to20, with relationship status of 0 and is now HIV+.
s06587 is blackNH, aged 17.67069230769232 in age group 21to29, with relationship status of 0 and is now HIV+.
s07944 is hispanic, aged 28.10369230769232 in age group 16to20, with relationship status of 0 and is now HIV+.

Agents are being removed from the simulation...
s00130 is aged 29.98869230769232, whiteNH and is leaving the simulation.
s00797 is aged 29.99669230769232, whiteNH and is leaving the simulation.
s01005 is aged 29.98169230769232, whiteNH and is leaving the simulation.
s01223 is aged 29.99669230769232, whiteNH and is leaving the simulation.
s01627 is aged 29.98869230769232, whiteNH and is leaving the simulation.
s01767 is aged 29.99369230769232, whiteNH and is leaving the simulation.
s03059 is aged 29.99869230769232, whiteNH and is leaving the simulation.
s03351 is aged 29.98869230769232, whiteNH and is leaving the simulation.
s04392 is aged 29.98569230769232, blackNH and is leaving the simulation.
s05392 is aged 29.991692307692322, blackNH and is leaving the simulation.
s05664 is aged 29.99069230769232, blackNH and is leaving the simulation.
s07614 is aged 29.99869230769232, hispanic and is leaving the simulation.
s08401 is aged 29.99269230769232, hispanic and is leaving the simulation.
s09083 is aged 29.991692307692322, hispanic and is leaving the simulation.
s09187 is aged 29.991692307692322, hispanic and is leaving the simulation.
s10806 is aged 29.99969230769232, otherNH and is leaving the simulation.

Agents who have aged to a new age group are being updated...
s01415 is 21.00692307692309 and has aged to age group 21to29.
s02052 is 21.010923076923092 and has aged to age group 21to29.
s02603 is 21.00192307692309 and has aged to age group 21to29.
s02905 is 21.00392307692309 and has aged to age group 21to29.
s02939 is 21.00092307692309 and has aged to age group 21to29.
s03125 is 21.00692307692309 and has aged to age group 21to29.
s03240 is 21.00592307692309 and has aged to age group 21to29.
s04158 is 21.00392307692309 and has aged to age group 21to29.
s04905 is 21.00292307692309 and has aged to age group 21to29.
s05177 is 21.00892307692309 and has aged to age group 21to29.
s05332 is 21.00092307692309 and has aged to age group 21to29.
s05979 is 21.00492307692309 and has aged to age group 21to29.
s06354 is 21.00892307692309 and has aged to age group 21to29.
s07433 is 21.010923076923092 and has aged to age group 21to29.
s08669 is 21.00192307692309 and has aged to age group 21to29.
s09015 is 21.007923076923092 and has aged to age group 21to29.
s09506 is 21.00192307692309 and has aged to age group 21to29.
s09768 is 21.01292307692309 and has aged to age group 21to29.
s10058 is 21.016923076923092 and has aged to age group 21to29.
s10847 is 21.01592307692309 and has aged to age group 21to29.

New agents are being added to the simulation...
s11949 is age 16.0 and blackNH and is entering the model
s11950 is age 16.0 and otherNH and is entering the model
s11951 is age 16.0 and whiteNH and is entering the model
s11952 is age 16.0 and blackNH and is entering the model
s11953 is age 16.0 and hispanic and is entering the model
s11954 is age 16.0 and whiteNH and is entering the model
s11955 is age 16.0 and blackNH and is entering the model
s11956 is age 16.0 and whiteNH and is entering the model
s11957 is age 16.0 and whiteNH and is entering the model
s11958 is age 16.0 and blackNH and is entering the model
s11959 is age 16.0 and blackNH and is entering the model

Agents are attending venues and using apps for week 18 in simulation...


Epidemic Simulation
----------------------------
Simulation: 1/1
Timestep: 18/3640
Prevalence: 1903
Population Size: 11683
----------------------------
The ages, hiv status, and relationship status for the agents are being updated...
s05358 is blackNH, aged 27.78192307692309 in age group 21to29, with relationship status of 0 and is now HIV+.
s05408 is blackNH, aged 19.051923076923092 in age group 21to29, with relationship status of 0 and is now HIV+.
s06266 is blackNH, aged 23.679923076923092 in age group 21to29, with relationship status of 0 and is now HIV+.

Agents are being removed from the simulation...
s00051 is aged 29.990923076923092, whiteNH and is leaving the simulation.
s00428 is aged 29.98392307692309, whiteNH and is leaving the simulation.
s01604 is aged 29.98292307692309, whiteNH and is leaving the simulation.
s02401 is aged 29.993923076923092, whiteNH and is leaving the simulation.
s03209 is aged 29.984923076923092, whiteNH and is leaving the simulation.
s03838 is aged 29.99192307692309, blackNH and is leaving the simulation.
s04304 is aged 29.98292307692309, blackNH and is leaving the simulation.
s04942 is aged 29.990923076923092, blackNH and is leaving the simulation.
s05203 is aged 29.99192307692309, blackNH and is leaving the simulation.
s05820 is aged 29.990923076923092, blackNH and is leaving the simulation.
s05984 is aged 20.417923076923092, blackNH and is leaving the simulation.
s09339 is aged 29.984923076923092, hispanic and is leaving the simulation.
s09637 is aged 29.98892307692309, hispanic and is leaving the simulation.
s11271 is aged 29.98992307692309, otherNH and is leaving the simulation.

Agents who have aged to a new age group are being updated...
s00196 is 21.001153846153862 and has aged to age group 21to29.
s01318 is 21.019153846153863 and has aged to age group 21to29.
s01973 is 21.004153846153862 and has aged to age group 21to29.
s01976 is 21.00915384615386 and has aged to age group 21to29.
s02243 is 21.00915384615386 and has aged to age group 21to29.
s02411 is 21.01415384615386 and has aged to age group 21to29.
s02608 is 21.01115384615386 and has aged to age group 21to29.
s03668 is 21.01815384615386 and has aged to age group 21to29.
s03904 is 21.00515384615386 and has aged to age group 21to29.
s04332 is 21.013153846153863 and has aged to age group 21to29.
s04884 is 21.01215384615386 and has aged to age group 21to29.
s05383 is 21.010153846153862 and has aged to age group 21to29.
s05666 is 21.010153846153862 and has aged to age group 21to29.
s06135 is 21.004153846153862 and has aged to age group 21to29.
s08757 is 21.010153846153862 and has aged to age group 21to29.
s09609 is 21.01415384615386 and has aged to age group 21to29.
s10134 is 21.019153846153863 and has aged to age group 21to29.

New agents are being added to the simulation...
s11960 is age 16.0 and hispanic and is entering the model
s11961 is age 16.0 and whiteNH and is entering the model
s11962 is age 16.0 and whiteNH and is entering the model
s11963 is age 16.0 and blackNH and is entering the model
s11964 is age 16.0 and blackNH and is entering the model
s11965 is age 16.0 and whiteNH and is entering the model
s11966 is age 16.0 and hispanic and is entering the model
s11967 is age 16.0 and hispanic and is entering the model
s11968 is age 16.0 and otherNH and is entering the model
s11969 is age 16.0 and blackNH and is entering the model
s11970 is age 16.0 and blackNH and is entering the model
s11971 is age 16.0 and hispanic and is entering the model
s11972 is age 16.0 and blackNH and is entering the model
s11973 is age 16.0 and hispanic and is entering the model
s11974 is age 16.0 and whiteNH and is entering the model

Agents are attending venues and using apps for week 19 in simulation...


Epidemic Simulation
----------------------------
Simulation: 1/1
Timestep: 19/3640
Prevalence: 1898
Population Size: 11684
----------------------------
The ages, hiv status, and relationship status for the agents are being updated...
s11821 is blackNH, aged 16.21153846153847 in age group 16to20, with relationship status of 0 and is now HIV+.

Agents are being removed from the simulation...
s01700 is aged 29.981153846153862, whiteNH and is leaving the simulation.
s04241 is aged 29.99415384615386, blackNH and is leaving the simulation.
s05167 is aged 29.99215384615386, blackNH and is leaving the simulation.
s05582 is aged 29.98315384615386, blackNH and is leaving the simulation.
s06238 is aged 29.981153846153862, blackNH and is leaving the simulation.
s06804 is aged 29.98515384615386, blackNH and is leaving the simulation.
s06950 is aged 29.995153846153862, hispanic and is leaving the simulation.
s07107 is aged 29.99015384615386, hispanic and is leaving the simulation.
s07635 is aged 29.98515384615386, hispanic and is leaving the simulation.
s09100 is aged 29.995153846153862, hispanic and is leaving the simulation.
s10082 is aged 29.98215384615386, hispanic and is leaving the simulation.
s10248 is aged 29.98215384615386, hispanic and is leaving the simulation.
s10631 is aged 29.984153846153863, otherNH and is leaving the simulation.
s11295 is aged 29.99915384615386, otherNH and is leaving the simulation.

Agents who have aged to a new age group are being updated...
s00182 is 21.01238461538463 and has aged to age group 21to29.
s03614 is 21.01538461538463 and has aged to age group 21to29.
s04789 is 21.00738461538463 and has aged to age group 21to29.
s06527 is 21.014384615384632 and has aged to age group 21to29.
s06908 is 21.000384615384633 and has aged to age group 21to29.
s07010 is 21.003384615384633 and has aged to age group 21to29.
s07099 is 21.01838461538463 and has aged to age group 21to29.
s08688 is 21.01638461538463 and has aged to age group 21to29.
s08695 is 21.01138461538463 and has aged to age group 21to29.
s09218 is 21.01538461538463 and has aged to age group 21to29.
s09877 is 21.00938461538463 and has aged to age group 21to29.
s10141 is 21.01238461538463 and has aged to age group 21to29.
s10426 is 21.003384615384633 and has aged to age group 21to29.

New agents are being added to the simulation...
s11975 is age 16.0 and otherNH and is entering the model
s11976 is age 16.0 and hispanic and is entering the model
s11977 is age 16.0 and whiteNH and is entering the model
s11978 is age 16.0 and blackNH and is entering the model
s11979 is age 16.0 and whiteNH and is entering the model
s11980 is age 16.0 and blackNH and is entering the model
s11981 is age 16.0 and whiteNH and is entering the model
s11982 is age 16.0 and hispanic and is entering the model
s11983 is age 16.0 and otherNH and is entering the model
s11984 is age 16.0 and whiteNH and is entering the model
s11985 is age 16.0 and blackNH and is entering the model
s11986 is age 16.0 and blackNH and is entering the model
s11987 is age 16.0 and blackNH and is entering the model
s11988 is age 16.0 and blackNH and is entering the model
s11989 is age 16.0 and otherNH and is entering the model
s11990 is age 16.0 and hispanic and is entering the model
s11991 is age 16.0 and blackNH and is entering the model
s11992 is age 16.0 and otherNH and is entering the model
s11993 is age 16.0 and otherNH and is entering the model
s11994 is age 16.0 and hispanic and is entering the model
s11995 is age 16.0 and whiteNH and is entering the model

Agents are attending venues and using apps for week 20 in simulation...


Epidemic Simulation
----------------------------
Simulation: 1/1
Timestep: 20/3640
Prevalence: 1899
Population Size: 11691
----------------------------
The ages, hiv status, and relationship status for the agents are being updated...
s01233 is whiteNH, aged 29.767384615384632 in age group 16to20, with relationship status of 1 and is now HIV+.
s03974 is blackNH, aged 22.17638461538463 in age group 16to20, with relationship status of 0 and is now HIV+.
s04374 is blackNH, aged 25.36138461538463 in age group 16to20, with relationship status of 1 and is now HIV+.
s07435 is hispanic, aged 22.38338461538463 in age group 16to20, with relationship status of 1 and is now HIV+.

Agents are being removed from the simulation...
s00315 is aged 19.62738461538463, whiteNH and is leaving the simulation.
s02412 is aged 29.982384615384632, whiteNH and is leaving the simulation.
s02873 is aged 29.98738461538463, whiteNH and is leaving the simulation.
s03133 is aged 29.985384615384632, whiteNH and is leaving the simulation.
s04678 is aged 29.98338461538463, blackNH and is leaving the simulation.
s05276 is aged 29.98638461538463, blackNH and is leaving the simulation.
s06005 is aged 29.98938461538463, blackNH and is leaving the simulation.
s06571 is aged 29.99238461538463, blackNH and is leaving the simulation.
s06652 is aged 29.98638461538463, blackNH and is leaving the simulation.
s06916 is aged 29.997384615384632, hispanic and is leaving the simulation.
s07497 is aged 29.997384615384632, hispanic and is leaving the simulation.
s07660 is aged 29.99838461538463, hispanic and is leaving the simulation.
s08024 is aged 29.99938461538463, hispanic and is leaving the simulation.
s08116 is aged 29.985384615384632, hispanic and is leaving the simulation.
s08251 is aged 29.99638461538463, hispanic and is leaving the simulation.
s08416 is aged 29.991384615384632, hispanic and is leaving the simulation.
s10128 is aged 29.98338461538463, hispanic and is leaving the simulation.
s10405 is aged 29.985384615384632, hispanic and is leaving the simulation.

Agents who have aged to a new age group are being updated...
s00362 is 21.0116153846154 and has aged to age group 21to29.
s00720 is 21.0176153846154 and has aged to age group 21to29.
s02841 is 21.0096153846154 and has aged to age group 21to29.
s03362 is 21.0186153846154 and has aged to age group 21to29.
s03892 is 21.0126153846154 and has aged to age group 21to29.
s04688 is 21.0146153846154 and has aged to age group 21to29.
s05277 is 21.0186153846154 and has aged to age group 21to29.
s06515 is 21.0156153846154 and has aged to age group 21to29.
s07012 is 21.007615384615402 and has aged to age group 21to29.
s07137 is 21.0006153846154 and has aged to age group 21to29.
s07233 is 21.016615384615402 and has aged to age group 21to29.
s07534 is 21.0126153846154 and has aged to age group 21to29.
s07598 is 21.0036153846154 and has aged to age group 21to29.
s07611 is 21.0056153846154 and has aged to age group 21to29.
s07783 is 21.0006153846154 and has aged to age group 21to29.
s07784 is 21.004615384615402 and has aged to age group 21to29.
s07793 is 21.0026153846154 and has aged to age group 21to29.
s08802 is 21.010615384615402 and has aged to age group 21to29.
s09459 is 21.013615384615402 and has aged to age group 21to29.
s09577 is 21.0186153846154 and has aged to age group 21to29.

New agents are being added to the simulation...
s11996 is age 16.0 and blackNH and is entering the model
s11997 is age 16.0 and whiteNH and is entering the model
s11998 is age 16.0 and blackNH and is entering the model
s11999 is age 16.0 and hispanic and is entering the model
s12000 is age 16.0 and hispanic and is entering the model
s12001 is age 16.0 and blackNH and is entering the model
s12002 is age 16.0 and hispanic and is entering the model
s12003 is age 16.0 and hispanic and is entering the model
s12004 is age 16.0 and whiteNH and is entering the model
s12005 is age 16.0 and blackNH and is entering the model
s12006 is age 16.0 and blackNH and is entering the model
s12007 is age 16.0 and whiteNH and is entering the model
s12008 is age 16.0 and hispanic and is entering the model
s12009 is age 16.0 and whiteNH and is entering the model
s12010 is age 16.0 and whiteNH and is entering the model

Agents are attending venues and using apps for week 21 in simulation...


Epidemic Simulation
----------------------------
Simulation: 1/1
Timestep: 21/3640
Prevalence: 1900
Population Size: 11688
----------------------------
The ages, hiv status, and relationship status for the agents are being updated...
s01077 is whiteNH, aged 24.8516153846154 in age group 16to20, with relationship status of 1 and is now HIV+.
s04314 is blackNH, aged 17.004615384615402 in age group 16to20, with relationship status of 0 and is now HIV+.
s05448 is blackNH, aged 19.952615384615402 in age group 21to29, with relationship status of 1 and is now HIV+.
s10826 is otherNH, aged 20.955615384615403 in age group 16to20, with relationship status of 0 and is now HIV+.
s10957 is otherNH, aged 25.9576153846154 in age group 21to29, with relationship status of 0 and is now HIV+.

Agents are being removed from the simulation...
s01093 is aged 29.9896153846154, whiteNH and is leaving the simulation.
s02249 is aged 29.984615384615402, whiteNH and is leaving the simulation.
s03367 is aged 29.9896153846154, whiteNH and is leaving the simulation.
s03473 is aged 29.9996153846154, whiteNH and is leaving the simulation.
s06803 is aged 29.981615384615402, blackNH and is leaving the simulation.
s06890 is aged 29.9946153846154, hispanic and is leaving the simulation.
s07071 is aged 29.984615384615402, hispanic and is leaving the simulation.
s07076 is aged 29.9956153846154, hispanic and is leaving the simulation.
s07591 is aged 29.993615384615403, hispanic and is leaving the simulation.
s07750 is aged 29.9896153846154, hispanic and is leaving the simulation.
s08225 is aged 29.9966153846154, hispanic and is leaving the simulation.
s08250 is aged 29.9886153846154, hispanic and is leaving the simulation.
s11000 is aged 29.9826153846154, otherNH and is leaving the simulation.
s11676 is aged 29.981615384615402, otherNH and is leaving the simulation.
s11927 is aged 16.09615384615385, blackNH and is leaving the simulation.

Agents who have aged to a new age group are being updated...
s00238 is 21.01384615384617 and has aged to age group 21to29.
s00643 is 21.009846153846173 and has aged to age group 21to29.
s01359 is 21.00284615384617 and has aged to age group 21to29.
s01724 is 21.01584615384617 and has aged to age group 21to29.
s01830 is 21.00484615384617 and has aged to age group 21to29.
s02024 is 21.00784615384617 and has aged to age group 21to29.
s02097 is 21.00184615384617 and has aged to age group 21to29.
s02224 is 21.01684615384617 and has aged to age group 21to29.
s04494 is 21.00584615384617 and has aged to age group 21to29.
s06185 is 21.01684615384617 and has aged to age group 21to29.
s06271 is 21.00284615384617 and has aged to age group 21to29.
s09147 is 21.01684615384617 and has aged to age group 21to29.
s09304 is 21.01584615384617 and has aged to age group 21to29.

New agents are being added to the simulation...
s12011 is age 16.0 and otherNH and is entering the model
s12012 is age 16.0 and blackNH and is entering the model
s12013 is age 16.0 and hispanic and is entering the model
s12014 is age 16.0 and blackNH and is entering the model
s12015 is age 16.0 and whiteNH and is entering the model
s12016 is age 16.0 and hispanic and is entering the model
s12017 is age 16.0 and blackNH and is entering the model
s12018 is age 16.0 and whiteNH and is entering the model
s12019 is age 16.0 and blackNH and is entering the model
s12020 is age 16.0 and whiteNH and is entering the model
s12021 is age 16.0 and hispanic and is entering the model

Agents are attending venues and using apps for week 22 in simulation...


Epidemic Simulation
----------------------------
Simulation: 1/1
Timestep: 22/3640
Prevalence: 1899
Population Size: 11684
----------------------------
The ages, hiv status, and relationship status for the agents are being updated...
s01746 is whiteNH, aged 27.884846153846173 in age group 21to29, with relationship status of 0 and is now HIV+.
s11086 is otherNH, aged 29.628846153846172 in age group 21to29, with relationship status of 1 and is now HIV+.

Agents are being removed from the simulation...
s01542 is aged 29.98484615384617, whiteNH and is leaving the simulation.
s02767 is aged 29.98084615384617, whiteNH and is leaving the simulation.
s03504 is aged 29.985846153846172, whiteNH and is leaving the simulation.
s03971 is aged 29.99084615384617, blackNH and is leaving the simulation.
s06186 is aged 29.98784615384617, blackNH and is leaving the simulation.
s06909 is aged 29.997846153846172, hispanic and is leaving the simulation.
s08456 is aged 29.99084615384617, hispanic and is leaving the simulation.
s09225 is aged 29.997846153846172, hispanic and is leaving the simulation.
s09480 is aged 29.991846153846172, hispanic and is leaving the simulation.
s09926 is aged 29.98784615384617, hispanic and is leaving the simulation.
s10116 is aged 29.98084615384617, hispanic and is leaving the simulation.
s10221 is aged 29.98384615384617, hispanic and is leaving the simulation.
s10303 is aged 29.988846153846172, hispanic and is leaving the simulation.
s10791 is aged 29.98984615384617, otherNH and is leaving the simulation.
s11024 is aged 29.988846153846172, otherNH and is leaving the simulation.
s11380 is aged 29.985846153846172, otherNH and is leaving the simulation.
s11490 is aged 29.98684615384617, otherNH and is leaving the simulation.
s11641 is aged 29.98084615384617, otherNH and is leaving the simulation.

Agents who have aged to a new age group are being updated...
s01589 is 21.00407692307694 and has aged to age group 21to29.
s02766 is 21.00207692307694 and has aged to age group 21to29.
s02810 is 21.011076923076942 and has aged to age group 21to29.
s03213 is 21.00207692307694 and has aged to age group 21to29.
s03387 is 21.00907692307694 and has aged to age group 21to29.
s04722 is 21.01907692307694 and has aged to age group 21to29.
s04832 is 21.005076923076942 and has aged to age group 21to29.
s04992 is 21.017076923076942 and has aged to age group 21to29.
s05260 is 21.00707692307694 and has aged to age group 21to29.
s05579 is 21.00707692307694 and has aged to age group 21to29.
s06111 is 21.00107692307694 and has aged to age group 21to29.
s06750 is 21.01207692307694 and has aged to age group 21to29.
s06903 is 21.008076923076942 and has aged to age group 21to29.
s07663 is 21.017076923076942 and has aged to age group 21to29.
s09393 is 21.00107692307694 and has aged to age group 21to29.
s10228 is 21.017076923076942 and has aged to age group 21to29.
s10592 is 21.01307692307694 and has aged to age group 21to29.
s10654 is 21.00007692307694 and has aged to age group 21to29.
s11101 is 21.005076923076942 and has aged to age group 21to29.
s11440 is 21.017076923076942 and has aged to age group 21to29.
s11467 is 21.01207692307694 and has aged to age group 21to29.
s11545 is 21.00307692307694 and has aged to age group 21to29.

New agents are being added to the simulation...
s12022 is age 16.0 and blackNH and is entering the model
s12023 is age 16.0 and otherNH and is entering the model
s12024 is age 16.0 and whiteNH and is entering the model
s12025 is age 16.0 and blackNH and is entering the model
s12026 is age 16.0 and otherNH and is entering the model
s12027 is age 16.0 and whiteNH and is entering the model
s12028 is age 16.0 and whiteNH and is entering the model
s12029 is age 16.0 and whiteNH and is entering the model
s12030 is age 16.0 and hispanic and is entering the model
s12031 is age 16.0 and whiteNH and is entering the model
s12032 is age 16.0 and blackNH and is entering the model
s12033 is age 16.0 and hispanic and is entering the model
s12034 is age 16.0 and hispanic and is entering the model
s12035 is age 16.0 and blackNH and is entering the model
s12036 is age 16.0 and whiteNH and is entering the model

Agents are attending venues and using apps for week 23 in simulation...


Epidemic Simulation
----------------------------
Simulation: 1/1
Timestep: 23/3640
Prevalence: 1896
Population Size: 11681
----------------------------
The ages, hiv status, and relationship status for the agents are being updated...
s04982 is blackNH, aged 20.761076923076942 in age group 21to29, with relationship status of 1 and is now HIV+.

Agents are being removed from the simulation...
s01025 is aged 29.98407692307694, whiteNH and is leaving the simulation.
s01227 is aged 29.98607692307694, whiteNH and is leaving the simulation.
s04645 is aged 29.997076923076943, blackNH and is leaving the simulation.
s04963 is aged 29.99907692307694, blackNH and is leaving the simulation.
s05249 is aged 29.99907692307694, blackNH and is leaving the simulation.
s05499 is aged 29.988076923076942, blackNH and is leaving the simulation.
s10547 is aged 29.99607692307694, otherNH and is leaving the simulation.
s10743 is aged 29.997076923076943, otherNH and is leaving the simulation.
s11384 is aged 29.988076923076942, otherNH and is leaving the simulation.
s11388 is aged 29.98607692307694, otherNH and is leaving the simulation.
s11598 is aged 29.985076923076942, otherNH and is leaving the simulation.

Agents who have aged to a new age group are being updated...
s01540 is 21.01530769230771 and has aged to age group 21to29.
s01541 is 21.01430769230771 and has aged to age group 21to29.
s01897 is 21.010307692307713 and has aged to age group 21to29.
s03053 is 21.00930769230771 and has aged to age group 21to29.
s03970 is 21.016307692307713 and has aged to age group 21to29.
s04528 is 21.00530769230771 and has aged to age group 21to29.
s06637 is 21.01530769230771 and has aged to age group 21to29.
s06879 is 21.00330769230771 and has aged to age group 21to29.
s08028 is 21.007307692307712 and has aged to age group 21to29.
s08081 is 21.00230769230771 and has aged to age group 21to29.
s09806 is 21.01530769230771 and has aged to age group 21to29.
s10826 is 21.013307692307713 and has aged to age group 21to29.
s11438 is 21.004307692307712 and has aged to age group 21to29.

New agents are being added to the simulation...
s12037 is age 16.0 and hispanic and is entering the model
s12038 is age 16.0 and hispanic and is entering the model
s12039 is age 16.0 and hispanic and is entering the model
s12040 is age 16.0 and blackNH and is entering the model
s12041 is age 16.0 and hispanic and is entering the model
s12042 is age 16.0 and blackNH and is entering the model
s12043 is age 16.0 and otherNH and is entering the model
s12044 is age 16.0 and blackNH and is entering the model
s12045 is age 16.0 and hispanic and is entering the model
s12046 is age 16.0 and whiteNH and is entering the model
s12047 is age 16.0 and blackNH and is entering the model
s12048 is age 16.0 and blackNH and is entering the model
s12049 is age 16.0 and whiteNH and is entering the model
s12050 is age 16.0 and hispanic and is entering the model
s12051 is age 16.0 and otherNH and is entering the model
s12052 is age 16.0 and whiteNH and is entering the model
s12053 is age 16.0 and whiteNH and is entering the model
s12054 is age 16.0 and blackNH and is entering the model
s12055 is age 16.0 and blackNH and is entering the model
s12056 is age 16.0 and hispanic and is entering the model
s12057 is age 16.0 and blackNH and is entering the model

Agents are attending venues and using apps for week 24 in simulation...


Epidemic Simulation
----------------------------
Simulation: 1/1
Timestep: 24/3640
Prevalence: 1900
Population Size: 11691
----------------------------
The ages, hiv status, and relationship status for the agents are being updated...
s01987 is whiteNH, aged 24.318307692307712 in age group 21to29, with relationship status of 1 and is now HIV+.
s09210 is hispanic, aged 21.155307692307712 in age group 21to29, with relationship status of 0 and is now HIV+.
s10921 is otherNH, aged 22.539307692307712 in age group 21to29, with relationship status of 1 and is now HIV+.
s11418 is otherNH, aged 24.76230769230771 in age group 21to29, with relationship status of 0 and is now HIV+.

Agents are being removed from the simulation...
s00066 is aged 29.99630769230771, whiteNH and is leaving the simulation.
s00297 is aged 29.99430769230771, whiteNH and is leaving the simulation.
s01156 is aged 29.992307692307712, whiteNH and is leaving the simulation.
s01393 is aged 29.98330769230771, whiteNH and is leaving the simulation.
s02189 is aged 29.99330769230771, whiteNH and is leaving the simulation.
s02618 is aged 29.99730769230771, whiteNH and is leaving the simulation.
s02900 is aged 29.992307692307712, whiteNH and is leaving the simulation.
s03105 is aged 29.998307692307712, whiteNH and is leaving the simulation.
s03321 is aged 29.990307692307713, whiteNH and is leaving the simulation.
s03847 is aged 29.998307692307712, blackNH and is leaving the simulation.
s04166 is aged 29.990307692307713, blackNH and is leaving the simulation.
s04273 is aged 29.98530769230771, blackNH and is leaving the simulation.
s04424 is aged 29.99330769230771, blackNH and is leaving the simulation.
s05839 is aged 29.99130769230771, blackNH and is leaving the simulation.
s05941 is aged 29.99430769230771, blackNH and is leaving the simulation.
s07880 is aged 29.98630769230771, hispanic and is leaving the simulation.
s08330 is aged 29.99930769230771, hispanic and is leaving the simulation.
s08441 is aged 29.990307692307713, hispanic and is leaving the simulation.
s09866 is aged 29.984307692307713, hispanic and is leaving the simulation.
s10789 is aged 29.98630769230771, otherNH and is leaving the simulation.
s11465 is aged 29.99130769230771, otherNH and is leaving the simulation.

Agents who have aged to a new age group are being updated...
s00509 is 21.006538461538483 and has aged to age group 21to29.
s00633 is 21.00753846153848 and has aged to age group 21to29.
s02088 is 21.017538461538482 and has aged to age group 21to29.
s02313 is 21.011538461538482 and has aged to age group 21to29.
s02537 is 21.01853846153848 and has aged to age group 21to29.
s02707 is 21.01653846153848 and has aged to age group 21to29.
s05975 is 21.017538461538482 and has aged to age group 21to29.
s06748 is 21.00253846153848 and has aged to age group 21to29.
s06930 is 21.00153846153848 and has aged to age group 21to29.
s07048 is 21.017538461538482 and has aged to age group 21to29.
s07743 is 21.01053846153848 and has aged to age group 21to29.
s10092 is 21.008538461538482 and has aged to age group 21to29.
s10281 is 21.014538461538482 and has aged to age group 21to29.
s10862 is 21.00253846153848 and has aged to age group 21to29.
s11244 is 21.000538461538483 and has aged to age group 21to29.

New agents are being added to the simulation...
s12058 is age 16.0 and blackNH and is entering the model
s12059 is age 16.0 and whiteNH and is entering the model
s12060 is age 16.0 and hispanic and is entering the model
s12061 is age 16.0 and whiteNH and is entering the model
s12062 is age 16.0 and blackNH and is entering the model
s12063 is age 16.0 and blackNH and is entering the model
s12064 is age 16.0 and whiteNH and is entering the model
s12065 is age 16.0 and hispanic and is entering the model
s12066 is age 16.0 and otherNH and is entering the model
s12067 is age 16.0 and blackNH and is entering the model
s12068 is age 16.0 and whiteNH and is entering the model
s12069 is age 16.0 and blackNH and is entering the model
s12070 is age 16.0 and blackNH and is entering the model
s12071 is age 16.0 and otherNH and is entering the model
s12072 is age 16.0 and blackNH and is entering the model
s12073 is age 16.0 and otherNH and is entering the model
s12074 is age 16.0 and otherNH and is entering the model
s12075 is age 16.0 and whiteNH and is entering the model

Agents are attending venues and using apps for week 25 in simulation...


Epidemic Simulation
----------------------------
Simulation: 1/1
Timestep: 25/3640
Prevalence: 1897
Population Size: 11688
----------------------------
The ages, hiv status, and relationship status for the agents are being updated...
s10672 is otherNH, aged 29.101538461538482 in age group 16to20, with relationship status of 0 and is now HIV+.

Agents are being removed from the simulation...
s00874 is aged 29.99353846153848, whiteNH and is leaving the simulation.
s00922 is aged 29.99353846153848, whiteNH and is leaving the simulation.
s02234 is aged 29.98353846153848, whiteNH and is leaving the simulation.
s02946 is aged 29.99853846153848, whiteNH and is leaving the simulation.
s03782 is aged 29.98953846153848, whiteNH and is leaving the simulation.
s06158 is aged 29.99053846153848, blackNH and is leaving the simulation.
s07710 is aged 29.985538461538482, hispanic and is leaving the simulation.
s07831 is aged 29.98953846153848, hispanic and is leaving the simulation.
s08399 is aged 29.98453846153848, hispanic and is leaving the simulation.
s08985 is aged 29.98753846153848, hispanic and is leaving the simulation.
s10459 is aged 29.98653846153848, otherNH and is leaving the simulation.
s10942 is aged 29.99653846153848, otherNH and is leaving the simulation.
s11433 is aged 29.99553846153848, otherNH and is leaving the simulation.

Agents who have aged to a new age group are being updated...
s01262 is 21.01276923076925 and has aged to age group 21to29.
s01720 is 21.01576923076925 and has aged to age group 21to29.
s03025 is 21.01876923076925 and has aged to age group 21to29.
s03691 is 21.004769230769252 and has aged to age group 21to29.
s03710 is 21.01876923076925 and has aged to age group 21to29.
s03767 is 21.010769230769252 and has aged to age group 21to29.
s04347 is 21.00976923076925 and has aged to age group 21to29.
s04394 is 21.00676923076925 and has aged to age group 21to29.
s05327 is 21.001769230769252 and has aged to age group 21to29.
s05792 is 21.01576923076925 and has aged to age group 21to29.
s07332 is 21.00076923076925 and has aged to age group 21to29.
s08254 is 21.00976923076925 and has aged to age group 21to29.
s09248 is 21.01176923076925 and has aged to age group 21to29.
s11012 is 21.00676923076925 and has aged to age group 21to29.

New agents are being added to the simulation...
s12076 is age 16.0 and blackNH and is entering the model
s12077 is age 16.0 and hispanic and is entering the model
s12078 is age 16.0 and whiteNH and is entering the model
s12079 is age 16.0 and otherNH and is entering the model
s12080 is age 16.0 and whiteNH and is entering the model
s12081 is age 16.0 and hispanic and is entering the model
s12082 is age 16.0 and hispanic and is entering the model
s12083 is age 16.0 and whiteNH and is entering the model
s12084 is age 16.0 and hispanic and is entering the model
s12085 is age 16.0 and hispanic and is entering the model
s12086 is age 16.0 and whiteNH and is entering the model
s12087 is age 16.0 and whiteNH and is entering the model
s12088 is age 16.0 and hispanic and is entering the model
s12089 is age 16.0 and hispanic and is entering the model

Agents are attending venues and using apps for week 26 in simulation...


Epidemic Simulation
----------------------------
Simulation: 1/1
Timestep: 26/3640
Prevalence: 1899
Population Size: 11689
----------------------------
The ages, hiv status, and relationship status for the agents are being updated...
s11135 is otherNH, aged 23.144769230769253 in age group 21to29, with relationship status of 1 and is now HIV+.
s11487 is otherNH, aged 25.47676923076925 in age group 21to29, with relationship status of 0 and is now HIV+.

Agents are being removed from the simulation...
s00162 is aged 29.990769230769253, whiteNH and is leaving the simulation.
s00291 is aged 29.984769230769253, whiteNH and is leaving the simulation.
s00483 is aged 29.98076923076925, whiteNH and is leaving the simulation.
s02034 is aged 29.981769230769252, whiteNH and is leaving the simulation.
s02158 is aged 29.98676923076925, whiteNH and is leaving the simulation.
s02432 is aged 29.993769230769253, whiteNH and is leaving the simulation.
s02457 is aged 29.984769230769253, whiteNH and is leaving the simulation.
s02463 is aged 29.998769230769252, whiteNH and is leaving the simulation.
s02484 is aged 29.98876923076925, whiteNH and is leaving the simulation.
s02607 is aged 29.98876923076925, whiteNH and is leaving the simulation.
s03746 is aged 29.987769230769253, whiteNH and is leaving the simulation.
s04257 is aged 29.98676923076925, blackNH and is leaving the simulation.
s04930 is aged 29.98576923076925, blackNH and is leaving the simulation.
s05006 is aged 29.98376923076925, blackNH and is leaving the simulation.
s06236 is aged 29.98976923076925, blackNH and is leaving the simulation.
s06448 is aged 29.98276923076925, blackNH and is leaving the simulation.
s07731 is aged 29.98376923076925, hispanic and is leaving the simulation.
s09291 is aged 29.99476923076925, hispanic and is leaving the simulation.
s10036 is aged 29.993769230769253, hispanic and is leaving the simulation.
s10437 is aged 29.98276923076925, otherNH and is leaving the simulation.
s10481 is aged 29.993769230769253, otherNH and is leaving the simulation.

Agents who have aged to a new age group are being updated...
s00173 is 21.00600000000002 and has aged to age group 21to29.
s00226 is 21.01700000000002 and has aged to age group 21to29.
s00791 is 21.00800000000002 and has aged to age group 21to29.
s01572 is 21.018000000000022 and has aged to age group 21to29.
s01803 is 21.01200000000002 and has aged to age group 21to29.
s01832 is 21.01700000000002 and has aged to age group 21to29.
s03434 is 21.00200000000002 and has aged to age group 21to29.
s04271 is 21.00500000000002 and has aged to age group 21to29.
s04544 is 21.01100000000002 and has aged to age group 21to29.
s05999 is 21.00300000000002 and has aged to age group 21to29.
s06906 is 21.00000000000002 and has aged to age group 21to29.
s07253 is 21.010000000000023 and has aged to age group 21to29.
s07305 is 21.01600000000002 and has aged to age group 21to29.
s07842 is 21.001000000000023 and has aged to age group 21to29.
s08252 is 21.001000000000023 and has aged to age group 21to29.
s09286 is 21.01900000000002 and has aged to age group 21to29.
s10489 is 21.00900000000002 and has aged to age group 21to29.
s10830 is 21.001000000000023 and has aged to age group 21to29.
s10850 is 21.013000000000023 and has aged to age group 21to29.
s10910 is 21.00900000000002 and has aged to age group 21to29.
s10947 is 21.01100000000002 and has aged to age group 21to29.

New agents are being added to the simulation...
s12090 is age 16.0 and whiteNH and is entering the model
s12091 is age 16.0 and otherNH and is entering the model
s12092 is age 16.0 and blackNH and is entering the model
s12093 is age 16.0 and blackNH and is entering the model
s12094 is age 16.0 and blackNH and is entering the model
s12095 is age 16.0 and hispanic and is entering the model
s12096 is age 16.0 and hispanic and is entering the model
s12097 is age 16.0 and blackNH and is entering the model
s12098 is age 16.0 and blackNH and is entering the model
s12099 is age 16.0 and whiteNH and is entering the model
s12100 is age 16.0 and blackNH and is entering the model
s12101 is age 16.0 and blackNH and is entering the model
s12102 is age 16.0 and whiteNH and is entering the model
s12103 is age 16.0 and whiteNH and is entering the model
s12104 is age 16.0 and blackNH and is entering the model
s12105 is age 16.0 and blackNH and is entering the model

Agents are attending venues and using apps for week 27 in simulation...


Epidemic Simulation
----------------------------
Simulation: 1/1
Timestep: 27/3640
Prevalence: 1901
Population Size: 11684
----------------------------
The ages, hiv status, and relationship status for the agents are being updated...
s01634 is whiteNH, aged 21.699000000000023 in age group 21to29, with relationship status of 0 and is now HIV+.
s03894 is blackNH, aged 26.15600000000002 in age group 16to20, with relationship status of 1 and is now HIV+.
s03957 is blackNH, aged 25.254000000000023 in age group 16to20, with relationship status of 0 and is now HIV+.
s04216 is blackNH, aged 21.74700000000002 in age group 16to20, with relationship status of 0 and is now HIV+.

Agents are being removed from the simulation...
s00681 is aged 29.99000000000002, whiteNH and is leaving the simulation.
s02474 is aged 29.998000000000022, whiteNH and is leaving the simulation.
s03106 is aged 29.981000000000023, whiteNH and is leaving the simulation.
s03198 is aged 29.983000000000022, whiteNH and is leaving the simulation.
s03208 is aged 29.995000000000022, whiteNH and is leaving the simulation.
s04239 is aged 29.99700000000002, blackNH and is leaving the simulation.
s04792 is aged 29.992000000000022, blackNH and is leaving the simulation.
s04932 is aged 29.98200000000002, blackNH and is leaving the simulation.
s05079 is aged 29.989000000000022, blackNH and is leaving the simulation.
s06199 is aged 29.992000000000022, blackNH and is leaving the simulation.
s07084 is aged 29.992000000000022, hispanic and is leaving the simulation.
s07494 is aged 29.986000000000022, hispanic and is leaving the simulation.
s07560 is aged 29.98800000000002, hispanic and is leaving the simulation.
s07773 is aged 29.98700000000002, hispanic and is leaving the simulation.
s08234 is aged 29.992000000000022, hispanic and is leaving the simulation.
s08388 is aged 29.984000000000023, hispanic and is leaving the simulation.
s08525 is aged 29.981000000000023, hispanic and is leaving the simulation.
s09634 is aged 29.986000000000022, hispanic and is leaving the simulation.
s10006 is aged 29.99600000000002, hispanic and is leaving the simulation.
s10390 is aged 29.99700000000002, hispanic and is leaving the simulation.
s10431 is aged 29.98700000000002, otherNH and is leaving the simulation.
s11273 is aged 29.981000000000023, otherNH and is leaving the simulation.
s11671 is aged 29.984000000000023, otherNH and is leaving the simulation.

Agents who have aged to a new age group are being updated...
s00268 is 21.01823076923079 and has aged to age group 21to29.
s00390 is 21.01323076923079 and has aged to age group 21to29.
s01220 is 21.008230769230792 and has aged to age group 21to29.
s01225 is 21.00723076923079 and has aged to age group 21to29.
s01676 is 21.017230769230792 and has aged to age group 21to29.
s03395 is 21.01823076923079 and has aged to age group 21to29.
s04445 is 21.008230769230792 and has aged to age group 21to29.
s04537 is 21.005230769230792 and has aged to age group 21to29.
s04539 is 21.005230769230792 and has aged to age group 21to29.
s05463 is 21.00423076923079 and has aged to age group 21to29.
s05913 is 21.008230769230792 and has aged to age group 21to29.
s06650 is 21.017230769230792 and has aged to age group 21to29.
s07798 is 21.00723076923079 and has aged to age group 21to29.
s11119 is 21.00723076923079 and has aged to age group 21to29.
s11210 is 21.01823076923079 and has aged to age group 21to29.

New agents are being added to the simulation...
s12106 is age 16.0 and whiteNH and is entering the model
s12107 is age 16.0 and blackNH and is entering the model
s12108 is age 16.0 and otherNH and is entering the model
s12109 is age 16.0 and whiteNH and is entering the model
s12110 is age 16.0 and blackNH and is entering the model
s12111 is age 16.0 and blackNH and is entering the model
s12112 is age 16.0 and blackNH and is entering the model
s12113 is age 16.0 and hispanic and is entering the model
s12114 is age 16.0 and hispanic and is entering the model

Agents are attending venues and using apps for week 28 in simulation...


Epidemic Simulation
----------------------------
Simulation: 1/1
Timestep: 28/3640
Prevalence: 1899
Population Size: 11670
----------------------------
The ages, hiv status, and relationship status for the agents are being updated...
s06671 is blackNH, aged 24.98423076923079 in age group 21to29, with relationship status of 0 and is now HIV+.
s06705 is blackNH, aged 26.77123076923079 in age group 21to29, with relationship status of 0 and is now HIV+.
s11356 is otherNH, aged 18.938230769230792 in age group 21to29, with relationship status of 0 and is now HIV+.

Agents are being removed from the simulation...
s00408 is aged 29.99823076923079, whiteNH and is leaving the simulation.
s01978 is aged 29.99223076923079, whiteNH and is leaving the simulation.
s02696 is aged 29.999230769230792, whiteNH and is leaving the simulation.
s04022 is aged 29.997230769230793, blackNH and is leaving the simulation.
s04070 is aged 29.98323076923079, blackNH and is leaving the simulation.
s04752 is aged 29.98723076923079, blackNH and is leaving the simulation.
s04972 is aged 29.999230769230792, blackNH and is leaving the simulation.
s05044 is aged 29.99323076923079, blackNH and is leaving the simulation.
s06011 is aged 29.98723076923079, blackNH and is leaving the simulation.
s06320 is aged 29.99623076923079, blackNH and is leaving the simulation.
s07140 is aged 29.99323076923079, hispanic and is leaving the simulation.
s08071 is aged 29.98723076923079, hispanic and is leaving the simulation.
s08579 is aged 29.99623076923079, hispanic and is leaving the simulation.
s08638 is aged 29.98623076923079, hispanic and is leaving the simulation.
s09759 is aged 29.98923076923079, hispanic and is leaving the simulation.
s10422 is aged 29.98623076923079, otherNH and is leaving the simulation.

Agents who have aged to a new age group are being updated...
s00343 is 21.01246153846156 and has aged to age group 21to29.
s00357 is 21.00946153846156 and has aged to age group 21to29.
s01583 is 21.007461538461563 and has aged to age group 21to29.
s01619 is 21.00546153846156 and has aged to age group 21to29.
s04804 is 21.013461538461563 and has aged to age group 21to29.
s08160 is 21.007461538461563 and has aged to age group 21to29.
s08901 is 21.01446153846156 and has aged to age group 21to29.
s09045 is 21.00846153846156 and has aged to age group 21to29.
s09188 is 21.00046153846156 and has aged to age group 21to29.
s09524 is 21.00346153846156 and has aged to age group 21to29.
s11073 is 21.01746153846156 and has aged to age group 21to29.
s11334 is 21.00046153846156 and has aged to age group 21to29.

New agents are being added to the simulation...
s12115 is age 16.0 and blackNH and is entering the model
s12116 is age 16.0 and whiteNH and is entering the model
s12117 is age 16.0 and blackNH and is entering the model
s12118 is age 16.0 and whiteNH and is entering the model
s12119 is age 16.0 and whiteNH and is entering the model
s12120 is age 16.0 and hispanic and is entering the model
s12121 is age 16.0 and hispanic and is entering the model
s12122 is age 16.0 and whiteNH and is entering the model
s12123 is age 16.0 and whiteNH and is entering the model
s12124 is age 16.0 and otherNH and is entering the model
s12125 is age 16.0 and blackNH and is entering the model
s12126 is age 16.0 and hispanic and is entering the model
s12127 is age 16.0 and hispanic and is entering the model
s12128 is age 16.0 and hispanic and is entering the model
s12129 is age 16.0 and whiteNH and is entering the model
s12130 is age 16.0 and blackNH and is entering the model
s12131 is age 16.0 and whiteNH and is entering the model
s12132 is age 16.0 and whiteNH and is entering the model
s12133 is age 16.0 and whiteNH and is entering the model

Agents are attending venues and using apps for week 29 in simulation...


Epidemic Simulation
----------------------------
Simulation: 1/1
Timestep: 29/3640
Prevalence: 1901
Population Size: 11673
----------------------------
The ages, hiv status, and relationship status for the agents are being updated...
s03926 is blackNH, aged 27.353461538461563 in age group 16to20, with relationship status of 0 and is now HIV+.
s05275 is blackNH, aged 23.222461538461562 in age group 21to29, with relationship status of 0 and is now HIV+.
s06661 is blackNH, aged 28.11946153846156 in age group 21to29, with relationship status of 0 and is now HIV+.
s06717 is blackNH, aged 23.93946153846156 in age group 21to29, with relationship status of 0 and is now HIV+.

Agents are being removed from the simulation...
s00847 is aged 29.995461538461562, whiteNH and is leaving the simulation.
s02000 is aged 29.99346153846156, whiteNH and is leaving the simulation.
s02542 is aged 29.995461538461562, whiteNH and is leaving the simulation.
s03258 is aged 29.99346153846156, whiteNH and is leaving the simulation.
s03429 is aged 29.98246153846156, whiteNH and is leaving the simulation.
s04114 is aged 29.98546153846156, blackNH and is leaving the simulation.
s04328 is aged 29.99946153846156, blackNH and is leaving the simulation.
s06211 is aged 29.99946153846156, blackNH and is leaving the simulation.
s06476 is aged 29.98246153846156, blackNH and is leaving the simulation.
s06680 is aged 29.99446153846156, blackNH and is leaving the simulation.
s06881 is aged 29.98346153846156, hispanic and is leaving the simulation.
s07358 is aged 29.987461538461563, hispanic and is leaving the simulation.
s07664 is aged 29.990461538461563, hispanic and is leaving the simulation.
s08047 is aged 29.99746153846156, hispanic and is leaving the simulation.
s08124 is aged 29.99446153846156, hispanic and is leaving the simulation.
s08159 is aged 29.984461538461563, hispanic and is leaving the simulation.
s08347 is aged 29.989461538461562, hispanic and is leaving the simulation.
s09330 is aged 29.98246153846156, hispanic and is leaving the simulation.
s10831 is aged 29.987461538461563, otherNH and is leaving the simulation.
s10929 is aged 29.98346153846156, otherNH and is leaving the simulation.
s11114 is aged 29.98246153846156, otherNH and is leaving the simulation.

Agents who have aged to a new age group are being updated...
s01178 is 21.014692307692332 and has aged to age group 21to29.
s04231 is 21.00769230769233 and has aged to age group 21to29.
s04679 is 21.01369230769233 and has aged to age group 21to29.
s05509 is 21.01569230769233 and has aged to age group 21to29.
s06070 is 21.009692307692333 and has aged to age group 21to29.
s06161 is 21.01269230769233 and has aged to age group 21to29.
s08064 is 21.01669230769233 and has aged to age group 21to29.
s08271 is 21.00269230769233 and has aged to age group 21to29.
s08508 is 21.014692307692332 and has aged to age group 21to29.
s08763 is 21.008692307692332 and has aged to age group 21to29.
s08898 is 21.01869230769233 and has aged to age group 21to29.
s10960 is 21.01069230769233 and has aged to age group 21to29.
s11167 is 21.005692307692332 and has aged to age group 21to29.
s11564 is 21.005692307692332 and has aged to age group 21to29.
s11637 is 21.01669230769233 and has aged to age group 21to29.

New agents are being added to the simulation...
s12134 is age 16.0 and whiteNH and is entering the model
s12135 is age 16.0 and otherNH and is entering the model
s12136 is age 16.0 and whiteNH and is entering the model
s12137 is age 16.0 and blackNH and is entering the model
s12138 is age 16.0 and blackNH and is entering the model
s12139 is age 16.0 and whiteNH and is entering the model
s12140 is age 16.0 and whiteNH and is entering the model
s12141 is age 16.0 and hispanic and is entering the model
s12142 is age 16.0 and hispanic and is entering the model
s12143 is age 16.0 and blackNH and is entering the model
s12144 is age 16.0 and whiteNH and is entering the model
s12145 is age 16.0 and whiteNH and is entering the model
s12146 is age 16.0 and whiteNH and is entering the model
s12147 is age 16.0 and whiteNH and is entering the model
s12148 is age 16.0 and whiteNH and is entering the model
s12149 is age 16.0 and blackNH and is entering the model
s12150 is age 16.0 and blackNH and is entering the model
s12151 is age 16.0 and whiteNH and is entering the model
s12152 is age 16.0 and otherNH and is entering the model
s12153 is age 16.0 and whiteNH and is entering the model
s12154 is age 16.0 and hispanic and is entering the model
s12155 is age 16.0 and otherNH and is entering the model

Agents are attending venues and using apps for week 30 in simulation...


Epidemic Simulation
----------------------------
Simulation: 1/1
Timestep: 30/3640
Prevalence: 1902
Population Size: 11674
----------------------------
The ages, hiv status, and relationship status for the agents are being updated...
s04172 is blackNH, aged 20.66769230769233 in age group 16to20, with relationship status of 0 and is now HIV+.
s06500 is blackNH, aged 25.57669230769233 in age group 21to29, with relationship status of 0 and is now HIV+.
s12094 is blackNH, aged 16.05769230769231 in age group 16to20, with relationship status of 0 and is now HIV+.

Agents are being removed from the simulation...
s00101 is aged 29.99569230769233, whiteNH and is leaving the simulation.
s01380 is aged 29.988692307692332, whiteNH and is leaving the simulation.
s02094 is aged 29.985692307692332, whiteNH and is leaving the simulation.
s02338 is aged 29.98769230769233, whiteNH and is leaving the simulation.
s07251 is aged 29.99969230769233, hispanic and is leaving the simulation.
s07339 is aged 29.988692307692332, hispanic and is leaving the simulation.
s07447 is aged 29.991692307692333, hispanic and is leaving the simulation.
s07495 is aged 29.99569230769233, hispanic and is leaving the simulation.
s08208 is aged 29.982692307692332, hispanic and is leaving the simulation.
s09325 is aged 29.98169230769233, hispanic and is leaving the simulation.
s09853 is aged 29.99269230769233, hispanic and is leaving the simulation.
s09938 is aged 29.98669230769233, hispanic and is leaving the simulation.
s10352 is aged 25.189692307692333, hispanic and is leaving the simulation.
s11038 is aged 29.98969230769233, otherNH and is leaving the simulation.
s11262 is aged 29.994692307692333, otherNH and is leaving the simulation.
s11279 is aged 29.991692307692333, otherNH and is leaving the simulation.
s11515 is aged 29.997692307692333, otherNH and is leaving the simulation.

Agents who have aged to a new age group are being updated...
s00405 is 21.0189230769231 and has aged to age group 21to29.
s01172 is 21.0059230769231 and has aged to age group 21to29.
s01319 is 21.013923076923103 and has aged to age group 21to29.
s01344 is 21.001923076923102 and has aged to age group 21to29.
s01931 is 21.0089230769231 and has aged to age group 21to29.
s02114 is 21.0009230769231 and has aged to age group 21to29.
s03516 is 21.0039230769231 and has aged to age group 21to29.
s04016 is 21.010923076923103 and has aged to age group 21to29.
s04414 is 21.001923076923102 and has aged to age group 21to29.
s04581 is 21.016923076923103 and has aged to age group 21to29.
s04786 is 21.0149230769231 and has aged to age group 21to29.
s05713 is 21.001923076923102 and has aged to age group 21to29.
s06012 is 21.010923076923103 and has aged to age group 21to29.
s08422 is 21.0189230769231 and has aged to age group 21to29.
s08752 is 21.0009230769231 and has aged to age group 21to29.
s09875 is 21.016923076923103 and has aged to age group 21to29.
s10377 is 21.0059230769231 and has aged to age group 21to29.
s10856 is 21.0159230769231 and has aged to age group 21to29.

New agents are being added to the simulation...
s12156 is age 16.0 and hispanic and is entering the model
s12157 is age 16.0 and hispanic and is entering the model
s12158 is age 16.0 and blackNH and is entering the model
s12159 is age 16.0 and hispanic and is entering the model
s12160 is age 16.0 and hispanic and is entering the model
s12161 is age 16.0 and hispanic and is entering the model
s12162 is age 16.0 and blackNH and is entering the model
s12163 is age 16.0 and whiteNH and is entering the model
s12164 is age 16.0 and whiteNH and is entering the model
s12165 is age 16.0 and whiteNH and is entering the model
s12166 is age 16.0 and hispanic and is entering the model
s12167 is age 16.0 and whiteNH and is entering the model

Agents are attending venues and using apps for week 31 in simulation...


Epidemic Simulation
----------------------------
Simulation: 1/1
Timestep: 31/3640
Prevalence: 1903
Population Size: 11669
----------------------------
The ages, hiv status, and relationship status for the agents are being updated...
s04254 is blackNH, aged 29.371923076923103 in age group 16to20, with relationship status of 0 and is now HIV+.
s05633 is blackNH, aged 20.7019230769231 in age group 21to29, with relationship status of 1 and is now HIV+.
s06016 is blackNH, aged 23.1339230769231 in age group 21to29, with relationship status of 0 and is now HIV+.
s07394 is hispanic, aged 19.301923076923103 in age group 16to20, with relationship status of 1 and is now HIV+.
s10046 is hispanic, aged 24.2689230769231 in age group 21to29, with relationship status of 0 and is now HIV+.

Agents are being removed from the simulation...
s00884 is aged 29.996923076923103, whiteNH and is leaving the simulation.
s01309 is aged 29.9889230769231, whiteNH and is leaving the simulation.
s02859 is aged 29.993923076923103, whiteNH and is leaving the simulation.
s03257 is aged 29.987923076923103, whiteNH and is leaving the simulation.
s03793 is aged 29.984923076923103, whiteNH and is leaving the simulation.
s04006 is aged 29.995923076923102, blackNH and is leaving the simulation.
s05287 is aged 29.993923076923103, blackNH and is leaving the simulation.
s06272 is aged 29.9809230769231, blackNH and is leaving the simulation.
s06732 is aged 29.9899230769231, blackNH and is leaving the simulation.
s06863 is aged 29.995923076923102, hispanic and is leaving the simulation.
s07491 is aged 29.9979230769231, hispanic and is leaving the simulation.
s07718 is aged 29.998923076923102, hispanic and is leaving the simulation.
s07963 is aged 29.9999230769231, hispanic and is leaving the simulation.
s08493 is aged 29.995923076923102, hispanic and is leaving the simulation.
s08700 is aged 29.9869230769231, hispanic and is leaving the simulation.
s09881 is aged 29.992923076923102, hispanic and is leaving the simulation.
s10386 is aged 27.3729230769231, hispanic and is leaving the simulation.
s10614 is aged 29.9829230769231, otherNH and is leaving the simulation.
s10663 is aged 29.9919230769231, otherNH and is leaving the simulation.
s10715 is aged 29.992923076923102, otherNH and is leaving the simulation.
s10911 is aged 29.987923076923103, otherNH and is leaving the simulation.

Agents who have aged to a new age group are being updated...
s01854 is 21.007153846153873 and has aged to age group 21to29.
s02712 is 21.004153846153873 and has aged to age group 21to29.
s04139 is 21.00315384615387 and has aged to age group 21to29.
s04515 is 21.01115384615387 and has aged to age group 21to29.
s04720 is 21.01415384615387 and has aged to age group 21to29.
s04743 is 21.001153846153873 and has aged to age group 21to29.
s05415 is 21.00215384615387 and has aged to age group 21to29.
s05922 is 21.001153846153873 and has aged to age group 21to29.
s06274 is 21.01715384615387 and has aged to age group 21to29.
s06300 is 21.010153846153873 and has aged to age group 21to29.
s06840 is 21.016153846153873 and has aged to age group 21to29.
s08039 is 21.018153846153872 and has aged to age group 21to29.
s08834 is 21.016153846153873 and has aged to age group 21to29.
s08968 is 21.01715384615387 and has aged to age group 21to29.
s09041 is 21.00215384615387 and has aged to age group 21to29.
s09224 is 21.00215384615387 and has aged to age group 21to29.
s11162 is 21.00515384615387 and has aged to age group 21to29.

New agents are being added to the simulation...
s12168 is age 16.0 and hispanic and is entering the model
s12169 is age 16.0 and otherNH and is entering the model
s12170 is age 16.0 and whiteNH and is entering the model
s12171 is age 16.0 and blackNH and is entering the model
s12172 is age 16.0 and blackNH and is entering the model
s12173 is age 16.0 and otherNH and is entering the model
s12174 is age 16.0 and blackNH and is entering the model
s12175 is age 16.0 and hispanic and is entering the model
s12176 is age 16.0 and blackNH and is entering the model
s12177 is age 16.0 and whiteNH and is entering the model
s12178 is age 16.0 and whiteNH and is entering the model
s12179 is age 16.0 and hispanic and is entering the model
s12180 is age 16.0 and whiteNH and is entering the model
s12181 is age 16.0 and hispanic and is entering the model
s12182 is age 16.0 and blackNH and is entering the model
s12183 is age 16.0 and hispanic and is entering the model
s12184 is age 16.0 and otherNH and is entering the model
s12185 is age 16.0 and hispanic and is entering the model

Agents are attending venues and using apps for week 32 in simulation...


Epidemic Simulation
----------------------------
Simulation: 1/1
Timestep: 32/3640
Prevalence: 1903
Population Size: 11666
----------------------------
The ages, hiv status, and relationship status for the agents are being updated...
s00502 is whiteNH, aged 20.277153846153873 in age group 16to20, with relationship status of 0 and is now HIV+.
s04841 is blackNH, aged 29.411153846153873 in age group 16to20, with relationship status of 0 and is now HIV+.
s05572 is blackNH, aged 19.72015384615387 in age group 21to29, with relationship status of 0 and is now HIV+.

Agents are being removed from the simulation...
s00513 is aged 29.99615384615387, whiteNH and is leaving the simulation.
s00709 is aged 29.99015384615387, whiteNH and is leaving the simulation.
s00883 is aged 29.98815384615387, whiteNH and is leaving the simulation.
s01085 is aged 29.998153846153873, whiteNH and is leaving the simulation.
s01233 is aged 29.998153846153873, whiteNH and is leaving the simulation.
s01475 is aged 29.986153846153872, whiteNH and is leaving the simulation.
s01582 is aged 19.62415384615387, whiteNH and is leaving the simulation.
s01996 is aged 29.99415384615387, whiteNH and is leaving the simulation.
s02133 is aged 29.99615384615387, whiteNH and is leaving the simulation.
s03598 is aged 29.986153846153872, whiteNH and is leaving the simulation.
s03798 is aged 29.98515384615387, whiteNH and is leaving the simulation.
s04032 is aged 29.99315384615387, blackNH and is leaving the simulation.
s04040 is aged 29.986153846153872, blackNH and is leaving the simulation.
s04417 is aged 29.989153846153872, blackNH and is leaving the simulation.
s05283 is aged 29.98715384615387, blackNH and is leaving the simulation.
s06157 is aged 29.99015384615387, blackNH and is leaving the simulation.
s06715 is aged 29.99415384615387, blackNH and is leaving the simulation.
s07850 is aged 29.986153846153872, hispanic and is leaving the simulation.
s08983 is aged 29.998153846153873, hispanic and is leaving the simulation.
s09381 is aged 29.981153846153873, hispanic and is leaving the simulation.
s09928 is aged 29.98715384615387, hispanic and is leaving the simulation.
s10483 is aged 29.99915384615387, otherNH and is leaving the simulation.
s10639 is aged 29.992153846153872, otherNH and is leaving the simulation.
s10943 is aged 29.99915384615387, otherNH and is leaving the simulation.
s11176 is aged 29.98215384615387, otherNH and is leaving the simulation.

Agents who have aged to a new age group are being updated...
s00050 is 21.008384615384642 and has aged to age group 21to29.
s00080 is 21.003384615384643 and has aged to age group 21to29.
s00663 is 21.01238461538464 and has aged to age group 21to29.
s00706 is 21.00938461538464 and has aged to age group 21to29.
s01409 is 21.017384615384643 and has aged to age group 21to29.
s03040 is 21.01538461538464 and has aged to age group 21to29.
s03129 is 21.01538461538464 and has aged to age group 21to29.
s06752 is 21.01238461538464 and has aged to age group 21to29.
s07965 is 21.01638461538464 and has aged to age group 21to29.
s10409 is 21.00638461538464 and has aged to age group 21to29.
s10640 is 21.01538461538464 and has aged to age group 21to29.

New agents are being added to the simulation...
s12186 is age 16.0 and whiteNH and is entering the model
s12187 is age 16.0 and blackNH and is entering the model
s12188 is age 16.0 and hispanic and is entering the model
s12189 is age 16.0 and whiteNH and is entering the model
s12190 is age 16.0 and whiteNH and is entering the model
s12191 is age 16.0 and whiteNH and is entering the model
s12192 is age 16.0 and whiteNH and is entering the model
s12193 is age 16.0 and whiteNH and is entering the model
s12194 is age 16.0 and blackNH and is entering the model
s12195 is age 16.0 and blackNH and is entering the model
s12196 is age 16.0 and blackNH and is entering the model
s12197 is age 16.0 and hispanic and is entering the model
s12198 is age 16.0 and hispanic and is entering the model

Agents are attending venues and using apps for week 33 in simulation...


Epidemic Simulation
----------------------------
Simulation: 1/1
Timestep: 33/3640
Prevalence: 1899
Population Size: 11654
----------------------------
The ages, hiv status, and relationship status for the agents are being updated...
s03873 is blackNH, aged 23.334384615384643 in age group 16to20, with relationship status of 0 and is now HIV+.
s05102 is blackNH, aged 25.37938461538464 in age group 21to29, with relationship status of 0 and is now HIV+.

Agents are being removed from the simulation...
s01622 is aged 29.982384615384643, whiteNH and is leaving the simulation.
s03507 is aged 29.98338461538464, whiteNH and is leaving the simulation.
s03817 is aged 29.98138461538464, whiteNH and is leaving the simulation.
s04270 is aged 29.98738461538464, blackNH and is leaving the simulation.
s04391 is aged 29.98738461538464, blackNH and is leaving the simulation.
s04421 is aged 29.99338461538464, blackNH and is leaving the simulation.
s04929 is aged 29.982384615384643, blackNH and is leaving the simulation.
s07250 is aged 29.99538461538464, hispanic and is leaving the simulation.
s07281 is aged 29.98738461538464, hispanic and is leaving the simulation.
s07915 is aged 29.999384615384642, hispanic and is leaving the simulation.
s08379 is aged 29.99838461538464, hispanic and is leaving the simulation.
s08883 is aged 29.99838461538464, hispanic and is leaving the simulation.
s10193 is aged 29.98638461538464, hispanic and is leaving the simulation.
s11254 is aged 29.99338461538464, otherNH and is leaving the simulation.

Agents who have aged to a new age group are being updated...
s00979 is 21.010615384615413 and has aged to age group 21to29.
s01801 is 21.00061538461541 and has aged to age group 21to29.
s01805 is 21.01461538461541 and has aged to age group 21to29.
s03628 is 21.00061538461541 and has aged to age group 21to29.
s04341 is 21.016615384615413 and has aged to age group 21to29.
s07500 is 21.00561538461541 and has aged to age group 21to29.
s08826 is 21.001615384615413 and has aged to age group 21to29.
s09559 is 21.012615384615412 and has aged to age group 21to29.
s10214 is 21.00661538461541 and has aged to age group 21to29.
s10805 is 21.001615384615413 and has aged to age group 21to29.
s10977 is 21.01461538461541 and has aged to age group 21to29.

New agents are being added to the simulation...
s12199 is age 16.0 and blackNH and is entering the model
s12200 is age 16.0 and blackNH and is entering the model
s12201 is age 16.0 and otherNH and is entering the model
s12202 is age 16.0 and hispanic and is entering the model
s12203 is age 16.0 and whiteNH and is entering the model
s12204 is age 16.0 and blackNH and is entering the model
s12205 is age 16.0 and blackNH and is entering the model
s12206 is age 16.0 and whiteNH and is entering the model
s12207 is age 16.0 and hispanic and is entering the model
s12208 is age 16.0 and blackNH and is entering the model
s12209 is age 16.0 and whiteNH and is entering the model
s12210 is age 16.0 and blackNH and is entering the model
s12211 is age 16.0 and blackNH and is entering the model
s12212 is age 16.0 and otherNH and is entering the model
s12213 is age 16.0 and blackNH and is entering the model
s12214 is age 16.0 and blackNH and is entering the model
s12215 is age 16.0 and whiteNH and is entering the model
s12216 is age 16.0 and blackNH and is entering the model
s12217 is age 16.0 and hispanic and is entering the model
s12218 is age 16.0 and hispanic and is entering the model
s12219 is age 16.0 and hispanic and is entering the model
s12220 is age 16.0 and whiteNH and is entering the model

Agents are attending venues and using apps for week 34 in simulation...


Epidemic Simulation
----------------------------
Simulation: 1/1
Timestep: 34/3640
Prevalence: 1897
Population Size: 11662
----------------------------
The ages, hiv status, and relationship status for the agents are being updated...
s09081 is hispanic, aged 28.216615384615412 in age group 21to29, with relationship status of 0 and is now HIV+.

Agents are being removed from the simulation...
s00380 is aged 29.986615384615412, whiteNH and is leaving the simulation.
s00984 is aged 29.99761538461541, whiteNH and is leaving the simulation.
s02938 is aged 29.990615384615413, whiteNH and is leaving the simulation.
s02996 is aged 29.99761538461541, whiteNH and is leaving the simulation.
s03349 is aged 29.984615384615413, whiteNH and is leaving the simulation.
s03829 is aged 29.99761538461541, whiteNH and is leaving the simulation.
s04959 is aged 29.99761538461541, blackNH and is leaving the simulation.
s05602 is aged 29.99661538461541, blackNH and is leaving the simulation.
s05860 is aged 29.98261538461541, blackNH and is leaving the simulation.
s05875 is aged 29.983615384615412, blackNH and is leaving the simulation.
s06591 is aged 29.984615384615413, blackNH and is leaving the simulation.
s08616 is aged 29.98861538461541, hispanic and is leaving the simulation.
s10330 is aged 29.998615384615412, hispanic and is leaving the simulation.
s10419 is aged 29.98561538461541, otherNH and is leaving the simulation.
s11341 is aged 29.989615384615412, otherNH and is leaving the simulation.

Agents who have aged to a new age group are being updated...
s01574 is 21.002846153846182 and has aged to age group 21to29.
s01764 is 21.01584615384618 and has aged to age group 21to29.
s03142 is 21.01084615384618 and has aged to age group 21to29.
s03542 is 21.005846153846182 and has aged to age group 21to29.
s03822 is 21.005846153846182 and has aged to age group 21to29.
s04493 is 21.014846153846182 and has aged to age group 21to29.
s04652 is 21.012846153846183 and has aged to age group 21to29.
s05199 is 21.014846153846182 and has aged to age group 21to29.
s05507 is 21.01884615384618 and has aged to age group 21to29.
s06419 is 21.01084615384618 and has aged to age group 21to29.
s06508 is 21.008846153846182 and has aged to age group 21to29.
s07984 is 21.01884615384618 and has aged to age group 21to29.
s08828 is 21.012846153846183 and has aged to age group 21to29.
s08910 is 21.009846153846183 and has aged to age group 21to29.
s09251 is 21.012846153846183 and has aged to age group 21to29.
s09679 is 21.014846153846182 and has aged to age group 21to29.

New agents are being added to the simulation...
s12221 is age 16.0 and blackNH and is entering the model
s12222 is age 16.0 and blackNH and is entering the model
s12223 is age 16.0 and otherNH and is entering the model
s12224 is age 16.0 and hispanic and is entering the model
s12225 is age 16.0 and whiteNH and is entering the model
s12226 is age 16.0 and hispanic and is entering the model
s12227 is age 16.0 and hispanic and is entering the model
s12228 is age 16.0 and whiteNH and is entering the model
s12229 is age 16.0 and otherNH and is entering the model

Agents are attending venues and using apps for week 35 in simulation...


Epidemic Simulation
----------------------------
Simulation: 1/1
Timestep: 35/3640
Prevalence: 1896
Population Size: 11656
----------------------------
The ages, hiv status, and relationship status for the agents are being updated...
s04337 is blackNH, aged 19.89684615384618 in age group 16to20, with relationship status of 0 and is now HIV+.
s05701 is blackNH, aged 17.886846153846182 in age group 21to29, with relationship status of 1 and is now HIV+.

Agents are being removed from the simulation...
s00017 is aged 29.99384615384618, whiteNH and is leaving the simulation.
s02896 is aged 29.99284615384618, whiteNH and is leaving the simulation.
s02924 is aged 29.982846153846182, whiteNH and is leaving the simulation.
s05137 is aged 29.98184615384618, blackNH and is leaving the simulation.
s07996 is aged 29.988846153846183, hispanic and is leaving the simulation.
s08576 is aged 29.994846153846183, hispanic and is leaving the simulation.
s08775 is aged 29.999846153846182, hispanic and is leaving the simulation.
s08943 is aged 29.98384615384618, hispanic and is leaving the simulation.
s09034 is aged 29.99084615384618, hispanic and is leaving the simulation.
s10744 is aged 29.99284615384618, otherNH and is leaving the simulation.
s10863 is aged 29.98984615384618, otherNH and is leaving the simulation.
s11265 is aged 29.99384615384618, otherNH and is leaving the simulation.
s11674 is aged 29.980846153846183, otherNH and is leaving the simulation.

Agents who have aged to a new age group are being updated...
s00741 is 21.00707692307695 and has aged to age group 21to29.
s01310 is 21.01307692307695 and has aged to age group 21to29.
s01950 is 21.01507692307695 and has aged to age group 21to29.
s02301 is 21.005076923076953 and has aged to age group 21to29.
s02350 is 21.00107692307695 and has aged to age group 21to29.
s02838 is 21.00107692307695 and has aged to age group 21to29.
s03002 is 21.017076923076953 and has aged to age group 21to29.
s03574 is 21.01807692307695 and has aged to age group 21to29.
s04292 is 21.019076923076952 and has aged to age group 21to29.
s04791 is 21.01607692307695 and has aged to age group 21to29.
s04982 is 21.011076923076953 and has aged to age group 21to29.
s05318 is 21.01307692307695 and has aged to age group 21to29.
s06294 is 21.01207692307695 and has aged to age group 21to29.
s07190 is 21.01507692307695 and has aged to age group 21to29.
s08249 is 21.00607692307695 and has aged to age group 21to29.
s08731 is 21.014076923076953 and has aged to age group 21to29.
s09372 is 21.017076923076953 and has aged to age group 21to29.
s09571 is 21.01007692307695 and has aged to age group 21to29.
s10016 is 21.01007692307695 and has aged to age group 21to29.
s10018 is 21.01807692307695 and has aged to age group 21to29.
s11189 is 21.011076923076953 and has aged to age group 21to29.

New agents are being added to the simulation...
s12230 is age 16.0 and whiteNH and is entering the model
s12231 is age 16.0 and blackNH and is entering the model
s12232 is age 16.0 and hispanic and is entering the model
s12233 is age 16.0 and blackNH and is entering the model
s12234 is age 16.0 and whiteNH and is entering the model
s12235 is age 16.0 and otherNH and is entering the model
s12236 is age 16.0 and hispanic and is entering the model
s12237 is age 16.0 and whiteNH and is entering the model
s12238 is age 16.0 and hispanic and is entering the model
s12239 is age 16.0 and otherNH and is entering the model
s12240 is age 16.0 and whiteNH and is entering the model
s12241 is age 16.0 and hispanic and is entering the model
s12242 is age 16.0 and blackNH and is entering the model
s12243 is age 16.0 and hispanic and is entering the model
s12244 is age 16.0 and blackNH and is entering the model
s12245 is age 16.0 and whiteNH and is entering the model
s12246 is age 16.0 and whiteNH and is entering the model
s12247 is age 16.0 and whiteNH and is entering the model

Agents are attending venues and using apps for week 36 in simulation...


Epidemic Simulation
----------------------------
Simulation: 1/1
Timestep: 36/3640
Prevalence: 1896
Population Size: 11661
----------------------------
The ages, hiv status, and relationship status for the agents are being updated...
s12040 is blackNH, aged 16.23076923076924 in age group 16to20, with relationship status of 1 and is now HIV+.

Agents are being removed from the simulation...
s00011 is aged 29.988076923076953, whiteNH and is leaving the simulation.
s00280 is aged 29.988076923076953, whiteNH and is leaving the simulation.
s00932 is aged 29.994076923076953, whiteNH and is leaving the simulation.
s01033 is aged 29.987076923076952, whiteNH and is leaving the simulation.
s01546 is aged 29.98307692307695, whiteNH and is leaving the simulation.
s02136 is aged 29.99807692307695, whiteNH and is leaving the simulation.
s02538 is aged 29.98307692307695, whiteNH and is leaving the simulation.
s03043 is aged 29.982076923076953, whiteNH and is leaving the simulation.
s03120 is aged 29.997076923076953, whiteNH and is leaving the simulation.
s03650 is aged 29.98307692307695, whiteNH and is leaving the simulation.
s03681 is aged 29.990076923076952, whiteNH and is leaving the simulation.
s03733 is aged 29.994076923076953, whiteNH and is leaving the simulation.
s04267 is aged 29.988076923076953, blackNH and is leaving the simulation.
s04365 is aged 29.99807692307695, blackNH and is leaving the simulation.
s04879 is aged 29.98407692307695, blackNH and is leaving the simulation.
s04900 is aged 29.990076923076952, blackNH and is leaving the simulation.
s04931 is aged 29.991076923076953, blackNH and is leaving the simulation.
s05391 is aged 29.990076923076952, blackNH and is leaving the simulation.
s05496 is aged 29.999076923076952, blackNH and is leaving the simulation.
s05539 is aged 29.985076923076953, blackNH and is leaving the simulation.
s06056 is aged 29.990076923076952, blackNH and is leaving the simulation.
s06220 is aged 29.99207692307695, blackNH and is leaving the simulation.
s06685 is aged 29.98307692307695, blackNH and is leaving the simulation.
s08982 is aged 29.98607692307695, hispanic and is leaving the simulation.
s11546 is aged 29.98307692307695, otherNH and is leaving the simulation.

Agents who have aged to a new age group are being updated...
s00341 is 21.010307692307723 and has aged to age group 21to29.
s02320 is 21.01730769230772 and has aged to age group 21to29.
s03633 is 21.01430769230772 and has aged to age group 21to29.
s03642 is 21.013307692307723 and has aged to age group 21to29.
s03647 is 21.015307692307722 and has aged to age group 21to29.
s04092 is 21.007307692307723 and has aged to age group 21to29.
s04121 is 21.01430769230772 and has aged to age group 21to29.
s05136 is 21.01730769230772 and has aged to age group 21to29.
s05783 is 21.01130769230772 and has aged to age group 21to29.
s06809 is 21.00830769230772 and has aged to age group 21to29.
s07878 is 21.00030769230772 and has aged to age group 21to29.
s09094 is 21.018307692307722 and has aged to age group 21to29.
s09153 is 21.004307692307723 and has aged to age group 21to29.
s09815 is 21.013307692307723 and has aged to age group 21to29.
s10088 is 21.007307692307723 and has aged to age group 21to29.

New agents are being added to the simulation...
s12248 is age 16.0 and whiteNH and is entering the model
s12249 is age 16.0 and whiteNH and is entering the model
s12250 is age 16.0 and blackNH and is entering the model
s12251 is age 16.0 and whiteNH and is entering the model
s12252 is age 16.0 and hispanic and is entering the model
s12253 is age 16.0 and whiteNH and is entering the model
s12254 is age 16.0 and blackNH and is entering the model
s12255 is age 16.0 and blackNH and is entering the model
s12256 is age 16.0 and hispanic and is entering the model
s12257 is age 16.0 and hispanic and is entering the model
s12258 is age 16.0 and whiteNH and is entering the model
s12259 is age 16.0 and blackNH and is entering the model
s12260 is age 16.0 and hispanic and is entering the model
s12261 is age 16.0 and whiteNH and is entering the model
s12262 is age 16.0 and hispanic and is entering the model
s12263 is age 16.0 and whiteNH and is entering the model
s12264 is age 16.0 and hispanic and is entering the model
s12265 is age 16.0 and blackNH and is entering the model

Agents are attending venues and using apps for week 37 in simulation...


Epidemic Simulation
----------------------------
Simulation: 1/1
Timestep: 37/3640
Prevalence: 1892
Population Size: 11654
----------------------------
The ages, hiv status, and relationship status for the agents are being updated...
s06423 is blackNH, aged 27.41830769230772 in age group 21to29, with relationship status of 0 and is now HIV+.
s07243 is hispanic, aged 23.11830769230772 in age group 16to20, with relationship status of 0 and is now HIV+.
s10623 is otherNH, aged 26.28730769230772 in age group 16to20, with relationship status of 1 and is now HIV+.

Agents are being removed from the simulation...
s00548 is aged 29.99930769230772, whiteNH and is leaving the simulation.
s01189 is aged 29.984307692307723, whiteNH and is leaving the simulation.
s01611 is aged 29.986307692307722, whiteNH and is leaving the simulation.
s02246 is aged 29.998307692307723, whiteNH and is leaving the simulation.
s02535 is aged 29.99030769230772, whiteNH and is leaving the simulation.
s02977 is aged 29.99930769230772, whiteNH and is leaving the simulation.
s03286 is aged 29.99130769230772, whiteNH and is leaving the simulation.
s03389 is aged 29.99430769230772, whiteNH and is leaving the simulation.
s04703 is aged 29.981307692307723, blackNH and is leaving the simulation.
s04814 is aged 29.989307692307722, blackNH and is leaving the simulation.
s04844 is aged 29.98530769230772, blackNH and is leaving the simulation.
s07698 is aged 29.99630769230772, hispanic and is leaving the simulation.
s07716 is aged 29.981307692307723, hispanic and is leaving the simulation.
s08098 is aged 29.98830769230772, hispanic and is leaving the simulation.
s09181 is aged 29.989307692307722, hispanic and is leaving the simulation.
s09425 is aged 29.99430769230772, hispanic and is leaving the simulation.
s09442 is aged 29.987307692307724, hispanic and is leaving the simulation.
s10187 is aged 29.98230769230772, hispanic and is leaving the simulation.
s11056 is aged 29.995307692307723, otherNH and is leaving the simulation.

Agents who have aged to a new age group are being updated...
s00618 is 21.00753846153849 and has aged to age group 21to29.
s00666 is 21.01553846153849 and has aged to age group 21to29.
s00725 is 21.01253846153849 and has aged to age group 21to29.
s00734 is 21.017538461538493 and has aged to age group 21to29.
s00904 is 21.005538461538492 and has aged to age group 21to29.
s01431 is 21.00953846153849 and has aged to age group 21to29.
s03145 is 21.014538461538493 and has aged to age group 21to29.
s06986 is 21.017538461538493 and has aged to age group 21to29.
s07106 is 21.008538461538492 and has aged to age group 21to29.
s07651 is 21.003538461538493 and has aged to age group 21to29.
s07795 is 21.000538461538493 and has aged to age group 21to29.
s08010 is 21.017538461538493 and has aged to age group 21to29.
s08975 is 21.008538461538492 and has aged to age group 21to29.
s09519 is 21.011538461538493 and has aged to age group 21to29.
s09803 is 21.00153846153849 and has aged to age group 21to29.
s10904 is 21.01853846153849 and has aged to age group 21to29.
s11257 is 21.008538461538492 and has aged to age group 21to29.

New agents are being added to the simulation...
s12266 is age 16.0 and whiteNH and is entering the model
s12267 is age 16.0 and blackNH and is entering the model
s12268 is age 16.0 and hispanic and is entering the model
s12269 is age 16.0 and otherNH and is entering the model
s12270 is age 16.0 and hispanic and is entering the model
s12271 is age 16.0 and whiteNH and is entering the model
s12272 is age 16.0 and hispanic and is entering the model
s12273 is age 16.0 and hispanic and is entering the model
s12274 is age 16.0 and hispanic and is entering the model
s12275 is age 16.0 and whiteNH and is entering the model
s12276 is age 16.0 and otherNH and is entering the model
s12277 is age 16.0 and hispanic and is entering the model
s12278 is age 16.0 and hispanic and is entering the model
s12279 is age 16.0 and hispanic and is entering the model
s12280 is age 16.0 and whiteNH and is entering the model

Agents are attending venues and using apps for week 38 in simulation...


Epidemic Simulation
----------------------------
Simulation: 1/1
Timestep: 38/3640
Prevalence: 1893
Population Size: 11650
----------------------------
The ages, hiv status, and relationship status for the agents are being updated...
s04510 is blackNH, aged 22.98653846153849 in age group 16to20, with relationship status of 1 and is now HIV+.
s06585 is blackNH, aged 27.67053846153849 in age group 21to29, with relationship status of 0 and is now HIV+.
s07739 is hispanic, aged 22.601538461538492 in age group 16to20, with relationship status of 0 and is now HIV+.

Agents are being removed from the simulation...
s00030 is aged 29.993538461538492, whiteNH and is leaving the simulation.
s02501 is aged 29.982538461538493, whiteNH and is leaving the simulation.
s03147 is aged 29.988538461538493, whiteNH and is leaving the simulation.
s03269 is aged 29.999538461538492, whiteNH and is leaving the simulation.
s04169 is aged 29.98653846153849, blackNH and is leaving the simulation.
s04432 is aged 29.991538461538493, blackNH and is leaving the simulation.
s08103 is aged 29.997538461538493, hispanic and is leaving the simulation.
s08191 is aged 29.982538461538493, hispanic and is leaving the simulation.
s08198 is aged 29.990538461538492, hispanic and is leaving the simulation.
s09802 is aged 29.98453846153849, hispanic and is leaving the simulation.
s09837 is aged 29.99853846153849, hispanic and is leaving the simulation.
s10099 is aged 29.98353846153849, hispanic and is leaving the simulation.

Agents who have aged to a new age group are being updated...
s00085 is 21.018769230769262 and has aged to age group 21to29.
s00236 is 21.01476923076926 and has aged to age group 21to29.
s00445 is 21.01176923076926 and has aged to age group 21to29.
s00528 is 21.01476923076926 and has aged to age group 21to29.
s01969 is 21.00076923076926 and has aged to age group 21to29.
s02032 is 21.004769230769263 and has aged to age group 21to29.
s03511 is 21.007769230769263 and has aged to age group 21to29.
s03555 is 21.01776923076926 and has aged to age group 21to29.
s04283 is 21.00076923076926 and has aged to age group 21to29.
s05347 is 21.018769230769262 and has aged to age group 21to29.
s07553 is 21.016769230769263 and has aged to age group 21to29.
s07737 is 21.016769230769263 and has aged to age group 21to29.
s07745 is 21.00876923076926 and has aged to age group 21to29.
s08199 is 21.004769230769263 and has aged to age group 21to29.
s08514 is 21.00376923076926 and has aged to age group 21to29.
s08707 is 21.01776923076926 and has aged to age group 21to29.
s09487 is 21.018769230769262 and has aged to age group 21to29.
s09876 is 21.012769230769262 and has aged to age group 21to29.
s10263 is 21.013769230769263 and has aged to age group 21to29.
s10629 is 21.012769230769262 and has aged to age group 21to29.
s10716 is 21.00576923076926 and has aged to age group 21to29.
s11220 is 21.007769230769263 and has aged to age group 21to29.

New agents are being added to the simulation...
s12281 is age 16.0 and blackNH and is entering the model
s12282 is age 16.0 and whiteNH and is entering the model
s12283 is age 16.0 and hispanic and is entering the model
s12284 is age 16.0 and otherNH and is entering the model
s12285 is age 16.0 and otherNH and is entering the model
s12286 is age 16.0 and whiteNH and is entering the model
s12287 is age 16.0 and otherNH and is entering the model
s12288 is age 16.0 and hispanic and is entering the model
s12289 is age 16.0 and otherNH and is entering the model
s12290 is age 16.0 and hispanic and is entering the model
s12291 is age 16.0 and hispanic and is entering the model
s12292 is age 16.0 and whiteNH and is entering the model
s12293 is age 16.0 and whiteNH and is entering the model
s12294 is age 16.0 and whiteNH and is entering the model
s12295 is age 16.0 and blackNH and is entering the model
s12296 is age 16.0 and blackNH and is entering the model
s12297 is age 16.0 and whiteNH and is entering the model
s12298 is age 16.0 and whiteNH and is entering the model
s12299 is age 16.0 and blackNH and is entering the model

Agents are attending venues and using apps for week 39 in simulation...


Epidemic Simulation
----------------------------
Simulation: 1/1
Timestep: 39/3640
Prevalence: 1895
Population Size: 11657
----------------------------
The ages, hiv status, and relationship status for the agents are being updated...
s04599 is blackNH, aged 17.254769230769263 in age group 16to20, with relationship status of 1 and is now HIV+.
s11789 is whiteNH, aged 16.63461538461541 in age group 16to20, with relationship status of 1 and is now HIV+.

Agents are being removed from the simulation...
s00151 is aged 29.986769230769262, whiteNH and is leaving the simulation.
s00817 is aged 29.990769230769263, whiteNH and is leaving the simulation.
s02343 is aged 29.992769230769262, whiteNH and is leaving the simulation.
s04813 is aged 29.98276923076926, blackNH and is leaving the simulation.
s06117 is aged 29.984769230769263, blackNH and is leaving the simulation.
s06231 is aged 29.984769230769263, blackNH and is leaving the simulation.
s06308 is aged 29.993769230769264, blackNH and is leaving the simulation.
s07032 is aged 29.986769230769262, hispanic and is leaving the simulation.
s07072 is aged 29.981769230769263, hispanic and is leaving the simulation.
s07113 is aged 29.987769230769263, hispanic and is leaving the simulation.
s08940 is aged 29.980769230769262, hispanic and is leaving the simulation.
s09042 is aged 29.99776923076926, hispanic and is leaving the simulation.
s11458 is aged 29.984769230769263, otherNH and is leaving the simulation.
s11669 is aged 29.986769230769262, otherNH and is leaving the simulation.

Agents who have aged to a new age group are being updated...
s00961 is 21.013000000000034 and has aged to age group 21to29.
s01267 is 21.01700000000003 and has aged to age group 21to29.
s01800 is 21.00500000000003 and has aged to age group 21to29.
s03159 is 21.018000000000033 and has aged to age group 21to29.
s03428 is 21.006000000000032 and has aged to age group 21to29.
s04623 is 21.003000000000032 and has aged to age group 21to29.
s05441 is 21.001000000000033 and has aged to age group 21to29.
s05880 is 21.01700000000003 and has aged to age group 21to29.
s06064 is 21.009000000000032 and has aged to age group 21to29.
s07468 is 21.018000000000033 and has aged to age group 21to29.
s07764 is 21.000000000000032 and has aged to age group 21to29.
s08157 is 21.01100000000003 and has aged to age group 21to29.
s11454 is 21.018000000000033 and has aged to age group 21to29.

New agents are being added to the simulation...
s12300 is age 16.0 and whiteNH and is entering the model
s12301 is age 16.0 and hispanic and is entering the model
s12302 is age 16.0 and blackNH and is entering the model
s12303 is age 16.0 and whiteNH and is entering the model
s12304 is age 16.0 and hispanic and is entering the model
s12305 is age 16.0 and whiteNH and is entering the model
s12306 is age 16.0 and blackNH and is entering the model
s12307 is age 16.0 and hispanic and is entering the model
s12308 is age 16.0 and hispanic and is entering the model
s12309 is age 16.0 and otherNH and is entering the model

Agents are attending venues and using apps for week 40 in simulation...


Epidemic Simulation
----------------------------
Simulation: 1/1
Timestep: 40/3640
Prevalence: 1900
Population Size: 11653
----------------------------
The ages, hiv status, and relationship status for the agents are being updated...
s00723 is whiteNH, aged 23.242000000000033 in age group 16to20, with relationship status of 0 and is now HIV+.
s04284 is blackNH, aged 19.59500000000003 in age group 16to20, with relationship status of 1 and is now HIV+.
s04449 is blackNH, aged 24.506000000000032 in age group 16to20, with relationship status of 0 and is now HIV+.
s04511 is blackNH, aged 18.71200000000003 in age group 16to20, with relationship status of 0 and is now HIV+.
s04695 is blackNH, aged 17.75500000000003 in age group 16to20, with relationship status of 0 and is now HIV+.
s04709 is blackNH, aged 28.309000000000033 in age group 16to20, with relationship status of 0 and is now HIV+.
s08854 is hispanic, aged 29.527000000000033 in age group 21to29, with relationship status of 1 and is now HIV+.

Agents are being removed from the simulation...
s01150 is aged 29.984000000000034, whiteNH and is leaving the simulation.
s01438 is aged 29.981000000000034, whiteNH and is leaving the simulation.
s02312 is aged 29.98200000000003, whiteNH and is leaving the simulation.
s02746 is aged 29.99600000000003, whiteNH and is leaving the simulation.
s02902 is aged 29.983000000000033, whiteNH and is leaving the simulation.
s04916 is aged 29.99600000000003, blackNH and is leaving the simulation.
s05099 is aged 18.840000000000032, blackNH and is leaving the simulation.
s05406 is aged 29.99100000000003, blackNH and is leaving the simulation.
s06528 is aged 29.986000000000033, blackNH and is leaving the simulation.
s06564 is aged 29.984000000000034, blackNH and is leaving the simulation.
s07589 is aged 29.983000000000033, hispanic and is leaving the simulation.
s07811 is aged 29.99000000000003, hispanic and is leaving the simulation.
s08045 is aged 29.99100000000003, hispanic and is leaving the simulation.
s08848 is aged 29.981000000000034, hispanic and is leaving the simulation.
s09395 is aged 29.99100000000003, hispanic and is leaving the simulation.
s09841 is aged 29.984000000000034, hispanic and is leaving the simulation.
s09850 is aged 29.984000000000034, hispanic and is leaving the simulation.
s10109 is aged 29.99600000000003, hispanic and is leaving the simulation.
s10225 is aged 29.995000000000033, hispanic and is leaving the simulation.

Agents who have aged to a new age group are being updated...
s00259 is 21.0122307692308 and has aged to age group 21to29.
s00717 is 21.0182307692308 and has aged to age group 21to29.
s03074 is 21.0062307692308 and has aged to age group 21to29.
s05761 is 21.016230769230802 and has aged to age group 21to29.
s06253 is 21.014230769230803 and has aged to age group 21to29.
s06504 is 21.013230769230802 and has aged to age group 21to29.
s07047 is 21.0062307692308 and has aged to age group 21to29.
s07066 is 21.017230769230803 and has aged to age group 21to29.
s07770 is 21.0092307692308 and has aged to age group 21to29.
s10167 is 21.0122307692308 and has aged to age group 21to29.
s11033 is 21.005230769230803 and has aged to age group 21to29.
s11569 is 21.0182307692308 and has aged to age group 21to29.

New agents are being added to the simulation...
s12310 is age 16.0 and hispanic and is entering the model
s12311 is age 16.0 and hispanic and is entering the model
s12312 is age 16.0 and whiteNH and is entering the model
s12313 is age 16.0 and blackNH and is entering the model
s12314 is age 16.0 and blackNH and is entering the model
s12315 is age 16.0 and whiteNH and is entering the model
s12316 is age 16.0 and otherNH and is entering the model
s12317 is age 16.0 and otherNH and is entering the model
s12318 is age 16.0 and whiteNH and is entering the model
s12319 is age 16.0 and whiteNH and is entering the model
s12320 is age 16.0 and whiteNH and is entering the model
s12321 is age 16.0 and hispanic and is entering the model
s12322 is age 16.0 and blackNH and is entering the model
s12323 is age 16.0 and hispanic and is entering the model
s12324 is age 16.0 and blackNH and is entering the model

Agents are attending venues and using apps for week 41 in simulation...


Epidemic Simulation
----------------------------
Simulation: 1/1
Timestep: 41/3640
Prevalence: 1901
Population Size: 11649
----------------------------
The ages, hiv status, and relationship status for the agents are being updated...
s01407 is whiteNH, aged 17.455230769230802 in age group 21to29, with relationship status of 0 and is now HIV+.
s04047 is blackNH, aged 17.404230769230804 in age group 16to20, with relationship status of 0 and is now HIV+.
s04447 is blackNH, aged 25.7332307692308 in age group 16to20, with relationship status of 0 and is now HIV+.
s04816 is blackNH, aged 26.4492307692308 in age group 16to20, with relationship status of 0 and is now HIV+.
s05377 is blackNH, aged 27.648230769230803 in age group 21to29, with relationship status of 1 and is now HIV+.
s09627 is hispanic, aged 24.676230769230802 in age group 21to29, with relationship status of 1 and is now HIV+.

Agents are being removed from the simulation...
s00792 is aged 29.996230769230802, whiteNH and is leaving the simulation.
s01649 is aged 29.9982307692308, whiteNH and is leaving the simulation.
s01841 is aged 29.996230769230802, whiteNH and is leaving the simulation.
s01864 is aged 29.982230769230803, whiteNH and is leaving the simulation.
s03772 is aged 29.9952307692308, whiteNH and is leaving the simulation.
s04957 is aged 29.993230769230802, blackNH and is leaving the simulation.
s05039 is aged 29.999230769230802, blackNH and is leaving the simulation.
s05294 is aged 29.984230769230802, blackNH and is leaving the simulation.
s05596 is aged 29.984230769230802, blackNH and is leaving the simulation.
s06164 is aged 29.9832307692308, blackNH and is leaving the simulation.
s06229 is aged 29.990230769230802, blackNH and is leaving the simulation.
s06420 is aged 29.991230769230803, blackNH and is leaving the simulation.
s06480 is aged 29.990230769230802, blackNH and is leaving the simulation.
s08333 is aged 29.9982307692308, hispanic and is leaving the simulation.
s09226 is aged 29.9982307692308, hispanic and is leaving the simulation.
s10189 is aged 29.993230769230802, hispanic and is leaving the simulation.
s10421 is aged 29.9862307692308, otherNH and is leaving the simulation.
s10457 is aged 29.9812307692308, otherNH and is leaving the simulation.
s11086 is aged 29.994230769230803, otherNH and is leaving the simulation.
s11477 is aged 29.993230769230802, otherNH and is leaving the simulation.

Agents who have aged to a new age group are being updated...
s01545 is 21.015461538461572 and has aged to age group 21to29.
s02600 is 21.012461538461572 and has aged to age group 21to29.
s02637 is 21.001461538461573 and has aged to age group 21to29.
s03112 is 21.010461538461573 and has aged to age group 21to29.
s03824 is 21.015461538461572 and has aged to age group 21to29.
s04102 is 21.003461538461572 and has aged to age group 21to29.
s06177 is 21.015461538461572 and has aged to age group 21to29.
s06251 is 21.01746153846157 and has aged to age group 21to29.
s06379 is 21.000461538461572 and has aged to age group 21to29.
s07128 is 21.01446153846157 and has aged to age group 21to29.
s07565 is 21.00246153846157 and has aged to age group 21to29.
s08615 is 21.015461538461572 and has aged to age group 21to29.
s08801 is 21.016461538461574 and has aged to age group 21to29.
s09108 is 21.016461538461574 and has aged to age group 21to29.
s09814 is 21.00246153846157 and has aged to age group 21to29.
s10198 is 21.012461538461572 and has aged to age group 21to29.

New agents are being added to the simulation...
s12325 is age 16.0 and whiteNH and is entering the model
s12326 is age 16.0 and blackNH and is entering the model
s12327 is age 16.0 and blackNH and is entering the model
s12328 is age 16.0 and whiteNH and is entering the model
s12329 is age 16.0 and whiteNH and is entering the model
s12330 is age 16.0 and whiteNH and is entering the model
s12331 is age 16.0 and whiteNH and is entering the model
s12332 is age 16.0 and whiteNH and is entering the model
s12333 is age 16.0 and hispanic and is entering the model
s12334 is age 16.0 and blackNH and is entering the model
s12335 is age 16.0 and otherNH and is entering the model
s12336 is age 16.0 and blackNH and is entering the model
s12337 is age 16.0 and whiteNH and is entering the model
s12338 is age 16.0 and blackNH and is entering the model
s12339 is age 16.0 and whiteNH and is entering the model
s12340 is age 16.0 and blackNH and is entering the model
s12341 is age 16.0 and whiteNH and is entering the model

Agents are attending venues and using apps for week 42 in simulation...


Epidemic Simulation
----------------------------
Simulation: 1/1
Timestep: 42/3640
Prevalence: 1901
Population Size: 11646
----------------------------
The ages, hiv status, and relationship status for the agents are being updated...
s00063 is whiteNH, aged 28.745461538461573 in age group 16to20, with relationship status of 1 and is now HIV+.
s01685 is whiteNH, aged 28.44746153846157 in age group 21to29, with relationship status of 0 and is now HIV+.
s12067 is blackNH, aged 16.32692307692309 in age group 16to20, with relationship status of 0 and is now HIV+.
s12159 is hispanic, aged 16.21153846153847 in age group 16to20, with relationship status of 0 and is now HIV+.

Agents are being removed from the simulation...
s00168 is aged 29.998461538461573, whiteNH and is leaving the simulation.
s01784 is aged 29.998461538461573, whiteNH and is leaving the simulation.
s02124 is aged 29.98546153846157, whiteNH and is leaving the simulation.
s02504 is aged 29.98246153846157, whiteNH and is leaving the simulation.
s03610 is aged 29.992461538461573, whiteNH and is leaving the simulation.
s04433 is aged 29.998461538461573, blackNH and is leaving the simulation.
s04903 is aged 29.99446153846157, blackNH and is leaving the simulation.
s05326 is aged 29.98846153846157, blackNH and is leaving the simulation.
s06001 is aged 29.987461538461574, blackNH and is leaving the simulation.
s07400 is aged 29.983461538461572, hispanic and is leaving the simulation.
s09572 is aged 29.99346153846157, hispanic and is leaving the simulation.
s10205 is aged 29.992461538461573, hispanic and is leaving the simulation.
s10955 is aged 29.99146153846157, otherNH and is leaving the simulation.
s11608 is aged 29.987461538461574, otherNH and is leaving the simulation.

Agents who have aged to a new age group are being updated...
s00835 is 21.000692307692344 and has aged to age group 21to29.
s01761 is 21.003692307692344 and has aged to age group 21to29.
s02206 is 21.009692307692344 and has aged to age group 21to29.
s02259 is 21.017692307692343 and has aged to age group 21to29.
s02633 is 21.000692307692344 and has aged to age group 21to29.
s03489 is 21.01869230769234 and has aged to age group 21to29.
s03682 is 21.01369230769234 and has aged to age group 21to29.
s05907 is 21.000692307692344 and has aged to age group 21to29.
s06310 is 21.005692307692343 and has aged to age group 21to29.
s11057 is 21.011692307692343 and has aged to age group 21to29.
s11237 is 21.000692307692344 and has aged to age group 21to29.

New agents are being added to the simulation...
s12342 is age 16.0 and blackNH and is entering the model
s12343 is age 16.0 and otherNH and is entering the model
s12344 is age 16.0 and hispanic and is entering the model
s12345 is age 16.0 and hispanic and is entering the model
s12346 is age 16.0 and blackNH and is entering the model
s12347 is age 16.0 and whiteNH and is entering the model
s12348 is age 16.0 and whiteNH and is entering the model
s12349 is age 16.0 and otherNH and is entering the model
s12350 is age 16.0 and hispanic and is entering the model
s12351 is age 16.0 and otherNH and is entering the model
s12352 is age 16.0 and blackNH and is entering the model
s12353 is age 16.0 and whiteNH and is entering the model
s12354 is age 16.0 and blackNH and is entering the model
s12355 is age 16.0 and hispanic and is entering the model
s12356 is age 16.0 and hispanic and is entering the model
s12357 is age 16.0 and whiteNH and is entering the model
s12358 is age 16.0 and hispanic and is entering the model
s12359 is age 16.0 and blackNH and is entering the model

Agents are attending venues and using apps for week 43 in simulation...


Epidemic Simulation
----------------------------
Simulation: 1/1
Timestep: 43/3640
Prevalence: 1897
Population Size: 11650
----------------------------
The ages, hiv status, and relationship status for the agents are being updated...
s05285 is blackNH, aged 23.32169230769234 in age group 21to29, with relationship status of 0 and is now HIV+.
s12111 is blackNH, aged 16.28846153846155 in age group 16to20, with relationship status of 0 and is now HIV+.

Agents are being removed from the simulation...
s00711 is aged 29.996692307692342, whiteNH and is leaving the simulation.
s02061 is aged 29.98669230769234, whiteNH and is leaving the simulation.
s02372 is aged 29.999692307692342, whiteNH and is leaving the simulation.
s02531 is aged 29.997692307692343, whiteNH and is leaving the simulation.
s03768 is aged 29.99869230769234, whiteNH and is leaving the simulation.
s06261 is aged 29.98969230769234, blackNH and is leaving the simulation.
s06989 is aged 29.982692307692343, hispanic and is leaving the simulation.
s07299 is aged 29.999692307692342, hispanic and is leaving the simulation.
s09146 is aged 29.987692307692342, hispanic and is leaving the simulation.
s09321 is aged 29.99269230769234, hispanic and is leaving the simulation.
s09874 is aged 29.997692307692343, hispanic and is leaving the simulation.
s11104 is aged 29.987692307692342, otherNH and is leaving the simulation.
s11183 is aged 29.98169230769234, otherNH and is leaving the simulation.

Agents who have aged to a new age group are being updated...
s00654 is 21.009923076923112 and has aged to age group 21to29.
s02060 is 21.004923076923113 and has aged to age group 21to29.
s02092 is 21.004923076923113 and has aged to age group 21to29.
s03121 is 21.001923076923113 and has aged to age group 21to29.
s03692 is 21.006923076923112 and has aged to age group 21to29.
s04861 is 21.009923076923112 and has aged to age group 21to29.
s04881 is 21.009923076923112 and has aged to age group 21to29.
s05494 is 21.001923076923113 and has aged to age group 21to29.
s05546 is 21.00592307692311 and has aged to age group 21to29.
s07759 is 21.015923076923112 and has aged to age group 21to29.
s08551 is 21.01792307692311 and has aged to age group 21to29.
s08864 is 21.006923076923112 and has aged to age group 21to29.
s09431 is 21.016923076923113 and has aged to age group 21to29.
s09434 is 21.001923076923113 and has aged to age group 21to29.
s11133 is 21.001923076923113 and has aged to age group 21to29.
s11492 is 21.003923076923112 and has aged to age group 21to29.
s11577 is 21.018923076923112 and has aged to age group 21to29.

New agents are being added to the simulation...
s12360 is age 16.0 and otherNH and is entering the model
s12361 is age 16.0 and whiteNH and is entering the model
s12362 is age 16.0 and hispanic and is entering the model
s12363 is age 16.0 and whiteNH and is entering the model
s12364 is age 16.0 and hispanic and is entering the model
s12365 is age 16.0 and hispanic and is entering the model
s12366 is age 16.0 and blackNH and is entering the model
s12367 is age 16.0 and hispanic and is entering the model
s12368 is age 16.0 and hispanic and is entering the model
s12369 is age 16.0 and whiteNH and is entering the model
s12370 is age 16.0 and otherNH and is entering the model
s12371 is age 16.0 and whiteNH and is entering the model
s12372 is age 16.0 and whiteNH and is entering the model
s12373 is age 16.0 and hispanic and is entering the model
s12374 is age 16.0 and hispanic and is entering the model
s12375 is age 16.0 and hispanic and is entering the model

Agents are attending venues and using apps for week 44 in simulation...


Epidemic Simulation
----------------------------
Simulation: 1/1
Timestep: 44/3640
Prevalence: 1900
Population Size: 11653
----------------------------
The ages, hiv status, and relationship status for the agents are being updated...
s02242 is whiteNH, aged 29.175923076923112 in age group 21to29, with relationship status of 1 and is now HIV+.
s04046 is blackNH, aged 29.951923076923112 in age group 16to20, with relationship status of 1 and is now HIV+.
s06202 is blackNH, aged 28.608923076923112 in age group 21to29, with relationship status of 0 and is now HIV+.
s11021 is otherNH, aged 20.210923076923113 in age group 21to29, with relationship status of 0 and is now HIV+.

Agents are being removed from the simulation...
s00508 is aged 29.99492307692311, whiteNH and is leaving the simulation.
s00531 is aged 29.990923076923114, whiteNH and is leaving the simulation.
s01834 is aged 29.990923076923114, whiteNH and is leaving the simulation.
s02100 is aged 29.980923076923112, whiteNH and is leaving the simulation.
s02512 is aged 29.98592307692311, whiteNH and is leaving the simulation.
s02961 is aged 29.99492307692311, whiteNH and is leaving the simulation.
s02981 is aged 29.989923076923112, whiteNH and is leaving the simulation.
s04500 is aged 29.989923076923112, blackNH and is leaving the simulation.
s04560 is aged 29.984923076923113, blackNH and is leaving the simulation.
s04978 is aged 29.989923076923112, blackNH and is leaving the simulation.
s05840 is aged 29.98892307692311, blackNH and is leaving the simulation.
s05870 is aged 29.989923076923112, blackNH and is leaving the simulation.
s06029 is aged 29.99992307692311, blackNH and is leaving the simulation.
s07355 is aged 29.981923076923113, hispanic and is leaving the simulation.
s09278 is aged 29.983923076923112, hispanic and is leaving the simulation.
s10346 is aged 29.99992307692311, hispanic and is leaving the simulation.
s10964 is aged 29.987923076923114, otherNH and is leaving the simulation.
s11559 is aged 29.996923076923114, otherNH and is leaving the simulation.

Agents who have aged to a new age group are being updated...
s00905 is 21.015153846153883 and has aged to age group 21to29.
s01752 is 21.013153846153884 and has aged to age group 21to29.
s02109 is 21.001153846153883 and has aged to age group 21to29.
s02328 is 21.009153846153882 and has aged to age group 21to29.
s02944 is 21.000153846153882 and has aged to age group 21to29.
s03659 is 21.016153846153884 and has aged to age group 21to29.
s05114 is 21.006153846153882 and has aged to age group 21to29.
s06443 is 21.00215384615388 and has aged to age group 21to29.
s06824 is 21.004153846153883 and has aged to age group 21to29.
s08152 is 21.007153846153884 and has aged to age group 21to29.
s08714 is 21.01415384615388 and has aged to age group 21to29.
s10993 is 21.013153846153884 and has aged to age group 21to29.
s11201 is 21.013153846153884 and has aged to age group 21to29.
s11498 is 21.00215384615388 and has aged to age group 21to29.

New agents are being added to the simulation...
s12376 is age 16.0 and blackNH and is entering the model
s12377 is age 16.0 and hispanic and is entering the model
s12378 is age 16.0 and whiteNH and is entering the model
s12379 is age 16.0 and whiteNH and is entering the model
s12380 is age 16.0 and hispanic and is entering the model
s12381 is age 16.0 and blackNH and is entering the model
s12382 is age 16.0 and otherNH and is entering the model
s12383 is age 16.0 and hispanic and is entering the model
s12384 is age 16.0 and whiteNH and is entering the model
s12385 is age 16.0 and hispanic and is entering the model
s12386 is age 16.0 and blackNH and is entering the model
s12387 is age 16.0 and blackNH and is entering the model

Agents are attending venues and using apps for week 45 in simulation...


Epidemic Simulation
----------------------------
Simulation: 1/1
Timestep: 45/3640
Prevalence: 1898
Population Size: 11647
----------------------------
The ages, hiv status, and relationship status for the agents are being updated...
s11097 is otherNH, aged 18.969153846153883 in age group 21to29, with relationship status of 0 and is now HIV+.

Agents are being removed from the simulation...
s01368 is aged 29.981153846153884, whiteNH and is leaving the simulation.
s01878 is aged 29.989153846153883, whiteNH and is leaving the simulation.
s02894 is aged 29.99315384615388, whiteNH and is leaving the simulation.
s02898 is aged 29.986153846153883, whiteNH and is leaving the simulation.
s03178 is aged 29.984153846153884, whiteNH and is leaving the simulation.
s03185 is aged 29.981153846153884, whiteNH and is leaving the simulation.
s04036 is aged 29.995153846153883, blackNH and is leaving the simulation.
s05599 is aged 29.98215384615388, blackNH and is leaving the simulation.
s06237 is aged 29.994153846153882, blackNH and is leaving the simulation.
s06759 is aged 29.99615384615388, blackNH and is leaving the simulation.
s06790 is aged 29.991153846153882, blackNH and is leaving the simulation.
s06973 is aged 29.983153846153883, hispanic and is leaving the simulation.
s07640 is aged 29.99915384615388, hispanic and is leaving the simulation.
s07843 is aged 29.99915384615388, hispanic and is leaving the simulation.
s07852 is aged 29.981153846153884, hispanic and is leaving the simulation.
s07967 is aged 29.994153846153882, hispanic and is leaving the simulation.
s08578 is aged 29.997153846153882, hispanic and is leaving the simulation.
s09859 is aged 29.99315384615388, hispanic and is leaving the simulation.

Agents who have aged to a new age group are being updated...
s00430 is 21.013384615384652 and has aged to age group 21to29.
s01329 is 21.00638461538465 and has aged to age group 21to29.
s02393 is 21.00738461538465 and has aged to age group 21to29.
s03069 is 21.016384615384652 and has aged to age group 21to29.
s04243 is 21.01838461538465 and has aged to age group 21to29.
s04545 is 21.00438461538465 and has aged to age group 21to29.
s04704 is 21.011384615384653 and has aged to age group 21to29.
s06125 is 21.017384615384653 and has aged to age group 21to29.
s06171 is 21.000384615384654 and has aged to age group 21to29.
s06553 is 21.014384615384653 and has aged to age group 21to29.
s08332 is 21.008384615384653 and has aged to age group 21to29.
s08868 is 21.017384615384653 and has aged to age group 21to29.
s10383 is 21.00638461538465 and has aged to age group 21to29.
s11063 is 21.000384615384654 and has aged to age group 21to29.
s11525 is 21.00738461538465 and has aged to age group 21to29.

New agents are being added to the simulation...
s12388 is age 16.0 and blackNH and is entering the model
s12389 is age 16.0 and hispanic and is entering the model
s12390 is age 16.0 and otherNH and is entering the model
s12391 is age 16.0 and hispanic and is entering the model
s12392 is age 16.0 and blackNH and is entering the model
s12393 is age 16.0 and hispanic and is entering the model
s12394 is age 16.0 and blackNH and is entering the model
s12395 is age 16.0 and whiteNH and is entering the model
s12396 is age 16.0 and whiteNH and is entering the model
s12397 is age 16.0 and blackNH and is entering the model
s12398 is age 16.0 and blackNH and is entering the model
s12399 is age 16.0 and blackNH and is entering the model
s12400 is age 16.0 and blackNH and is entering the model
s12401 is age 16.0 and blackNH and is entering the model
s12402 is age 16.0 and whiteNH and is entering the model
s12403 is age 16.0 and whiteNH and is entering the model
s12404 is age 16.0 and blackNH and is entering the model
s12405 is age 16.0 and hispanic and is entering the model

Agents are attending venues and using apps for week 46 in simulation...


Epidemic Simulation
----------------------------
Simulation: 1/1
Timestep: 46/3640
Prevalence: 1902
Population Size: 11647
----------------------------
The ages, hiv status, and relationship status for the agents are being updated...
s02848 is whiteNH, aged 16.895384615384653 in age group 21to29, with relationship status of 1 and is now HIV+.
s05652 is blackNH, aged 19.740384615384652 in age group 21to29, with relationship status of 1 and is now HIV+.
s05808 is blackNH, aged 18.321384615384652 in age group 21to29, with relationship status of 0 and is now HIV+.
s06892 is hispanic, aged 17.258384615384653 in age group 16to20, with relationship status of 0 and is now HIV+.

Agents are being removed from the simulation...
s00122 is aged 29.991384615384654, whiteNH and is leaving the simulation.
s00169 is aged 29.98938461538465, whiteNH and is leaving the simulation.
s00688 is aged 29.991384615384654, whiteNH and is leaving the simulation.
s01293 is aged 29.991384615384654, whiteNH and is leaving the simulation.
s01320 is aged 29.988384615384653, whiteNH and is leaving the simulation.
s01884 is aged 29.98338461538465, whiteNH and is leaving the simulation.
s02433 is aged 29.996384615384653, whiteNH and is leaving the simulation.
s02771 is aged 29.99538461538465, whiteNH and is leaving the simulation.
s03104 is aged 29.984384615384652, whiteNH and is leaving the simulation.
s03232 is aged 29.99838461538465, whiteNH and is leaving the simulation.
s03382 is aged 29.988384615384653, whiteNH and is leaving the simulation.
s03835 is aged 29.993384615384652, blackNH and is leaving the simulation.
s03927 is aged 29.990384615384652, blackNH and is leaving the simulation.
s04046 is aged 29.990384615384652, blackNH and is leaving the simulation.
s06539 is aged 29.994384615384654, blackNH and is leaving the simulation.
s08012 is aged 29.990384615384652, hispanic and is leaving the simulation.
s09659 is aged 29.98338461538465, hispanic and is leaving the simulation.
s10891 is aged 29.98338461538465, otherNH and is leaving the simulation.
s10997 is aged 29.981384615384652, otherNH and is leaving the simulation.

Agents who have aged to a new age group are being updated...
s00540 is 21.003615384615422 and has aged to age group 21to29.
s02128 is 21.009615384615422 and has aged to age group 21to29.
s02288 is 21.001615384615423 and has aged to age group 21to29.
s02756 is 21.018615384615423 and has aged to age group 21to29.
s03657 is 21.016615384615424 and has aged to age group 21to29.
s04775 is 21.00261538461542 and has aged to age group 21to29.
s05474 is 21.000615384615422 and has aged to age group 21to29.
s05633 is 21.009615384615422 and has aged to age group 21to29.
s06491 is 21.003615384615422 and has aged to age group 21to29.
s07217 is 21.007615384615423 and has aged to age group 21to29.
s07636 is 21.010615384615424 and has aged to age group 21to29.
s07780 is 21.012615384615422 and has aged to age group 21to29.
s07935 is 21.00261538461542 and has aged to age group 21to29.
s07988 is 21.007615384615423 and has aged to age group 21to29.
s08093 is 21.004615384615423 and has aged to age group 21to29.
s08410 is 21.007615384615423 and has aged to age group 21to29.
s08852 is 21.012615384615422 and has aged to age group 21to29.
s09038 is 21.013615384615424 and has aged to age group 21to29.
s09869 is 21.016615384615424 and has aged to age group 21to29.
s10506 is 21.00561538461542 and has aged to age group 21to29.
s11065 is 21.009615384615422 and has aged to age group 21to29.

New agents are being added to the simulation...
s12406 is age 16.0 and blackNH and is entering the model
s12407 is age 16.0 and hispanic and is entering the model
s12408 is age 16.0 and whiteNH and is entering the model
s12409 is age 16.0 and hispanic and is entering the model
s12410 is age 16.0 and hispanic and is entering the model
s12411 is age 16.0 and whiteNH and is entering the model
s12412 is age 16.0 and blackNH and is entering the model
s12413 is age 16.0 and whiteNH and is entering the model
s12414 is age 16.0 and whiteNH and is entering the model
s12415 is age 16.0 and whiteNH and is entering the model
s12416 is age 16.0 and blackNH and is entering the model
s12417 is age 16.0 and otherNH and is entering the model

Agents are attending venues and using apps for week 47 in simulation...


Epidemic Simulation
----------------------------
Simulation: 1/1
Timestep: 47/3640
Prevalence: 1904
Population Size: 11640
----------------------------
The ages, hiv status, and relationship status for the agents are being updated...
s04664 is blackNH, aged 20.853615384615424 in age group 16to20, with relationship status of 0 and is now HIV+.
s06215 is blackNH, aged 28.835615384615423 in age group 21to29, with relationship status of 0 and is now HIV+.
s10016 is hispanic, aged 21.221615384615422 in age group 21to29, with relationship status of 1 and is now HIV+.
s11825 is hispanic, aged 16.730769230769262 in age group 16to20, with relationship status of 0 and is now HIV+.

Agents are being removed from the simulation...
s00145 is aged 29.984615384615424, whiteNH and is leaving the simulation.
s00356 is aged 29.98261538461542, whiteNH and is leaving the simulation.
s00656 is aged 29.987615384615424, whiteNH and is leaving the simulation.
s01334 is aged 29.987615384615424, whiteNH and is leaving the simulation.
s01928 is aged 29.989615384615423, whiteNH and is leaving the simulation.
s02293 is aged 29.984615384615424, whiteNH and is leaving the simulation.
s04029 is aged 29.98261538461542, blackNH and is leaving the simulation.
s06314 is aged 29.99661538461542, blackNH and is leaving the simulation.
s07130 is aged 29.992615384615423, hispanic and is leaving the simulation.
s07788 is aged 29.998615384615423, hispanic and is leaving the simulation.
s08426 is aged 29.983615384615423, hispanic and is leaving the simulation.
s08681 is aged 29.992615384615423, hispanic and is leaving the simulation.
s08893 is aged 29.990615384615424, hispanic and is leaving the simulation.
s09205 is aged 29.990615384615424, hispanic and is leaving the simulation.
s09384 is aged 29.998615384615423, hispanic and is leaving the simulation.
s10719 is aged 29.986615384615423, otherNH and is leaving the simulation.

Agents who have aged to a new age group are being updated...
s01332 is 21.01084615384619 and has aged to age group 21to29.
s01826 is 21.005846153846193 and has aged to age group 21to29.
s01940 is 21.000846153846194 and has aged to age group 21to29.
s02553 is 21.000846153846194 and has aged to age group 21to29.
s02868 is 21.01584615384619 and has aged to age group 21to29.
s03123 is 21.012846153846194 and has aged to age group 21to29.
s03174 is 21.014846153846193 and has aged to age group 21to29.
s03470 is 21.01584615384619 and has aged to age group 21to29.
s04048 is 21.014846153846193 and has aged to age group 21to29.
s04172 is 21.013846153846192 and has aged to age group 21to29.
s05699 is 21.00784615384619 and has aged to age group 21to29.
s06188 is 21.011846153846193 and has aged to age group 21to29.
s06629 is 21.012846153846194 and has aged to age group 21to29.
s06666 is 21.000846153846194 and has aged to age group 21to29.
s06836 is 21.003846153846194 and has aged to age group 21to29.
s06990 is 21.00484615384619 and has aged to age group 21to29.
s09583 is 21.01084615384619 and has aged to age group 21to29.
s09771 is 21.000846153846194 and has aged to age group 21to29.
s10444 is 21.013846153846192 and has aged to age group 21to29.

New agents are being added to the simulation...
s12418 is age 16.0 and blackNH and is entering the model
s12419 is age 16.0 and blackNH and is entering the model
s12420 is age 16.0 and whiteNH and is entering the model
s12421 is age 16.0 and hispanic and is entering the model
s12422 is age 16.0 and blackNH and is entering the model
s12423 is age 16.0 and blackNH and is entering the model
s12424 is age 16.0 and blackNH and is entering the model
s12425 is age 16.0 and blackNH and is entering the model
s12426 is age 16.0 and blackNH and is entering the model
s12427 is age 16.0 and whiteNH and is entering the model
s12428 is age 16.0 and hispanic and is entering the model
s12429 is age 16.0 and hispanic and is entering the model
s12430 is age 16.0 and hispanic and is entering the model
s12431 is age 16.0 and blackNH and is entering the model
s12432 is age 16.0 and hispanic and is entering the model
s12433 is age 16.0 and whiteNH and is entering the model
s12434 is age 16.0 and hispanic and is entering the model
s12435 is age 16.0 and hispanic and is entering the model
s12436 is age 16.0 and whiteNH and is entering the model
s12437 is age 16.0 and hispanic and is entering the model
s12438 is age 16.0 and blackNH and is entering the model
s12439 is age 16.0 and whiteNH and is entering the model

Agents are attending venues and using apps for week 48 in simulation...


Epidemic Simulation
----------------------------
Simulation: 1/1
Timestep: 48/3640
Prevalence: 1904
Population Size: 11646
----------------------------
The ages, hiv status, and relationship status for the agents are being updated...
s04012 is blackNH, aged 28.932846153846192 in age group 16to20, with relationship status of 1 and is now HIV+.
s10922 is otherNH, aged 29.09184615384619 in age group 21to29, with relationship status of 0 and is now HIV+.

Agents are being removed from the simulation...
s00159 is aged 29.981846153846192, whiteNH and is leaving the simulation.
s00745 is aged 29.98384615384619, whiteNH and is leaving the simulation.
s02472 is aged 29.99884615384619, whiteNH and is leaving the simulation.
s02598 is aged 29.991846153846193, whiteNH and is leaving the simulation.
s03933 is aged 29.981846153846192, blackNH and is leaving the simulation.
s04259 is aged 29.997846153846194, blackNH and is leaving the simulation.
s04555 is aged 29.997846153846194, blackNH and is leaving the simulation.
s04567 is aged 29.99284615384619, blackNH and is leaving the simulation.
s04892 is aged 29.993846153846192, blackNH and is leaving the simulation.
s05889 is aged 29.987846153846192, blackNH and is leaving the simulation.
s06174 is aged 29.994846153846193, blackNH and is leaving the simulation.
s06747 is aged 29.98984615384619, blackNH and is leaving the simulation.
s07639 is aged 29.991846153846193, hispanic and is leaving the simulation.
s07696 is aged 29.99284615384619, hispanic and is leaving the simulation.
s08845 is aged 29.996846153846192, hispanic and is leaving the simulation.
s09345 is aged 29.997846153846194, hispanic and is leaving the simulation.
s10378 is aged 29.98384615384619, hispanic and is leaving the simulation.
s10572 is aged 29.996846153846192, otherNH and is leaving the simulation.
s10637 is aged 29.993846153846192, otherNH and is leaving the simulation.
s11117 is aged 29.981846153846192, otherNH and is leaving the simulation.

Agents who have aged to a new age group are being updated...
s01971 is 21.002076923076963 and has aged to age group 21to29.
s02070 is 21.005076923076963 and has aged to age group 21to29.
s02172 is 21.013076923076962 and has aged to age group 21to29.
s02207 is 21.002076923076963 and has aged to age group 21to29.
s03163 is 21.010076923076962 and has aged to age group 21to29.
s03740 is 21.011076923076963 and has aged to age group 21to29.
s04323 is 21.013076923076962 and has aged to age group 21to29.
s04563 is 21.001076923076962 and has aged to age group 21to29.
s04661 is 21.002076923076963 and has aged to age group 21to29.
s04749 is 21.016076923076962 and has aged to age group 21to29.
s06264 is 21.017076923076964 and has aged to age group 21to29.
s07060 is 21.001076923076962 and has aged to age group 21to29.
s07150 is 21.00907692307696 and has aged to age group 21to29.
s07382 is 21.000076923076964 and has aged to age group 21to29.
s08614 is 21.000076923076964 and has aged to age group 21to29.
s08976 is 21.00607692307696 and has aged to age group 21to29.
s09062 is 21.007076923076962 and has aged to age group 21to29.
s09719 is 21.016076923076962 and has aged to age group 21to29.
s10102 is 21.010076923076962 and has aged to age group 21to29.
s11507 is 21.010076923076962 and has aged to age group 21to29.
s11596 is 21.014076923076964 and has aged to age group 21to29.

New agents are being added to the simulation...
s12440 is age 16.0 and hispanic and is entering the model
s12441 is age 16.0 and whiteNH and is entering the model
s12442 is age 16.0 and whiteNH and is entering the model
s12443 is age 16.0 and whiteNH and is entering the model
s12444 is age 16.0 and whiteNH and is entering the model
s12445 is age 16.0 and otherNH and is entering the model
s12446 is age 16.0 and hispanic and is entering the model
s12447 is age 16.0 and whiteNH and is entering the model
s12448 is age 16.0 and hispanic and is entering the model
s12449 is age 16.0 and hispanic and is entering the model
s12450 is age 16.0 and blackNH and is entering the model
s12451 is age 16.0 and whiteNH and is entering the model
s12452 is age 16.0 and otherNH and is entering the model
s12453 is age 16.0 and blackNH and is entering the model
s12454 is age 16.0 and hispanic and is entering the model

Agents are attending venues and using apps for week 49 in simulation...


Epidemic Simulation
----------------------------
Simulation: 1/1
Timestep: 49/3640
Prevalence: 1904
Population Size: 11641
----------------------------
The ages, hiv status, and relationship status for the agents are being updated...
s00206 is whiteNH, aged 21.907076923076964 in age group 21to29, with relationship status of 1 and is now HIV+.
s07824 is hispanic, aged 17.883076923076963 in age group 16to20, with relationship status of 0 and is now HIV+.
s10620 is otherNH, aged 19.77707692307696 in age group 16to20, with relationship status of 0 and is now HIV+.
s11259 is otherNH, aged 29.374076923076963 in age group 21to29, with relationship status of 0 and is now HIV+.

Agents are being removed from the simulation...
s00880 is aged 29.99807692307696, whiteNH and is leaving the simulation.
s02407 is aged 29.985076923076964, whiteNH and is leaving the simulation.
s03645 is aged 29.98307692307696, whiteNH and is leaving the simulation.
s03944 is aged 29.993076923076963, blackNH and is leaving the simulation.
s04156 is aged 29.985076923076964, blackNH and is leaving the simulation.
s04362 is aged 29.985076923076964, blackNH and is leaving the simulation.
s05485 is aged 29.988076923076964, blackNH and is leaving the simulation.
s06234 is aged 29.982076923076963, blackNH and is leaving the simulation.
s06483 is aged 29.991076923076964, blackNH and is leaving the simulation.
s06609 is aged 29.988076923076964, blackNH and is leaving the simulation.
s06621 is aged 29.99807692307696, blackNH and is leaving the simulation.
s08063 is aged 29.981076923076962, hispanic and is leaving the simulation.
s08266 is aged 29.985076923076964, hispanic and is leaving the simulation.
s08278 is aged 29.84907692307696, hispanic and is leaving the simulation.
s10117 is aged 29.994076923076964, hispanic and is leaving the simulation.
s11194 is aged 29.98307692307696, otherNH and is leaving the simulation.
s11505 is aged 29.99807692307696, otherNH and is leaving the simulation.

Agents who have aged to a new age group are being updated...
s00180 is 21.018307692307733 and has aged to age group 21to29.
s03728 is 21.015307692307733 and has aged to age group 21to29.
s03828 is 21.009307692307733 and has aged to age group 21to29.
s03998 is 21.010307692307734 and has aged to age group 21to29.
s05231 is 21.009307692307733 and has aged to age group 21to29.
s05420 is 21.018307692307733 and has aged to age group 21to29.
s05542 is 21.010307692307734 and has aged to age group 21to29.
s05725 is 21.018307692307733 and has aged to age group 21to29.
s06084 is 21.012307692307733 and has aged to age group 21to29.
s06984 is 21.010307692307734 and has aged to age group 21to29.
s07326 is 21.009307692307733 and has aged to age group 21to29.
s07517 is 21.00830769230773 and has aged to age group 21to29.
s08016 is 21.012307692307733 and has aged to age group 21to29.
s08631 is 21.007307692307734 and has aged to age group 21to29.
s08785 is 21.004307692307734 and has aged to age group 21to29.
s09106 is 21.01430769230773 and has aged to age group 21to29.
s09725 is 21.007307692307734 and has aged to age group 21to29.
s09823 is 21.001307692307734 and has aged to age group 21to29.
s11168 is 21.00230769230773 and has aged to age group 21to29.

New agents are being added to the simulation...
s12455 is age 16.0 and hispanic and is entering the model
s12456 is age 16.0 and otherNH and is entering the model
s12457 is age 16.0 and whiteNH and is entering the model
s12458 is age 16.0 and whiteNH and is entering the model
s12459 is age 16.0 and blackNH and is entering the model
s12460 is age 16.0 and whiteNH and is entering the model
s12461 is age 16.0 and whiteNH and is entering the model
s12462 is age 16.0 and blackNH and is entering the model
s12463 is age 16.0 and hispanic and is entering the model
s12464 is age 16.0 and blackNH and is entering the model
s12465 is age 16.0 and hispanic and is entering the model
s12466 is age 16.0 and whiteNH and is entering the model
s12467 is age 16.0 and whiteNH and is entering the model
s12468 is age 16.0 and blackNH and is entering the model
s12469 is age 16.0 and hispanic and is entering the model
s12470 is age 16.0 and otherNH and is entering the model
s12471 is age 16.0 and blackNH and is entering the model
s12472 is age 16.0 and whiteNH and is entering the model

Agents are attending venues and using apps for week 50 in simulation...


Epidemic Simulation
----------------------------
Simulation: 1/1
Timestep: 50/3640
Prevalence: 1903
Population Size: 11642
----------------------------
The ages, hiv status, and relationship status for the agents are being updated...
s00401 is whiteNH, aged 22.613307692307732 in age group 16to20, with relationship status of 0 and is now HIV+.
s02003 is whiteNH, aged 28.442307692307732 in age group 21to29, with relationship status of 0 and is now HIV+.

Agents are being removed from the simulation...
s00038 is aged 29.99930769230773, whiteNH and is leaving the simulation.
s01377 is aged 29.986307692307733, whiteNH and is leaving the simulation.
s02358 is aged 29.99330769230773, whiteNH and is leaving the simulation.
s02730 is aged 29.988307692307732, whiteNH and is leaving the simulation.
s03175 is aged 29.997307692307732, whiteNH and is leaving the simulation.
s04310 is aged 29.988307692307732, blackNH and is leaving the simulation.
s04532 is aged 29.98530769230773, blackNH and is leaving the simulation.
s04634 is aged 29.984307692307734, blackNH and is leaving the simulation.
s04663 is aged 29.986307692307733, blackNH and is leaving the simulation.
s05804 is aged 29.998307692307733, blackNH and is leaving the simulation.
s05837 is aged 29.99930769230773, blackNH and is leaving the simulation.
s05896 is aged 29.998307692307733, blackNH and is leaving the simulation.
s07103 is aged 29.995307692307733, hispanic and is leaving the simulation.
s07320 is aged 29.988307692307732, hispanic and is leaving the simulation.
s07333 is aged 29.99030769230773, hispanic and is leaving the simulation.
s08242 is aged 29.98230769230773, hispanic and is leaving the simulation.
s08397 is aged 29.991307692307732, hispanic and is leaving the simulation.
s11171 is aged 29.99030769230773, otherNH and is leaving the simulation.

Agents who have aged to a new age group are being updated...
s02741 is 21.014538461538503 and has aged to age group 21to29.
s03685 is 21.000538461538504 and has aged to age group 21to29.
s05351 is 21.008538461538503 and has aged to age group 21to29.
s05514 is 21.003538461538504 and has aged to age group 21to29.
s05900 is 21.007538461538502 and has aged to age group 21to29.
s06079 is 21.006538461538504 and has aged to age group 21to29.
s06464 is 21.011538461538503 and has aged to age group 21to29.
s07940 is 21.0185384615385 and has aged to age group 21to29.
s08287 is 21.007538461538502 and has aged to age group 21to29.
s11387 is 21.005538461538503 and has aged to age group 21to29.

New agents are being added to the simulation...
s12473 is age 16.0 and blackNH and is entering the model
s12474 is age 16.0 and whiteNH and is entering the model
s12475 is age 16.0 and whiteNH and is entering the model
s12476 is age 16.0 and hispanic and is entering the model
s12477 is age 16.0 and blackNH and is entering the model
s12478 is age 16.0 and whiteNH and is entering the model
s12479 is age 16.0 and hispanic and is entering the model
s12480 is age 16.0 and whiteNH and is entering the model
s12481 is age 16.0 and whiteNH and is entering the model
s12482 is age 16.0 and whiteNH and is entering the model
s12483 is age 16.0 and hispanic and is entering the model
s12484 is age 16.0 and hispanic and is entering the model
s12485 is age 16.0 and blackNH and is entering the model
s12486 is age 16.0 and whiteNH and is entering the model
s12487 is age 16.0 and blackNH and is entering the model

Agents are attending venues and using apps for week 51 in simulation...


Epidemic Simulation
----------------------------
Simulation: 1/1
Timestep: 51/3640
Prevalence: 1899
Population Size: 11639
----------------------------
The ages, hiv status, and relationship status for the agents are being updated...
s05455 is blackNH, aged 26.985538461538503 in age group 21to29, with relationship status of 0 and is now HIV+.
s11239 is otherNH, aged 19.128538461538504 in age group 21to29, with relationship status of 0 and is now HIV+.

Agents are being removed from the simulation...
s00189 is aged 29.9865384615385, whiteNH and is leaving the simulation.
s00477 is aged 29.996538461538503, whiteNH and is leaving the simulation.
s00941 is aged 29.9835384615385, whiteNH and is leaving the simulation.
s01168 is aged 29.997538461538504, whiteNH and is leaving the simulation.
s01199 is aged 29.9835384615385, whiteNH and is leaving the simulation.
s02250 is aged 29.981538461538502, whiteNH and is leaving the simulation.
s03440 is aged 29.991538461538504, whiteNH and is leaving the simulation.
s03553 is aged 29.9955384615385, whiteNH and is leaving the simulation.
s03881 is aged 29.991538461538504, blackNH and is leaving the simulation.
s04946 is aged 29.991538461538504, blackNH and is leaving the simulation.
s05354 is aged 29.999538461538503, blackNH and is leaving the simulation.
s06344 is aged 29.984538461538502, blackNH and is leaving the simulation.
s07809 is aged 29.988538461538504, hispanic and is leaving the simulation.
s08382 is aged 29.9955384615385, hispanic and is leaving the simulation.
s09177 is aged 29.9865384615385, hispanic and is leaving the simulation.
s10073 is aged 29.982538461538503, hispanic and is leaving the simulation.
s10494 is aged 29.999538461538503, otherNH and is leaving the simulation.
s10607 is aged 29.999538461538503, otherNH and is leaving the simulation.
s11202 is aged 29.981538461538502, otherNH and is leaving the simulation.
s11659 is aged 29.9985384615385, otherNH and is leaving the simulation.

Agents who have aged to a new age group are being updated...
s00354 is 21.001769230769273 and has aged to age group 21to29.
s00733 is 21.01176923076927 and has aged to age group 21to29.
s01706 is 21.007769230769274 and has aged to age group 21to29.
s02108 is 21.01476923076927 and has aged to age group 21to29.
s02295 is 21.00876923076927 and has aged to age group 21to29.
s03020 is 21.000769230769272 and has aged to age group 21to29.
s03716 is 21.00876923076927 and has aged to age group 21to29.
s03761 is 21.010769230769274 and has aged to age group 21to29.
s05142 is 21.01176923076927 and has aged to age group 21to29.
s05158 is 21.007769230769274 and has aged to age group 21to29.
s05940 is 21.004769230769273 and has aged to age group 21to29.
s06847 is 21.013769230769274 and has aged to age group 21to29.
s07215 is 21.001769230769273 and has aged to age group 21to29.
s07344 is 21.016769230769274 and has aged to age group 21to29.
s07406 is 21.006769230769272 and has aged to age group 21to29.
s08079 is 21.010769230769274 and has aged to age group 21to29.
s09388 is 21.007769230769274 and has aged to age group 21to29.
s10513 is 21.01176923076927 and has aged to age group 21to29.
s11502 is 21.00576923076927 and has aged to age group 21to29.
s11627 is 21.00276923076927 and has aged to age group 21to29.

New agents are being added to the simulation...
s12488 is age 16.0 and hispanic and is entering the model
s12489 is age 16.0 and blackNH and is entering the model
s12490 is age 16.0 and blackNH and is entering the model
s12491 is age 16.0 and blackNH and is entering the model
s12492 is age 16.0 and whiteNH and is entering the model
s12493 is age 16.0 and whiteNH and is entering the model
s12494 is age 16.0 and hispanic and is entering the model
s12495 is age 16.0 and hispanic and is entering the model
s12496 is age 16.0 and hispanic and is entering the model
s12497 is age 16.0 and hispanic and is entering the model
s12498 is age 16.0 and hispanic and is entering the model
s12499 is age 16.0 and otherNH and is entering the model
s12500 is age 16.0 and blackNH and is entering the model
s12501 is age 16.0 and hispanic and is entering the model
s12502 is age 16.0 and whiteNH and is entering the model
s12503 is age 16.0 and blackNH and is entering the model
s12504 is age 16.0 and otherNH and is entering the model
s12505 is age 16.0 and hispanic and is entering the model
s12506 is age 16.0 and whiteNH and is entering the model

Agents are attending venues and using apps for week 52 in simulation...


Epidemic Simulation
----------------------------
Simulation: 1/1
Timestep: 52/3640
Prevalence: 1897
Population Size: 11638
----------------------------
The ages, hiv status, and relationship status for the agents are being updated...
s05662 is blackNH, aged 23.547769230769273 in age group 21to29, with relationship status of 1 and is now HIV+.
s10526 is otherNH, aged 19.879769230769273 in age group 16to20, with relationship status of 0 and is now HIV+.

Agents are being removed from the simulation...
s00008 is aged 29.998769230769273, whiteNH and is leaving the simulation.
s00579 is aged 29.993769230769274, whiteNH and is leaving the simulation.
s01207 is aged 29.99976923076927, whiteNH and is leaving the simulation.
s02851 is aged 29.991769230769272, whiteNH and is leaving the simulation.
s06089 is aged 29.980769230769273, blackNH and is leaving the simulation.
s06535 is aged 29.99976923076927, blackNH and is leaving the simulation.
s06603 is aged 29.990769230769274, blackNH and is leaving the simulation.
s06694 is aged 29.993769230769274, blackNH and is leaving the simulation.
s07428 is aged 29.99676923076927, hispanic and is leaving the simulation.
s07910 is aged 29.993769230769274, hispanic and is leaving the simulation.
s11091 is aged 29.99976923076927, otherNH and is leaving the simulation.
s11238 is aged 29.98276923076927, otherNH and is leaving the simulation.

Agents who have aged to a new age group are being updated...
s01231 is 21.010000000000044 and has aged to age group 21to29.
s01260 is 21.00500000000004 and has aged to age group 21to29.
s01775 is 21.012000000000043 and has aged to age group 21to29.
s03568 is 21.018000000000043 and has aged to age group 21to29.
s03636 is 21.014000000000042 and has aged to age group 21to29.
s04320 is 21.013000000000044 and has aged to age group 21to29.
s04976 is 21.00800000000004 and has aged to age group 21to29.
s05536 is 21.013000000000044 and has aged to age group 21to29.
s05603 is 21.01600000000004 and has aged to age group 21to29.
s05702 is 21.018000000000043 and has aged to age group 21to29.
s06487 is 21.013000000000044 and has aged to age group 21to29.
s06825 is 21.017000000000042 and has aged to age group 21to29.
s07486 is 21.017000000000042 and has aged to age group 21to29.
s08555 is 21.000000000000043 and has aged to age group 21to29.
s08710 is 21.001000000000044 and has aged to age group 21to29.
s08715 is 21.01900000000004 and has aged to age group 21to29.
s10041 is 21.001000000000044 and has aged to age group 21to29.
s10355 is 21.00500000000004 and has aged to age group 21to29.
s10432 is 21.000000000000043 and has aged to age group 21to29.
s11411 is 21.006000000000043 and has aged to age group 21to29.

New agents are being added to the simulation...
s12507 is age 16.0 and whiteNH and is entering the model
s12508 is age 16.0 and whiteNH and is entering the model
s12509 is age 16.0 and whiteNH and is entering the model
s12510 is age 16.0 and hispanic and is entering the model
s12511 is age 16.0 and blackNH and is entering the model
s12512 is age 16.0 and blackNH and is entering the model
s12513 is age 16.0 and hispanic and is entering the model
s12514 is age 16.0 and blackNH and is entering the model
s12515 is age 16.0 and hispanic and is entering the model
s12516 is age 16.0 and hispanic and is entering the model
s12517 is age 16.0 and hispanic and is entering the model
s12518 is age 16.0 and blackNH and is entering the model

Agents are attending venues and using apps for week 53 in simulation...


Epidemic Simulation
----------------------------
Simulation: 1/1
Timestep: 53/3640
Prevalence: 1900
Population Size: 11638
----------------------------
The ages, hiv status, and relationship status for the agents are being updated...
s00975 is whiteNH, aged 27.22600000000004 in age group 16to20, with relationship status of 1 and is now HIV+.
s04089 is blackNH, aged 17.414000000000044 in age group 16to20, with relationship status of 0 and is now HIV+.
s05606 is blackNH, aged 23.518000000000043 in age group 21to29, with relationship status of 0 and is now HIV+.
s06569 is blackNH, aged 17.83300000000004 in age group 21to29, with relationship status of 0 and is now HIV+.

Agents are being removed from the simulation...
s03889 is aged 29.994000000000042, blackNH and is leaving the simulation.
s03942 is aged 29.989000000000043, blackNH and is leaving the simulation.
s04764 is aged 29.99300000000004, blackNH and is leaving the simulation.
s05154 is aged 29.983000000000043, blackNH and is leaving the simulation.
s05363 is aged 29.99300000000004, blackNH and is leaving the simulation.
s07918 is aged 29.991000000000042, hispanic and is leaving the simulation.
s07945 is aged 29.986000000000043, hispanic and is leaving the simulation.
s08280 is aged 29.99000000000004, hispanic and is leaving the simulation.
s08553 is aged 29.982000000000042, hispanic and is leaving the simulation.
s08957 is aged 29.982000000000042, hispanic and is leaving the simulation.
s10525 is aged 29.981000000000044, otherNH and is leaving the simulation.
s10621 is aged 29.992000000000044, otherNH and is leaving the simulation.

Agents who have aged to a new age group are being updated...
s00167 is 21.011230769230814 and has aged to age group 21to29.
s00881 is 21.017230769230814 and has aged to age group 21to29.
s01074 is 21.01823076923081 and has aged to age group 21to29.
s01401 is 21.005230769230813 and has aged to age group 21to29.
s01968 is 21.00923076923081 and has aged to age group 21to29.
s02085 is 21.01523076923081 and has aged to age group 21to29.
s03141 is 21.005230769230813 and has aged to age group 21to29.
s03236 is 21.016230769230813 and has aged to age group 21to29.
s03674 is 21.004230769230812 and has aged to age group 21to29.
s04228 is 21.01223076923081 and has aged to age group 21to29.
s04286 is 21.016230769230813 and has aged to age group 21to29.
s04463 is 21.010230769230812 and has aged to age group 21to29.
s06398 is 21.001230769230812 and has aged to age group 21to29.
s09067 is 21.000230769230814 and has aged to age group 21to29.
s09460 is 21.01223076923081 and has aged to age group 21to29.
s10671 is 21.01523076923081 and has aged to age group 21to29.
s11445 is 21.00923076923081 and has aged to age group 21to29.

New agents are being added to the simulation...
s12519 is age 16.0 and otherNH and is entering the model
s12520 is age 16.0 and hispanic and is entering the model
s12521 is age 16.0 and hispanic and is entering the model
s12522 is age 16.0 and whiteNH and is entering the model
s12523 is age 16.0 and hispanic and is entering the model
s12524 is age 16.0 and whiteNH and is entering the model
s12525 is age 16.0 and whiteNH and is entering the model
s12526 is age 16.0 and hispanic and is entering the model
s12527 is age 16.0 and whiteNH and is entering the model
s12528 is age 16.0 and hispanic and is entering the model
s12529 is age 16.0 and whiteNH and is entering the model
s12530 is age 16.0 and whiteNH and is entering the model
s12531 is age 16.0 and otherNH and is entering the model
s12532 is age 16.0 and whiteNH and is entering the model
s12533 is age 16.0 and whiteNH and is entering the model
s12534 is age 16.0 and whiteNH and is entering the model
s12535 is age 16.0 and hispanic and is entering the model
s12536 is age 16.0 and blackNH and is entering the model

Agents are attending venues and using apps for week 54 in simulation...


Epidemic Simulation
----------------------------
Simulation: 1/1
Timestep: 54/3640
Prevalence: 1897
Population Size: 11644
----------------------------
The ages, hiv status, and relationship status for the agents are being updated...
s07211 is hispanic, aged 21.718230769230814 in age group 21to29, with relationship status of 1 and is now HIV+.

Agents are being removed from the simulation...
s00276 is aged 29.994230769230814, whiteNH and is leaving the simulation.
s00281 is aged 29.999230769230813, whiteNH and is leaving the simulation.
s00385 is aged 29.988230769230814, whiteNH and is leaving the simulation.
s00552 is aged 29.98623076923081, whiteNH and is leaving the simulation.
s01237 is aged 29.988230769230814, whiteNH and is leaving the simulation.
s01524 is aged 29.988230769230814, whiteNH and is leaving the simulation.
s01776 is aged 29.99523076923081, whiteNH and is leaving the simulation.
s02409 is aged 29.993230769230813, whiteNH and is leaving the simulation.
s03527 is aged 29.985230769230814, whiteNH and is leaving the simulation.
s03989 is aged 29.98623076923081, blackNH and is leaving the simulation.
s05849 is aged 29.99223076923081, blackNH and is leaving the simulation.
s06495 is aged 29.999230769230813, blackNH and is leaving the simulation.
s06507 is aged 29.998230769230812, blackNH and is leaving the simulation.
s06998 is aged 29.994230769230814, hispanic and is leaving the simulation.
s07183 is aged 29.984230769230813, hispanic and is leaving the simulation.
s08342 is aged 29.994230769230814, hispanic and is leaving the simulation.
s08374 is aged 20.174230769230814, hispanic and is leaving the simulation.
s08599 is aged 29.988230769230814, hispanic and is leaving the simulation.
s08793 is aged 29.99223076923081, hispanic and is leaving the simulation.
s10430 is aged 29.99223076923081, otherNH and is leaving the simulation.
s10736 is aged 29.984230769230813, otherNH and is leaving the simulation.
s10807 is aged 29.999230769230813, otherNH and is leaving the simulation.

Agents who have aged to a new age group are being updated...
s01001 is 21.015461538461583 and has aged to age group 21to29.
s01980 is 21.007461538461584 and has aged to age group 21to29.
s02209 is 21.006461538461583 and has aged to age group 21to29.
s02539 is 21.014461538461582 and has aged to age group 21to29.
s02676 is 21.006461538461583 and has aged to age group 21to29.
s02786 is 21.00546153846158 and has aged to age group 21to29.
s04195 is 21.017461538461582 and has aged to age group 21to29.
s04353 is 21.015461538461583 and has aged to age group 21to29.
s04664 is 21.007461538461584 and has aged to age group 21to29.
s05063 is 21.015461538461583 and has aged to age group 21to29.
s06612 is 21.014461538461582 and has aged to age group 21to29.
s06923 is 21.018461538461583 and has aged to age group 21to29.
s07668 is 21.016461538461584 and has aged to age group 21to29.
s10297 is 21.001461538461584 and has aged to age group 21to29.
s10617 is 21.009461538461583 and has aged to age group 21to29.
s10697 is 21.003461538461583 and has aged to age group 21to29.
s10920 is 21.014461538461582 and has aged to age group 21to29.
s11324 is 21.000461538461582 and has aged to age group 21to29.
s11365 is 21.009461538461583 and has aged to age group 21to29.

New agents are being added to the simulation...
s12537 is age 16.0 and whiteNH and is entering the model
s12538 is age 16.0 and hispanic and is entering the model
s12539 is age 16.0 and whiteNH and is entering the model
s12540 is age 16.0 and whiteNH and is entering the model
s12541 is age 16.0 and hispanic and is entering the model
s12542 is age 16.0 and hispanic and is entering the model
s12543 is age 16.0 and whiteNH and is entering the model
s12544 is age 16.0 and blackNH and is entering the model
s12545 is age 16.0 and blackNH and is entering the model
s12546 is age 16.0 and whiteNH and is entering the model
s12547 is age 16.0 and whiteNH and is entering the model
s12548 is age 16.0 and blackNH and is entering the model
s12549 is age 16.0 and whiteNH and is entering the model

Agents are attending venues and using apps for week 55 in simulation...


Epidemic Simulation
----------------------------
Simulation: 1/1
Timestep: 55/3640
Prevalence: 1898
Population Size: 11635
----------------------------
The ages, hiv status, and relationship status for the agents are being updated...
s03828 is whiteNH, aged 21.105461538461583 in age group 21to29, with relationship status of 0 and is now HIV+.
s06815 is blackNH, aged 23.391461538461584 in age group 21to29, with relationship status of 1 and is now HIV+.
s08705 is hispanic, aged 24.235461538461582 in age group 21to29, with relationship status of 1 and is now HIV+.

Agents are being removed from the simulation...
s01181 is aged 29.988461538461582, whiteNH and is leaving the simulation.
s02008 is aged 29.992461538461583, whiteNH and is leaving the simulation.
s03863 is aged 29.984461538461584, blackNH and is leaving the simulation.
s04021 is aged 29.99946153846158, blackNH and is leaving the simulation.
s04255 is aged 29.983461538461583, blackNH and is leaving the simulation.
s04736 is aged 29.994461538461582, blackNH and is leaving the simulation.
s04819 is aged 29.991461538461582, blackNH and is leaving the simulation.
s06245 is aged 29.995461538461583, blackNH and is leaving the simulation.
s07069 is aged 29.989461538461583, hispanic and is leaving the simulation.
s08732 is aged 29.997461538461582, hispanic and is leaving the simulation.
s08771 is aged 29.984461538461584, hispanic and is leaving the simulation.
s09151 is aged 29.998461538461584, hispanic and is leaving the simulation.
s10448 is aged 29.99046153846158, otherNH and is leaving the simulation.
s10465 is aged 29.994461538461582, otherNH and is leaving the simulation.
s10844 is aged 29.998461538461584, otherNH and is leaving the simulation.
s10895 is aged 29.983461538461583, otherNH and is leaving the simulation.
s11094 is aged 29.983461538461583, otherNH and is leaving the simulation.

Agents who have aged to a new age group are being updated...
s00142 is 21.004692307692352 and has aged to age group 21to29.
s00279 is 21.01569230769235 and has aged to age group 21to29.
s00600 is 21.001692307692352 and has aged to age group 21to29.
s00794 is 21.016692307692352 and has aged to age group 21to29.
s01000 is 21.008692307692353 and has aged to age group 21to29.
s01575 is 21.016692307692352 and has aged to age group 21to29.
s01616 is 21.00969230769235 and has aged to age group 21to29.
s02317 is 21.010692307692352 and has aged to age group 21to29.
s03690 is 21.01569230769235 and has aged to age group 21to29.
s04188 is 21.013692307692352 and has aged to age group 21to29.
s04868 is 21.011692307692353 and has aged to age group 21to29.
s05243 is 21.013692307692352 and has aged to age group 21to29.
s06610 is 21.001692307692352 and has aged to age group 21to29.
s08565 is 21.006692307692354 and has aged to age group 21to29.
s09412 is 21.01569230769235 and has aged to age group 21to29.
s10359 is 21.010692307692352 and has aged to age group 21to29.

New agents are being added to the simulation...
s12550 is age 16.0 and blackNH and is entering the model
s12551 is age 16.0 and blackNH and is entering the model
s12552 is age 16.0 and hispanic and is entering the model
s12553 is age 16.0 and blackNH and is entering the model
s12554 is age 16.0 and whiteNH and is entering the model
s12555 is age 16.0 and blackNH and is entering the model
s12556 is age 16.0 and blackNH and is entering the model
s12557 is age 16.0 and whiteNH and is entering the model
s12558 is age 16.0 and otherNH and is entering the model
s12559 is age 16.0 and otherNH and is entering the model
s12560 is age 16.0 and whiteNH and is entering the model
s12561 is age 16.0 and whiteNH and is entering the model
s12562 is age 16.0 and otherNH and is entering the model
s12563 is age 16.0 and blackNH and is entering the model
s12564 is age 16.0 and otherNH and is entering the model
s12565 is age 16.0 and hispanic and is entering the model

Agents are attending venues and using apps for week 56 in simulation...


Epidemic Simulation
----------------------------
Simulation: 1/1
Timestep: 56/3640
Prevalence: 1896
Population Size: 11634
----------------------------
The ages, hiv status, and relationship status for the agents are being updated...
s04079 is blackNH, aged 23.876692307692352 in age group 16to20, with relationship status of 0 and is now HIV+.
s06077 is blackNH, aged 27.741692307692354 in age group 21to29, with relationship status of 0 and is now HIV+.

Agents are being removed from the simulation...
s00926 is aged 29.981692307692352, whiteNH and is leaving the simulation.
s01352 is aged 29.993692307692353, whiteNH and is leaving the simulation.
s01997 is aged 29.991692307692354, whiteNH and is leaving the simulation.
s02523 is aged 29.996692307692353, whiteNH and is leaving the simulation.
s04617 is aged 29.98669230769235, blackNH and is leaving the simulation.
s05592 is aged 29.988692307692354, blackNH and is leaving the simulation.
s05656 is aged 29.98669230769235, blackNH and is leaving the simulation.
s05810 is aged 29.982692307692353, blackNH and is leaving the simulation.
s06178 is aged 29.993692307692353, blackNH and is leaving the simulation.
s07409 is aged 29.988692307692354, hispanic and is leaving the simulation.
s08195 is aged 29.981692307692352, hispanic and is leaving the simulation.
s11543 is aged 29.993692307692353, otherNH and is leaving the simulation.

Agents who have aged to a new age group are being updated...
s01641 is 21.015923076923123 and has aged to age group 21to29.
s04335 is 21.01492307692312 and has aged to age group 21to29.
s06127 is 21.01192307692312 and has aged to age group 21to29.
s06894 is 21.00892307692312 and has aged to age group 21to29.
s08259 is 21.012923076923123 and has aged to age group 21to29.
s08276 is 21.018923076923123 and has aged to age group 21to29.
s08364 is 21.018923076923123 and has aged to age group 21to29.
s09563 is 21.000923076923122 and has aged to age group 21to29.
s09972 is 21.003923076923122 and has aged to age group 21to29.
s10971 is 21.016923076923124 and has aged to age group 21to29.
s11687 is 21.009923076923123 and has aged to age group 21to29.

New agents are being added to the simulation...
s12566 is age 16.0 and hispanic and is entering the model
s12567 is age 16.0 and whiteNH and is entering the model
s12568 is age 16.0 and whiteNH and is entering the model
s12569 is age 16.0 and whiteNH and is entering the model
s12570 is age 16.0 and otherNH and is entering the model
s12571 is age 16.0 and otherNH and is entering the model
s12572 is age 16.0 and blackNH and is entering the model
s12573 is age 16.0 and whiteNH and is entering the model
s12574 is age 16.0 and whiteNH and is entering the model
s12575 is age 16.0 and otherNH and is entering the model
s12576 is age 16.0 and blackNH and is entering the model
s12577 is age 16.0 and whiteNH and is entering the model
s12578 is age 16.0 and whiteNH and is entering the model
s12579 is age 16.0 and hispanic and is entering the model
s12580 is age 16.0 and whiteNH and is entering the model
s12581 is age 16.0 and blackNH and is entering the model
s12582 is age 16.0 and whiteNH and is entering the model

Agents are attending venues and using apps for week 57 in simulation...


Epidemic Simulation
----------------------------
Simulation: 1/1
Timestep: 57/3640
Prevalence: 1898
Population Size: 11639
----------------------------
The ages, hiv status, and relationship status for the agents are being updated...
s06200 is blackNH, aged 20.791923076923123 in age group 21to29, with relationship status of 0 and is now HIV+.
s06345 is blackNH, aged 24.288923076923123 in age group 21to29, with relationship status of 1 and is now HIV+.
s09880 is hispanic, aged 27.852923076923123 in age group 21to29, with relationship status of 0 and is now HIV+.
s11503 is otherNH, aged 26.475923076923124 in age group 21to29, with relationship status of 0 and is now HIV+.

Agents are being removed from the simulation...
s00463 is aged 29.983923076923123, whiteNH and is leaving the simulation.
s01396 is aged 29.997923076923122, whiteNH and is leaving the simulation.
s02367 is aged 29.984923076923124, whiteNH and is leaving the simulation.
s03635 is aged 29.999923076923125, whiteNH and is leaving the simulation.
s04409 is aged 29.987923076923124, blackNH and is leaving the simulation.
s04745 is aged 29.992923076923123, blackNH and is leaving the simulation.
s05017 is aged 29.997923076923122, blackNH and is leaving the simulation.
s05361 is aged 29.996923076923125, blackNH and is leaving the simulation.
s06653 is aged 29.991923076923122, blackNH and is leaving the simulation.
s07161 is aged 29.987923076923124, hispanic and is leaving the simulation.
s07261 is aged 29.986923076923123, hispanic and is leaving the simulation.
s07890 is aged 29.995923076923123, hispanic and is leaving the simulation.
s08408 is aged 29.989923076923123, hispanic and is leaving the simulation.
s08500 is aged 29.980923076923123, hispanic and is leaving the simulation.
s10460 is aged 29.980923076923123, otherNH and is leaving the simulation.
s10963 is aged 29.983923076923123, otherNH and is leaving the simulation.
s11174 is aged 29.987923076923124, otherNH and is leaving the simulation.

Agents who have aged to a new age group are being updated...
s00209 is 21.015153846153893 and has aged to age group 21to29.
s00372 is 21.018153846153893 and has aged to age group 21to29.
s00849 is 21.00215384615389 and has aged to age group 21to29.
s02145 is 21.007153846153894 and has aged to age group 21to29.
s03982 is 21.007153846153894 and has aged to age group 21to29.
s04616 is 21.00215384615389 and has aged to age group 21to29.
s04805 is 21.013153846153894 and has aged to age group 21to29.
s05416 is 21.010153846153894 and has aged to age group 21to29.
s06570 is 21.014153846153892 and has aged to age group 21to29.
s09433 is 21.00215384615389 and has aged to age group 21to29.
s10017 is 21.014153846153892 and has aged to age group 21to29.
s10159 is 21.013153846153894 and has aged to age group 21to29.
s10250 is 21.016153846153895 and has aged to age group 21to29.
s11153 is 21.00215384615389 and has aged to age group 21to29.

New agents are being added to the simulation...
s12583 is age 16.0 and whiteNH and is entering the model
s12584 is age 16.0 and hispanic and is entering the model
s12585 is age 16.0 and blackNH and is entering the model
s12586 is age 16.0 and hispanic and is entering the model
s12587 is age 16.0 and otherNH and is entering the model
s12588 is age 16.0 and otherNH and is entering the model
s12589 is age 16.0 and otherNH and is entering the model
s12590 is age 16.0 and blackNH and is entering the model
s12591 is age 16.0 and whiteNH and is entering the model
s12592 is age 16.0 and whiteNH and is entering the model
s12593 is age 16.0 and whiteNH and is entering the model
s12594 is age 16.0 and otherNH and is entering the model
s12595 is age 16.0 and whiteNH and is entering the model
s12596 is age 16.0 and hispanic and is entering the model
s12597 is age 16.0 and whiteNH and is entering the model

Agents are attending venues and using apps for week 58 in simulation...


Epidemic Simulation
----------------------------
Simulation: 1/1
Timestep: 58/3640
Prevalence: 1897
Population Size: 11637
----------------------------
The ages, hiv status, and relationship status for the agents are being updated...
s07748 is hispanic, aged 23.26915384615389 in age group 16to20, with relationship status of 0 and is now HIV+.

Agents are being removed from the simulation...
s00285 is aged 29.99615384615389, whiteNH and is leaving the simulation.
s00693 is aged 29.982153846153892, whiteNH and is leaving the simulation.
s01256 is aged 29.99615384615389, whiteNH and is leaving the simulation.
s02262 is aged 29.99915384615389, whiteNH and is leaving the simulation.
s02576 is aged 29.995153846153894, whiteNH and is leaving the simulation.
s03196 is aged 29.997153846153893, whiteNH and is leaving the simulation.
s03815 is aged 29.995153846153894, whiteNH and is leaving the simulation.
s04014 is aged 29.98715384615389, blackNH and is leaving the simulation.
s04185 is aged 29.99915384615389, blackNH and is leaving the simulation.
s04902 is aged 29.98715384615389, blackNH and is leaving the simulation.
s06163 is aged 22.901153846153893, blackNH and is leaving the simulation.
s07393 is aged 29.998153846153894, hispanic and is leaving the simulation.
s08952 is aged 29.995153846153894, hispanic and is leaving the simulation.
s09281 is aged 29.997153846153893, hispanic and is leaving the simulation.
s10836 is aged 29.991153846153892, otherNH and is leaving the simulation.

Agents who have aged to a new age group are being updated...
s00789 is 21.007384615384662 and has aged to age group 21to29.
s00991 is 21.007384615384662 and has aged to age group 21to29.
s03548 is 21.001384615384662 and has aged to age group 21to29.
s04361 is 21.005384615384664 and has aged to age group 21to29.
s05586 is 21.013384615384663 and has aged to age group 21to29.
s07221 is 21.002384615384663 and has aged to age group 21to29.
s08000 is 21.011384615384664 and has aged to age group 21to29.
s08903 is 21.01838461538466 and has aged to age group 21to29.
s09844 is 21.017384615384664 and has aged to age group 21to29.
s09976 is 21.003384615384665 and has aged to age group 21to29.
s10783 is 21.002384615384663 and has aged to age group 21to29.
s11685 is 21.00638461538466 and has aged to age group 21to29.

New agents are being added to the simulation...
s12598 is age 16.0 and whiteNH and is entering the model
s12599 is age 16.0 and blackNH and is entering the model
s12600 is age 16.0 and blackNH and is entering the model
s12601 is age 16.0 and blackNH and is entering the model
s12602 is age 16.0 and hispanic and is entering the model
s12603 is age 16.0 and hispanic and is entering the model
s12604 is age 16.0 and whiteNH and is entering the model
s12605 is age 16.0 and hispanic and is entering the model
s12606 is age 16.0 and hispanic and is entering the model
s12607 is age 16.0 and blackNH and is entering the model
s12608 is age 16.0 and blackNH and is entering the model
s12609 is age 16.0 and otherNH and is entering the model

Agents are attending venues and using apps for week 59 in simulation...


Epidemic Simulation
----------------------------
Simulation: 1/1
Timestep: 59/3640
Prevalence: 1898
Population Size: 11634
----------------------------
The ages, hiv status, and relationship status for the agents are being updated...
s08481 is hispanic, aged 29.488384615384664 in age group 21to29, with relationship status of 1 and is now HIV+.
s12125 is blackNH, aged 16.5769230769231 in age group 16to20, with relationship status of 1 and is now HIV+.

Agents are being removed from the simulation...
s00340 is aged 29.992384615384662, whiteNH and is leaving the simulation.
s00497 is aged 29.990384615384663, whiteNH and is leaving the simulation.
s01020 is aged 29.987384615384663, whiteNH and is leaving the simulation.
s01690 is aged 29.997384615384664, whiteNH and is leaving the simulation.
s01962 is aged 29.98338461538466, whiteNH and is leaving the simulation.
s02342 is aged 20.33238461538466, whiteNH and is leaving the simulation.
s03599 is aged 29.98938461538466, whiteNH and is leaving the simulation.
s04908 is aged 29.991384615384664, blackNH and is leaving the simulation.
s05491 is aged 29.994384615384664, blackNH and is leaving the simulation.
s05550 is aged 29.981384615384663, blackNH and is leaving the simulation.
s06567 is aged 29.985384615384664, blackNH and is leaving the simulation.
s06979 is aged 29.999384615384663, hispanic and is leaving the simulation.
s07566 is aged 29.994384615384664, hispanic and is leaving the simulation.
s07727 is aged 29.985384615384664, hispanic and is leaving the simulation.
s07895 is aged 29.988384615384664, hispanic and is leaving the simulation.
s09482 is aged 29.998384615384662, hispanic and is leaving the simulation.
s09743 is aged 29.98938461538466, hispanic and is leaving the simulation.
s09765 is aged 29.992384615384662, hispanic and is leaving the simulation.
s11694 is aged 29.990384615384663, otherNH and is leaving the simulation.

Agents who have aged to a new age group are being updated...
s00558 is 21.00561538461543 and has aged to age group 21to29.
s00667 is 21.006615384615433 and has aged to age group 21to29.
s01648 is 21.010615384615434 and has aged to age group 21to29.
s01770 is 21.009615384615433 and has aged to age group 21to29.
s03093 is 21.010615384615434 and has aged to age group 21to29.
s05767 is 21.011615384615432 and has aged to age group 21to29.
s06317 is 21.011615384615432 and has aged to age group 21to29.
s06359 is 21.012615384615433 and has aged to age group 21to29.
s06581 is 21.00861538461543 and has aged to age group 21to29.
s07650 is 21.004615384615434 and has aged to age group 21to29.
s08005 is 21.004615384615434 and has aged to age group 21to29.
s08129 is 21.010615384615434 and has aged to age group 21to29.
s08279 is 21.015615384615433 and has aged to age group 21to29.
s08711 is 21.010615384615434 and has aged to age group 21to29.
s09055 is 21.00561538461543 and has aged to age group 21to29.
s10712 is 21.013615384615434 and has aged to age group 21to29.
s10848 is 21.004615384615434 and has aged to age group 21to29.

New agents are being added to the simulation...
s12610 is age 16.0 and otherNH and is entering the model
s12611 is age 16.0 and otherNH and is entering the model
s12612 is age 16.0 and whiteNH and is entering the model
s12613 is age 16.0 and hispanic and is entering the model
s12614 is age 16.0 and hispanic and is entering the model
s12615 is age 16.0 and otherNH and is entering the model
s12616 is age 16.0 and blackNH and is entering the model
s12617 is age 16.0 and whiteNH and is entering the model
s12618 is age 16.0 and blackNH and is entering the model
s12619 is age 16.0 and hispanic and is entering the model
s12620 is age 16.0 and hispanic and is entering the model
s12621 is age 16.0 and blackNH and is entering the model
s12622 is age 16.0 and whiteNH and is entering the model
s12623 is age 16.0 and otherNH and is entering the model
s12624 is age 16.0 and hispanic and is entering the model
s12625 is age 16.0 and hispanic and is entering the model
s12626 is age 16.0 and blackNH and is entering the model
s12627 is age 16.0 and hispanic and is entering the model
s12628 is age 16.0 and hispanic and is entering the model
s12629 is age 16.0 and whiteNH and is entering the model

Agents are attending venues and using apps for week 60 in simulation...


Epidemic Simulation
----------------------------
Simulation: 1/1
Timestep: 60/3640
Prevalence: 1897
Population Size: 11635
----------------------------
The ages, hiv status, and relationship status for the agents are being updated...
s09962 is hispanic, aged 18.972615384615434 in age group 21to29, with relationship status of 0 and is now HIV+.

Agents are being removed from the simulation...
s00002 is aged 29.990615384615435, whiteNH and is leaving the simulation.
s01787 is aged 29.988615384615432, whiteNH and is leaving the simulation.
s02002 is aged 29.992615384615434, whiteNH and is leaving the simulation.
s02690 is aged 29.998615384615434, whiteNH and is leaving the simulation.
s03719 is aged 29.990615384615435, whiteNH and is leaving the simulation.
s04504 is aged 29.992615384615434, blackNH and is leaving the simulation.
s04657 is aged 29.982615384615432, blackNH and is leaving the simulation.
s05583 is aged 29.992615384615434, blackNH and is leaving the simulation.
s06369 is aged 29.995615384615434, blackNH and is leaving the simulation.
s06474 is aged 29.994615384615432, blackNH and is leaving the simulation.
s07027 is aged 29.994615384615432, hispanic and is leaving the simulation.
s07557 is aged 29.988615384615432, hispanic and is leaving the simulation.
s07686 is aged 29.994615384615432, hispanic and is leaving the simulation.
s08058 is aged 29.984615384615434, hispanic and is leaving the simulation.
s08121 is aged 29.991615384615432, hispanic and is leaving the simulation.
s09192 is aged 29.987615384615435, hispanic and is leaving the simulation.
s09334 is aged 29.981615384615434, hispanic and is leaving the simulation.
s09941 is aged 29.995615384615434, hispanic and is leaving the simulation.
s10555 is aged 29.982615384615432, otherNH and is leaving the simulation.
s10868 is aged 29.981615384615434, otherNH and is leaving the simulation.
s11229 is aged 29.99961538461543, otherNH and is leaving the simulation.
s11401 is aged 29.982615384615432, otherNH and is leaving the simulation.

Agents who have aged to a new age group are being updated...
s01909 is 21.001846153846202 and has aged to age group 21to29.
s02664 is 21.004846153846202 and has aged to age group 21to29.
s03409 is 21.0188461538462 and has aged to age group 21to29.
s03564 is 21.017846153846204 and has aged to age group 21to29.
s04502 is 21.0158461538462 and has aged to age group 21to29.
s05330 is 21.002846153846203 and has aged to age group 21to29.
s07543 is 21.012846153846205 and has aged to age group 21to29.
s08677 is 21.016846153846203 and has aged to age group 21to29.
s09157 is 21.007846153846202 and has aged to age group 21to29.
s09215 is 21.008846153846203 and has aged to age group 21to29.
s09486 is 21.016846153846203 and has aged to age group 21to29.
s09811 is 21.008846153846203 and has aged to age group 21to29.

New agents are being added to the simulation...
s12630 is age 16.0 and hispanic and is entering the model
s12631 is age 16.0 and blackNH and is entering the model
s12632 is age 16.0 and hispanic and is entering the model
s12633 is age 16.0 and whiteNH and is entering the model
s12634 is age 16.0 and whiteNH and is entering the model
s12635 is age 16.0 and whiteNH and is entering the model
s12636 is age 16.0 and whiteNH and is entering the model
s12637 is age 16.0 and blackNH and is entering the model
s12638 is age 16.0 and hispanic and is entering the model
s12639 is age 16.0 and whiteNH and is entering the model
s12640 is age 16.0 and whiteNH and is entering the model
s12641 is age 16.0 and blackNH and is entering the model
s12642 is age 16.0 and whiteNH and is entering the model
s12643 is age 16.0 and whiteNH and is entering the model
s12644 is age 16.0 and blackNH and is entering the model
s12645 is age 16.0 and otherNH and is entering the model

Agents are attending venues and using apps for week 61 in simulation...


Epidemic Simulation
----------------------------
Simulation: 1/1
Timestep: 61/3640
Prevalence: 1896
Population Size: 11629
----------------------------
The ages, hiv status, and relationship status for the agents are being updated...
s06596 is blackNH, aged 22.734846153846203 in age group 21to29, with relationship status of 1 and is now HIV+.
s06607 is blackNH, aged 18.817846153846205 in age group 21to29, with relationship status of 0 and is now HIV+.
s07419 is hispanic, aged 28.102846153846205 in age group 16to20, with relationship status of 0 and is now HIV+.

Agents are being removed from the simulation...
s00135 is aged 29.985846153846204, whiteNH and is leaving the simulation.
s00263 is aged 29.982846153846204, whiteNH and is leaving the simulation.
s00645 is aged 29.991846153846204, whiteNH and is leaving the simulation.
s01185 is aged 29.994846153846204, whiteNH and is leaving the simulation.
s02333 is aged 29.987846153846203, whiteNH and is leaving the simulation.
s03392 is aged 29.996846153846203, whiteNH and is leaving the simulation.
s04577 is aged 29.993846153846203, blackNH and is leaving the simulation.
s04747 is aged 29.996846153846203, blackNH and is leaving the simulation.
s04875 is aged 29.993846153846203, blackNH and is leaving the simulation.
s05437 is aged 29.991846153846204, blackNH and is leaving the simulation.
s06114 is aged 29.981846153846202, blackNH and is leaving the simulation.
s09391 is aged 29.996846153846203, hispanic and is leaving the simulation.
s10194 is aged 29.9808461538462, hispanic and is leaving the simulation.
s10208 is aged 29.9838461538462, hispanic and is leaving the simulation.
s10520 is aged 29.991846153846204, otherNH and is leaving the simulation.
s11118 is aged 29.998846153846202, otherNH and is leaving the simulation.
s11191 is aged 29.9868461538462, otherNH and is leaving the simulation.

Agents who have aged to a new age group are being updated...
s00841 is 21.010076923076973 and has aged to age group 21to29.
s01116 is 21.018076923076972 and has aged to age group 21to29.
s01531 is 21.015076923076972 and has aged to age group 21to29.
s01749 is 21.017076923076974 and has aged to age group 21to29.
s02195 is 21.002076923076974 and has aged to age group 21to29.
s02369 is 21.002076923076974 and has aged to age group 21to29.
s03083 is 21.015076923076972 and has aged to age group 21to29.
s04669 is 21.018076923076972 and has aged to age group 21to29.
s05370 is 21.014076923076974 and has aged to age group 21to29.
s05472 is 21.00007692307697 and has aged to age group 21to29.
s05966 is 21.014076923076974 and has aged to age group 21to29.
s06757 is 21.007076923076973 and has aged to age group 21to29.
s06853 is 21.002076923076974 and has aged to age group 21to29.
s07118 is 21.001076923076972 and has aged to age group 21to29.
s07457 is 21.004076923076973 and has aged to age group 21to29.
s07597 is 21.00307692307697 and has aged to age group 21to29.
s08516 is 21.019076923076973 and has aged to age group 21to29.
s08724 is 21.013076923076973 and has aged to age group 21to29.
s09073 is 21.00007692307697 and has aged to age group 21to29.
s09136 is 21.005076923076974 and has aged to age group 21to29.
s09379 is 21.004076923076973 and has aged to age group 21to29.
s09491 is 21.010076923076973 and has aged to age group 21to29.
s09927 is 21.008076923076974 and has aged to age group 21to29.
s10881 is 21.017076923076974 and has aged to age group 21to29.
s10974 is 21.001076923076972 and has aged to age group 21to29.
s11061 is 21.002076923076974 and has aged to age group 21to29.
s11435 is 21.001076923076972 and has aged to age group 21to29.

New agents are being added to the simulation...
s12646 is age 16.0 and blackNH and is entering the model
s12647 is age 16.0 and hispanic and is entering the model
s12648 is age 16.0 and hispanic and is entering the model
s12649 is age 16.0 and blackNH and is entering the model
s12650 is age 16.0 and hispanic and is entering the model
s12651 is age 16.0 and whiteNH and is entering the model
s12652 is age 16.0 and hispanic and is entering the model
s12653 is age 16.0 and hispanic and is entering the model
s12654 is age 16.0 and blackNH and is entering the model
s12655 is age 16.0 and whiteNH and is entering the model
s12656 is age 16.0 and whiteNH and is entering the model
s12657 is age 16.0 and blackNH and is entering the model

Agents are attending venues and using apps for week 62 in simulation...


Epidemic Simulation
----------------------------
Simulation: 1/1
Timestep: 62/3640
Prevalence: 1896
Population Size: 11624
----------------------------
The ages, hiv status, and relationship status for the agents are being updated...
s09218 is hispanic, aged 21.82307692307697 in age group 21to29, with relationship status of 0 and is now HIV+.

Agents are being removed from the simulation...
s02098 is aged 29.997076923076975, whiteNH and is leaving the simulation.
s02431 is aged 29.982076923076974, whiteNH and is leaving the simulation.
s03264 is aged 29.994076923076975, whiteNH and is leaving the simulation.
s03294 is aged 29.984076923076973, whiteNH and is leaving the simulation.
s03482 is aged 29.989076923076972, whiteNH and is leaving the simulation.
s03608 is aged 29.996076923076973, whiteNH and is leaving the simulation.
s04147 is aged 29.997076923076975, blackNH and is leaving the simulation.
s04453 is aged 29.986076923076972, blackNH and is leaving the simulation.
s04841 is aged 29.988076923076974, blackNH and is leaving the simulation.
s05109 is aged 29.988076923076974, blackNH and is leaving the simulation.
s06987 is aged 29.985076923076974, hispanic and is leaving the simulation.
s07758 is aged 29.991076923076974, hispanic and is leaving the simulation.
s07849 is aged 29.999076923076974, hispanic and is leaving the simulation.
s08487 is aged 29.993076923076973, hispanic and is leaving the simulation.
s08499 is aged 29.989076923076972, hispanic and is leaving the simulation.
s09096 is aged 29.986076923076972, hispanic and is leaving the simulation.
s09413 is aged 29.983076923076972, hispanic and is leaving the simulation.

Agents who have aged to a new age group are being updated...
s00712 is 21.012307692307743 and has aged to age group 21to29.
s01110 is 21.007307692307744 and has aged to age group 21to29.
s02491 is 21.001307692307744 and has aged to age group 21to29.
s03475 is 21.015307692307744 and has aged to age group 21to29.
s03678 is 21.018307692307744 and has aged to age group 21to29.
s04272 is 21.002307692307742 and has aged to age group 21to29.
s04960 is 21.010307692307745 and has aged to age group 21to29.
s05771 is 21.001307692307744 and has aged to age group 21to29.
s06128 is 21.012307692307743 and has aged to age group 21to29.
s06304 is 21.003307692307743 and has aged to age group 21to29.
s06315 is 21.012307692307743 and has aged to age group 21to29.
s06616 is 21.006307692307743 and has aged to age group 21to29.
s07556 is 21.017307692307742 and has aged to age group 21to29.
s08217 is 21.001307692307744 and has aged to age group 21to29.
s08673 is 21.017307692307742 and has aged to age group 21to29.
s10763 is 21.000307692307743 and has aged to age group 21to29.

New agents are being added to the simulation...
s12658 is age 16.0 and whiteNH and is entering the model
s12659 is age 16.0 and hispanic and is entering the model
s12660 is age 16.0 and whiteNH and is entering the model
s12661 is age 16.0 and hispanic and is entering the model
s12662 is age 16.0 and whiteNH and is entering the model
s12663 is age 16.0 and blackNH and is entering the model
s12664 is age 16.0 and whiteNH and is entering the model
s12665 is age 16.0 and blackNH and is entering the model
s12666 is age 16.0 and hispanic and is entering the model
s12667 is age 16.0 and blackNH and is entering the model
s12668 is age 16.0 and whiteNH and is entering the model

Agents are attending venues and using apps for week 63 in simulation...


Epidemic Simulation
----------------------------
Simulation: 1/1
Timestep: 63/3640
Prevalence: 1890
Population Size: 11618
----------------------------
The ages, hiv status, and relationship status for the agents are being updated...
s04863 is blackNH, aged 23.300307692307744 in age group 16to20, with relationship status of 1 and is now HIV+.

Agents are being removed from the simulation...
s00804 is aged 29.982307692307742, whiteNH and is leaving the simulation.
s01443 is aged 29.983307692307744, whiteNH and is leaving the simulation.
s01597 is aged 29.99630769230774, whiteNH and is leaving the simulation.
s01797 is aged 29.989307692307744, whiteNH and is leaving the simulation.
s02515 is aged 29.984307692307745, whiteNH and is leaving the simulation.
s04049 is aged 29.984307692307745, blackNH and is leaving the simulation.
s04254 is aged 29.987307692307745, blackNH and is leaving the simulation.
s04399 is aged 29.995307692307744, blackNH and is leaving the simulation.
s05035 is aged 29.994307692307743, blackNH and is leaving the simulation.
s05159 is aged 29.983307692307744, blackNH and is leaving the simulation.
s06172 is aged 29.982307692307742, blackNH and is leaving the simulation.
s07131 is aged 29.995307692307744, hispanic and is leaving the simulation.
s07188 is aged 29.986307692307744, hispanic and is leaving the simulation.
s07470 is aged 29.988307692307743, hispanic and is leaving the simulation.
s08223 is aged 29.989307692307744, hispanic and is leaving the simulation.
s08476 is aged 29.99330769230774, hispanic and is leaving the simulation.
s08926 is aged 29.982307692307742, hispanic and is leaving the simulation.
s11277 is aged 29.981307692307745, otherNH and is leaving the simulation.
s11603 is aged 29.987307692307745, otherNH and is leaving the simulation.

Agents who have aged to a new age group are being updated...
s00738 is 21.018538461538512 and has aged to age group 21to29.
s01127 is 21.018538461538512 and has aged to age group 21to29.
s02302 is 21.017538461538514 and has aged to age group 21to29.
s02483 is 21.017538461538514 and has aged to age group 21to29.
s02758 is 21.014538461538514 and has aged to age group 21to29.
s02974 is 21.001538461538512 and has aged to age group 21to29.
s04181 is 21.011538461538514 and has aged to age group 21to29.
s05239 is 21.018538461538512 and has aged to age group 21to29.
s05766 is 21.017538461538514 and has aged to age group 21to29.
s06744 is 21.006538461538515 and has aged to age group 21to29.
s07125 is 21.009538461538515 and has aged to age group 21to29.
s07126 is 21.002538461538514 and has aged to age group 21to29.
s09222 is 21.014538461538514 and has aged to age group 21to29.
s11051 is 21.01253846153851 and has aged to age group 21to29.
s11172 is 21.016538461538513 and has aged to age group 21to29.

New agents are being added to the simulation...
s12669 is age 16.0 and blackNH and is entering the model
s12670 is age 16.0 and hispanic and is entering the model
s12671 is age 16.0 and hispanic and is entering the model
s12672 is age 16.0 and hispanic and is entering the model
s12673 is age 16.0 and blackNH and is entering the model
s12674 is age 16.0 and blackNH and is entering the model
s12675 is age 16.0 and otherNH and is entering the model
s12676 is age 16.0 and hispanic and is entering the model
s12677 is age 16.0 and whiteNH and is entering the model
s12678 is age 16.0 and otherNH and is entering the model
s12679 is age 16.0 and whiteNH and is entering the model
s12680 is age 16.0 and blackNH and is entering the model
s12681 is age 16.0 and otherNH and is entering the model
s12682 is age 16.0 and hispanic and is entering the model
s12683 is age 16.0 and whiteNH and is entering the model
s12684 is age 16.0 and blackNH and is entering the model
s12685 is age 16.0 and blackNH and is entering the model
s12686 is age 16.0 and otherNH and is entering the model
s12687 is age 16.0 and whiteNH and is entering the model
s12688 is age 16.0 and otherNH and is entering the model
s12689 is age 16.0 and otherNH and is entering the model
s12690 is age 16.0 and whiteNH and is entering the model
s12691 is age 16.0 and hispanic and is entering the model

Agents are attending venues and using apps for week 64 in simulation...


Epidemic Simulation
----------------------------
Simulation: 1/1
Timestep: 64/3640
Prevalence: 1890
Population Size: 11622
----------------------------
The ages, hiv status, and relationship status for the agents are being updated...
s01504 is whiteNH, aged 28.614538461538512 in age group 21to29, with relationship status of 0 and is now HIV+.
s05253 is blackNH, aged 29.38453846153851 in age group 21to29, with relationship status of 0 and is now HIV+.
s06643 is blackNH, aged 18.133538461538514 in age group 21to29, with relationship status of 1 and is now HIV+.

Agents are being removed from the simulation...
s00577 is aged 29.992538461538512, whiteNH and is leaving the simulation.
s01258 is aged 29.991538461538514, whiteNH and is leaving the simulation.
s01806 is aged 29.98653846153851, whiteNH and is leaving the simulation.
s02204 is aged 29.997538461538515, whiteNH and is leaving the simulation.
s02543 is aged 29.987538461538513, whiteNH and is leaving the simulation.
s02778 is aged 29.990538461538513, whiteNH and is leaving the simulation.
s03204 is aged 29.988538461538514, whiteNH and is leaving the simulation.
s03594 is aged 29.982538461538514, whiteNH and is leaving the simulation.
s04518 is aged 29.98353846153851, blackNH and is leaving the simulation.
s04639 is aged 29.989538461538512, blackNH and is leaving the simulation.
s05096 is aged 29.98653846153851, blackNH and is leaving the simulation.
s08854 is aged 29.988538461538514, hispanic and is leaving the simulation.
s09492 is aged 29.989538461538512, hispanic and is leaving the simulation.
s10215 is aged 29.989538461538512, hispanic and is leaving the simulation.
s10293 is aged 29.988538461538514, hispanic and is leaving the simulation.
s10784 is aged 29.98653846153851, otherNH and is leaving the simulation.

Agents who have aged to a new age group are being updated...
s00595 is 21.012769230769283 and has aged to age group 21to29.
s03446 is 21.015769230769283 and has aged to age group 21to29.
s03549 is 21.013769230769284 and has aged to age group 21to29.
s03694 is 21.001769230769284 and has aged to age group 21to29.
s04220 is 21.016769230769285 and has aged to age group 21to29.
s04376 is 21.016769230769285 and has aged to age group 21to29.
s04687 is 21.013769230769284 and has aged to age group 21to29.
s05737 is 21.017769230769282 and has aged to age group 21to29.
s05901 is 21.009769230769283 and has aged to age group 21to29.
s06034 is 21.011769230769282 and has aged to age group 21to29.
s07813 is 21.00276923076928 and has aged to age group 21to29.
s08073 is 21.008769230769282 and has aged to age group 21to29.
s08243 is 21.012769230769283 and has aged to age group 21to29.
s08582 is 21.005769230769282 and has aged to age group 21to29.
s11185 is 21.013769230769284 and has aged to age group 21to29.
s11495 is 21.009769230769283 and has aged to age group 21to29.

New agents are being added to the simulation...
s12692 is age 16.0 and blackNH and is entering the model
s12693 is age 16.0 and blackNH and is entering the model
s12694 is age 16.0 and whiteNH and is entering the model
s12695 is age 16.0 and whiteNH and is entering the model
s12696 is age 16.0 and whiteNH and is entering the model
s12697 is age 16.0 and hispanic and is entering the model
s12698 is age 16.0 and blackNH and is entering the model
s12699 is age 16.0 and blackNH and is entering the model
s12700 is age 16.0 and hispanic and is entering the model
s12701 is age 16.0 and whiteNH and is entering the model
s12702 is age 16.0 and blackNH and is entering the model
s12703 is age 16.0 and hispanic and is entering the model
s12704 is age 16.0 and hispanic and is entering the model
s12705 is age 16.0 and whiteNH and is entering the model
s12706 is age 16.0 and hispanic and is entering the model
s12707 is age 16.0 and whiteNH and is entering the model
s12708 is age 16.0 and whiteNH and is entering the model
s12709 is age 16.0 and whiteNH and is entering the model
s12710 is age 16.0 and hispanic and is entering the model
s12711 is age 16.0 and whiteNH and is entering the model
s12712 is age 16.0 and whiteNH and is entering the model

Agents are attending venues and using apps for week 65 in simulation...


Epidemic Simulation
----------------------------
Simulation: 1/1
Timestep: 65/3640
Prevalence: 1893
Population Size: 11627
----------------------------
The ages, hiv status, and relationship status for the agents are being updated...
s04289 is blackNH, aged 22.568769230769284 in age group 16to20, with relationship status of 1 and is now HIV+.
s05616 is blackNH, aged 28.468769230769283 in age group 21to29, with relationship status of 1 and is now HIV+.
s07018 is hispanic, aged 24.446769230769284 in age group 16to20, with relationship status of 1 and is now HIV+.
s11841 is blackNH, aged 17.057692307692353 in age group 16to20, with relationship status of 1 and is now HIV+.
s12393 is hispanic, aged 16.36538461538463 in age group 16to20, with relationship status of 0 and is now HIV+.

Agents are being removed from the simulation...
s00934 is aged 29.986769230769283, whiteNH and is leaving the simulation.
s01672 is aged 29.984769230769285, whiteNH and is leaving the simulation.
s02121 is aged 29.983769230769283, whiteNH and is leaving the simulation.
s02286 is aged 29.983769230769283, whiteNH and is leaving the simulation.
s02424 is aged 29.981769230769284, whiteNH and is leaving the simulation.
s02982 is aged 29.980769230769283, whiteNH and is leaving the simulation.
s04484 is aged 29.986769230769283, blackNH and is leaving the simulation.
s04615 is aged 29.993769230769285, blackNH and is leaving the simulation.
s04636 is aged 29.985769230769282, blackNH and is leaving the simulation.
s06138 is aged 29.987769230769285, blackNH and is leaving the simulation.
s06689 is aged 29.988769230769282, blackNH and is leaving the simulation.
s07322 is aged 29.994769230769283, hispanic and is leaving the simulation.
s08693 is aged 29.993769230769285, hispanic and is leaving the simulation.
s09710 is aged 29.982769230769282, hispanic and is leaving the simulation.
s10005 is aged 29.992769230769284, hispanic and is leaving the simulation.
s10528 is aged 29.995769230769284, otherNH and is leaving the simulation.

Agents who have aged to a new age group are being updated...
s00058 is 21.013000000000055 and has aged to age group 21to29.
s00084 is 21.01900000000005 and has aged to age group 21to29.
s00782 is 21.003000000000053 and has aged to age group 21to29.
s00882 is 21.008000000000052 and has aged to age group 21to29.
s01295 is 21.010000000000055 and has aged to age group 21to29.
s02065 is 21.001000000000055 and has aged to age group 21to29.
s04161 is 21.014000000000053 and has aged to age group 21to29.
s04860 is 21.017000000000053 and has aged to age group 21to29.
s05152 is 21.012000000000054 and has aged to age group 21to29.
s05433 is 21.000000000000053 and has aged to age group 21to29.
s06412 is 21.011000000000053 and has aged to age group 21to29.
s10059 is 21.007000000000055 and has aged to age group 21to29.
s10256 is 21.000000000000053 and has aged to age group 21to29.
s10283 is 21.010000000000055 and has aged to age group 21to29.

New agents are being added to the simulation...
s12713 is age 16.0 and whiteNH and is entering the model
s12714 is age 16.0 and whiteNH and is entering the model
s12715 is age 16.0 and otherNH and is entering the model
s12716 is age 16.0 and hispanic and is entering the model
s12717 is age 16.0 and otherNH and is entering the model
s12718 is age 16.0 and hispanic and is entering the model
s12719 is age 16.0 and whiteNH and is entering the model
s12720 is age 16.0 and whiteNH and is entering the model
s12721 is age 16.0 and hispanic and is entering the model
s12722 is age 16.0 and whiteNH and is entering the model
s12723 is age 16.0 and hispanic and is entering the model
s12724 is age 16.0 and whiteNH and is entering the model
s12725 is age 16.0 and hispanic and is entering the model
s12726 is age 16.0 and whiteNH and is entering the model

Agents are attending venues and using apps for week 66 in simulation...


Epidemic Simulation
----------------------------
Simulation: 1/1
Timestep: 66/3640
Prevalence: 1891
Population Size: 11625
----------------------------
The ages, hiv status, and relationship status for the agents are being updated...
s03947 is blackNH, aged 22.854000000000052 in age group 16to20, with relationship status of 0 and is now HIV+.
s04437 is blackNH, aged 25.569000000000052 in age group 16to20, with relationship status of 1 and is now HIV+.

Agents are being removed from the simulation...
s00393 is aged 29.998000000000054, whiteNH and is leaving the simulation.
s02046 is aged 29.988000000000053, whiteNH and is leaving the simulation.
s02546 is aged 29.999000000000052, whiteNH and is leaving the simulation.
s03323 is aged 29.985000000000053, whiteNH and is leaving the simulation.
s03498 is aged 29.993000000000052, whiteNH and is leaving the simulation.
s04651 is aged 29.995000000000054, blackNH and is leaving the simulation.
s05145 is aged 29.983000000000054, blackNH and is leaving the simulation.
s05653 is aged 29.991000000000053, blackNH and is leaving the simulation.
s06724 is aged 29.999000000000052, blackNH and is leaving the simulation.
s07307 is aged 29.983000000000054, hispanic and is leaving the simulation.
s07638 is aged 29.992000000000054, hispanic and is leaving the simulation.
s08036 is aged 29.989000000000054, hispanic and is leaving the simulation.
s08598 is aged 29.984000000000055, hispanic and is leaving the simulation.
s09575 is aged 29.984000000000055, hispanic and is leaving the simulation.
s09647 is aged 29.992000000000054, hispanic and is leaving the simulation.
s10000 is aged 29.992000000000054, hispanic and is leaving the simulation.

Agents who have aged to a new age group are being updated...
s00227 is 21.002230769230824 and has aged to age group 21to29.
s01036 is 21.001230769230823 and has aged to age group 21to29.
s01367 is 21.008230769230824 and has aged to age group 21to29.
s01808 is 21.00623076923082 and has aged to age group 21to29.
s02311 is 21.008230769230824 and has aged to age group 21to29.
s02958 is 21.012230769230822 and has aged to age group 21to29.
s04041 is 21.00623076923082 and has aged to age group 21to29.
s04187 is 21.003230769230825 and has aged to age group 21to29.
s04222 is 21.016230769230823 and has aged to age group 21to29.
s04355 is 21.002230769230824 and has aged to age group 21to29.
s04413 is 21.011230769230824 and has aged to age group 21to29.
s05412 is 21.009230769230822 and has aged to age group 21to29.
s07413 is 21.017230769230824 and has aged to age group 21to29.
s08020 is 21.014230769230824 and has aged to age group 21to29.
s08640 is 21.005230769230824 and has aged to age group 21to29.
s09194 is 21.011230769230824 and has aged to age group 21to29.
s09909 is 21.011230769230824 and has aged to age group 21to29.
s10476 is 21.00623076923082 and has aged to age group 21to29.
s10851 is 21.011230769230824 and has aged to age group 21to29.
s11157 is 21.001230769230823 and has aged to age group 21to29.

New agents are being added to the simulation...
s12727 is age 16.0 and otherNH and is entering the model
s12728 is age 16.0 and hispanic and is entering the model
s12729 is age 16.0 and hispanic and is entering the model
s12730 is age 16.0 and blackNH and is entering the model
s12731 is age 16.0 and hispanic and is entering the model
s12732 is age 16.0 and blackNH and is entering the model
s12733 is age 16.0 and blackNH and is entering the model
s12734 is age 16.0 and blackNH and is entering the model
s12735 is age 16.0 and whiteNH and is entering the model
s12736 is age 16.0 and hispanic and is entering the model
s12737 is age 16.0 and hispanic and is entering the model
s12738 is age 16.0 and blackNH and is entering the model
s12739 is age 16.0 and otherNH and is entering the model
s12740 is age 16.0 and whiteNH and is entering the model
s12741 is age 16.0 and blackNH and is entering the model
s12742 is age 16.0 and whiteNH and is entering the model

Agents are attending venues and using apps for week 67 in simulation...


Epidemic Simulation
----------------------------
Simulation: 1/1
Timestep: 67/3640
Prevalence: 1890
Population Size: 11625
----------------------------
The ages, hiv status, and relationship status for the agents are being updated...
s04612 is blackNH, aged 24.185230769230824 in age group 16to20, with relationship status of 0 and is now HIV+.

Agents are being removed from the simulation...
s00035 is aged 29.987230769230823, whiteNH and is leaving the simulation.
s00116 is aged 29.991230769230825, whiteNH and is leaving the simulation.
s01537 is aged 29.988230769230825, whiteNH and is leaving the simulation.
s01663 is aged 29.999230769230824, whiteNH and is leaving the simulation.
s01699 is aged 29.996230769230824, whiteNH and is leaving the simulation.
s02082 is aged 29.984230769230823, whiteNH and is leaving the simulation.
s02271 is aged 29.986230769230822, whiteNH and is leaving the simulation.
s03293 is aged 29.985230769230824, whiteNH and is leaving the simulation.
s03784 is aged 29.985230769230824, whiteNH and is leaving the simulation.
s06441 is aged 29.991230769230825, blackNH and is leaving the simulation.
s06657 is aged 29.995230769230822, blackNH and is leaving the simulation.
s07630 is aged 29.987230769230823, hispanic and is leaving the simulation.
s07766 is aged 29.991230769230825, hispanic and is leaving the simulation.
s08993 is aged 29.992230769230822, hispanic and is leaving the simulation.
s09140 is aged 29.997230769230825, hispanic and is leaving the simulation.
s09553 is aged 29.988230769230825, hispanic and is leaving the simulation.
s10387 is aged 29.988230769230825, hispanic and is leaving the simulation.

Agents who have aged to a new age group are being updated...
s00012 is 21.018461538461594 and has aged to age group 21to29.
s00300 is 21.017461538461593 and has aged to age group 21to29.
s01341 is 21.004461538461594 and has aged to age group 21to29.
s01505 is 21.006461538461593 and has aged to age group 21to29.
s02013 is 21.011461538461592 and has aged to age group 21to29.
s03358 is 21.000461538461593 and has aged to age group 21to29.
s04004 is 21.011461538461592 and has aged to age group 21to29.
s05232 is 21.011461538461592 and has aged to age group 21to29.
s06200 is 21.003461538461593 and has aged to age group 21to29.
s06382 is 21.003461538461593 and has aged to age group 21to29.
s08685 is 21.014461538461592 and has aged to age group 21to29.
s08971 is 21.006461538461593 and has aged to age group 21to29.
s09386 is 21.001461538461594 and has aged to age group 21to29.
s10173 is 21.014461538461592 and has aged to age group 21to29.
s10235 is 21.010461538461595 and has aged to age group 21to29.

New agents are being added to the simulation...
s12743 is age 16.0 and whiteNH and is entering the model
s12744 is age 16.0 and hispanic and is entering the model
s12745 is age 16.0 and blackNH and is entering the model
s12746 is age 16.0 and hispanic and is entering the model
s12747 is age 16.0 and blackNH and is entering the model
s12748 is age 16.0 and whiteNH and is entering the model
s12749 is age 16.0 and whiteNH and is entering the model
s12750 is age 16.0 and hispanic and is entering the model
s12751 is age 16.0 and blackNH and is entering the model
s12752 is age 16.0 and whiteNH and is entering the model
s12753 is age 16.0 and hispanic and is entering the model
s12754 is age 16.0 and whiteNH and is entering the model
s12755 is age 16.0 and hispanic and is entering the model
s12756 is age 16.0 and whiteNH and is entering the model
s12757 is age 16.0 and blackNH and is entering the model
s12758 is age 16.0 and otherNH and is entering the model
s12759 is age 16.0 and whiteNH and is entering the model

Agents are attending venues and using apps for week 68 in simulation...


Epidemic Simulation
----------------------------
Simulation: 1/1
Timestep: 68/3640
Prevalence: 1887
Population Size: 11625
----------------------------
The ages, hiv status, and relationship status for the agents are being updated...

Agents are being removed from the simulation...
s00090 is aged 29.997461538461593, whiteNH and is leaving the simulation.
s00541 is aged 29.995461538461594, whiteNH and is leaving the simulation.
s01204 is aged 29.995461538461594, whiteNH and is leaving the simulation.
s02105 is aged 29.987461538461595, whiteNH and is leaving the simulation.
s02115 is aged 29.998461538461594, whiteNH and is leaving the simulation.
s02436 is aged 29.995461538461594, whiteNH and is leaving the simulation.
s02617 is aged 29.99346153846159, whiteNH and is leaving the simulation.
s03137 is aged 27.328461538461593, whiteNH and is leaving the simulation.
s03267 is aged 29.999461538461592, whiteNH and is leaving the simulation.
s03605 is aged 29.992461538461594, whiteNH and is leaving the simulation.
s04247 is aged 29.987461538461595, blackNH and is leaving the simulation.
s04316 is aged 29.981461538461595, blackNH and is leaving the simulation.
s06197 is aged 29.981461538461595, blackNH and is leaving the simulation.
s06368 is aged 29.997461538461593, blackNH and is leaving the simulation.
s06525 is aged 29.995461538461594, blackNH and is leaving the simulation.
s06839 is aged 29.984461538461595, hispanic and is leaving the simulation.
s07430 is aged 29.991461538461593, hispanic and is leaving the simulation.
s09478 is aged 29.989461538461594, hispanic and is leaving the simulation.
s10487 is aged 29.987461538461595, otherNH and is leaving the simulation.
s11081 is aged 29.992461538461594, otherNH and is leaving the simulation.

Agents who have aged to a new age group are being updated...
s00144 is 21.00969230769236 and has aged to age group 21to29.
s02182 is 21.013692307692363 and has aged to age group 21to29.
s02264 is 21.007692307692363 and has aged to age group 21to29.
s04610 is 21.00969230769236 and has aged to age group 21to29.
s06015 is 21.016692307692363 and has aged to age group 21to29.
s06777 is 21.00969230769236 and has aged to age group 21to29.
s08882 is 21.007692307692363 and has aged to age group 21to29.
s09253 is 21.006692307692365 and has aged to age group 21to29.
s09950 is 21.003692307692365 and has aged to age group 21to29.
s10388 is 21.007692307692363 and has aged to age group 21to29.
s10397 is 21.000692307692365 and has aged to age group 21to29.
s11142 is 21.00969230769236 and has aged to age group 21to29.
s11276 is 21.001692307692363 and has aged to age group 21to29.

New agents are being added to the simulation...
s12760 is age 16.0 and whiteNH and is entering the model
s12761 is age 16.0 and otherNH and is entering the model
s12762 is age 16.0 and whiteNH and is entering the model
s12763 is age 16.0 and hispanic and is entering the model
s12764 is age 16.0 and hispanic and is entering the model
s12765 is age 16.0 and hispanic and is entering the model
s12766 is age 16.0 and whiteNH and is entering the model
s12767 is age 16.0 and blackNH and is entering the model
s12768 is age 16.0 and whiteNH and is entering the model
s12769 is age 16.0 and hispanic and is entering the model
s12770 is age 16.0 and blackNH and is entering the model
s12771 is age 16.0 and otherNH and is entering the model
s12772 is age 16.0 and whiteNH and is entering the model
s12773 is age 16.0 and blackNH and is entering the model

Agents are attending venues and using apps for week 69 in simulation...


Epidemic Simulation
----------------------------
Simulation: 1/1
Timestep: 69/3640
Prevalence: 1890
Population Size: 11619
----------------------------
The ages, hiv status, and relationship status for the agents are being updated...
s06228 is blackNH, aged 20.944692307692364 in age group 21to29, with relationship status of 1 and is now HIV+.
s07153 is hispanic, aged 24.954692307692362 in age group 16to20, with relationship status of 0 and is now HIV+.
s08152 is hispanic, aged 21.468692307692365 in age group 21to29, with relationship status of 0 and is now HIV+.
s09123 is hispanic, aged 23.951692307692362 in age group 21to29, with relationship status of 0 and is now HIV+.
s09246 is hispanic, aged 25.892692307692364 in age group 21to29, with relationship status of 0 and is now HIV+.

Agents are being removed from the simulation...
s00556 is aged 29.986692307692362, whiteNH and is leaving the simulation.
s02349 is aged 29.987692307692363, whiteNH and is leaving the simulation.
s02405 is aged 29.990692307692363, whiteNH and is leaving the simulation.
s02682 is aged 23.818692307692363, whiteNH and is leaving the simulation.
s03097 is aged 29.994692307692365, whiteNH and is leaving the simulation.
s03156 is aged 29.995692307692362, whiteNH and is leaving the simulation.
s03402 is aged 29.997692307692365, whiteNH and is leaving the simulation.
s04849 is aged 29.989692307692362, blackNH and is leaving the simulation.
s06792 is aged 29.999692307692364, blackNH and is leaving the simulation.
s07319 is aged 29.993692307692363, hispanic and is leaving the simulation.
s07673 is aged 29.991692307692364, hispanic and is leaving the simulation.
s08480 is aged 29.985692307692364, hispanic and is leaving the simulation.
s08878 is aged 29.987692307692363, hispanic and is leaving the simulation.
s09698 is aged 29.989692307692362, hispanic and is leaving the simulation.
s09888 is aged 29.993692307692363, hispanic and is leaving the simulation.
s10063 is aged 29.981692307692363, hispanic and is leaving the simulation.
s10307 is aged 29.999692307692364, hispanic and is leaving the simulation.
s10343 is aged 29.991692307692364, hispanic and is leaving the simulation.

Agents who have aged to a new age group are being updated...
s00112 is 21.001923076923134 and has aged to age group 21to29.
s00502 is 21.007923076923134 and has aged to age group 21to29.
s00590 is 21.004923076923134 and has aged to age group 21to29.
s00722 is 21.004923076923134 and has aged to age group 21to29.
s01173 is 21.000923076923133 and has aged to age group 21to29.
s01814 is 21.009923076923133 and has aged to age group 21to29.
s01974 is 21.009923076923133 and has aged to age group 21to29.
s03726 is 21.007923076923134 and has aged to age group 21to29.
s03984 is 21.004923076923134 and has aged to age group 21to29.
s04250 is 21.017923076923132 and has aged to age group 21to29.
s05082 is 21.003923076923133 and has aged to age group 21to29.
s06817 is 21.003923076923133 and has aged to age group 21to29.
s07222 is 21.006923076923133 and has aged to age group 21to29.
s10004 is 21.012923076923133 and has aged to age group 21to29.
s11045 is 21.011923076923132 and has aged to age group 21to29.

New agents are being added to the simulation...
s12774 is age 16.0 and blackNH and is entering the model
s12775 is age 16.0 and whiteNH and is entering the model
s12776 is age 16.0 and hispanic and is entering the model
s12777 is age 16.0 and hispanic and is entering the model
s12778 is age 16.0 and hispanic and is entering the model
s12779 is age 16.0 and whiteNH and is entering the model
s12780 is age 16.0 and hispanic and is entering the model
s12781 is age 16.0 and hispanic and is entering the model
s12782 is age 16.0 and hispanic and is entering the model
s12783 is age 16.0 and whiteNH and is entering the model
s12784 is age 16.0 and blackNH and is entering the model
s12785 is age 16.0 and hispanic and is entering the model
s12786 is age 16.0 and whiteNH and is entering the model
s12787 is age 16.0 and otherNH and is entering the model
s12788 is age 16.0 and blackNH and is entering the model
s12789 is age 16.0 and whiteNH and is entering the model
s12790 is age 16.0 and whiteNH and is entering the model
s12791 is age 16.0 and whiteNH and is entering the model

Agents are attending venues and using apps for week 70 in simulation...


Epidemic Simulation
----------------------------
Simulation: 1/1
Timestep: 70/3640
Prevalence: 1889
Population Size: 11619
----------------------------
The ages, hiv status, and relationship status for the agents are being updated...
s04167 is blackNH, aged 25.454923076923134 in age group 16to20, with relationship status of 0 and is now HIV+.
s07034 is hispanic, aged 20.188923076923132 in age group 16to20, with relationship status of 0 and is now HIV+.

Agents are being removed from the simulation...
s00646 is aged 29.996923076923135, whiteNH and is leaving the simulation.
s00899 is aged 29.995923076923134, whiteNH and is leaving the simulation.
s02526 is aged 29.994923076923133, whiteNH and is leaving the simulation.
s02731 is aged 29.987923076923135, whiteNH and is leaving the simulation.
s05614 is aged 29.991923076923133, blackNH and is leaving the simulation.
s06330 is aged 29.987923076923135, blackNH and is leaving the simulation.
s07174 is aged 29.995923076923134, hispanic and is leaving the simulation.
s08185 is aged 29.987923076923135, hispanic and is leaving the simulation.
s09207 is aged 29.986923076923134, hispanic and is leaving the simulation.
s10030 is aged 29.992923076923134, hispanic and is leaving the simulation.
s10045 is aged 29.983923076923134, hispanic and is leaving the simulation.
s10734 is aged 29.994923076923133, otherNH and is leaving the simulation.
s10825 is aged 29.997923076923133, otherNH and is leaving the simulation.
s11561 is aged 29.981923076923135, otherNH and is leaving the simulation.

Agents who have aged to a new age group are being updated...
s00041 is 21.012153846153904 and has aged to age group 21to29.
s01577 is 21.011153846153903 and has aged to age group 21to29.
s02373 is 21.005153846153902 and has aged to age group 21to29.
s03013 is 21.004153846153905 and has aged to age group 21to29.
s03519 is 21.018153846153904 and has aged to age group 21to29.
s04941 is 21.004153846153905 and has aged to age group 21to29.
s05993 is 21.005153846153902 and has aged to age group 21to29.
s06383 is 21.008153846153903 and has aged to age group 21to29.
s06802 is 21.010153846153905 and has aged to age group 21to29.
s07514 is 21.016153846153905 and has aged to age group 21to29.
s07689 is 21.005153846153902 and has aged to age group 21to29.
s08649 is 21.017153846153903 and has aged to age group 21to29.
s09754 is 21.016153846153905 and has aged to age group 21to29.

New agents are being added to the simulation...
s12792 is age 16.0 and hispanic and is entering the model
s12793 is age 16.0 and otherNH and is entering the model
s12794 is age 16.0 and otherNH and is entering the model
s12795 is age 16.0 and whiteNH and is entering the model
s12796 is age 16.0 and blackNH and is entering the model
s12797 is age 16.0 and hispanic and is entering the model
s12798 is age 16.0 and whiteNH and is entering the model
s12799 is age 16.0 and blackNH and is entering the model
s12800 is age 16.0 and whiteNH and is entering the model
s12801 is age 16.0 and otherNH and is entering the model
s12802 is age 16.0 and hispanic and is entering the model
s12803 is age 16.0 and whiteNH and is entering the model
s12804 is age 16.0 and blackNH and is entering the model
s12805 is age 16.0 and whiteNH and is entering the model
s12806 is age 16.0 and whiteNH and is entering the model
s12807 is age 16.0 and hispanic and is entering the model
s12808 is age 16.0 and whiteNH and is entering the model
s12809 is age 16.0 and whiteNH and is entering the model
s12810 is age 16.0 and whiteNH and is entering the model

Agents are attending venues and using apps for week 71 in simulation...


Epidemic Simulation
----------------------------
Simulation: 1/1
Timestep: 71/3640
Prevalence: 1891
Population Size: 11624
----------------------------
The ages, hiv status, and relationship status for the agents are being updated...
s04483 is blackNH, aged 28.808153846153903 in age group 16to20, with relationship status of 0 and is now HIV+.
s07946 is hispanic, aged 20.900153846153902 in age group 16to20, with relationship status of 0 and is now HIV+.
s11223 is otherNH, aged 24.602153846153904 in age group 21to29, with relationship status of 0 and is now HIV+.

Agents are being removed from the simulation...
s01165 is aged 29.986153846153904, whiteNH and is leaving the simulation.
s01481 is aged 29.989153846153904, whiteNH and is leaving the simulation.
s01819 is aged 29.997153846153903, whiteNH and is leaving the simulation.
s02183 is aged 29.994153846153903, whiteNH and is leaving the simulation.
s02268 is aged 29.994153846153903, whiteNH and is leaving the simulation.
s02429 is aged 29.984153846153905, whiteNH and is leaving the simulation.
s02688 is aged 29.991153846153903, whiteNH and is leaving the simulation.
s03391 is aged 29.994153846153903, whiteNH and is leaving the simulation.
s06270 is aged 29.998153846153905, blackNH and is leaving the simulation.
s06583 is aged 29.983153846153904, blackNH and is leaving the simulation.
s09227 is aged 29.982153846153903, hispanic and is leaving the simulation.
s09342 is aged 29.997153846153903, hispanic and is leaving the simulation.
s09357 is aged 29.999153846153902, hispanic and is leaving the simulation.
s09813 is aged 29.991153846153903, hispanic and is leaving the simulation.
s10324 is aged 29.994153846153903, hispanic and is leaving the simulation.
s10672 is aged 29.986153846153904, otherNH and is leaving the simulation.
s11196 is aged 29.981153846153905, otherNH and is leaving the simulation.

Agents who have aged to a new age group are being updated...
s00083 is 21.012384615384672 and has aged to age group 21to29.
s01224 is 21.011384615384674 and has aged to age group 21to29.
s04333 is 21.003384615384675 and has aged to age group 21to29.
s04543 is 21.005384615384674 and has aged to age group 21to29.
s05090 is 21.008384615384674 and has aged to age group 21to29.
s05291 is 21.003384615384675 and has aged to age group 21to29.
s05523 is 21.013384615384673 and has aged to age group 21to29.
s06048 is 21.006384615384672 and has aged to age group 21to29.
s06228 is 21.002384615384674 and has aged to age group 21to29.
s06720 is 21.014384615384675 and has aged to age group 21to29.
s07755 is 21.009384615384672 and has aged to age group 21to29.
s09645 is 21.000384615384675 and has aged to age group 21to29.
s10590 is 21.007384615384673 and has aged to age group 21to29.

New agents are being added to the simulation...
s12811 is age 16.0 and hispanic and is entering the model
s12812 is age 16.0 and hispanic and is entering the model
s12813 is age 16.0 and hispanic and is entering the model
s12814 is age 16.0 and blackNH and is entering the model
s12815 is age 16.0 and hispanic and is entering the model
s12816 is age 16.0 and whiteNH and is entering the model
s12817 is age 16.0 and blackNH and is entering the model
s12818 is age 16.0 and hispanic and is entering the model

Agents are attending venues and using apps for week 72 in simulation...


Epidemic Simulation
----------------------------
Simulation: 1/1
Timestep: 72/3640
Prevalence: 1891
Population Size: 11615
----------------------------
The ages, hiv status, and relationship status for the agents are being updated...
s05863 is blackNH, aged 29.322384615384674 in age group 21to29, with relationship status of 0 and is now HIV+.
s06838 is hispanic, aged 29.837384615384675 in age group 16to20, with relationship status of 0 and is now HIV+.

Agents are being removed from the simulation...
s00074 is aged 29.981384615384673, whiteNH and is leaving the simulation.
s00570 is aged 29.992384615384672, whiteNH and is leaving the simulation.
s01758 is aged 29.986384615384672, whiteNH and is leaving the simulation.
s02139 is aged 29.987384615384673, whiteNH and is leaving the simulation.
s02836 is aged 29.995384615384673, whiteNH and is leaving the simulation.
s03937 is aged 29.985384615384675, blackNH and is leaving the simulation.
s04714 is aged 29.997384615384675, blackNH and is leaving the simulation.
s05878 is aged 29.987384615384673, blackNH and is leaving the simulation.
s06498 is aged 29.996384615384674, blackNH and is leaving the simulation.
s06590 is aged 29.982384615384674, blackNH and is leaving the simulation.
s06629 is aged 21.474384615384675, blackNH and is leaving the simulation.
s07209 is aged 29.989384615384672, hispanic and is leaving the simulation.
s08319 is aged 29.999384615384674, hispanic and is leaving the simulation.
s08411 is aged 29.996384615384674, hispanic and is leaving the simulation.
s08528 is aged 29.991384615384675, hispanic and is leaving the simulation.
s09168 is aged 29.988384615384675, hispanic and is leaving the simulation.
s09490 is aged 29.996384615384674, hispanic and is leaving the simulation.
s10239 is aged 29.981384615384673, hispanic and is leaving the simulation.
s10853 is aged 29.991384615384675, otherNH and is leaving the simulation.

Agents who have aged to a new age group are being updated...
s00757 is 21.001615384615445 and has aged to age group 21to29.
s01193 is 21.017615384615443 and has aged to age group 21to29.
s01391 is 21.007615384615445 and has aged to age group 21to29.
s01721 is 21.011615384615443 and has aged to age group 21to29.
s02722 is 21.009615384615444 and has aged to age group 21to29.
s05174 is 21.008615384615442 and has aged to age group 21to29.
s05219 is 21.007615384615445 and has aged to age group 21to29.
s05540 is 21.003615384615443 and has aged to age group 21to29.
s06453 is 21.003615384615443 and has aged to age group 21to29.
s06488 is 21.012615384615444 and has aged to age group 21to29.
s06852 is 21.002615384615442 and has aged to age group 21to29.
s07461 is 21.007615384615445 and has aged to age group 21to29.
s07605 is 21.004615384615445 and has aged to age group 21to29.
s07669 is 21.013615384615445 and has aged to age group 21to29.
s07927 is 21.006615384615444 and has aged to age group 21to29.
s08915 is 21.014615384615443 and has aged to age group 21to29.
s11633 is 21.007615384615445 and has aged to age group 21to29.

New agents are being added to the simulation...
s12819 is age 16.0 and otherNH and is entering the model
s12820 is age 16.0 and hispanic and is entering the model
s12821 is age 16.0 and blackNH and is entering the model
s12822 is age 16.0 and whiteNH and is entering the model
s12823 is age 16.0 and blackNH and is entering the model
s12824 is age 16.0 and hispanic and is entering the model
s12825 is age 16.0 and otherNH and is entering the model
s12826 is age 16.0 and whiteNH and is entering the model
s12827 is age 16.0 and blackNH and is entering the model
s12828 is age 16.0 and whiteNH and is entering the model
s12829 is age 16.0 and hispanic and is entering the model
s12830 is age 16.0 and whiteNH and is entering the model
s12831 is age 16.0 and whiteNH and is entering the model
s12832 is age 16.0 and blackNH and is entering the model
s12833 is age 16.0 and whiteNH and is entering the model
s12834 is age 16.0 and blackNH and is entering the model
s12835 is age 16.0 and hispanic and is entering the model
s12836 is age 16.0 and blackNH and is entering the model

Agents are attending venues and using apps for week 73 in simulation...


Epidemic Simulation
----------------------------
Simulation: 1/1
Timestep: 73/3640
Prevalence: 1886
Population Size: 11614
----------------------------
The ages, hiv status, and relationship status for the agents are being updated...

Agents are being removed from the simulation...
s00201 is aged 29.999615384615442, whiteNH and is leaving the simulation.
s00626 is aged 29.984615384615445, whiteNH and is leaving the simulation.
s01525 is aged 29.987615384615445, whiteNH and is leaving the simulation.
s01564 is aged 29.982615384615443, whiteNH and is leaving the simulation.
s02779 is aged 29.983615384615444, whiteNH and is leaving the simulation.
s04604 is aged 29.987615384615445, blackNH and is leaving the simulation.
s04686 is aged 29.994615384615443, blackNH and is leaving the simulation.
s05956 is aged 29.997615384615443, blackNH and is leaving the simulation.
s07385 is aged 29.989615384615444, hispanic and is leaving the simulation.
s07687 is aged 29.995615384615444, hispanic and is leaving the simulation.
s07856 is aged 29.998615384615444, hispanic and is leaving the simulation.
s08628 is aged 29.993615384615445, hispanic and is leaving the simulation.
s09305 is aged 29.988615384615443, hispanic and is leaving the simulation.
s09588 is aged 29.982615384615443, hispanic and is leaving the simulation.
s09680 is aged 29.984615384615445, hispanic and is leaving the simulation.
s10200 is aged 29.987615384615445, hispanic and is leaving the simulation.
s10216 is aged 29.996615384615442, hispanic and is leaving the simulation.

Agents who have aged to a new age group are being updated...
s00154 is 21.008846153846214 and has aged to age group 21to29.
s00253 is 21.015846153846212 and has aged to age group 21to29.
s00891 is 21.009846153846215 and has aged to age group 21to29.
s01197 is 21.006846153846215 and has aged to age group 21to29.
s01711 is 21.013846153846213 and has aged to age group 21to29.
s01820 is 21.015846153846212 and has aged to age group 21to29.
s01907 is 21.002846153846214 and has aged to age group 21to29.
s01967 is 21.014846153846214 and has aged to age group 21to29.
s01985 is 21.006846153846215 and has aged to age group 21to29.
s02076 is 21.004846153846213 and has aged to age group 21to29.
s02179 is 21.009846153846215 and has aged to age group 21to29.
s02281 is 21.000846153846215 and has aged to age group 21to29.
s02882 is 21.003846153846215 and has aged to age group 21to29.
s04558 is 21.000846153846215 and has aged to age group 21to29.
s04944 is 21.015846153846212 and has aged to age group 21to29.
s07373 is 21.004846153846213 and has aged to age group 21to29.
s07744 is 21.014846153846214 and has aged to age group 21to29.
s07875 is 21.006846153846215 and has aged to age group 21to29.
s07919 is 21.000846153846215 and has aged to age group 21to29.
s08316 is 21.000846153846215 and has aged to age group 21to29.
s08405 is 21.000846153846215 and has aged to age group 21to29.
s08413 is 21.000846153846215 and has aged to age group 21to29.
s08632 is 21.005846153846214 and has aged to age group 21to29.
s09982 is 21.013846153846213 and has aged to age group 21to29.
s10785 is 21.012846153846215 and has aged to age group 21to29.
s11178 is 21.017846153846214 and has aged to age group 21to29.
s11479 is 21.013846153846213 and has aged to age group 21to29.
s11611 is 21.006846153846215 and has aged to age group 21to29.

New agents are being added to the simulation...
s12837 is age 16.0 and otherNH and is entering the model
s12838 is age 16.0 and whiteNH and is entering the model
s12839 is age 16.0 and whiteNH and is entering the model
s12840 is age 16.0 and hispanic and is entering the model
s12841 is age 16.0 and whiteNH and is entering the model
s12842 is age 16.0 and hispanic and is entering the model
s12843 is age 16.0 and whiteNH and is entering the model
s12844 is age 16.0 and whiteNH and is entering the model
s12845 is age 16.0 and whiteNH and is entering the model
s12846 is age 16.0 and otherNH and is entering the model
s12847 is age 16.0 and hispanic and is entering the model
s12848 is age 16.0 and blackNH and is entering the model
s12849 is age 16.0 and blackNH and is entering the model
s12850 is age 16.0 and whiteNH and is entering the model
s12851 is age 16.0 and whiteNH and is entering the model
s12852 is age 16.0 and blackNH and is entering the model
s12853 is age 16.0 and whiteNH and is entering the model
s12854 is age 16.0 and whiteNH and is entering the model
s12855 is age 16.0 and whiteNH and is entering the model

Agents are attending venues and using apps for week 74 in simulation...


Epidemic Simulation
----------------------------
Simulation: 1/1
Timestep: 74/3640
Prevalence: 1887
Population Size: 11616
----------------------------
The ages, hiv status, and relationship status for the agents are being updated...
s04292 is blackNH, aged 21.749846153846214 in age group 21to29, with relationship status of 0 and is now HIV+.
s04595 is blackNH, aged 26.131846153846215 in age group 16to20, with relationship status of 1 and is now HIV+.
s04781 is blackNH, aged 29.974846153846215 in age group 16to20, with relationship status of 0 and is now HIV+.

Agents are being removed from the simulation...
s02710 is aged 29.987846153846213, whiteNH and is leaving the simulation.
s03408 is aged 29.982846153846214, whiteNH and is leaving the simulation.
s04578 is aged 29.991846153846215, blackNH and is leaving the simulation.
s05836 is aged 29.985846153846214, blackNH and is leaving the simulation.
s05877 is aged 29.989846153846212, blackNH and is leaving the simulation.
s06396 is aged 29.993846153846214, blackNH and is leaving the simulation.
s06511 is aged 29.984846153846213, blackNH and is leaving the simulation.
s06826 is aged 29.983846153846212, hispanic and is leaving the simulation.
s08006 is aged 29.986846153846212, hispanic and is leaving the simulation.
s09893 is aged 29.989846153846212, hispanic and is leaving the simulation.
s11513 is aged 29.990846153846213, otherNH and is leaving the simulation.
s11696 is aged 29.991846153846215, otherNH and is leaving the simulation.

Agents who have aged to a new age group are being updated...
s02943 is 21.017076923076985 and has aged to age group 21to29.
s03032 is 21.018076923076983 and has aged to age group 21to29.
s03430 is 21.017076923076985 and has aged to age group 21to29.
s03908 is 21.016076923076984 and has aged to age group 21to29.
s04281 is 21.019076923076984 and has aged to age group 21to29.
s04480 is 21.001076923076983 and has aged to age group 21to29.
s04542 is 21.019076923076984 and has aged to age group 21to29.
s05034 is 21.000076923076982 and has aged to age group 21to29.
s05269 is 21.002076923076984 and has aged to age group 21to29.
s05657 is 21.007076923076983 and has aged to age group 21to29.
s06735 is 21.016076923076984 and has aged to age group 21to29.
s07637 is 21.001076923076983 and has aged to age group 21to29.
s07746 is 21.009076923076982 and has aged to age group 21to29.
s08196 is 21.017076923076985 and has aged to age group 21to29.
s08498 is 21.018076923076983 and has aged to age group 21to29.
s08655 is 21.012076923076982 and has aged to age group 21to29.
s09006 is 21.015076923076982 and has aged to age group 21to29.
s09522 is 21.006076923076982 and has aged to age group 21to29.
s10204 is 21.000076923076982 and has aged to age group 21to29.
s10761 is 21.013076923076984 and has aged to age group 21to29.
s10913 is 21.018076923076983 and has aged to age group 21to29.
s11702 is 21.003076923076982 and has aged to age group 21to29.

New agents are being added to the simulation...
s12856 is age 16.0 and hispanic and is entering the model
s12857 is age 16.0 and whiteNH and is entering the model
s12858 is age 16.0 and blackNH and is entering the model
s12859 is age 16.0 and hispanic and is entering the model
s12860 is age 16.0 and whiteNH and is entering the model
s12861 is age 16.0 and otherNH and is entering the model
s12862 is age 16.0 and hispanic and is entering the model
s12863 is age 16.0 and blackNH and is entering the model
s12864 is age 16.0 and blackNH and is entering the model
s12865 is age 16.0 and hispanic and is entering the model
s12866 is age 16.0 and hispanic and is entering the model
s12867 is age 16.0 and blackNH and is entering the model
s12868 is age 16.0 and whiteNH and is entering the model
s12869 is age 16.0 and otherNH and is entering the model
s12870 is age 16.0 and blackNH and is entering the model
s12871 is age 16.0 and otherNH and is entering the model

Agents are attending venues and using apps for week 75 in simulation...


Epidemic Simulation
----------------------------
Simulation: 1/1
Timestep: 75/3640
Prevalence: 1887
Population Size: 11620
----------------------------
The ages, hiv status, and relationship status for the agents are being updated...
s06331 is blackNH, aged 25.840076923076985 in age group 21to29, with relationship status of 0 and is now HIV+.
s08018 is hispanic, aged 27.349076923076982 in age group 16to20, with relationship status of 0 and is now HIV+.

Agents are being removed from the simulation...
s00076 is aged 29.981076923076984, whiteNH and is leaving the simulation.
s01138 is aged 29.987076923076984, whiteNH and is leaving the simulation.
s01273 is aged 29.981076923076984, whiteNH and is leaving the simulation.
s01283 is aged 29.986076923076983, whiteNH and is leaving the simulation.
s01876 is aged 29.987076923076984, whiteNH and is leaving the simulation.
s02149 is aged 29.989076923076983, whiteNH and is leaving the simulation.
s02556 is aged 29.994076923076985, whiteNH and is leaving the simulation.
s04478 is aged 29.997076923076985, blackNH and is leaving the simulation.
s04781 is aged 29.994076923076985, blackNH and is leaving the simulation.
s07052 is aged 29.997076923076985, hispanic and is leaving the simulation.
s07224 is aged 29.998076923076983, hispanic and is leaving the simulation.
s07974 is aged 29.996076923076984, hispanic and is leaving the simulation.
s09027 is aged 29.982076923076985, hispanic and is leaving the simulation.
s09636 is aged 29.985076923076985, hispanic and is leaving the simulation.
s09640 is aged 29.981076923076984, hispanic and is leaving the simulation.
s09873 is aged 29.992076923076983, hispanic and is leaving the simulation.
s10201 is aged 29.997076923076985, hispanic and is leaving the simulation.
s10379 is aged 29.981076923076984, hispanic and is leaving the simulation.
s11686 is aged 29.991076923076985, otherNH and is leaving the simulation.

Agents who have aged to a new age group are being updated...
s01517 is 21.010307692307755 and has aged to age group 21to29.
s02071 is 21.018307692307754 and has aged to age group 21to29.
s03400 is 21.005307692307753 and has aged to age group 21to29.
s04458 is 21.004307692307755 and has aged to age group 21to29.
s05448 is 21.010307692307755 and has aged to age group 21to29.
s09856 is 21.016307692307755 and has aged to age group 21to29.
s11179 is 21.018307692307754 and has aged to age group 21to29.
s11461 is 21.013307692307755 and has aged to age group 21to29.

New agents are being added to the simulation...
s12872 is age 16.0 and hispanic and is entering the model
s12873 is age 16.0 and whiteNH and is entering the model
s12874 is age 16.0 and whiteNH and is entering the model
s12875 is age 16.0 and hispanic and is entering the model
s12876 is age 16.0 and whiteNH and is entering the model
s12877 is age 16.0 and hispanic and is entering the model
s12878 is age 16.0 and whiteNH and is entering the model
s12879 is age 16.0 and whiteNH and is entering the model
s12880 is age 16.0 and blackNH and is entering the model
s12881 is age 16.0 and whiteNH and is entering the model
s12882 is age 16.0 and blackNH and is entering the model
s12883 is age 16.0 and whiteNH and is entering the model
s12884 is age 16.0 and whiteNH and is entering the model
s12885 is age 16.0 and whiteNH and is entering the model
s12886 is age 16.0 and whiteNH and is entering the model

Agents are attending venues and using apps for week 76 in simulation...


Epidemic Simulation
----------------------------
Simulation: 1/1
Timestep: 76/3640
Prevalence: 1891
Population Size: 11616
----------------------------
The ages, hiv status, and relationship status for the agents are being updated...
s05999 is blackNH, aged 21.945307692307754 in age group 21to29, with relationship status of 1 and is now HIV+.
s07669 is hispanic, aged 21.071307692307755 in age group 21to29, with relationship status of 0 and is now HIV+.
s08297 is hispanic, aged 18.945307692307754 in age group 21to29, with relationship status of 1 and is now HIV+.
s09861 is hispanic, aged 28.762307692307754 in age group 21to29, with relationship status of 0 and is now HIV+.
s10797 is otherNH, aged 22.345307692307752 in age group 21to29, with relationship status of 0 and is now HIV+.

Agents are being removed from the simulation...
s00609 is aged 29.985307692307753, whiteNH and is leaving the simulation.
s01427 is aged 29.998307692307755, whiteNH and is leaving the simulation.
s01882 is aged 29.999307692307752, whiteNH and is leaving the simulation.
s02828 is aged 29.984307692307755, whiteNH and is leaving the simulation.
s03070 is aged 29.997307692307754, whiteNH and is leaving the simulation.
s04548 is aged 29.981307692307755, blackNH and is leaving the simulation.
s05169 is aged 29.998307692307755, blackNH and is leaving the simulation.
s05435 is aged 29.986307692307754, blackNH and is leaving the simulation.
s05610 is aged 29.999307692307752, blackNH and is leaving the simulation.
s06205 is aged 29.998307692307755, blackNH and is leaving the simulation.
s07202 is aged 29.985307692307753, hispanic and is leaving the simulation.
s07350 is aged 29.984307692307755, hispanic and is leaving the simulation.
s08814 is aged 29.999307692307752, hispanic and is leaving the simulation.
s09500 is aged 29.992307692307755, hispanic and is leaving the simulation.
s09790 is aged 29.985307692307753, hispanic and is leaving the simulation.
s11099 is aged 29.986307692307754, otherNH and is leaving the simulation.
s11240 is aged 29.985307692307753, otherNH and is leaving the simulation.

Agents who have aged to a new age group are being updated...
s01581 is 21.014538461538525 and has aged to age group 21to29.
s02212 is 21.012538461538522 and has aged to age group 21to29.
s02554 is 21.013538461538523 and has aged to age group 21to29.
s03231 is 21.012538461538522 and has aged to age group 21to29.
s03245 is 21.002538461538524 and has aged to age group 21to29.
s04276 is 21.012538461538522 and has aged to age group 21to29.
s04742 is 21.014538461538525 and has aged to age group 21to29.
s05307 is 21.010538461538523 and has aged to age group 21to29.
s05487 is 21.013538461538523 and has aged to age group 21to29.
s06165 is 21.017538461538525 and has aged to age group 21to29.
s06214 is 21.012538461538522 and has aged to age group 21to29.
s07587 is 21.006538461538526 and has aged to age group 21to29.
s07946 is 21.015538461538522 and has aged to age group 21to29.
s10603 is 21.001538461538523 and has aged to age group 21to29.
s11342 is 21.002538461538524 and has aged to age group 21to29.
s11574 is 21.016538461538524 and has aged to age group 21to29.

New agents are being added to the simulation...
s12887 is age 16.0 and whiteNH and is entering the model
s12888 is age 16.0 and whiteNH and is entering the model
s12889 is age 16.0 and whiteNH and is entering the model
s12890 is age 16.0 and blackNH and is entering the model
s12891 is age 16.0 and otherNH and is entering the model
s12892 is age 16.0 and hispanic and is entering the model
s12893 is age 16.0 and blackNH and is entering the model
s12894 is age 16.0 and whiteNH and is entering the model
s12895 is age 16.0 and hispanic and is entering the model
s12896 is age 16.0 and whiteNH and is entering the model
s12897 is age 16.0 and whiteNH and is entering the model
s12898 is age 16.0 and whiteNH and is entering the model
s12899 is age 16.0 and hispanic and is entering the model
s12900 is age 16.0 and hispanic and is entering the model
s12901 is age 16.0 and whiteNH and is entering the model
s12902 is age 16.0 and hispanic and is entering the model
s12903 is age 16.0 and whiteNH and is entering the model
s12904 is age 16.0 and hispanic and is entering the model
s12905 is age 16.0 and hispanic and is entering the model
s12906 is age 16.0 and whiteNH and is entering the model
s12907 is age 16.0 and blackNH and is entering the model

Agents are attending venues and using apps for week 77 in simulation...


Epidemic Simulation
----------------------------
Simulation: 1/1
Timestep: 77/3640
Prevalence: 1888
Population Size: 11620
----------------------------
The ages, hiv status, and relationship status for the agents are being updated...
s04810 is blackNH, aged 22.678538461538523 in age group 16to20, with relationship status of 1 and is now HIV+.
s04955 is blackNH, aged 19.531538461538524 in age group 21to29, with relationship status of 1 and is now HIV+.
s05478 is blackNH, aged 24.189538461538525 in age group 21to29, with relationship status of 0 and is now HIV+.

Agents are being removed from the simulation...
s00955 is aged 29.997538461538525, whiteNH and is leaving the simulation.
s01264 is aged 29.981538461538523, whiteNH and is leaving the simulation.
s03030 is aged 29.999538461538524, whiteNH and is leaving the simulation.
s03373 is aged 29.993538461538524, whiteNH and is leaving the simulation.
s04883 is aged 29.991538461538525, blackNH and is leaving the simulation.
s05908 is aged 29.993538461538524, blackNH and is leaving the simulation.
s06002 is aged 29.988538461538525, blackNH and is leaving the simulation.
s06397 is aged 29.991538461538525, blackNH and is leaving the simulation.
s07212 is aged 29.997538461538525, hispanic and is leaving the simulation.
s07314 is aged 29.992538461538523, hispanic and is leaving the simulation.
s07627 is aged 29.992538461538523, hispanic and is leaving the simulation.
s08941 is aged 29.991538461538525, hispanic and is leaving the simulation.
s09468 is aged 29.984538461538524, hispanic and is leaving the simulation.
s09514 is aged 29.998538461538523, hispanic and is leaving the simulation.
s10145 is aged 29.997538461538525, hispanic and is leaving the simulation.
s10299 is aged 29.999538461538524, hispanic and is leaving the simulation.

Agents who have aged to a new age group are being updated...
s00580 is 21.016769230769295 and has aged to age group 21to29.
s02256 is 21.015769230769294 and has aged to age group 21to29.
s02563 is 21.005769230769292 and has aged to age group 21to29.
s03590 is 21.010769230769295 and has aged to age group 21to29.
s03778 is 21.015769230769294 and has aged to age group 21to29.
s06147 is 21.011769230769293 and has aged to age group 21to29.
s06287 is 21.000769230769293 and has aged to age group 21to29.
s07812 is 21.000769230769293 and has aged to age group 21to29.
s08150 is 21.012769230769294 and has aged to age group 21to29.
s08373 is 21.011769230769293 and has aged to age group 21to29.
s08625 is 21.007769230769295 and has aged to age group 21to29.
s10013 is 21.016769230769295 and has aged to age group 21to29.
s11355 is 21.002769230769292 and has aged to age group 21to29.
s11455 is 21.016769230769295 and has aged to age group 21to29.
s11544 is 21.007769230769295 and has aged to age group 21to29.

New agents are being added to the simulation...
s12908 is age 16.0 and hispanic and is entering the model
s12909 is age 16.0 and blackNH and is entering the model
s12910 is age 16.0 and otherNH and is entering the model
s12911 is age 16.0 and blackNH and is entering the model
s12912 is age 16.0 and blackNH and is entering the model
s12913 is age 16.0 and whiteNH and is entering the model
s12914 is age 16.0 and whiteNH and is entering the model
s12915 is age 16.0 and blackNH and is entering the model
s12916 is age 16.0 and hispanic and is entering the model
s12917 is age 16.0 and blackNH and is entering the model
s12918 is age 16.0 and blackNH and is entering the model
s12919 is age 16.0 and blackNH and is entering the model
s12920 is age 16.0 and whiteNH and is entering the model
s12921 is age 16.0 and blackNH and is entering the model
s12922 is age 16.0 and hispanic and is entering the model
s12923 is age 16.0 and blackNH and is entering the model

Agents are attending venues and using apps for week 78 in simulation...


Epidemic Simulation
----------------------------
Simulation: 1/1
Timestep: 78/3640
Prevalence: 1886
Population Size: 11620
----------------------------
The ages, hiv status, and relationship status for the agents are being updated...
s06485 is blackNH, aged 17.588769230769294 in age group 21to29, with relationship status of 0 and is now HIV+.
s11895 is blackNH, aged 17.230769230769283 in age group 16to20, with relationship status of 0 and is now HIV+.

Agents are being removed from the simulation...
s00607 is aged 29.986769230769294, whiteNH and is leaving the simulation.
s00755 is aged 29.998769230769295, whiteNH and is leaving the simulation.
s00834 is aged 29.999769230769292, whiteNH and is leaving the simulation.
s01599 is aged 29.988769230769293, whiteNH and is leaving the simulation.
s02269 is aged 29.989769230769294, whiteNH and is leaving the simulation.
s03686 is aged 29.985769230769293, whiteNH and is leaving the simulation.
s03831 is aged 29.987769230769295, whiteNH and is leaving the simulation.
s04614 is aged 29.989769230769294, blackNH and is leaving the simulation.
s06255 is aged 29.994769230769293, blackNH and is leaving the simulation.
s06586 is aged 29.995769230769294, blackNH and is leaving the simulation.
s07877 is aged 29.989769230769294, hispanic and is leaving the simulation.
s08619 is aged 29.990769230769295, hispanic and is leaving the simulation.
s08684 is aged 29.981769230769295, hispanic and is leaving the simulation.
s09307 is aged 29.995769230769294, hispanic and is leaving the simulation.
s09964 is aged 29.988769230769293, hispanic and is leaving the simulation.
s10418 is aged 29.998769230769295, otherNH and is leaving the simulation.
s10456 is aged 29.989769230769294, otherNH and is leaving the simulation.
s10934 is aged 29.980769230769294, otherNH and is leaving the simulation.

Agents who have aged to a new age group are being updated...
s01591 is 21.003000000000064 and has aged to age group 21to29.
s02590 is 21.019000000000062 and has aged to age group 21to29.
s02719 is 21.019000000000062 and has aged to age group 21to29.
s03773 is 21.012000000000064 and has aged to age group 21to29.
s05424 is 21.008000000000063 and has aged to age group 21to29.
s05920 is 21.011000000000063 and has aged to age group 21to29.
s06182 is 21.014000000000063 and has aged to age group 21to29.
s06634 is 21.001000000000065 and has aged to age group 21to29.
s07073 is 21.007000000000065 and has aged to age group 21to29.
s08742 is 21.004000000000065 and has aged to age group 21to29.
s08781 is 21.016000000000062 and has aged to age group 21to29.
s09209 is 21.006000000000064 and has aged to age group 21to29.
s09223 is 21.013000000000066 and has aged to age group 21to29.
s10983 is 21.006000000000064 and has aged to age group 21to29.
s11336 is 21.001000000000065 and has aged to age group 21to29.
s11566 is 21.003000000000064 and has aged to age group 21to29.

New agents are being added to the simulation...
s12924 is age 16.0 and hispanic and is entering the model
s12925 is age 16.0 and whiteNH and is entering the model
s12926 is age 16.0 and hispanic and is entering the model
s12927 is age 16.0 and otherNH and is entering the model
s12928 is age 16.0 and whiteNH and is entering the model
s12929 is age 16.0 and whiteNH and is entering the model
s12930 is age 16.0 and whiteNH and is entering the model
s12931 is age 16.0 and whiteNH and is entering the model
s12932 is age 16.0 and whiteNH and is entering the model
s12933 is age 16.0 and hispanic and is entering the model
s12934 is age 16.0 and hispanic and is entering the model

Agents are attending venues and using apps for week 79 in simulation...


Epidemic Simulation
----------------------------
Simulation: 1/1
Timestep: 79/3640
Prevalence: 1888
Population Size: 11613
----------------------------
The ages, hiv status, and relationship status for the agents are being updated...
s04533 is blackNH, aged 28.860000000000063 in age group 16to20, with relationship status of 0 and is now HIV+.
s06133 is blackNH, aged 22.710000000000065 in age group 21to29, with relationship status of 0 and is now HIV+.
s09555 is hispanic, aged 25.767000000000063 in age group 21to29, with relationship status of 0 and is now HIV+.
s12416 is blackNH, aged 16.61538461538464 in age group 16to20, with relationship status of 1 and is now HIV+.

Agents are being removed from the simulation...
s00016 is aged 29.999000000000063, whiteNH and is leaving the simulation.
s00029 is aged 29.991000000000064, whiteNH and is leaving the simulation.
s00916 is aged 29.991000000000064, whiteNH and is leaving the simulation.
s01003 is aged 29.992000000000065, whiteNH and is leaving the simulation.
s01326 is aged 29.988000000000063, whiteNH and is leaving the simulation.
s01378 is aged 29.996000000000063, whiteNH and is leaving the simulation.
s01493 is aged 29.983000000000064, whiteNH and is leaving the simulation.
s05011 is aged 29.986000000000065, blackNH and is leaving the simulation.
s07817 is aged 29.990000000000062, hispanic and is leaving the simulation.
s09474 is aged 29.983000000000064, hispanic and is leaving the simulation.
s09702 is aged 29.999000000000063, hispanic and is leaving the simulation.
s10326 is aged 29.998000000000065, hispanic and is leaving the simulation.

Agents who have aged to a new age group are being updated...
s00060 is 21.016230769230834 and has aged to age group 21to29.
s00760 is 21.011230769230835 and has aged to age group 21to29.
s02107 is 21.009230769230832 and has aged to age group 21to29.
s04359 is 21.002230769230835 and has aged to age group 21to29.
s05369 is 21.005230769230835 and has aged to age group 21to29.
s06746 is 21.008230769230835 and has aged to age group 21to29.
s07191 is 21.003230769230836 and has aged to age group 21to29.
s07874 is 21.007230769230834 and has aged to age group 21to29.
s07931 is 21.013230769230834 and has aged to age group 21to29.
s09552 is 21.016230769230834 and has aged to age group 21to29.
s09766 is 21.000230769230836 and has aged to age group 21to29.
s10842 is 21.009230769230832 and has aged to age group 21to29.
s11108 is 21.008230769230835 and has aged to age group 21to29.
s11628 is 21.015230769230833 and has aged to age group 21to29.

New agents are being added to the simulation...
s12935 is age 16.0 and whiteNH and is entering the model
s12936 is age 16.0 and blackNH and is entering the model
s12937 is age 16.0 and hispanic and is entering the model
s12938 is age 16.0 and hispanic and is entering the model
s12939 is age 16.0 and otherNH and is entering the model
s12940 is age 16.0 and blackNH and is entering the model
s12941 is age 16.0 and whiteNH and is entering the model
s12942 is age 16.0 and whiteNH and is entering the model
s12943 is age 16.0 and blackNH and is entering the model
s12944 is age 16.0 and blackNH and is entering the model
s12945 is age 16.0 and whiteNH and is entering the model
s12946 is age 16.0 and blackNH and is entering the model
s12947 is age 16.0 and blackNH and is entering the model
s12948 is age 16.0 and whiteNH and is entering the model

Agents are attending venues and using apps for week 80 in simulation...


Epidemic Simulation
----------------------------
Simulation: 1/1
Timestep: 80/3640
Prevalence: 1889
Population Size: 11615
----------------------------
The ages, hiv status, and relationship status for the agents are being updated...
s05852 is blackNH, aged 23.801230769230834 in age group 21to29, with relationship status of 0 and is now HIV+.
s06648 is blackNH, aged 27.953230769230835 in age group 21to29, with relationship status of 1 and is now HIV+.

Agents are being removed from the simulation...
s00511 is aged 29.999230769230834, whiteNH and is leaving the simulation.
s00967 is aged 29.990230769230834, whiteNH and is leaving the simulation.
s02720 is aged 29.990230769230834, whiteNH and is leaving the simulation.
s02864 is aged 29.988230769230835, whiteNH and is leaving the simulation.
s02895 is aged 29.992230769230833, whiteNH and is leaving the simulation.
s05776 is aged 29.997230769230836, blackNH and is leaving the simulation.
s06140 is aged 29.990230769230834, blackNH and is leaving the simulation.
s06838 is aged 29.991230769230835, hispanic and is leaving the simulation.
s07163 is aged 29.991230769230835, hispanic and is leaving the simulation.
s07643 is aged 29.999230769230834, hispanic and is leaving the simulation.
s08467 is aged 29.982230769230835, hispanic and is leaving the simulation.
s09285 is aged 29.986230769230833, hispanic and is leaving the simulation.
s09943 is aged 29.982230769230835, hispanic and is leaving the simulation.

Agents who have aged to a new age group are being updated...
s00247 is 21.014461538461603 and has aged to age group 21to29.
s00407 is 21.007461538461605 and has aged to age group 21to29.
s01544 is 21.006461538461604 and has aged to age group 21to29.
s01915 is 21.009461538461604 and has aged to age group 21to29.
s02735 is 21.001461538461605 and has aged to age group 21to29.
s03977 is 21.001461538461605 and has aged to age group 21to29.
s05419 is 21.009461538461604 and has aged to age group 21to29.
s07294 is 21.012461538461604 and has aged to age group 21to29.
s07349 is 21.002461538461603 and has aged to age group 21to29.
s07477 is 21.015461538461604 and has aged to age group 21to29.
s09526 is 21.018461538461604 and has aged to age group 21to29.
s10094 is 21.008461538461603 and has aged to age group 21to29.
s11131 is 21.002461538461603 and has aged to age group 21to29.

New agents are being added to the simulation...
s12949 is age 16.0 and blackNH and is entering the model
s12950 is age 16.0 and whiteNH and is entering the model
s12951 is age 16.0 and whiteNH and is entering the model
s12952 is age 16.0 and hispanic and is entering the model
s12953 is age 16.0 and hispanic and is entering the model
s12954 is age 16.0 and blackNH and is entering the model
s12955 is age 16.0 and whiteNH and is entering the model
s12956 is age 16.0 and blackNH and is entering the model
s12957 is age 16.0 and blackNH and is entering the model
s12958 is age 16.0 and whiteNH and is entering the model
s12959 is age 16.0 and whiteNH and is entering the model
s12960 is age 16.0 and blackNH and is entering the model

Agents are attending venues and using apps for week 81 in simulation...


Epidemic Simulation
----------------------------
Simulation: 1/1
Timestep: 81/3640
Prevalence: 1890
Population Size: 11614
----------------------------
The ages, hiv status, and relationship status for the agents are being updated...
s07636 is hispanic, aged 21.664461538461605 in age group 21to29, with relationship status of 0 and is now HIV+.
s08961 is hispanic, aged 24.576461538461604 in age group 21to29, with relationship status of 0 and is now HIV+.
s10140 is hispanic, aged 28.258461538461603 in age group 21to29, with relationship status of 0 and is now HIV+.
s10479 is otherNH, aged 18.402461538461605 in age group 16to20, with relationship status of 0 and is now HIV+.
s11365 is otherNH, aged 21.509461538461604 in age group 21to29, with relationship status of 0 and is now HIV+.

Agents are being removed from the simulation...
s01930 is aged 29.986461538461604, whiteNH and is leaving the simulation.
s05212 is aged 29.985461538461603, blackNH and is leaving the simulation.
s06794 is aged 29.990461538461606, blackNH and is leaving the simulation.
s07256 is aged 29.989461538461605, hispanic and is leaving the simulation.
s07472 is aged 29.987461538461606, hispanic and is leaving the simulation.
s07528 is aged 29.992461538461605, hispanic and is leaving the simulation.
s07854 is aged 29.989461538461605, hispanic and is leaving the simulation.
s07970 is aged 29.982461538461603, hispanic and is leaving the simulation.
s07985 is aged 29.988461538461603, hispanic and is leaving the simulation.
s10149 is aged 29.990461538461606, hispanic and is leaving the simulation.
s10688 is aged 29.995461538461605, otherNH and is leaving the simulation.
s11253 is aged 29.989461538461605, otherNH and is leaving the simulation.
s11259 is aged 29.989461538461605, otherNH and is leaving the simulation.
s11554 is aged 29.985461538461603, otherNH and is leaving the simulation.

Agents who have aged to a new age group are being updated...
s00296 is 21.013692307692374 and has aged to age group 21to29.
s02323 is 21.008692307692375 and has aged to age group 21to29.
s02495 is 21.003692307692376 and has aged to age group 21to29.
s02840 is 21.010692307692374 and has aged to age group 21to29.
s03935 is 21.008692307692375 and has aged to age group 21to29.
s04045 is 21.007692307692373 and has aged to age group 21to29.
s06410 is 21.009692307692376 and has aged to age group 21to29.
s06428 is 21.008692307692375 and has aged to age group 21to29.
s08007 is 21.011692307692375 and has aged to age group 21to29.
s08433 is 21.002692307692374 and has aged to age group 21to29.
s09256 is 21.001692307692373 and has aged to age group 21to29.
s09521 is 21.009692307692376 and has aged to age group 21to29.
s09781 is 21.010692307692374 and has aged to age group 21to29.
s10385 is 21.010692307692374 and has aged to age group 21to29.
s11451 is 21.001692307692373 and has aged to age group 21to29.
s11478 is 21.004692307692373 and has aged to age group 21to29.

New agents are being added to the simulation...
s12961 is age 16.0 and hispanic and is entering the model
s12962 is age 16.0 and hispanic and is entering the model
s12963 is age 16.0 and hispanic and is entering the model
s12964 is age 16.0 and hispanic and is entering the model
s12965 is age 16.0 and hispanic and is entering the model
s12966 is age 16.0 and otherNH and is entering the model
s12967 is age 16.0 and whiteNH and is entering the model
s12968 is age 16.0 and blackNH and is entering the model
s12969 is age 16.0 and hispanic and is entering the model
s12970 is age 16.0 and hispanic and is entering the model

Agents are attending venues and using apps for week 82 in simulation...


Epidemic Simulation
----------------------------
Simulation: 1/1
Timestep: 82/3640
Prevalence: 1891
Population Size: 11610
----------------------------
The ages, hiv status, and relationship status for the agents are being updated...
s01113 is whiteNH, aged 29.914692307692373 in age group 16to20, with relationship status of 1 and is now HIV+.
s04020 is blackNH, aged 23.151692307692375 in age group 16to20, with relationship status of 1 and is now HIV+.
s09170 is hispanic, aged 26.722692307692373 in age group 21to29, with relationship status of 0 and is now HIV+.

Agents are being removed from the simulation...
s00523 is aged 29.999692307692374, whiteNH and is leaving the simulation.
s01238 is aged 29.988692307692375, whiteNH and is leaving the simulation.
s01550 is aged 29.998692307692373, whiteNH and is leaving the simulation.
s03280 is aged 29.995692307692373, whiteNH and is leaving the simulation.
s03379 is aged 29.999692307692374, whiteNH and is leaving the simulation.
s03890 is aged 29.998692307692373, blackNH and is leaving the simulation.
s04348 is aged 29.997692307692375, blackNH and is leaving the simulation.
s05065 is aged 29.996692307692374, blackNH and is leaving the simulation.
s05506 is aged 29.988692307692375, blackNH and is leaving the simulation.
s05675 is aged 29.987692307692374, blackNH and is leaving the simulation.
s08241 is aged 29.982692307692375, hispanic and is leaving the simulation.
s09742 is aged 29.989692307692373, hispanic and is leaving the simulation.

Agents who have aged to a new age group are being updated...
s00820 is 21.008923076923143 and has aged to age group 21to29.
s02415 is 21.015923076923144 and has aged to age group 21to29.
s02831 is 21.014923076923143 and has aged to age group 21to29.
s03603 is 21.007923076923145 and has aged to age group 21to29.
s05103 is 21.007923076923145 and has aged to age group 21to29.
s06115 is 21.003923076923144 and has aged to age group 21to29.
s06356 is 21.013923076923145 and has aged to age group 21to29.
s07551 is 21.011923076923143 and has aged to age group 21to29.
s08038 is 21.014923076923143 and has aged to age group 21to29.
s08556 is 21.016923076923145 and has aged to age group 21to29.
s09540 is 21.013923076923145 and has aged to age group 21to29.
s11396 is 21.013923076923145 and has aged to age group 21to29.
s11548 is 21.010923076923145 and has aged to age group 21to29.

New agents are being added to the simulation...
s12971 is age 16.0 and hispanic and is entering the model
s12972 is age 16.0 and whiteNH and is entering the model
s12973 is age 16.0 and hispanic and is entering the model
s12974 is age 16.0 and otherNH and is entering the model
s12975 is age 16.0 and blackNH and is entering the model
s12976 is age 16.0 and whiteNH and is entering the model
s12977 is age 16.0 and whiteNH and is entering the model
s12978 is age 16.0 and hispanic and is entering the model
s12979 is age 16.0 and hispanic and is entering the model
s12980 is age 16.0 and hispanic and is entering the model
s12981 is age 16.0 and whiteNH and is entering the model
s12982 is age 16.0 and hispanic and is entering the model
s12983 is age 16.0 and hispanic and is entering the model
s12984 is age 16.0 and otherNH and is entering the model
s12985 is age 16.0 and hispanic and is entering the model
s12986 is age 16.0 and otherNH and is entering the model
s12987 is age 16.0 and blackNH and is entering the model
s12988 is age 16.0 and blackNH and is entering the model

Agents are attending venues and using apps for week 83 in simulation...


Epidemic Simulation
----------------------------
Simulation: 1/1
Timestep: 83/3640
Prevalence: 1894
Population Size: 11616
----------------------------
The ages, hiv status, and relationship status for the agents are being updated...
s00875 is whiteNH, aged 22.420923076923145 in age group 21to29, with relationship status of 0 and is now HIV+.
s03060 is whiteNH, aged 28.182923076923146 in age group 21to29, with relationship status of 1 and is now HIV+.
s03446 is whiteNH, aged 21.361923076923144 in age group 21to29, with relationship status of 1 and is now HIV+.
s04895 is blackNH, aged 27.546923076923143 in age group 16to20, with relationship status of 0 and is now HIV+.
s06252 is blackNH, aged 18.594923076923145 in age group 21to29, with relationship status of 1 and is now HIV+.
s07475 is hispanic, aged 18.636923076923143 in age group 16to20, with relationship status of 0 and is now HIV+.
s09401 is hispanic, aged 25.942923076923144 in age group 21to29, with relationship status of 0 and is now HIV+.

Agents are being removed from the simulation...
s00526 is aged 29.983923076923144, whiteNH and is leaving the simulation.
s01166 is aged 29.995923076923145, whiteNH and is leaving the simulation.
s01169 is aged 29.993923076923146, whiteNH and is leaving the simulation.
s01488 is aged 29.998923076923145, whiteNH and is leaving the simulation.
s01554 is aged 29.988923076923143, whiteNH and is leaving the simulation.
s01903 is aged 29.994923076923143, whiteNH and is leaving the simulation.
s01970 is aged 29.999923076923142, whiteNH and is leaving the simulation.
s03140 is aged 29.989923076923144, whiteNH and is leaving the simulation.
s04263 is aged 29.997923076923144, blackNH and is leaving the simulation.
s04339 is aged 29.991923076923143, blackNH and is leaving the simulation.
s04672 is aged 29.990923076923146, blackNH and is leaving the simulation.
s04858 is aged 29.990923076923146, blackNH and is leaving the simulation.
s06948 is aged 29.991923076923143, hispanic and is leaving the simulation.
s07168 is aged 29.986923076923144, hispanic and is leaving the simulation.

Agents who have aged to a new age group are being updated...
s00014 is 21.019153846153912 and has aged to age group 21to29.
s03706 is 21.005153846153913 and has aged to age group 21to29.
s04428 is 21.005153846153913 and has aged to age group 21to29.
s05479 is 21.013153846153916 and has aged to age group 21to29.
s05732 is 21.004153846153915 and has aged to age group 21to29.
s05931 is 21.000153846153914 and has aged to age group 21to29.
s05964 is 21.010153846153916 and has aged to age group 21to29.
s07582 is 21.003153846153914 and has aged to age group 21to29.
s07968 is 21.013153846153916 and has aged to age group 21to29.
s08639 is 21.002153846153913 and has aged to age group 21to29.
s08920 is 21.011153846153913 and has aged to age group 21to29.
s09367 is 21.013153846153916 and has aged to age group 21to29.
s10441 is 21.001153846153915 and has aged to age group 21to29.

New agents are being added to the simulation...
s12989 is age 16.0 and whiteNH and is entering the model
s12990 is age 16.0 and whiteNH and is entering the model
s12991 is age 16.0 and blackNH and is entering the model
s12992 is age 16.0 and whiteNH and is entering the model
s12993 is age 16.0 and blackNH and is entering the model
s12994 is age 16.0 and blackNH and is entering the model
s12995 is age 16.0 and whiteNH and is entering the model
s12996 is age 16.0 and blackNH and is entering the model
s12997 is age 16.0 and blackNH and is entering the model
s12998 is age 16.0 and blackNH and is entering the model
s12999 is age 16.0 and hispanic and is entering the model
s13000 is age 16.0 and otherNH and is entering the model
s13001 is age 16.0 and hispanic and is entering the model
s13002 is age 16.0 and hispanic and is entering the model
s13003 is age 16.0 and blackNH and is entering the model

Agents are attending venues and using apps for week 84 in simulation...


Epidemic Simulation
----------------------------
Simulation: 1/1
Timestep: 84/3640
Prevalence: 1895
Population Size: 11617
----------------------------
The ages, hiv status, and relationship status for the agents are being updated...
s04285 is blackNH, aged 20.441153846153913 in age group 16to20, with relationship status of 1 and is now HIV+.
s04635 is blackNH, aged 27.496153846153913 in age group 16to20, with relationship status of 1 and is now HIV+.
s05934 is blackNH, aged 19.473153846153913 in age group 21to29, with relationship status of 0 and is now HIV+.
s11714 is whiteNH, aged 17.576923076923144 in age group 16to20, with relationship status of 0 and is now HIV+.

Agents are being removed from the simulation...
s02241 is aged 29.981153846153916, whiteNH and is leaving the simulation.
s02796 is aged 29.988153846153914, whiteNH and is leaving the simulation.
s03089 is aged 29.994153846153914, whiteNH and is leaving the simulation.
s03225 is aged 29.998153846153915, whiteNH and is leaving the simulation.
s04248 is aged 29.982153846153913, blackNH and is leaving the simulation.
s04412 is aged 29.993153846153913, blackNH and is leaving the simulation.
s04735 is aged 29.984153846153916, blackNH and is leaving the simulation.
s05056 is aged 29.986153846153915, blackNH and is leaving the simulation.
s05612 is aged 29.986153846153915, blackNH and is leaving the simulation.
s06870 is aged 29.986153846153915, hispanic and is leaving the simulation.
s07487 is aged 29.677153846153914, hispanic and is leaving the simulation.
s07830 is aged 29.988153846153914, hispanic and is leaving the simulation.
s08469 is aged 29.982153846153913, hispanic and is leaving the simulation.
s08744 is aged 29.981153846153916, hispanic and is leaving the simulation.
s08829 is aged 29.982153846153913, hispanic and is leaving the simulation.
s09924 is aged 29.998153846153915, hispanic and is leaving the simulation.
s11489 is aged 29.999153846153913, otherNH and is leaving the simulation.

Agents who have aged to a new age group are being updated...
s00994 is 21.015384615384683 and has aged to age group 21to29.
s01160 is 21.017384615384685 and has aged to age group 21to29.
s01645 is 21.018384615384683 and has aged to age group 21to29.
s03986 is 21.006384615384682 and has aged to age group 21to29.
s04066 is 21.006384615384682 and has aged to age group 21to29.
s05180 is 21.003384615384686 and has aged to age group 21to29.
s05728 is 21.011384615384685 and has aged to age group 21to29.
s06194 is 21.002384615384685 and has aged to age group 21to29.
s10177 is 21.013384615384684 and has aged to age group 21to29.
s11315 is 21.011384615384685 and has aged to age group 21to29.

New agents are being added to the simulation...
s13004 is age 16.0 and blackNH and is entering the model
s13005 is age 16.0 and hispanic and is entering the model
s13006 is age 16.0 and hispanic and is entering the model
s13007 is age 16.0 and whiteNH and is entering the model
s13008 is age 16.0 and whiteNH and is entering the model
s13009 is age 16.0 and blackNH and is entering the model
s13010 is age 16.0 and whiteNH and is entering the model
s13011 is age 16.0 and whiteNH and is entering the model
s13012 is age 16.0 and blackNH and is entering the model
s13013 is age 16.0 and blackNH and is entering the model
s13014 is age 16.0 and whiteNH and is entering the model

Agents are attending venues and using apps for week 85 in simulation...


Epidemic Simulation
----------------------------
Simulation: 1/1
Timestep: 85/3640
Prevalence: 1899
Population Size: 11611
----------------------------
The ages, hiv status, and relationship status for the agents are being updated...
s04358 is blackNH, aged 24.220384615384685 in age group 16to20, with relationship status of 0 and is now HIV+.
s04589 is blackNH, aged 29.081384615384685 in age group 16to20, with relationship status of 0 and is now HIV+.
s09406 is hispanic, aged 26.413384615384686 in age group 21to29, with relationship status of 0 and is now HIV+.
s09753 is hispanic, aged 27.610384615384685 in age group 21to29, with relationship status of 0 and is now HIV+.
s12306 is blackNH, aged 16.865384615384652 in age group 16to20, with relationship status of 0 and is now HIV+.
s12901 is whiteNH, aged 16.15384615384616 in age group 16to20, with relationship status of 0 and is now HIV+.

Agents are being removed from the simulation...
s01661 is aged 29.984384615384684, whiteNH and is leaving the simulation.
s01759 is aged 29.990384615384684, whiteNH and is leaving the simulation.
s02789 is aged 29.988384615384685, whiteNH and is leaving the simulation.
s03087 is aged 29.994384615384686, whiteNH and is leaving the simulation.
s03285 is aged 29.989384615384683, whiteNH and is leaving the simulation.
s03867 is aged 29.993384615384684, blackNH and is leaving the simulation.
s05470 is aged 29.997384615384686, blackNH and is leaving the simulation.
s06375 is aged 29.999384615384685, blackNH and is leaving the simulation.
s06675 is aged 29.988384615384685, blackNH and is leaving the simulation.
s07121 is aged 29.994384615384686, hispanic and is leaving the simulation.
s08481 is aged 29.988384615384685, hispanic and is leaving the simulation.
s09400 is aged 29.999384615384685, hispanic and is leaving the simulation.

Agents who have aged to a new age group are being updated...
s00053 is 21.012615384615454 and has aged to age group 21to29.
s00355 is 21.003615384615454 and has aged to age group 21to29.
s00378 is 21.004615384615455 and has aged to age group 21to29.
s00439 is 21.005615384615453 and has aged to age group 21to29.
s00642 is 21.003615384615454 and has aged to age group 21to29.
s00675 is 21.000615384615454 and has aged to age group 21to29.
s00970 is 21.000615384615454 and has aged to age group 21to29.
s01171 is 21.003615384615454 and has aged to age group 21to29.
s02266 is 21.004615384615455 and has aged to age group 21to29.
s02934 is 21.010615384615456 and has aged to age group 21to29.
s04162 is 21.013615384615456 and has aged to age group 21to29.
s04236 is 21.001615384615455 and has aged to age group 21to29.
s05722 is 21.006615384615454 and has aged to age group 21to29.
s07402 is 21.016615384615456 and has aged to age group 21to29.
s07617 is 21.001615384615455 and has aged to age group 21to29.
s08815 is 21.000615384615454 and has aged to age group 21to29.
s08886 is 21.000615384615454 and has aged to age group 21to29.
s11021 is 21.018615384615455 and has aged to age group 21to29.
s11195 is 21.007615384615455 and has aged to age group 21to29.

New agents are being added to the simulation...
s13015 is age 16.0 and hispanic and is entering the model
s13016 is age 16.0 and hispanic and is entering the model
s13017 is age 16.0 and whiteNH and is entering the model
s13018 is age 16.0 and whiteNH and is entering the model
s13019 is age 16.0 and whiteNH and is entering the model
s13020 is age 16.0 and hispanic and is entering the model
s13021 is age 16.0 and hispanic and is entering the model
s13022 is age 16.0 and blackNH and is entering the model
s13023 is age 16.0 and whiteNH and is entering the model
s13024 is age 16.0 and otherNH and is entering the model
s13025 is age 16.0 and otherNH and is entering the model
s13026 is age 16.0 and hispanic and is entering the model
s13027 is age 16.0 and otherNH and is entering the model
s13028 is age 16.0 and blackNH and is entering the model
s13029 is age 16.0 and blackNH and is entering the model
s13030 is age 16.0 and blackNH and is entering the model
s13031 is age 16.0 and blackNH and is entering the model
s13032 is age 16.0 and whiteNH and is entering the model

Agents are attending venues and using apps for week 86 in simulation...


Epidemic Simulation
----------------------------
Simulation: 1/1
Timestep: 86/3640
Prevalence: 1900
Population Size: 11617
----------------------------
The ages, hiv status, and relationship status for the agents are being updated...
s03049 is whiteNH, aged 26.615615384615456 in age group 21to29, with relationship status of 0 and is now HIV+.
s04558 is blackNH, aged 21.231615384615456 in age group 21to29, with relationship status of 1 and is now HIV+.

Agents are being removed from the simulation...
s00183 is aged 29.985615384615453, whiteNH and is leaving the simulation.
s00309 is aged 29.989615384615455, whiteNH and is leaving the simulation.
s01113 is aged 29.991615384615454, whiteNH and is leaving the simulation.
s01279 is aged 29.983615384615455, whiteNH and is leaving the simulation.
s01373 is aged 29.992615384615455, whiteNH and is leaving the simulation.
s01536 is aged 29.990615384615456, whiteNH and is leaving the simulation.
s01740 is aged 29.985615384615453, whiteNH and is leaving the simulation.
s02222 is aged 29.993615384615456, whiteNH and is leaving the simulation.
s02242 is aged 29.983615384615455, whiteNH and is leaving the simulation.
s02279 is aged 29.998615384615455, whiteNH and is leaving the simulation.
s02430 is aged 29.993615384615456, whiteNH and is leaving the simulation.
s03354 is aged 29.991615384615454, whiteNH and is leaving the simulation.
s04536 is aged 29.847615384615455, blackNH and is leaving the simulation.
s04997 is aged 29.985615384615453, blackNH and is leaving the simulation.
s05670 is aged 29.985615384615453, blackNH and is leaving the simulation.
s05989 is aged 29.981615384615456, blackNH and is leaving the simulation.
s07037 is aged 29.998615384615455, hispanic and is leaving the simulation.
s07056 is aged 29.981615384615456, hispanic and is leaving the simulation.
s07656 is aged 29.987615384615456, hispanic and is leaving the simulation.
s07747 is aged 29.997615384615454, hispanic and is leaving the simulation.
s09596 is aged 29.988615384615454, hispanic and is leaving the simulation.
s09892 is aged 29.999615384615453, hispanic and is leaving the simulation.
s11407 is aged 29.999615384615453, otherNH and is leaving the simulation.

Agents who have aged to a new age group are being updated...
s00303 is 21.016846153846224 and has aged to age group 21to29.
s01458 is 21.010846153846224 and has aged to age group 21to29.
s01718 is 21.011846153846225 and has aged to age group 21to29.
s02456 is 21.006846153846226 and has aged to age group 21to29.
s04912 is 21.014846153846225 and has aged to age group 21to29.
s05444 is 21.016846153846224 and has aged to age group 21to29.
s05987 is 21.004846153846223 and has aged to age group 21to29.
s06795 is 21.018846153846223 and has aged to age group 21to29.
s07194 is 21.018846153846223 and has aged to age group 21to29.
s07778 is 21.007846153846224 and has aged to age group 21to29.
s09113 is 21.008846153846225 and has aged to age group 21to29.
s09267 is 21.003846153846226 and has aged to age group 21to29.
s10219 is 21.015846153846223 and has aged to age group 21to29.
s10393 is 21.002846153846225 and has aged to age group 21to29.
s11667 is 21.014846153846225 and has aged to age group 21to29.

New agents are being added to the simulation...
s13033 is age 16.0 and hispanic and is entering the model
s13034 is age 16.0 and blackNH and is entering the model
s13035 is age 16.0 and whiteNH and is entering the model
s13036 is age 16.0 and blackNH and is entering the model
s13037 is age 16.0 and whiteNH and is entering the model
s13038 is age 16.0 and whiteNH and is entering the model
s13039 is age 16.0 and otherNH and is entering the model
s13040 is age 16.0 and blackNH and is entering the model
s13041 is age 16.0 and hispanic and is entering the model
s13042 is age 16.0 and hispanic and is entering the model
s13043 is age 16.0 and hispanic and is entering the model
s13044 is age 16.0 and blackNH and is entering the model
s13045 is age 16.0 and whiteNH and is entering the model
s13046 is age 16.0 and blackNH and is entering the model

Agents are attending venues and using apps for week 87 in simulation...


Epidemic Simulation
----------------------------
Simulation: 1/1
Timestep: 87/3640
Prevalence: 1901
Population Size: 11608
----------------------------
The ages, hiv status, and relationship status for the agents are being updated...
s01026 is whiteNH, aged 20.639846153846225 in age group 16to20, with relationship status of 1 and is now HIV+.
s04513 is blackNH, aged 25.335846153846223 in age group 16to20, with relationship status of 0 and is now HIV+.
s05564 is blackNH, aged 20.439846153846226 in age group 21to29, with relationship status of 0 and is now HIV+.
s05871 is blackNH, aged 29.406846153846224 in age group 21to29, with relationship status of 0 and is now HIV+.
s06506 is blackNH, aged 23.257846153846224 in age group 21to29, with relationship status of 0 and is now HIV+.
s12185 is hispanic, aged 17.057692307692353 in age group 16to20, with relationship status of 1 and is now HIV+.

Agents are being removed from the simulation...
s00190 is aged 29.994846153846225, whiteNH and is leaving the simulation.
s00451 is aged 29.995846153846223, whiteNH and is leaving the simulation.
s00703 is aged 29.988846153846225, whiteNH and is leaving the simulation.
s01595 is aged 29.989846153846223, whiteNH and is leaving the simulation.
s01660 is aged 29.993846153846224, whiteNH and is leaving the simulation.
s01769 is aged 29.990846153846224, whiteNH and is leaving the simulation.
s02205 is aged 29.985846153846225, whiteNH and is leaving the simulation.
s05198 is aged 29.982846153846225, blackNH and is leaving the simulation.
s05976 is aged 19.768846153846223, blackNH and is leaving the simulation.
s06704 is aged 29.984846153846224, blackNH and is leaving the simulation.
s06880 is aged 29.983846153846223, hispanic and is leaving the simulation.
s08055 is aged 29.983846153846223, hispanic and is leaving the simulation.
s08661 is aged 29.995846153846223, hispanic and is leaving the simulation.
s11592 is aged 29.993846153846224, otherNH and is leaving the simulation.

Agents who have aged to a new age group are being updated...
s01118 is 21.016076923076994 and has aged to age group 21to29.
s01257 is 21.003076923076993 and has aged to age group 21to29.
s02705 is 21.007076923076994 and has aged to age group 21to29.
s02726 is 21.008076923076995 and has aged to age group 21to29.
s02776 is 21.016076923076994 and has aged to age group 21to29.
s02875 is 21.004076923076994 and has aged to age group 21to29.
s03265 is 21.012076923076993 and has aged to age group 21to29.
s03871 is 21.018076923076993 and has aged to age group 21to29.
s04487 is 21.017076923076996 and has aged to age group 21to29.
s04659 is 21.010076923076994 and has aged to age group 21to29.
s05020 is 21.016076923076994 and has aged to age group 21to29.
s05674 is 21.017076923076996 and has aged to age group 21to29.
s05842 is 21.008076923076995 and has aged to age group 21to29.
s08052 is 21.011076923076995 and has aged to age group 21to29.
s08691 is 21.008076923076995 and has aged to age group 21to29.
s08759 is 21.017076923076996 and has aged to age group 21to29.
s09573 is 21.012076923076993 and has aged to age group 21to29.
s10121 is 21.017076923076996 and has aged to age group 21to29.
s11284 is 21.003076923076993 and has aged to age group 21to29.
s11416 is 21.016076923076994 and has aged to age group 21to29.

New agents are being added to the simulation...
s13047 is age 16.0 and blackNH and is entering the model
s13048 is age 16.0 and hispanic and is entering the model
s13049 is age 16.0 and whiteNH and is entering the model
s13050 is age 16.0 and blackNH and is entering the model
s13051 is age 16.0 and hispanic and is entering the model
s13052 is age 16.0 and whiteNH and is entering the model
s13053 is age 16.0 and hispanic and is entering the model
s13054 is age 16.0 and hispanic and is entering the model
s13055 is age 16.0 and whiteNH and is entering the model
s13056 is age 16.0 and whiteNH and is entering the model
s13057 is age 16.0 and whiteNH and is entering the model
s13058 is age 16.0 and blackNH and is entering the model
s13059 is age 16.0 and hispanic and is entering the model
s13060 is age 16.0 and hispanic and is entering the model

Agents are attending venues and using apps for week 88 in simulation...


Epidemic Simulation
----------------------------
Simulation: 1/1
Timestep: 88/3640
Prevalence: 1905
Population Size: 11608
----------------------------
The ages, hiv status, and relationship status for the agents are being updated...
s04945 is blackNH, aged 17.960076923076993 in age group 21to29, with relationship status of 1 and is now HIV+.
s08987 is hispanic, aged 20.477076923076993 in age group 21to29, with relationship status of 1 and is now HIV+.
s09551 is hispanic, aged 28.548076923076994 in age group 21to29, with relationship status of 0 and is now HIV+.
s10790 is otherNH, aged 20.211076923076995 in age group 16to20, with relationship status of 0 and is now HIV+.
s11640 is otherNH, aged 23.970076923076995 in age group 21to29, with relationship status of 0 and is now HIV+.

Agents are being removed from the simulation...
s00565 is aged 29.989076923076993, whiteNH and is leaving the simulation.
s01905 is aged 29.984076923076994, whiteNH and is leaving the simulation.
s02675 is aged 29.985076923076996, whiteNH and is leaving the simulation.
s03529 is aged 29.991076923076996, whiteNH and is leaving the simulation.
s05826 is aged 29.998076923076994, blackNH and is leaving the simulation.
s06540 is aged 29.998076923076994, blackNH and is leaving the simulation.
s07148 is aged 29.999076923076995, hispanic and is leaving the simulation.
s07889 is aged 29.987076923076994, hispanic and is leaving the simulation.
s08788 is aged 29.989076923076993, hispanic and is leaving the simulation.

Agents who have aged to a new age group are being updated...
s00324 is 21.000307692307764 and has aged to age group 21to29.
s01052 is 21.008307692307763 and has aged to age group 21to29.
s01448 is 21.006307692307765 and has aged to age group 21to29.
s01658 is 21.016307692307766 and has aged to age group 21to29.
s02465 is 21.009307692307765 and has aged to age group 21to29.
s02711 is 21.007307692307766 and has aged to age group 21to29.
s02866 is 21.013307692307766 and has aged to age group 21to29.
s03750 is 21.013307692307766 and has aged to age group 21to29.
s05590 is 21.017307692307764 and has aged to age group 21to29.
s06654 is 21.003307692307764 and has aged to age group 21to29.
s06862 is 21.011307692307764 and has aged to age group 21to29.
s06883 is 21.006307692307765 and has aged to age group 21to29.
s07684 is 21.009307692307765 and has aged to age group 21to29.
s07702 is 21.000307692307764 and has aged to age group 21to29.
s10822 is 21.010307692307766 and has aged to age group 21to29.
s11212 is 21.013307692307766 and has aged to age group 21to29.
s11331 is 21.001307692307766 and has aged to age group 21to29.

New agents are being added to the simulation...
s13061 is age 16.0 and blackNH and is entering the model
s13062 is age 16.0 and hispanic and is entering the model
s13063 is age 16.0 and hispanic and is entering the model
s13064 is age 16.0 and whiteNH and is entering the model
s13065 is age 16.0 and whiteNH and is entering the model
s13066 is age 16.0 and hispanic and is entering the model
s13067 is age 16.0 and whiteNH and is entering the model
s13068 is age 16.0 and blackNH and is entering the model
s13069 is age 16.0 and whiteNH and is entering the model
s13070 is age 16.0 and hispanic and is entering the model
s13071 is age 16.0 and whiteNH and is entering the model

Agents are attending venues and using apps for week 89 in simulation...


Epidemic Simulation
----------------------------
Simulation: 1/1
Timestep: 89/3640
Prevalence: 1904
Population Size: 11610
----------------------------
The ages, hiv status, and relationship status for the agents are being updated...
s04229 is blackNH, aged 27.128307692307764 in age group 16to20, with relationship status of 0 and is now HIV+.

Agents are being removed from the simulation...
s00379 is aged 29.992307692307765, whiteNH and is leaving the simulation.
s00561 is aged 29.986307692307765, whiteNH and is leaving the simulation.
s01275 is aged 29.984307692307766, whiteNH and is leaving the simulation.
s01323 is aged 29.992307692307765, whiteNH and is leaving the simulation.
s01399 is aged 29.982307692307764, whiteNH and is leaving the simulation.
s01490 is aged 29.999307692307763, whiteNH and is leaving the simulation.
s01850 is aged 29.989307692307765, whiteNH and is leaving the simulation.
s02816 is aged 29.992307692307765, whiteNH and is leaving the simulation.
s03381 is aged 29.985307692307764, whiteNH and is leaving the simulation.
s04871 is aged 29.990307692307763, blackNH and is leaving the simulation.
s05094 is aged 29.986307692307765, blackNH and is leaving the simulation.
s05954 is aged 29.994307692307764, blackNH and is leaving the simulation.
s06944 is aged 29.990307692307763, hispanic and is leaving the simulation.
s07581 is aged 29.988307692307764, hispanic and is leaving the simulation.
s07618 is aged 29.991307692307764, hispanic and is leaving the simulation.
s07913 is aged 29.983307692307765, hispanic and is leaving the simulation.
s09387 is aged 29.985307692307764, hispanic and is leaving the simulation.
s10192 is aged 29.990307692307763, hispanic and is leaving the simulation.
s11318 is aged 29.988307692307764, otherNH and is leaving the simulation.
s11462 is aged 29.989307692307765, otherNH and is leaving the simulation.

Agents who have aged to a new age group are being updated...
s00106 is 21.008538461538535 and has aged to age group 21to29.
s00213 is 21.011538461538535 and has aged to age group 21to29.
s00604 is 21.018538461538533 and has aged to age group 21to29.
s02045 is 21.016538461538534 and has aged to age group 21to29.
s02081 is 21.000538461538536 and has aged to age group 21to29.
s03414 is 21.014538461538535 and has aged to age group 21to29.
s04340 is 21.003538461538536 and has aged to age group 21to29.
s04831 is 21.001538461538534 and has aged to age group 21to29.
s05195 is 21.011538461538535 and has aged to age group 21to29.
s05525 is 21.002538461538535 and has aged to age group 21to29.
s05944 is 21.015538461538533 and has aged to age group 21to29.
s06134 is 21.007538461538534 and has aged to age group 21to29.
s06415 is 21.010538461538534 and has aged to age group 21to29.
s06709 is 21.009538461538533 and has aged to age group 21to29.
s07599 is 21.009538461538533 and has aged to age group 21to29.
s08273 is 21.015538461538533 and has aged to age group 21to29.
s09615 is 21.009538461538533 and has aged to age group 21to29.
s10596 is 21.008538461538535 and has aged to age group 21to29.

New agents are being added to the simulation...
s13072 is age 16.0 and blackNH and is entering the model
s13073 is age 16.0 and whiteNH and is entering the model
s13074 is age 16.0 and hispanic and is entering the model
s13075 is age 16.0 and hispanic and is entering the model
s13076 is age 16.0 and whiteNH and is entering the model
s13077 is age 16.0 and blackNH and is entering the model
s13078 is age 16.0 and whiteNH and is entering the model
s13079 is age 16.0 and hispanic and is entering the model
s13080 is age 16.0 and blackNH and is entering the model
s13081 is age 16.0 and blackNH and is entering the model
s13082 is age 16.0 and hispanic and is entering the model
s13083 is age 16.0 and whiteNH and is entering the model

Agents are attending venues and using apps for week 90 in simulation...


Epidemic Simulation
----------------------------
Simulation: 1/1
Timestep: 90/3640
Prevalence: 1905
Population Size: 11602
----------------------------
The ages, hiv status, and relationship status for the agents are being updated...
s04078 is blackNH, aged 24.530538461538534 in age group 16to20, with relationship status of 1 and is now HIV+.
s04178 is blackNH, aged 26.421538461538535 in age group 16to20, with relationship status of 1 and is now HIV+.
s11061 is otherNH, aged 21.540538461538535 in age group 21to29, with relationship status of 0 and is now HIV+.

Agents are being removed from the simulation...
s00420 is aged 29.996538461538535, whiteNH and is leaving the simulation.
s02051 is aged 29.995538461538533, whiteNH and is leaving the simulation.
s02392 is aged 29.989538461538533, whiteNH and is leaving the simulation.
s04718 is aged 29.983538461538533, blackNH and is leaving the simulation.
s05162 is aged 29.993538461538535, blackNH and is leaving the simulation.
s05663 is aged 29.985538461538535, blackNH and is leaving the simulation.
s06613 is aged 29.992538461538533, blackNH and is leaving the simulation.
s06798 is aged 29.994538461538536, blackNH and is leaving the simulation.
s07011 is aged 29.992538461538533, hispanic and is leaving the simulation.
s08206 is aged 29.986538461538533, hispanic and is leaving the simulation.
s08645 is aged 18.822538461538535, hispanic and is leaving the simulation.
s09327 is aged 29.991538461538536, hispanic and is leaving the simulation.
s09493 is aged 29.983538461538533, hispanic and is leaving the simulation.
s10120 is aged 29.993538461538535, hispanic and is leaving the simulation.
s10653 is aged 29.999538461538535, otherNH and is leaving the simulation.
s11066 is aged 29.989538461538533, otherNH and is leaving the simulation.
s11251 is aged 29.993538461538535, otherNH and is leaving the simulation.
s11665 is aged 29.986538461538533, otherNH and is leaving the simulation.

Agents who have aged to a new age group are being updated...
s00614 is 21.003769230769304 and has aged to age group 21to29.
s02579 is 21.010769230769306 and has aged to age group 21to29.
s03200 is 21.014769230769303 and has aged to age group 21to29.
s03369 is 21.014769230769303 and has aged to age group 21to29.
s03658 is 21.007769230769306 and has aged to age group 21to29.
s04223 is 21.003769230769304 and has aged to age group 21to29.
s04393 is 21.015769230769305 and has aged to age group 21to29.
s05445 is 21.007769230769306 and has aged to age group 21to29.
s05528 is 21.015769230769305 and has aged to age group 21to29.
s07098 is 21.008769230769303 and has aged to age group 21to29.
s07594 is 21.017769230769304 and has aged to age group 21to29.
s08239 is 21.000769230769304 and has aged to age group 21to29.
s08372 is 21.005769230769303 and has aged to age group 21to29.
s08451 is 21.001769230769305 and has aged to age group 21to29.
s09092 is 21.012769230769305 and has aged to age group 21to29.
s09310 is 21.015769230769305 and has aged to age group 21to29.
s10171 is 21.000769230769304 and has aged to age group 21to29.
s10474 is 21.001769230769305 and has aged to age group 21to29.
s10651 is 21.004769230769305 and has aged to age group 21to29.
s11136 is 21.009769230769304 and has aged to age group 21to29.
s11654 is 21.013769230769306 and has aged to age group 21to29.

New agents are being added to the simulation...
s13084 is age 16.0 and whiteNH and is entering the model
s13085 is age 16.0 and blackNH and is entering the model
s13086 is age 16.0 and hispanic and is entering the model
s13087 is age 16.0 and whiteNH and is entering the model
s13088 is age 16.0 and hispanic and is entering the model
s13089 is age 16.0 and whiteNH and is entering the model
s13090 is age 16.0 and hispanic and is entering the model
s13091 is age 16.0 and whiteNH and is entering the model
s13092 is age 16.0 and blackNH and is entering the model
s13093 is age 16.0 and blackNH and is entering the model
s13094 is age 16.0 and blackNH and is entering the model
s13095 is age 16.0 and whiteNH and is entering the model
s13096 is age 16.0 and blackNH and is entering the model
s13097 is age 16.0 and hispanic and is entering the model
s13098 is age 16.0 and whiteNH and is entering the model
s13099 is age 16.0 and otherNH and is entering the model
s13100 is age 16.0 and whiteNH and is entering the model
s13101 is age 16.0 and hispanic and is entering the model
s13102 is age 16.0 and otherNH and is entering the model
s13103 is age 16.0 and blackNH and is entering the model
s13104 is age 16.0 and otherNH and is entering the model
s13105 is age 16.0 and hispanic and is entering the model
s13106 is age 16.0 and blackNH and is entering the model
s13107 is age 16.0 and hispanic and is entering the model

Agents are attending venues and using apps for week 91 in simulation...


Epidemic Simulation
----------------------------
Simulation: 1/1
Timestep: 91/3640
Prevalence: 1906
Population Size: 11608
----------------------------
The ages, hiv status, and relationship status for the agents are being updated...
s02521 is whiteNH, aged 19.606769230769306 in age group 21to29, with relationship status of 0 and is now HIV+.
s06216 is blackNH, aged 19.045769230769306 in age group 21to29, with relationship status of 0 and is now HIV+.
s06734 is blackNH, aged 25.767769230769304 in age group 21to29, with relationship status of 1 and is now HIV+.
s06859 is hispanic, aged 24.283769230769305 in age group 16to20, with relationship status of 1 and is now HIV+.
s07573 is hispanic, aged 27.119769230769304 in age group 16to20, with relationship status of 0 and is now HIV+.

Agents are being removed from the simulation...
s00067 is aged 29.985769230769304, whiteNH and is leaving the simulation.
s00282 is aged 29.993769230769306, whiteNH and is leaving the simulation.
s00283 is aged 29.995769230769305, whiteNH and is leaving the simulation.
s03215 is aged 29.993769230769306, whiteNH and is leaving the simulation.
s04807 is aged 29.990769230769306, blackNH and is leaving the simulation.
s05263 is aged 29.980769230769305, blackNH and is leaving the simulation.
s05531 is aged 29.991769230769304, blackNH and is leaving the simulation.
s05581 is aged 29.991769230769304, blackNH and is leaving the simulation.
s06028 is aged 29.985769230769304, blackNH and is leaving the simulation.
s07021 is aged 29.987769230769306, hispanic and is leaving the simulation.
s08127 is aged 29.990769230769306, hispanic and is leaving the simulation.
s09597 is aged 29.988769230769304, hispanic and is leaving the simulation.
s10197 is aged 29.988769230769304, hispanic and is leaving the simulation.
s10259 is aged 29.992769230769305, hispanic and is leaving the simulation.
s10349 is aged 29.986769230769305, hispanic and is leaving the simulation.
s11523 is aged 29.995769230769305, otherNH and is leaving the simulation.

Agents who have aged to a new age group are being updated...
s00031 is 21.013000000000076 and has aged to age group 21to29.
s00870 is 21.005000000000074 and has aged to age group 21to29.
s03312 is 21.005000000000074 and has aged to age group 21to29.
s03456 is 21.011000000000074 and has aged to age group 21to29.
s04234 is 21.011000000000074 and has aged to age group 21to29.
s05425 is 21.008000000000074 and has aged to age group 21to29.
s06074 is 21.003000000000075 and has aged to age group 21to29.
s08197 is 21.009000000000075 and has aged to age group 21to29.
s08370 is 21.000000000000075 and has aged to age group 21to29.
s09870 is 21.009000000000075 and has aged to age group 21to29.
s10262 is 21.013000000000076 and has aged to age group 21to29.

New agents are being added to the simulation...
s13108 is age 16.0 and otherNH and is entering the model
s13109 is age 16.0 and whiteNH and is entering the model
s13110 is age 16.0 and whiteNH and is entering the model
s13111 is age 16.0 and hispanic and is entering the model
s13112 is age 16.0 and blackNH and is entering the model
s13113 is age 16.0 and blackNH and is entering the model
s13114 is age 16.0 and hispanic and is entering the model
s13115 is age 16.0 and blackNH and is entering the model
s13116 is age 16.0 and otherNH and is entering the model
s13117 is age 16.0 and whiteNH and is entering the model
s13118 is age 16.0 and blackNH and is entering the model
s13119 is age 16.0 and otherNH and is entering the model
s13120 is age 16.0 and hispanic and is entering the model
s13121 is age 16.0 and whiteNH and is entering the model
s13122 is age 16.0 and hispanic and is entering the model
s13123 is age 16.0 and hispanic and is entering the model

Agents are attending venues and using apps for week 92 in simulation...


Epidemic Simulation
----------------------------
Simulation: 1/1
Timestep: 92/3640
Prevalence: 1902
Population Size: 11608
----------------------------
The ages, hiv status, and relationship status for the agents are being updated...
s05303 is blackNH, aged 26.942000000000075 in age group 21to29, with relationship status of 1 and is now HIV+.
s11563 is otherNH, aged 23.963000000000076 in age group 21to29, with relationship status of 0 and is now HIV+.

Agents are being removed from the simulation...
s00718 is aged 29.990000000000073, whiteNH and is leaving the simulation.
s03080 is aged 29.984000000000076, whiteNH and is leaving the simulation.
s03244 is aged 29.992000000000075, whiteNH and is leaving the simulation.
s05859 is aged 29.997000000000074, blackNH and is leaving the simulation.
s07100 is aged 29.999000000000073, hispanic and is leaving the simulation.
s07679 is aged 29.999000000000073, hispanic and is leaving the simulation.
s07810 is aged 29.996000000000073, hispanic and is leaving the simulation.
s07822 is aged 29.992000000000075, hispanic and is leaving the simulation.
s08029 is aged 26.767000000000074, hispanic and is leaving the simulation.
s08113 is aged 29.994000000000074, hispanic and is leaving the simulation.
s08275 is aged 29.992000000000075, hispanic and is leaving the simulation.
s08811 is aged 29.981000000000076, hispanic and is leaving the simulation.
s09109 is aged 29.986000000000075, hispanic and is leaving the simulation.
s09390 is aged 29.981000000000076, hispanic and is leaving the simulation.
s09515 is aged 29.999000000000073, hispanic and is leaving the simulation.
s10407 is aged 29.981000000000076, hispanic and is leaving the simulation.
s10845 is aged 29.994000000000074, otherNH and is leaving the simulation.

Agents who have aged to a new age group are being updated...
s00248 is 21.011230769230846 and has aged to age group 21to29.
s01021 is 21.014230769230846 and has aged to age group 21to29.
s01730 is 21.013230769230844 and has aged to age group 21to29.
s01846 is 21.011230769230846 and has aged to age group 21to29.
s02624 is 21.015230769230843 and has aged to age group 21to29.
s03181 is 21.001230769230844 and has aged to age group 21to29.
s04129 is 21.001230769230844 and has aged to age group 21to29.
s04337 is 21.012230769230843 and has aged to age group 21to29.
s04363 is 21.008230769230845 and has aged to age group 21to29.
s04648 is 21.016230769230845 and has aged to age group 21to29.
s05381 is 21.012230769230843 and has aged to age group 21to29.
s06184 is 21.006230769230843 and has aged to age group 21to29.
s06868 is 21.013230769230844 and has aged to age group 21to29.
s06959 is 21.012230769230843 and has aged to age group 21to29.
s07387 is 21.012230769230843 and has aged to age group 21to29.
s07714 is 21.004230769230844 and has aged to age group 21to29.
s09629 is 21.003230769230846 and has aged to age group 21to29.
s09676 is 21.000230769230846 and has aged to age group 21to29.
s09788 is 21.016230769230845 and has aged to age group 21to29.
s10605 is 21.008230769230845 and has aged to age group 21to29.
s11069 is 21.013230769230844 and has aged to age group 21to29.

New agents are being added to the simulation...
s13124 is age 16.0 and hispanic and is entering the model
s13125 is age 16.0 and hispanic and is entering the model
s13126 is age 16.0 and blackNH and is entering the model
s13127 is age 16.0 and otherNH and is entering the model
s13128 is age 16.0 and whiteNH and is entering the model
s13129 is age 16.0 and hispanic and is entering the model
s13130 is age 16.0 and blackNH and is entering the model
s13131 is age 16.0 and hispanic and is entering the model
s13132 is age 16.0 and otherNH and is entering the model

Agents are attending venues and using apps for week 93 in simulation...


Epidemic Simulation
----------------------------
Simulation: 1/1
Timestep: 93/3640
Prevalence: 1905
Population Size: 11600
----------------------------
The ages, hiv status, and relationship status for the agents are being updated...
s02107 is whiteNH, aged 21.259230769230843 in age group 21to29, with relationship status of 0 and is now HIV+.
s05884 is blackNH, aged 29.829230769230843 in age group 21to29, with relationship status of 1 and is now HIV+.
s06795 is blackNH, aged 21.134230769230843 in age group 21to29, with relationship status of 0 and is now HIV+.
s07659 is hispanic, aged 26.336230769230845 in age group 16to20, with relationship status of 0 and is now HIV+.

Agents are being removed from the simulation...
s02300 is aged 29.998230769230844, whiteNH and is leaving the simulation.
s03154 is aged 29.989230769230844, whiteNH and is leaving the simulation.
s03415 is aged 29.986230769230843, whiteNH and is leaving the simulation.
s04948 is aged 29.985230769230846, blackNH and is leaving the simulation.
s05310 is aged 29.992230769230844, blackNH and is leaving the simulation.
s05948 is aged 29.994230769230846, blackNH and is leaving the simulation.
s08689 is aged 29.996230769230845, hispanic and is leaving the simulation.
s09180 is aged 29.999230769230845, hispanic and is leaving the simulation.
s09662 is aged 29.999230769230845, hispanic and is leaving the simulation.
s10611 is aged 29.999230769230845, otherNH and is leaving the simulation.
s10758 is aged 29.986230769230843, otherNH and is leaving the simulation.

Agents who have aged to a new age group are being updated...
s02110 is 21.003461538461615 and has aged to age group 21to29.
s03189 is 21.003461538461615 and has aged to age group 21to29.
s03227 is 21.000461538461614 and has aged to age group 21to29.
s03689 is 21.008461538461614 and has aged to age group 21to29.
s07234 is 21.003461538461615 and has aged to age group 21to29.
s07464 is 21.002461538461613 and has aged to age group 21to29.
s09124 is 21.015461538461615 and has aged to age group 21to29.
s09778 is 21.014461538461614 and has aged to age group 21to29.
s10119 is 21.001461538461616 and has aged to age group 21to29.

New agents are being added to the simulation...
s13133 is age 16.0 and whiteNH and is entering the model
s13134 is age 16.0 and otherNH and is entering the model
s13135 is age 16.0 and blackNH and is entering the model
s13136 is age 16.0 and whiteNH and is entering the model
s13137 is age 16.0 and hispanic and is entering the model
s13138 is age 16.0 and otherNH and is entering the model
s13139 is age 16.0 and hispanic and is entering the model
s13140 is age 16.0 and whiteNH and is entering the model
s13141 is age 16.0 and blackNH and is entering the model
s13142 is age 16.0 and hispanic and is entering the model
s13143 is age 16.0 and otherNH and is entering the model
s13144 is age 16.0 and whiteNH and is entering the model
s13145 is age 16.0 and whiteNH and is entering the model
s13146 is age 16.0 and whiteNH and is entering the model
s13147 is age 16.0 and hispanic and is entering the model
s13148 is age 16.0 and whiteNH and is entering the model
s13149 is age 16.0 and hispanic and is entering the model
s13150 is age 16.0 and whiteNH and is entering the model
s13151 is age 16.0 and hispanic and is entering the model
s13152 is age 16.0 and blackNH and is entering the model
s13153 is age 16.0 and hispanic and is entering the model

Agents are attending venues and using apps for week 94 in simulation...


Epidemic Simulation
----------------------------
Simulation: 1/1
Timestep: 94/3640
Prevalence: 1910
Population Size: 11610
----------------------------
The ages, hiv status, and relationship status for the agents are being updated...
s03900 is blackNH, aged 20.306461538461615 in age group 16to20, with relationship status of 0 and is now HIV+.
s04163 is blackNH, aged 29.868461538461613 in age group 16to20, with relationship status of 1 and is now HIV+.
s04373 is blackNH, aged 25.055461538461614 in age group 16to20, with relationship status of 1 and is now HIV+.
s04851 is blackNH, aged 18.129461538461616 in age group 16to20, with relationship status of 1 and is now HIV+.
s06624 is blackNH, aged 25.135461538461616 in age group 21to29, with relationship status of 0 and is now HIV+.
s06679 is blackNH, aged 28.980461538461615 in age group 21to29, with relationship status of 1 and is now HIV+.
s11724 is blackNH, aged 17.750000000000075 in age group 16to20, with relationship status of 0 and is now HIV+.

Agents are being removed from the simulation...
s01226 is aged 29.983461538461615, whiteNH and is leaving the simulation.
s01232 is aged 29.991461538461614, whiteNH and is leaving the simulation.
s01926 is aged 29.993461538461613, whiteNH and is leaving the simulation.
s02175 is aged 29.992461538461615, whiteNH and is leaving the simulation.
s02227 is aged 29.996461538461613, whiteNH and is leaving the simulation.
s03172 is aged 29.996461538461613, whiteNH and is leaving the simulation.
s03827 is aged 29.981461538461616, whiteNH and is leaving the simulation.
s06131 is aged 29.998461538461616, blackNH and is leaving the simulation.
s06551 is aged 29.992461538461615, blackNH and is leaving the simulation.
s06942 is aged 29.992461538461615, hispanic and is leaving the simulation.
s06943 is aged 29.996461538461613, hispanic and is leaving the simulation.
s11393 is aged 29.984461538461616, otherNH and is leaving the simulation.
s11408 is aged 29.991461538461614, otherNH and is leaving the simulation.

Agents who have aged to a new age group are being updated...
s00075 is 21.018692307692383 and has aged to age group 21to29.
s00980 is 21.011692307692385 and has aged to age group 21to29.
s01336 is 21.001692307692384 and has aged to age group 21to29.
s01747 is 21.015692307692383 and has aged to age group 21to29.
s03226 is 21.013692307692384 and has aged to age group 21to29.
s03468 is 21.000692307692386 and has aged to age group 21to29.
s04602 is 21.004692307692384 and has aged to age group 21to29.
s07462 is 21.013692307692384 and has aged to age group 21to29.
s07561 is 21.010692307692384 and has aged to age group 21to29.
s08520 is 21.013692307692384 and has aged to age group 21to29.
s10165 is 21.006692307692386 and has aged to age group 21to29.
s11647 is 21.016692307692384 and has aged to age group 21to29.

New agents are being added to the simulation...
s13154 is age 16.0 and hispanic and is entering the model
s13155 is age 16.0 and blackNH and is entering the model
s13156 is age 16.0 and hispanic and is entering the model
s13157 is age 16.0 and whiteNH and is entering the model
s13158 is age 16.0 and blackNH and is entering the model
s13159 is age 16.0 and whiteNH and is entering the model
s13160 is age 16.0 and blackNH and is entering the model
s13161 is age 16.0 and otherNH and is entering the model
s13162 is age 16.0 and whiteNH and is entering the model
s13163 is age 16.0 and blackNH and is entering the model
s13164 is age 16.0 and blackNH and is entering the model
s13165 is age 16.0 and blackNH and is entering the model
s13166 is age 16.0 and otherNH and is entering the model
s13167 is age 16.0 and otherNH and is entering the model
s13168 is age 16.0 and whiteNH and is entering the model
s13169 is age 16.0 and whiteNH and is entering the model
s13170 is age 16.0 and whiteNH and is entering the model
s13171 is age 16.0 and hispanic and is entering the model
s13172 is age 16.0 and hispanic and is entering the model
s13173 is age 16.0 and blackNH and is entering the model
s13174 is age 16.0 and otherNH and is entering the model

Agents are attending venues and using apps for week 95 in simulation...


Epidemic Simulation
----------------------------
Simulation: 1/1
Timestep: 95/3640
Prevalence: 1916
Population Size: 11618
----------------------------
The ages, hiv status, and relationship status for the agents are being updated...
s00737 is whiteNH, aged 18.106692307692384 in age group 16to20, with relationship status of 0 and is now HIV+.
s04324 is blackNH, aged 20.456692307692386 in age group 16to20, with relationship status of 1 and is now HIV+.
s04529 is blackNH, aged 29.706692307692386 in age group 16to20, with relationship status of 0 and is now HIV+.
s04644 is blackNH, aged 20.344692307692384 in age group 16to20, with relationship status of 1 and is now HIV+.
s05882 is blackNH, aged 24.183692307692386 in age group 21to29, with relationship status of 0 and is now HIV+.
s11367 is otherNH, aged 19.474692307692386 in age group 21to29, with relationship status of 1 and is now HIV+.

Agents are being removed from the simulation...
s00215 is aged 29.990692307692385, whiteNH and is leaving the simulation.
s01082 is aged 29.998692307692384, whiteNH and is leaving the simulation.
s01247 is aged 29.998692307692384, whiteNH and is leaving the simulation.
s01452 is aged 29.986692307692383, whiteNH and is leaving the simulation.
s01916 is aged 29.982692307692385, whiteNH and is leaving the simulation.
s02666 is aged 29.997692307692386, whiteNH and is leaving the simulation.
s07201 is aged 29.991692307692386, hispanic and is leaving the simulation.
s07769 is aged 29.981692307692384, hispanic and is leaving the simulation.
s09518 is aged 29.981692307692384, hispanic and is leaving the simulation.
s10801 is aged 24.808692307692386, otherNH and is leaving the simulation.
s10892 is aged 29.989692307692383, otherNH and is leaving the simulation.
s10922 is aged 29.995692307692384, otherNH and is leaving the simulation.
s11054 is aged 29.990692307692385, otherNH and is leaving the simulation.
s11463 is aged 26.112692307692384, otherNH and is leaving the simulation.
s11521 is aged 29.993692307692385, otherNH and is leaving the simulation.

Agents who have aged to a new age group are being updated...
s03848 is 21.007923076923156 and has aged to age group 21to29.
s04628 is 21.008923076923153 and has aged to age group 21to29.
s05573 is 21.012923076923155 and has aged to age group 21to29.
s06009 is 21.012923076923155 and has aged to age group 21to29.
s07090 is 21.003923076923154 and has aged to age group 21to29.
s07095 is 21.009923076923155 and has aged to age group 21to29.
s07101 is 21.012923076923155 and has aged to age group 21to29.
s07227 is 21.012923076923155 and has aged to age group 21to29.
s07882 is 21.016923076923156 and has aged to age group 21to29.
s08979 is 21.016923076923156 and has aged to age group 21to29.
s11184 is 21.010923076923156 and has aged to age group 21to29.

New agents are being added to the simulation...
s13175 is age 16.0 and blackNH and is entering the model
s13176 is age 16.0 and whiteNH and is entering the model
s13177 is age 16.0 and hispanic and is entering the model
s13178 is age 16.0 and hispanic and is entering the model
s13179 is age 16.0 and blackNH and is entering the model
s13180 is age 16.0 and hispanic and is entering the model
s13181 is age 16.0 and otherNH and is entering the model
s13182 is age 16.0 and blackNH and is entering the model
s13183 is age 16.0 and blackNH and is entering the model
s13184 is age 16.0 and blackNH and is entering the model
s13185 is age 16.0 and blackNH and is entering the model
s13186 is age 16.0 and otherNH and is entering the model
s13187 is age 16.0 and otherNH and is entering the model
s13188 is age 16.0 and hispanic and is entering the model
s13189 is age 16.0 and otherNH and is entering the model
s13190 is age 16.0 and hispanic and is entering the model
s13191 is age 16.0 and blackNH and is entering the model
s13192 is age 16.0 and whiteNH and is entering the model

Agents are attending venues and using apps for week 96 in simulation...


Epidemic Simulation
----------------------------
Simulation: 1/1
Timestep: 96/3640
Prevalence: 1915
Population Size: 11621
----------------------------
The ages, hiv status, and relationship status for the agents are being updated...
s03514 is whiteNH, aged 19.500923076923154 in age group 21to29, with relationship status of 1 and is now HIV+.

Agents are being removed from the simulation...
s00161 is aged 29.993923076923156, whiteNH and is leaving the simulation.
s02700 is aged 29.981923076923156, whiteNH and is leaving the simulation.
s05186 is aged 29.989923076923155, blackNH and is leaving the simulation.
s05253 is aged 29.999923076923153, blackNH and is leaving the simulation.
s06848 is aged 29.986923076923155, hispanic and is leaving the simulation.
s07340 is aged 29.997923076923154, hispanic and is leaving the simulation.
s07839 is aged 29.997923076923154, hispanic and is leaving the simulation.
s07938 is aged 29.992923076923155, hispanic and is leaving the simulation.
s08200 is aged 29.980923076923155, hispanic and is leaving the simulation.
s08272 is aged 29.994923076923154, hispanic and is leaving the simulation.
s08459 is aged 29.994923076923154, hispanic and is leaving the simulation.
s08656 is aged 29.985923076923154, hispanic and is leaving the simulation.
s09436 is aged 29.991923076923154, hispanic and is leaving the simulation.
s09834 is aged 29.981923076923156, hispanic and is leaving the simulation.
s09985 is aged 29.994923076923154, hispanic and is leaving the simulation.
s10575 is aged 29.989923076923155, otherNH and is leaving the simulation.
s10930 is aged 29.995923076923155, otherNH and is leaving the simulation.
s10949 is aged 29.986923076923155, otherNH and is leaving the simulation.

Agents who have aged to a new age group are being updated...
s00010 is 21.006153846153925 and has aged to age group 21to29.
s00724 is 21.003153846153925 and has aged to age group 21to29.
s00856 is 21.010153846153926 and has aged to age group 21to29.
s02559 is 21.017153846153924 and has aged to age group 21to29.
s03165 is 21.011153846153924 and has aged to age group 21to29.
s03333 is 21.018153846153925 and has aged to age group 21to29.
s03492 is 21.017153846153924 and has aged to age group 21to29.
s03607 is 21.006153846153925 and has aged to age group 21to29.
s03656 is 21.013153846153926 and has aged to age group 21to29.
s04891 is 21.000153846153925 and has aged to age group 21to29.
s06030 is 21.019153846153923 and has aged to age group 21to29.
s06224 is 21.010153846153926 and has aged to age group 21to29.
s06754 is 21.005153846153924 and has aged to age group 21to29.
s07564 is 21.019153846153923 and has aged to age group 21to29.
s07671 is 21.019153846153923 and has aged to age group 21to29.
s09624 is 21.005153846153924 and has aged to age group 21to29.
s11646 is 21.010153846153926 and has aged to age group 21to29.

New agents are being added to the simulation...
s13193 is age 16.0 and blackNH and is entering the model
s13194 is age 16.0 and blackNH and is entering the model
s13195 is age 16.0 and hispanic and is entering the model
s13196 is age 16.0 and hispanic and is entering the model
s13197 is age 16.0 and whiteNH and is entering the model
s13198 is age 16.0 and whiteNH and is entering the model
s13199 is age 16.0 and blackNH and is entering the model
s13200 is age 16.0 and blackNH and is entering the model
s13201 is age 16.0 and whiteNH and is entering the model
s13202 is age 16.0 and blackNH and is entering the model
s13203 is age 16.0 and whiteNH and is entering the model
s13204 is age 16.0 and whiteNH and is entering the model
s13205 is age 16.0 and blackNH and is entering the model
s13206 is age 16.0 and otherNH and is entering the model
s13207 is age 16.0 and whiteNH and is entering the model
s13208 is age 16.0 and whiteNH and is entering the model
s13209 is age 16.0 and blackNH and is entering the model
s13210 is age 16.0 and hispanic and is entering the model

Agents are attending venues and using apps for week 97 in simulation...


Epidemic Simulation
----------------------------
Simulation: 1/1
Timestep: 97/3640
Prevalence: 1920
Population Size: 11621
----------------------------
The ages, hiv status, and relationship status for the agents are being updated...
s04793 is blackNH, aged 23.692153846153925 in age group 16to20, with relationship status of 0 and is now HIV+.
s05179 is blackNH, aged 20.516153846153927 in age group 21to29, with relationship status of 0 and is now HIV+.
s05256 is blackNH, aged 19.806153846153926 in age group 21to29, with relationship status of 0 and is now HIV+.
s08230 is hispanic, aged 24.958153846153923 in age group 21to29, with relationship status of 1 and is now HIV+.
s08418 is hispanic, aged 18.240153846153923 in age group 21to29, with relationship status of 1 and is now HIV+.
s11301 is otherNH, aged 22.876153846153926 in age group 21to29, with relationship status of 1 and is now HIV+.
s11566 is otherNH, aged 21.349153846153925 in age group 21to29, with relationship status of 0 and is now HIV+.

Agents are being removed from the simulation...
s00077 is aged 29.990153846153923, whiteNH and is leaving the simulation.
s01529 is aged 29.938153846153924, whiteNH and is leaving the simulation.
s02078 is aged 29.988153846153924, whiteNH and is leaving the simulation.
s02417 is aged 29.996153846153923, whiteNH and is leaving the simulation.
s03544 is aged 24.620153846153926, whiteNH and is leaving the simulation.
s03922 is aged 29.993153846153923, blackNH and is leaving the simulation.
s05756 is aged 29.985153846153924, blackNH and is leaving the simulation.
s06655 is aged 29.992153846153926, blackNH and is leaving the simulation.
s06930 is aged 22.386153846153924, hispanic and is leaving the simulation.
s07019 is aged 29.995153846153926, hispanic and is leaving the simulation.
s07819 is aged 28.387153846153925, hispanic and is leaving the simulation.
s08540 is aged 29.981153846153926, hispanic and is leaving the simulation.
s09191 is aged 29.983153846153925, hispanic and is leaving the simulation.
s09894 is aged 29.993153846153923, hispanic and is leaving the simulation.
s09925 is aged 29.998153846153926, hispanic and is leaving the simulation.
s10619 is aged 29.993153846153923, otherNH and is leaving the simulation.
s11087 is aged 29.984153846153927, otherNH and is leaving the simulation.
s11363 is aged 29.989153846153926, otherNH and is leaving the simulation.
s11699 is aged 29.994153846153925, otherNH and is leaving the simulation.

Agents who have aged to a new age group are being updated...
s01040 is 21.003384615384697 and has aged to age group 21to29.
s02462 is 21.014384615384696 and has aged to age group 21to29.
s03476 is 21.005384615384695 and has aged to age group 21to29.
s03637 is 21.010384615384694 and has aged to age group 21to29.
s04675 is 21.000384615384696 and has aged to age group 21to29.
s05320 is 21.004384615384694 and has aged to age group 21to29.
s06204 is 21.007384615384694 and has aged to age group 21to29.
s07424 is 21.001384615384694 and has aged to age group 21to29.
s08764 is 21.002384615384695 and has aged to age group 21to29.
s08770 is 21.001384615384694 and has aged to age group 21to29.
s09652 is 21.006384615384693 and has aged to age group 21to29.
s09988 is 21.010384615384694 and has aged to age group 21to29.

New agents are being added to the simulation...
s13211 is age 16.0 and hispanic and is entering the model
s13212 is age 16.0 and blackNH and is entering the model
s13213 is age 16.0 and whiteNH and is entering the model
s13214 is age 16.0 and hispanic and is entering the model
s13215 is age 16.0 and hispanic and is entering the model
s13216 is age 16.0 and otherNH and is entering the model
s13217 is age 16.0 and whiteNH and is entering the model
s13218 is age 16.0 and otherNH and is entering the model
s13219 is age 16.0 and whiteNH and is entering the model
s13220 is age 16.0 and hispanic and is entering the model
s13221 is age 16.0 and blackNH and is entering the model
s13222 is age 16.0 and whiteNH and is entering the model
s13223 is age 16.0 and hispanic and is entering the model
s13224 is age 16.0 and hispanic and is entering the model
s13225 is age 16.0 and blackNH and is entering the model
s13226 is age 16.0 and whiteNH and is entering the model
s13227 is age 16.0 and blackNH and is entering the model
s13228 is age 16.0 and hispanic and is entering the model
s13229 is age 16.0 and blackNH and is entering the model
s13230 is age 16.0 and hispanic and is entering the model
s13231 is age 16.0 and whiteNH and is entering the model
s13232 is age 16.0 and whiteNH and is entering the model
s13233 is age 16.0 and otherNH and is entering the model
s13234 is age 16.0 and whiteNH and is entering the model

Agents are attending venues and using apps for week 98 in simulation...


Epidemic Simulation
----------------------------
Simulation: 1/1
Timestep: 98/3640
Prevalence: 1920
Population Size: 11626
----------------------------
The ages, hiv status, and relationship status for the agents are being updated...
s10579 is otherNH, aged 29.058384615384696 in age group 16to20, with relationship status of 0 and is now HIV+.
s12767 is blackNH, aged 16.55769230769233 in age group 16to20, with relationship status of 0 and is now HIV+.

Agents are being removed from the simulation...
s00223 is aged 29.985384615384696, whiteNH and is leaving the simulation.
s00260 is aged 29.984384615384695, whiteNH and is leaving the simulation.
s00787 is aged 29.997384615384696, whiteNH and is leaving the simulation.
s01948 is aged 29.994384615384696, whiteNH and is leaving the simulation.
s02006 is aged 29.981384615384695, whiteNH and is leaving the simulation.
s02800 is aged 29.988384615384696, whiteNH and is leaving the simulation.
s04301 is aged 29.993384615384695, blackNH and is leaving the simulation.
s05280 is aged 29.992384615384694, blackNH and is leaving the simulation.
s05985 is aged 29.985384615384696, blackNH and is leaving the simulation.
s07040 is aged 29.999384615384695, hispanic and is leaving the simulation.
s07558 is aged 19.857384615384696, hispanic and is leaving the simulation.
s08337 is aged 29.990384615384695, hispanic and is leaving the simulation.
s08604 is aged 29.988384615384696, hispanic and is leaving the simulation.
s08618 is aged 29.997384615384696, hispanic and is leaving the simulation.
s08807 is aged 29.995384615384694, hispanic and is leaving the simulation.
s10564 is aged 29.981384615384695, otherNH and is leaving the simulation.
s11242 is aged 29.986384615384694, otherNH and is leaving the simulation.

Agents who have aged to a new age group are being updated...
s01865 is 21.000615384615465 and has aged to age group 21to29.
s02135 is 21.012615384615465 and has aged to age group 21to29.
s04033 is 21.011615384615464 and has aged to age group 21to29.
s04607 is 21.018615384615465 and has aged to age group 21to29.
s05572 is 21.008615384615464 and has aged to age group 21to29.
s06102 is 21.018615384615465 and has aged to age group 21to29.
s06137 is 21.001615384615466 and has aged to age group 21to29.
s06832 is 21.006615384615465 and has aged to age group 21to29.
s09149 is 21.015615384615465 and has aged to age group 21to29.
s09202 is 21.003615384615465 and has aged to age group 21to29.
s10823 is 21.000615384615465 and has aged to age group 21to29.
s11090 is 21.011615384615464 and has aged to age group 21to29.
s11359 is 21.015615384615465 and has aged to age group 21to29.
s11431 is 21.004615384615466 and has aged to age group 21to29.
s11511 is 21.009615384615465 and has aged to age group 21to29.

New agents are being added to the simulation...
s13235 is age 16.0 and hispanic and is entering the model
s13236 is age 16.0 and whiteNH and is entering the model
s13237 is age 16.0 and whiteNH and is entering the model
s13238 is age 16.0 and hispanic and is entering the model
s13239 is age 16.0 and whiteNH and is entering the model
s13240 is age 16.0 and blackNH and is entering the model
s13241 is age 16.0 and blackNH and is entering the model
s13242 is age 16.0 and blackNH and is entering the model
s13243 is age 16.0 and hispanic and is entering the model
s13244 is age 16.0 and hispanic and is entering the model
s13245 is age 16.0 and blackNH and is entering the model
s13246 is age 16.0 and blackNH and is entering the model
s13247 is age 16.0 and whiteNH and is entering the model
s13248 is age 16.0 and blackNH and is entering the model

Agents are attending venues and using apps for week 99 in simulation...


Epidemic Simulation
----------------------------
Simulation: 1/1
Timestep: 99/3640
Prevalence: 1922
Population Size: 11623
----------------------------
The ages, hiv status, and relationship status for the agents are being updated...
s04744 is blackNH, aged 28.891615384615466 in age group 16to20, with relationship status of 0 and is now HIV+.
s05626 is blackNH, aged 24.843615384615465 in age group 21to29, with relationship status of 1 and is now HIV+.
s07708 is hispanic, aged 24.912615384615464 in age group 16to20, with relationship status of 1 and is now HIV+.

Agents are being removed from the simulation...
s00872 is aged 29.998615384615466, whiteNH and is leaving the simulation.
s01421 is aged 28.496615384615463, whiteNH and is leaving the simulation.
s01651 is aged 29.987615384615466, whiteNH and is leaving the simulation.
s01709 is aged 29.983615384615465, whiteNH and is leaving the simulation.
s02869 is aged 29.995615384615466, whiteNH and is leaving the simulation.
s03071 is aged 29.995615384615466, whiteNH and is leaving the simulation.
s03394 is aged 29.997615384615465, whiteNH and is leaving the simulation.
s03559 is aged 29.996615384615463, whiteNH and is leaving the simulation.
s04406 is aged 29.988615384615464, blackNH and is leaving the simulation.
s04459 is aged 29.995615384615466, blackNH and is leaving the simulation.
s05787 is aged 29.982615384615464, blackNH and is leaving the simulation.
s07969 is aged 29.998615384615466, hispanic and is leaving the simulation.
s08285 is aged 29.995615384615466, hispanic and is leaving the simulation.
s08362 is aged 29.991615384615464, hispanic and is leaving the simulation.
s08728 is aged 29.983615384615465, hispanic and is leaving the simulation.
s08938 is aged 29.990615384615467, hispanic and is leaving the simulation.
s10155 is aged 29.999615384615463, hispanic and is leaving the simulation.
s10582 is aged 29.993615384615467, otherNH and is leaving the simulation.
s11292 is aged 29.982615384615464, otherNH and is leaving the simulation.

Agents who have aged to a new age group are being updated...
s00505 is 21.010846153846234 and has aged to age group 21to29.
s01792 is 21.014846153846236 and has aged to age group 21to29.
s01866 is 21.008846153846235 and has aged to age group 21to29.
s04000 is 21.016846153846235 and has aged to age group 21to29.
s05490 is 21.010846153846234 and has aged to age group 21to29.
s06770 is 21.001846153846234 and has aged to age group 21to29.
s07351 is 21.009846153846237 and has aged to age group 21to29.
s07776 is 21.004846153846234 and has aged to age group 21to29.
s09427 is 21.008846153846235 and has aged to age group 21to29.
s10291 is 21.011846153846236 and has aged to age group 21to29.
s10606 is 21.002846153846235 and has aged to age group 21to29.
s10835 is 21.012846153846237 and has aged to age group 21to29.
s11112 is 21.014846153846236 and has aged to age group 21to29.
s11634 is 21.011846153846236 and has aged to age group 21to29.

New agents are being added to the simulation...
s13249 is age 16.0 and blackNH and is entering the model
s13250 is age 16.0 and whiteNH and is entering the model
s13251 is age 16.0 and hispanic and is entering the model
s13252 is age 16.0 and blackNH and is entering the model
s13253 is age 16.0 and hispanic and is entering the model
s13254 is age 16.0 and otherNH and is entering the model
s13255 is age 16.0 and blackNH and is entering the model
s13256 is age 16.0 and hispanic and is entering the model
s13257 is age 16.0 and hispanic and is entering the model
s13258 is age 16.0 and whiteNH and is entering the model
s13259 is age 16.0 and whiteNH and is entering the model
s13260 is age 16.0 and otherNH and is entering the model
s13261 is age 16.0 and hispanic and is entering the model
s13262 is age 16.0 and hispanic and is entering the model
s13263 is age 16.0 and whiteNH and is entering the model
s13264 is age 16.0 and hispanic and is entering the model
s13265 is age 16.0 and blackNH and is entering the model
s13266 is age 16.0 and hispanic and is entering the model
s13267 is age 16.0 and blackNH and is entering the model
s13268 is age 16.0 and otherNH and is entering the model

Agents are attending venues and using apps for week 100 in simulation...


Epidemic Simulation
----------------------------
Simulation: 1/1
Timestep: 100/3640
Prevalence: 1925
Population Size: 11624
----------------------------
The ages, hiv status, and relationship status for the agents are being updated...
s04422 is blackNH, aged 25.068846153846234 in age group 16to20, with relationship status of 0 and is now HIV+.
s05695 is blackNH, aged 22.727846153846237 in age group 21to29, with relationship status of 1 and is now HIV+.
s05824 is blackNH, aged 23.065846153846234 in age group 21to29, with relationship status of 0 and is now HIV+.
s06103 is blackNH, aged 18.496846153846235 in age group 21to29, with relationship status of 0 and is now HIV+.
s08439 is hispanic, aged 20.787846153846235 in age group 21to29, with relationship status of 1 and is now HIV+.

Agents are being removed from the simulation...
s00773 is aged 29.998846153846234, whiteNH and is leaving the simulation.
s02438 is aged 29.985846153846236, whiteNH and is leaving the simulation.
s04163 is aged 29.983846153846233, blackNH and is leaving the simulation.
s04473 is aged 29.998846153846234, blackNH and is leaving the simulation.
s06179 is aged 29.986846153846233, blackNH and is leaving the simulation.
s06782 is aged 29.989846153846234, blackNH and is leaving the simulation.
s06830 is aged 29.998846153846234, hispanic and is leaving the simulation.
s07942 is aged 29.996846153846235, hispanic and is leaving the simulation.
s07987 is aged 29.986846153846233, hispanic and is leaving the simulation.
s08543 is aged 29.982846153846236, hispanic and is leaving the simulation.
s09176 is aged 29.988846153846236, hispanic and is leaving the simulation.
s10136 is aged 29.987846153846235, hispanic and is leaving the simulation.
s10445 is aged 29.990846153846235, otherNH and is leaving the simulation.
s10800 is aged 29.995846153846234, otherNH and is leaving the simulation.

Agents who have aged to a new age group are being updated...
s00898 is 21.013076923077005 and has aged to age group 21to29.
s02007 is 21.015076923077004 and has aged to age group 21to29.
s02198 is 21.012076923077004 and has aged to age group 21to29.
s02434 is 21.019076923077005 and has aged to age group 21to29.
s03284 is 21.014076923077006 and has aged to age group 21to29.
s03319 is 21.015076923077004 and has aged to age group 21to29.
s03671 is 21.007076923077005 and has aged to age group 21to29.
s05171 is 21.005076923077006 and has aged to age group 21to29.
s05974 is 21.011076923077006 and has aged to age group 21to29.
s06670 is 21.016076923077005 and has aged to age group 21to29.
s07451 is 21.010076923077005 and has aged to age group 21to29.
s08937 is 21.011076923077006 and has aged to age group 21to29.
s09098 is 21.014076923077006 and has aged to age group 21to29.
s09432 is 21.006076923077003 and has aged to age group 21to29.
s10022 is 21.002076923077006 and has aged to age group 21to29.

New agents are being added to the simulation...
s13269 is age 16.0 and whiteNH and is entering the model
s13270 is age 16.0 and otherNH and is entering the model
s13271 is age 16.0 and whiteNH and is entering the model
s13272 is age 16.0 and blackNH and is entering the model
s13273 is age 16.0 and hispanic and is entering the model
s13274 is age 16.0 and blackNH and is entering the model
s13275 is age 16.0 and hispanic and is entering the model
s13276 is age 16.0 and whiteNH and is entering the model
s13277 is age 16.0 and hispanic and is entering the model
s13278 is age 16.0 and blackNH and is entering the model
s13279 is age 16.0 and otherNH and is entering the model
s13280 is age 16.0 and otherNH and is entering the model
s13281 is age 16.0 and blackNH and is entering the model
s13282 is age 16.0 and whiteNH and is entering the model
s13283 is age 16.0 and hispanic and is entering the model

Agents are attending venues and using apps for week 101 in simulation...


Epidemic Simulation
----------------------------
Simulation: 1/1
Timestep: 101/3640
Prevalence: 1926
Population Size: 11625
----------------------------
The ages, hiv status, and relationship status for the agents are being updated...
s04294 is blackNH, aged 29.614076923077004 in age group 16to20, with relationship status of 0 and is now HIV+.
s06600 is blackNH, aged 24.380076923077006 in age group 21to29, with relationship status of 0 and is now HIV+.
s12471 is blackNH, aged 16.980769230769273 in age group 16to20, with relationship status of 0 and is now HIV+.

Agents are being removed from the simulation...
s00940 is aged 29.986076923077004, whiteNH and is leaving the simulation.
s01105 is aged 29.991076923077006, whiteNH and is leaving the simulation.
s01748 is aged 29.995076923077004, whiteNH and is leaving the simulation.
s02627 is aged 29.993076923077005, whiteNH and is leaving the simulation.
s03179 is aged 29.982076923077006, whiteNH and is leaving the simulation.
s04326 is aged 29.983076923077004, blackNH and is leaving the simulation.
s04435 is aged 29.984076923077005, blackNH and is leaving the simulation.
s05064 is aged 29.990076923077005, blackNH and is leaving the simulation.
s05224 is aged 25.178076923077004, blackNH and is leaving the simulation.
s05265 is aged 29.981076923077005, blackNH and is leaving the simulation.
s05884 is aged 29.983076923077004, blackNH and is leaving the simulation.
s07730 is aged 29.987076923077005, hispanic and is leaving the simulation.
s08076 is aged 29.993076923077005, hispanic and is leaving the simulation.
s08154 is aged 29.994076923077007, hispanic and is leaving the simulation.
s08966 is aged 29.988076923077006, hispanic and is leaving the simulation.
s10679 is aged 29.989076923077004, otherNH and is leaving the simulation.
s10749 is aged 29.995076923077004, otherNH and is leaving the simulation.
s11002 is aged 27.903076923077005, otherNH and is leaving the simulation.
s11697 is aged 29.981076923077005, otherNH and is leaving the simulation.

Agents who have aged to a new age group are being updated...
s00498 is 21.015307692307776 and has aged to age group 21to29.
s03493 is 21.017307692307774 and has aged to age group 21to29.
s04149 is 21.000307692307775 and has aged to age group 21to29.
s05089 is 21.004307692307776 and has aged to age group 21to29.
s05577 is 21.000307692307775 and has aged to age group 21to29.
s07005 is 21.010307692307777 and has aged to age group 21to29.
s07515 is 21.000307692307775 and has aged to age group 21to29.
s08149 is 21.017307692307774 and has aged to age group 21to29.
s09607 is 21.016307692307777 and has aged to age group 21to29.
s09945 is 21.003307692307775 and has aged to age group 21to29.
s10077 is 21.010307692307777 and has aged to age group 21to29.
s10309 is 21.012307692307775 and has aged to age group 21to29.
s10608 is 21.017307692307774 and has aged to age group 21to29.
s10707 is 21.018307692307776 and has aged to age group 21to29.
s10722 is 21.012307692307775 and has aged to age group 21to29.
s10746 is 21.013307692307777 and has aged to age group 21to29.

New agents are being added to the simulation...
s13284 is age 16.0 and whiteNH and is entering the model
s13285 is age 16.0 and hispanic and is entering the model
s13286 is age 16.0 and hispanic and is entering the model
s13287 is age 16.0 and blackNH and is entering the model
s13288 is age 16.0 and hispanic and is entering the model
s13289 is age 16.0 and blackNH and is entering the model
s13290 is age 16.0 and blackNH and is entering the model
s13291 is age 16.0 and whiteNH and is entering the model
s13292 is age 16.0 and blackNH and is entering the model
s13293 is age 16.0 and blackNH and is entering the model
s13294 is age 16.0 and hispanic and is entering the model
s13295 is age 16.0 and otherNH and is entering the model
s13296 is age 16.0 and whiteNH and is entering the model
s13297 is age 16.0 and whiteNH and is entering the model
s13298 is age 16.0 and blackNH and is entering the model
s13299 is age 16.0 and blackNH and is entering the model

Agents are attending venues and using apps for week 102 in simulation...


Epidemic Simulation
----------------------------
Simulation: 1/1
Timestep: 102/3640
Prevalence: 1927
Population Size: 11622
----------------------------
The ages, hiv status, and relationship status for the agents are being updated...
s04474 is blackNH, aged 23.152307692307776 in age group 16to20, with relationship status of 1 and is now HIV+.
s04887 is blackNH, aged 25.921307692307774 in age group 16to20, with relationship status of 0 and is now HIV+.
s06384 is blackNH, aged 20.263307692307777 in age group 21to29, with relationship status of 0 and is now HIV+.
s08610 is hispanic, aged 19.755307692307774 in age group 21to29, with relationship status of 1 and is now HIV+.
s12718 is hispanic, aged 16.692307692307722 in age group 16to20, with relationship status of 0 and is now HIV+.
s13182 is blackNH, aged 16.11538461538462 in age group 16to20, with relationship status of 0 and is now HIV+.

Agents are being removed from the simulation...
s00749 is aged 20.584307692307775, whiteNH and is leaving the simulation.
s01382 is aged 29.983307692307775, whiteNH and is leaving the simulation.
s01871 is aged 29.981307692307777, whiteNH and is leaving the simulation.
s02258 is aged 29.988307692307774, whiteNH and is leaving the simulation.
s03643 is aged 29.990307692307773, whiteNH and is leaving the simulation.
s03914 is aged 29.984307692307777, blackNH and is leaving the simulation.
s05281 is aged 29.991307692307775, blackNH and is leaving the simulation.
s05694 is aged 29.988307692307774, blackNH and is leaving the simulation.
s06305 is aged 29.982307692307774, blackNH and is leaving the simulation.
s06828 is aged 29.995307692307776, hispanic and is leaving the simulation.
s07105 is aged 29.997307692307775, hispanic and is leaving the simulation.
s08954 is aged 29.994307692307775, hispanic and is leaving the simulation.
s09269 is aged 29.987307692307777, hispanic and is leaving the simulation.
s09566 is aged 29.986307692307776, hispanic and is leaving the simulation.
s10573 is aged 29.994307692307775, otherNH and is leaving the simulation.

Agents who have aged to a new age group are being updated...
s01266 is 21.001538461538544 and has aged to age group 21to29.
s01269 is 21.016538461538545 and has aged to age group 21to29.
s01955 is 21.002538461538546 and has aged to age group 21to29.
s02917 is 21.006538461538547 and has aged to age group 21to29.
s03972 is 21.000538461538547 and has aged to age group 21to29.
s04125 is 21.011538461538546 and has aged to age group 21to29.
s05057 is 21.012538461538544 and has aged to age group 21to29.
s05641 is 21.011538461538546 and has aged to age group 21to29.
s06627 is 21.018538461538544 and has aged to age group 21to29.
s06788 is 21.010538461538545 and has aged to age group 21to29.
s06791 is 21.006538461538547 and has aged to age group 21to29.
s07028 is 21.012538461538544 and has aged to age group 21to29.
s07091 is 21.001538461538544 and has aged to age group 21to29.
s07466 is 21.008538461538546 and has aged to age group 21to29.
s08117 is 21.010538461538545 and has aged to age group 21to29.
s10516 is 21.007538461538545 and has aged to age group 21to29.
s10552 is 21.014538461538546 and has aged to age group 21to29.
s11361 is 21.017538461538546 and has aged to age group 21to29.
s11683 is 21.012538461538544 and has aged to age group 21to29.

New agents are being added to the simulation...
s13300 is age 16.0 and whiteNH and is entering the model
s13301 is age 16.0 and whiteNH and is entering the model
s13302 is age 16.0 and whiteNH and is entering the model
s13303 is age 16.0 and blackNH and is entering the model
s13304 is age 16.0 and otherNH and is entering the model
s13305 is age 16.0 and whiteNH and is entering the model
s13306 is age 16.0 and hispanic and is entering the model
s13307 is age 16.0 and whiteNH and is entering the model
s13308 is age 16.0 and blackNH and is entering the model

Agents are attending venues and using apps for week 103 in simulation...


Epidemic Simulation
----------------------------
Simulation: 1/1
Timestep: 103/3640
Prevalence: 1929
Population Size: 11616
----------------------------
The ages, hiv status, and relationship status for the agents are being updated...
s05126 is blackNH, aged 27.715538461538546 in age group 21to29, with relationship status of 1 and is now HIV+.
s08028 is hispanic, aged 22.526538461538546 in age group 21to29, with relationship status of 1 and is now HIV+.
s10033 is hispanic, aged 23.258538461538546 in age group 21to29, with relationship status of 1 and is now HIV+.
s12070 is blackNH, aged 17.500000000000064 in age group 16to20, with relationship status of 1 and is now HIV+.

Agents are being removed from the simulation...
s00413 is aged 29.986538461538544, whiteNH and is leaving the simulation.
s00933 is aged 29.984538461538545, whiteNH and is leaving the simulation.
s01570 is aged 29.984538461538545, whiteNH and is leaving the simulation.
s01815 is aged 29.997538461538547, whiteNH and is leaving the simulation.
s02698 is aged 29.992538461538544, whiteNH and is leaving the simulation.
s02837 is aged 29.985538461538546, whiteNH and is leaving the simulation.
s03136 is aged 29.986538461538544, whiteNH and is leaving the simulation.
s03247 is aged 29.988538461538546, whiteNH and is leaving the simulation.
s03932 is aged 29.984538461538545, blackNH and is leaving the simulation.
s04012 is aged 29.990538461538545, blackNH and is leaving the simulation.
s05555 is aged 29.984538461538545, blackNH and is leaving the simulation.
s05963 is aged 29.983538461538544, blackNH and is leaving the simulation.
s06797 is aged 24.037538461538546, blackNH and is leaving the simulation.
s06922 is aged 29.987538461538545, hispanic and is leaving the simulation.
s07469 is aged 29.994538461538546, hispanic and is leaving the simulation.
s07473 is aged 29.996538461538545, hispanic and is leaving the simulation.
s08696 is aged 29.999538461538545, hispanic and is leaving the simulation.
s09957 is aged 29.993538461538545, hispanic and is leaving the simulation.
s10762 is aged 29.983538461538544, otherNH and is leaving the simulation.
s11218 is aged 29.981538461538545, otherNH and is leaving the simulation.

Agents who have aged to a new age group are being updated...
s00234 is 21.014769230769314 and has aged to age group 21to29.
s00557 is 21.016769230769317 and has aged to age group 21to29.
s00623 is 21.002769230769314 and has aged to age group 21to29.
s00739 is 21.012769230769315 and has aged to age group 21to29.
s02659 is 21.018769230769315 and has aged to age group 21to29.
s02907 is 21.002769230769314 and has aged to age group 21to29.
s03242 is 21.000769230769315 and has aged to age group 21to29.
s03770 is 21.002769230769314 and has aged to age group 21to29.
s04690 is 21.015769230769315 and has aged to age group 21to29.
s05733 is 21.005769230769314 and has aged to age group 21to29.
s06928 is 21.003769230769315 and has aged to age group 21to29.
s06949 is 21.009769230769315 and has aged to age group 21to29.
s07287 is 21.006769230769315 and has aged to age group 21to29.
s07711 is 21.006769230769315 and has aged to age group 21to29.
s08307 is 21.011769230769314 and has aged to age group 21to29.
s08338 is 21.001769230769316 and has aged to age group 21to29.
s09095 is 21.009769230769315 and has aged to age group 21to29.
s09103 is 21.011769230769314 and has aged to age group 21to29.
s09849 is 21.012769230769315 and has aged to age group 21to29.
s10927 is 21.017769230769314 and has aged to age group 21to29.
s11093 is 21.014769230769314 and has aged to age group 21to29.

New agents are being added to the simulation...
s13309 is age 16.0 and hispanic and is entering the model
s13310 is age 16.0 and hispanic and is entering the model
s13311 is age 16.0 and otherNH and is entering the model
s13312 is age 16.0 and blackNH and is entering the model
s13313 is age 16.0 and blackNH and is entering the model
s13314 is age 16.0 and hispanic and is entering the model
s13315 is age 16.0 and blackNH and is entering the model
s13316 is age 16.0 and blackNH and is entering the model
s13317 is age 16.0 and whiteNH and is entering the model
s13318 is age 16.0 and blackNH and is entering the model
s13319 is age 16.0 and blackNH and is entering the model
s13320 is age 16.0 and whiteNH and is entering the model
s13321 is age 16.0 and hispanic and is entering the model
s13322 is age 16.0 and whiteNH and is entering the model
s13323 is age 16.0 and blackNH and is entering the model
s13324 is age 16.0 and hispanic and is entering the model
s13325 is age 16.0 and otherNH and is entering the model

Agents are attending venues and using apps for week 104 in simulation...


Epidemic Simulation
----------------------------
Simulation: 1/1
Timestep: 104/3640
Prevalence: 1932
Population Size: 11613
----------------------------
The ages, hiv status, and relationship status for the agents are being updated...
s04811 is blackNH, aged 28.393769230769315 in age group 16to20, with relationship status of 0 and is now HIV+.
s05337 is blackNH, aged 24.507769230769316 in age group 21to29, with relationship status of 0 and is now HIV+.
s06454 is blackNH, aged 23.856769230769316 in age group 21to29, with relationship status of 0 and is now HIV+.
s07484 is hispanic, aged 24.318769230769316 in age group 16to20, with relationship status of 0 and is now HIV+.
s10804 is otherNH, aged 28.709769230769314 in age group 16to20, with relationship status of 0 and is now HIV+.
s11627 is otherNH, aged 22.002769230769314 in age group 21to29, with relationship status of 1 and is now HIV+.

Agents are being removed from the simulation...
s00436 is aged 29.993769230769317, whiteNH and is leaving the simulation.
s00907 is aged 29.997769230769315, whiteNH and is leaving the simulation.
s01990 is aged 29.992769230769316, whiteNH and is leaving the simulation.
s04490 is aged 29.980769230769315, blackNH and is leaving the simulation.
s04664 is aged 21.949769230769316, blackNH and is leaving the simulation.
s05176 is aged 29.991769230769314, blackNH and is leaving the simulation.
s05432 is aged 29.992769230769316, blackNH and is leaving the simulation.
s06198 is aged 29.991769230769314, blackNH and is leaving the simulation.
s07325 is aged 29.998769230769316, hispanic and is leaving the simulation.
s08030 is aged 29.981769230769316, hispanic and is leaving the simulation.
s08805 is aged 29.997769230769315, hispanic and is leaving the simulation.
s08913 is aged 29.994769230769315, hispanic and is leaving the simulation.
s09275 is aged 29.980769230769315, hispanic and is leaving the simulation.
s09476 is aged 29.988769230769314, hispanic and is leaving the simulation.
s10289 is aged 29.992769230769316, hispanic and is leaving the simulation.
s11486 is aged 29.993769230769317, otherNH and is leaving the simulation.
s11497 is aged 29.981769230769316, otherNH and is leaving the simulation.

Agents who have aged to a new age group are being updated...
s00328 is 21.011000000000084 and has aged to age group 21to29.
s00814 is 21.012000000000086 and has aged to age group 21to29.
s01868 is 21.002000000000084 and has aged to age group 21to29.
s02760 is 21.016000000000084 and has aged to age group 21to29.
s03281 is 21.013000000000087 and has aged to age group 21to29.
s04134 is 21.008000000000084 and has aged to age group 21to29.
s04461 is 21.005000000000084 and has aged to age group 21to29.
s04785 is 21.002000000000084 and has aged to age group 21to29.
s04859 is 21.012000000000086 and has aged to age group 21to29.
s05060 is 21.004000000000087 and has aged to age group 21to29.
s05095 is 21.012000000000086 and has aged to age group 21to29.
s05164 is 21.013000000000087 and has aged to age group 21to29.
s05234 is 21.010000000000087 and has aged to age group 21to29.
s05943 is 21.012000000000086 and has aged to age group 21to29.
s05972 is 21.001000000000086 and has aged to age group 21to29.
s06093 is 21.014000000000085 and has aged to age group 21to29.
s06432 is 21.006000000000085 and has aged to age group 21to29.
s06565 is 21.016000000000084 and has aged to age group 21to29.
s08188 is 21.011000000000084 and has aged to age group 21to29.
s08349 is 21.004000000000087 and has aged to age group 21to29.
s08630 is 21.008000000000084 and has aged to age group 21to29.
s09128 is 21.012000000000086 and has aged to age group 21to29.
s11140 is 21.007000000000087 and has aged to age group 21to29.
s11695 is 21.008000000000084 and has aged to age group 21to29.

New agents are being added to the simulation...
s13326 is age 16.0 and whiteNH and is entering the model
s13327 is age 16.0 and hispanic and is entering the model
s13328 is age 16.0 and blackNH and is entering the model
s13329 is age 16.0 and otherNH and is entering the model
s13330 is age 16.0 and hispanic and is entering the model
s13331 is age 16.0 and otherNH and is entering the model
s13332 is age 16.0 and whiteNH and is entering the model
s13333 is age 16.0 and blackNH and is entering the model
s13334 is age 16.0 and hispanic and is entering the model
s13335 is age 16.0 and blackNH and is entering the model
s13336 is age 16.0 and hispanic and is entering the model
s13337 is age 16.0 and hispanic and is entering the model
s13338 is age 16.0 and whiteNH and is entering the model
s13339 is age 16.0 and blackNH and is entering the model
s13340 is age 16.0 and blackNH and is entering the model

Agents are attending venues and using apps for week 105 in simulation...


Epidemic Simulation
----------------------------
Simulation: 1/1
Timestep: 105/3640
Prevalence: 1933
Population Size: 11611
----------------------------
The ages, hiv status, and relationship status for the agents are being updated...
s04864 is blackNH, aged 24.653000000000084 in age group 16to20, with relationship status of 1 and is now HIV+.
s05753 is blackNH, aged 29.122000000000085 in age group 21to29, with relationship status of 0 and is now HIV+.
s12994 is blackNH, aged 16.40384615384617 in age group 16to20, with relationship status of 0 and is now HIV+.
s13267 is blackNH, aged 16.09615384615385 in age group 16to20, with relationship status of 1 and is now HIV+.

Agents are being removed from the simulation...
s01164 is aged 29.987000000000084, whiteNH and is leaving the simulation.
s01468 is aged 29.981000000000087, whiteNH and is leaving the simulation.
s01530 is aged 29.985000000000085, whiteNH and is leaving the simulation.
s02625 is aged 29.997000000000085, whiteNH and is leaving the simulation.
s03184 is aged 29.985000000000085, whiteNH and is leaving the simulation.
s03191 is aged 29.985000000000085, whiteNH and is leaving the simulation.
s03287 is aged 29.999000000000084, whiteNH and is leaving the simulation.
s03336 is aged 29.989000000000086, whiteNH and is leaving the simulation.
s03592 is aged 29.982000000000085, whiteNH and is leaving the simulation.
s04109 is aged 29.993000000000084, blackNH and is leaving the simulation.
s05040 is aged 29.985000000000085, blackNH and is leaving the simulation.
s06446 is aged 29.981000000000087, blackNH and is leaving the simulation.
s06555 is aged 29.983000000000086, blackNH and is leaving the simulation.
s06633 is aged 29.998000000000086, blackNH and is leaving the simulation.
s06846 is aged 29.988000000000085, hispanic and is leaving the simulation.
s07152 is aged 29.981000000000087, hispanic and is leaving the simulation.
s08292 is aged 29.992000000000086, hispanic and is leaving the simulation.
s10589 is aged 29.987000000000084, otherNH and is leaving the simulation.
s11689 is aged 29.996000000000084, otherNH and is leaving the simulation.

Agents who have aged to a new age group are being updated...
s00264 is 21.017230769230856 and has aged to age group 21to29.
s00456 is 21.013230769230855 and has aged to age group 21to29.
s01026 is 21.005230769230856 and has aged to age group 21to29.
s02091 is 21.005230769230856 and has aged to age group 21to29.
s03051 is 21.004230769230855 and has aged to age group 21to29.
s03124 is 21.009230769230854 and has aged to age group 21to29.
s03471 is 21.007230769230855 and has aged to age group 21to29.
s03883 is 21.018230769230854 and has aged to age group 21to29.
s04983 is 21.013230769230855 and has aged to age group 21to29.
s05135 is 21.014230769230856 and has aged to age group 21to29.
s05968 is 21.009230769230854 and has aged to age group 21to29.
s06152 is 21.000230769230857 and has aged to age group 21to29.
s06213 is 21.007230769230855 and has aged to age group 21to29.
s06217 is 21.005230769230856 and has aged to age group 21to29.
s06380 is 21.010230769230855 and has aged to age group 21to29.
s06481 is 21.013230769230855 and has aged to age group 21to29.
s06927 is 21.001230769230855 and has aged to age group 21to29.
s09502 is 21.015230769230854 and has aged to age group 21to29.
s10893 is 21.011230769230856 and has aged to age group 21to29.

New agents are being added to the simulation...
s13341 is age 16.0 and blackNH and is entering the model
s13342 is age 16.0 and hispanic and is entering the model
s13343 is age 16.0 and hispanic and is entering the model
s13344 is age 16.0 and otherNH and is entering the model
s13345 is age 16.0 and blackNH and is entering the model
s13346 is age 16.0 and otherNH and is entering the model

Agents are attending venues and using apps for week 106 in simulation...


Epidemic Simulation
----------------------------
Simulation: 1/1
Timestep: 106/3640
Prevalence: 1933
Population Size: 11598
----------------------------
The ages, hiv status, and relationship status for the agents are being updated...
s05655 is blackNH, aged 26.996230769230856 in age group 21to29, with relationship status of 0 and is now HIV+.
s05666 is blackNH, aged 22.683230769230857 in age group 21to29, with relationship status of 1 and is now HIV+.
s11963 is blackNH, aged 17.673076923076994 in age group 16to20, with relationship status of 1 and is now HIV+.
s12684 is blackNH, aged 16.807692307692342 in age group 16to20, with relationship status of 0 and is now HIV+.

Agents are being removed from the simulation...
s02693 is aged 29.981230769230855, whiteNH and is leaving the simulation.
s03259 is aged 29.982230769230856, whiteNH and is leaving the simulation.
s07119 is aged 29.996230769230856, hispanic and is leaving the simulation.
s08222 is aged 29.992230769230854, hispanic and is leaving the simulation.
s08737 is aged 29.988230769230857, hispanic and is leaving the simulation.
s09186 is aged 29.982230769230856, hispanic and is leaving the simulation.
s09287 is aged 29.996230769230856, hispanic and is leaving the simulation.
s09922 is aged 29.996230769230856, hispanic and is leaving the simulation.
s10667 is aged 29.996230769230856, otherNH and is leaving the simulation.
s11260 is aged 29.993230769230856, otherNH and is leaving the simulation.

Agents who have aged to a new age group are being updated...
s00394 is 21.008461538461624 and has aged to age group 21to29.
s00453 is 21.002461538461624 and has aged to age group 21to29.
s00893 is 21.017461538461625 and has aged to age group 21to29.
s02178 is 21.016461538461627 and has aged to age group 21to29.
s02965 is 21.003461538461625 and has aged to age group 21to29.
s04597 is 21.015461538461626 and has aged to age group 21to29.
s04943 is 21.012461538461626 and has aged to age group 21to29.
s05405 is 21.006461538461625 and has aged to age group 21to29.
s05874 is 21.013461538461627 and has aged to age group 21to29.
s06946 is 21.011461538461624 and has aged to age group 21to29.
s07467 is 21.018461538461626 and has aged to age group 21to29.
s07955 is 21.012461538461626 and has aged to age group 21to29.
s08133 is 21.004461538461626 and has aged to age group 21to29.
s08784 is 21.012461538461626 and has aged to age group 21to29.
s09408 is 21.010461538461627 and has aged to age group 21to29.
s09750 is 21.018461538461626 and has aged to age group 21to29.
s10065 is 21.018461538461626 and has aged to age group 21to29.
s10652 is 21.010461538461627 and has aged to age group 21to29.
s11425 is 21.008461538461624 and has aged to age group 21to29.
s11500 is 21.016461538461627 and has aged to age group 21to29.

New agents are being added to the simulation...
s13347 is age 16.0 and hispanic and is entering the model
s13348 is age 16.0 and blackNH and is entering the model
s13349 is age 16.0 and whiteNH and is entering the model
s13350 is age 16.0 and blackNH and is entering the model
s13351 is age 16.0 and whiteNH and is entering the model
s13352 is age 16.0 and hispanic and is entering the model
s13353 is age 16.0 and blackNH and is entering the model
s13354 is age 16.0 and blackNH and is entering the model
s13355 is age 16.0 and blackNH and is entering the model
s13356 is age 16.0 and whiteNH and is entering the model
s13357 is age 16.0 and hispanic and is entering the model
s13358 is age 16.0 and hispanic and is entering the model
s13359 is age 16.0 and hispanic and is entering the model
s13360 is age 16.0 and otherNH and is entering the model
s13361 is age 16.0 and whiteNH and is entering the model
s13362 is age 16.0 and whiteNH and is entering the model
s13363 is age 16.0 and hispanic and is entering the model
s13364 is age 16.0 and otherNH and is entering the model
s13365 is age 16.0 and blackNH and is entering the model
s13366 is age 16.0 and otherNH and is entering the model
s13367 is age 16.0 and whiteNH and is entering the model
s13368 is age 16.0 and blackNH and is entering the model
s13369 is age 16.0 and whiteNH and is entering the model

Agents are attending venues and using apps for week 107 in simulation...


Epidemic Simulation
----------------------------
Simulation: 1/1
Timestep: 107/3640
Prevalence: 1937
Population Size: 11611
----------------------------
The ages, hiv status, and relationship status for the agents are being updated...
s06374 is blackNH, aged 26.452461538461627 in age group 21to29, with relationship status of 1 and is now HIV+.
s06550 is blackNH, aged 24.608461538461626 in age group 21to29, with relationship status of 0 and is now HIV+.
s10904 is otherNH, aged 22.345461538461624 in age group 21to29, with relationship status of 0 and is now HIV+.
s11535 is otherNH, aged 23.181461538461626 in age group 21to29, with relationship status of 1 and is now HIV+.
s12550 is blackNH, aged 16.980769230769273 in age group 16to20, with relationship status of 0 and is now HIV+.
s12715 is otherNH, aged 16.788461538461572 in age group 16to20, with relationship status of 0 and is now HIV+.

Agents are being removed from the simulation...
s00063 is aged 29.995461538461626, whiteNH and is leaving the simulation.
s01372 is aged 29.986461538461626, whiteNH and is leaving the simulation.
s01913 is aged 29.999461538461624, whiteNH and is leaving the simulation.
s01927 is aged 29.993461538461624, whiteNH and is leaving the simulation.
s02807 is aged 29.987461538461627, whiteNH and is leaving the simulation.
s04910 is aged 29.998461538461626, blackNH and is leaving the simulation.
s05772 is aged 29.988461538461625, blackNH and is leaving the simulation.
s05811 is aged 29.996461538461624, blackNH and is leaving the simulation.
s05863 is aged 29.995461538461626, blackNH and is leaving the simulation.
s06215 is aged 29.989461538461626, blackNH and is leaving the simulation.
s07376 is aged 29.989461538461626, hispanic and is leaving the simulation.
s09953 is aged 29.993461538461624, hispanic and is leaving the simulation.
s11335 is aged 29.981461538461627, otherNH and is leaving the simulation.

Agents who have aged to a new age group are being updated...
s03260 is 21.011692307692396 and has aged to age group 21to29.
s03326 is 21.001692307692394 and has aged to age group 21to29.
s03491 is 21.012692307692394 and has aged to age group 21to29.
s05524 is 21.003692307692397 and has aged to age group 21to29.
s05659 is 21.000692307692397 and has aged to age group 21to29.
s06357 is 21.018692307692394 and has aged to age group 21to29.
s07242 is 21.004692307692395 and has aged to age group 21to29.
s08790 is 21.007692307692395 and has aged to age group 21to29.
s09504 is 21.001692307692394 and has aged to age group 21to29.
s10084 is 21.018692307692394 and has aged to age group 21to29.
s10587 is 21.002692307692396 and has aged to age group 21to29.
s10721 is 21.005692307692396 and has aged to age group 21to29.

New agents are being added to the simulation...
s13370 is age 16.0 and blackNH and is entering the model
s13371 is age 16.0 and whiteNH and is entering the model
s13372 is age 16.0 and hispanic and is entering the model
s13373 is age 16.0 and otherNH and is entering the model
s13374 is age 16.0 and hispanic and is entering the model
s13375 is age 16.0 and blackNH and is entering the model
s13376 is age 16.0 and whiteNH and is entering the model
s13377 is age 16.0 and blackNH and is entering the model
s13378 is age 16.0 and otherNH and is entering the model
s13379 is age 16.0 and whiteNH and is entering the model
s13380 is age 16.0 and blackNH and is entering the model
s13381 is age 16.0 and blackNH and is entering the model
s13382 is age 16.0 and blackNH and is entering the model
s13383 is age 16.0 and blackNH and is entering the model
s13384 is age 16.0 and whiteNH and is entering the model
s13385 is age 16.0 and blackNH and is entering the model
s13386 is age 16.0 and hispanic and is entering the model
s13387 is age 16.0 and blackNH and is entering the model
s13388 is age 16.0 and hispanic and is entering the model
s13389 is age 16.0 and hispanic and is entering the model
s13390 is age 16.0 and hispanic and is entering the model
s13391 is age 16.0 and otherNH and is entering the model
s13392 is age 16.0 and hispanic and is entering the model
s13393 is age 16.0 and whiteNH and is entering the model
s13394 is age 16.0 and otherNH and is entering the model

Agents are attending venues and using apps for week 108 in simulation...


Epidemic Simulation
----------------------------
Simulation: 1/1
Timestep: 108/3640
Prevalence: 1933
Population Size: 11623
----------------------------
The ages, hiv status, and relationship status for the agents are being updated...
s06774 is blackNH, aged 20.647692307692395 in age group 21to29, with relationship status of 1 and is now HIV+.
s09372 is hispanic, aged 22.401692307692397 in age group 21to29, with relationship status of 1 and is now HIV+.
s12214 is blackNH, aged 17.423076923076984 in age group 16to20, with relationship status of 1 and is now HIV+.

Agents are being removed from the simulation...
s00272 is aged 29.987692307692395, whiteNH and is leaving the simulation.
s00625 is aged 29.991692307692396, whiteNH and is leaving the simulation.
s01126 is aged 29.986692307692394, whiteNH and is leaving the simulation.
s01791 is aged 29.998692307692394, whiteNH and is leaving the simulation.
s02496 is aged 29.995692307692394, whiteNH and is leaving the simulation.
s02956 is aged 29.995692307692394, whiteNH and is leaving the simulation.
s03887 is aged 29.995692307692394, blackNH and is leaving the simulation.
s04846 is aged 29.987692307692395, blackNH and is leaving the simulation.
s05346 is aged 29.985692307692396, blackNH and is leaving the simulation.
s05409 is aged 29.990692307692395, blackNH and is leaving the simulation.
s06431 is aged 29.997692307692397, blackNH and is leaving the simulation.
s06873 is aged 29.991692307692396, hispanic and is leaving the simulation.
s07199 is aged 29.998692307692394, hispanic and is leaving the simulation.
s07542 is aged 29.990692307692395, hispanic and is leaving the simulation.
s08751 is aged 29.990692307692395, hispanic and is leaving the simulation.
s10054 is aged 29.993692307692395, hispanic and is leaving the simulation.
s10818 is aged 29.994692307692397, otherNH and is leaving the simulation.

Agents who have aged to a new age group are being updated...
s00251 is 21.007923076923166 and has aged to age group 21to29.
s00397 is 21.011923076923164 and has aged to age group 21to29.
s00510 is 21.003923076923165 and has aged to age group 21to29.
s01925 is 21.006923076923165 and has aged to age group 21to29.
s02363 is 21.009923076923165 and has aged to age group 21to29.
s03567 is 21.007923076923166 and has aged to age group 21to29.
s04503 is 21.013923076923167 and has aged to age group 21to29.
s05838 is 21.017923076923164 and has aged to age group 21to29.
s08169 is 21.004923076923166 and has aged to age group 21to29.
s09952 is 21.008923076923164 and has aged to age group 21to29.
s10245 is 21.003923076923165 and has aged to age group 21to29.
s10638 is 21.009923076923165 and has aged to age group 21to29.

New agents are being added to the simulation...
s13395 is age 16.0 and otherNH and is entering the model
s13396 is age 16.0 and blackNH and is entering the model
s13397 is age 16.0 and hispanic and is entering the model
s13398 is age 16.0 and whiteNH and is entering the model
s13399 is age 16.0 and hispanic and is entering the model
s13400 is age 16.0 and hispanic and is entering the model
s13401 is age 16.0 and whiteNH and is entering the model
s13402 is age 16.0 and blackNH and is entering the model
s13403 is age 16.0 and whiteNH and is entering the model
s13404 is age 16.0 and hispanic and is entering the model
s13405 is age 16.0 and hispanic and is entering the model
s13406 is age 16.0 and whiteNH and is entering the model
s13407 is age 16.0 and whiteNH and is entering the model
s13408 is age 16.0 and whiteNH and is entering the model
s13409 is age 16.0 and whiteNH and is entering the model

Agents are attending venues and using apps for week 109 in simulation...


Epidemic Simulation
----------------------------
Simulation: 1/1
Timestep: 109/3640
Prevalence: 1931
Population Size: 11621
----------------------------
The ages, hiv status, and relationship status for the agents are being updated...

Agents are being removed from the simulation...
s00132 is aged 29.984923076923167, whiteNH and is leaving the simulation.
s00589 is aged 29.981923076923167, whiteNH and is leaving the simulation.
s01282 is aged 29.995923076923166, whiteNH and is leaving the simulation.
s01879 is aged 29.997923076923165, whiteNH and is leaving the simulation.
s03629 is aged 29.990923076923167, whiteNH and is leaving the simulation.
s04071 is aged 29.993923076923167, blackNH and is leaving the simulation.
s04349 is aged 29.997923076923165, blackNH and is leaving the simulation.
s04772 is aged 29.996923076923167, blackNH and is leaving the simulation.
s04815 is aged 29.987923076923167, blackNH and is leaving the simulation.
s06193 is aged 29.990923076923167, blackNH and is leaving the simulation.
s06332 is aged 29.995923076923166, blackNH and is leaving the simulation.
s06719 is aged 29.990923076923167, blackNH and is leaving the simulation.
s07448 is aged 29.995923076923166, hispanic and is leaving the simulation.
s07493 is aged 29.999923076923167, hispanic and is leaving the simulation.
s08947 is aged 29.982923076923164, hispanic and is leaving the simulation.
s09706 is aged 29.999923076923167, hispanic and is leaving the simulation.
s10284 is aged 29.992923076923166, hispanic and is leaving the simulation.
s11612 is aged 29.995923076923166, otherNH and is leaving the simulation.
s12078 is aged 17.596153846153914, whiteNH and is leaving the simulation.

Agents who have aged to a new age group are being updated...
s00224 is 21.001153846153937 and has aged to age group 21to29.
s00367 is 21.004153846153937 and has aged to age group 21to29.
s00704 is 21.007153846153937 and has aged to age group 21to29.
s04952 is 21.002153846153934 and has aged to age group 21to29.
s04970 is 21.013153846153937 and has aged to age group 21to29.
s05026 is 21.005153846153934 and has aged to age group 21to29.
s05552 is 21.000153846153935 and has aged to age group 21to29.
s06373 is 21.015153846153936 and has aged to age group 21to29.
s08326 is 21.000153846153935 and has aged to age group 21to29.
s09527 is 21.019153846153937 and has aged to age group 21to29.
s09998 is 21.016153846153937 and has aged to age group 21to29.

New agents are being added to the simulation...
s13410 is age 16.0 and otherNH and is entering the model
s13411 is age 16.0 and hispanic and is entering the model
s13412 is age 16.0 and blackNH and is entering the model
s13413 is age 16.0 and whiteNH and is entering the model
s13414 is age 16.0 and otherNH and is entering the model
s13415 is age 16.0 and blackNH and is entering the model
s13416 is age 16.0 and whiteNH and is entering the model
s13417 is age 16.0 and otherNH and is entering the model
s13418 is age 16.0 and whiteNH and is entering the model
s13419 is age 16.0 and whiteNH and is entering the model
s13420 is age 16.0 and whiteNH and is entering the model
s13421 is age 16.0 and whiteNH and is entering the model
s13422 is age 16.0 and blackNH and is entering the model
s13423 is age 16.0 and whiteNH and is entering the model
s13424 is age 16.0 and whiteNH and is entering the model
s13425 is age 16.0 and blackNH and is entering the model
s13426 is age 16.0 and otherNH and is entering the model
s13427 is age 16.0 and whiteNH and is entering the model
s13428 is age 16.0 and otherNH and is entering the model
s13429 is age 16.0 and blackNH and is entering the model

Agents are attending venues and using apps for week 110 in simulation...


Epidemic Simulation
----------------------------
Simulation: 1/1
Timestep: 110/3640
Prevalence: 1932
Population Size: 11622
----------------------------
The ages, hiv status, and relationship status for the agents are being updated...
s02507 is whiteNH, aged 28.063153846153934 in age group 21to29, with relationship status of 0 and is now HIV+.
s04498 is blackNH, aged 23.297153846153936 in age group 16to20, with relationship status of 0 and is now HIV+.
s05335 is blackNH, aged 29.923153846153934 in age group 21to29, with relationship status of 0 and is now HIV+.
s05620 is blackNH, aged 27.254153846153937 in age group 21to29, with relationship status of 1 and is now HIV+.
s06208 is blackNH, aged 19.377153846153934 in age group 21to29, with relationship status of 0 and is now HIV+.

Agents are being removed from the simulation...
s01218 is aged 29.987153846153934, whiteNH and is leaving the simulation.
s01304 is aged 29.983153846153936, whiteNH and is leaving the simulation.
s04529 is aged 29.995153846153936, blackNH and is leaving the simulation.
s04573 is aged 29.997153846153935, blackNH and is leaving the simulation.
s04738 is aged 29.996153846153934, blackNH and is leaving the simulation.
s05471 is aged 29.982153846153935, blackNH and is leaving the simulation.
s05828 is aged 29.995153846153936, blackNH and is leaving the simulation.
s06674 is aged 29.996153846153934, blackNH and is leaving the simulation.
s07278 is aged 29.995153846153936, hispanic and is leaving the simulation.
s07722 is aged 29.990153846153934, hispanic and is leaving the simulation.
s08107 is aged 29.984153846153937, hispanic and is leaving the simulation.
s08437 is aged 29.990153846153934, hispanic and is leaving the simulation.
s09064 is aged 29.981153846153937, hispanic and is leaving the simulation.
s09638 is aged 29.995153846153936, hispanic and is leaving the simulation.
s09658 is aged 29.983153846153936, hispanic and is leaving the simulation.
s10415 is aged 29.999153846153934, otherNH and is leaving the simulation.
s10838 is aged 29.998153846153937, otherNH and is leaving the simulation.

Agents who have aged to a new age group are being updated...
s00361 is 21.012384615384704 and has aged to age group 21to29.
s00892 is 21.018384615384704 and has aged to age group 21to29.
s01092 is 21.006384615384704 and has aged to age group 21to29.
s01455 is 21.006384615384704 and has aged to age group 21to29.
s03898 is 21.001384615384705 and has aged to age group 21to29.
s04755 is 21.013384615384705 and has aged to age group 21to29.
s05278 is 21.009384615384704 and has aged to age group 21to29.
s06055 is 21.013384615384705 and has aged to age group 21to29.
s06260 is 21.010384615384705 and has aged to age group 21to29.
s06756 is 21.009384615384704 and has aged to age group 21to29.
s09979 is 21.006384615384704 and has aged to age group 21to29.
s10510 is 21.003384615384707 and has aged to age group 21to29.
s10526 is 21.014384615384706 and has aged to age group 21to29.

New agents are being added to the simulation...
s13430 is age 16.0 and blackNH and is entering the model
s13431 is age 16.0 and whiteNH and is entering the model
s13432 is age 16.0 and whiteNH and is entering the model
s13433 is age 16.0 and otherNH and is entering the model
s13434 is age 16.0 and blackNH and is entering the model
s13435 is age 16.0 and hispanic and is entering the model
s13436 is age 16.0 and hispanic and is entering the model
s13437 is age 16.0 and otherNH and is entering the model
s13438 is age 16.0 and blackNH and is entering the model
s13439 is age 16.0 and whiteNH and is entering the model
s13440 is age 16.0 and whiteNH and is entering the model
s13441 is age 16.0 and blackNH and is entering the model
s13442 is age 16.0 and blackNH and is entering the model
s13443 is age 16.0 and otherNH and is entering the model
s13444 is age 16.0 and blackNH and is entering the model
s13445 is age 16.0 and blackNH and is entering the model
s13446 is age 16.0 and hispanic and is entering the model
s13447 is age 16.0 and whiteNH and is entering the model
s13448 is age 16.0 and otherNH and is entering the model
s13449 is age 16.0 and whiteNH and is entering the model
s13450 is age 16.0 and hispanic and is entering the model
s13451 is age 16.0 and hispanic and is entering the model

Agents are attending venues and using apps for week 111 in simulation...

