R version 4.3.2 (2023-10-31) -- "Eye Holes"
Copyright (C) 2023 The R Foundation for Statistical Computing
Platform: x86_64-conda-linux-gnu (64-bit)

R is free software and comes with ABSOLUTELY NO WARRANTY.
You are welcome to redistribute it under the terms of the
GNU General Public License versions 2 or 3.
For more information about these matters see
https://www.gnu.org/licenses/.

0 c1 step4 248 04-model-simulation.yaml
[1] 1
[1] "c"

Agents are attending venues and using apps for week 1 in simulation...

Fixed Parameters
---------------------------
hiv.test.rate = 0.004052745 0.004265129 0.004668849 0.005370771
hiv.test.late.prob = 0 0 0 0
test.window.int = 3
tt.partial.supp.prob = 0 0 0 0
tt.full.supp.prob = 1 1 1 1
tt.durable.supp.prob = 0 0 0 0
tx.init.rate = 0.3589051 0.399814 0.4093571 0.5031471
tx.halt.partial.rate = 0.004825257 0.00453566 0.003050059 0.003050059
tx.halt.full.or = 0.9220912 0.6431206 1.415046 1.237048
tx.halt.durable.or = 0.45 0.45 0.45 0.45
tx.reinit.partial.rate = 0.00255 0.00255 0.00255 0.00255
tx.reinit.full.or = 1 1 1 1
tx.reinit.durable.or = 1 1 1 1
max.time.off.tx.full.int = 780
max.time.on.tx.partial.int = 520
max.time.off.tx.partial.int = 520
vl.acute.rise.int = 3
vl.acute.peak = 6.886
vl.acute.fall.int = 3
vl.set.point = 4.5
vl.aids.onset.int = 520
vl.aids.int = 104
vl.aids.peak = 7
vl.full.supp = 1.5
vl.part.supp = 3.5
vl.tx.down.rate = 0.25
vl.tx.aids.down.rate = 0.25
vl.tx.up.rate = 0.25
aids.on.tx.mort.rate = 0
aids.off.tx.mort.rate = 0.000537394
a.rate = 0.001386813
arrival.age = 16
hiv.urai.prob = 0.008938
hiv.uiai.prob = 0.003379
hiv.acute.or = 6
hiv.circ.or = 0.4
hiv.cond.eff.or = 0.95
hiv.cond.fail.or = 0.25 0.25 0.25 0.25
hiv.circ.prob = 0.874 0.874 0.918 0.918
acts.aids.vl = 5.75
acts.scale = 1
cond.scale = 1
rgc.prob = 0.2269585
ugc.prob = 0.1902003
rct.prob = 0.2054959
uct.prob = 0.1714429
rgc.sympt.prob = 0.1
ugc.sympt.prob = 0.9333
rct.sympt.prob = 0.1
uct.sympt.prob = 0.95
rgc.ntx.int = 26
ugc.ntx.int = 26
gc.tx.int = 1
rct.ntx.int = 32
uct.ntx.int = 32
ct.tx.int = 1
gc.sympt.tx.prob = 0.9 0.9 0.9 0.9
ct.sympt.tx.prob = 0.9 0.9 0.9 0.9
gc.asympt.tx.prob = 0.1 0.1 0.1 0.1
ct.asympt.tx.prob = 0.1 0.1 0.1 0.1
sti.cond.eff.or = 0.95
sti.cond.fail.or = 0.39 0.3 0.21 0.21
hiv.trans.scale = 17.5 3.5 2 1
hiv.rgc.or = 2.78
hiv.ugc.or = 1.73
hiv.rct.or = 2.78
hiv.uct.or = 1.73
hiv.dual.rr = 0.2
riskh.start = Inf
prep.start = Inf
prep.start.prob = 0.634375 0.775 0.765625 0.765625
prep.adhr.dist = 0.089 0.127 0.784
prep.adhr.or = 0.69 0.19 0.01
prep.discont.int = 32.06053 32.06053 32.06053 32.06053
prep.tst.int = 12.8571
prep.risk.int = 26
prep.sti.screen.int = 26
prep.sti.tx.prob = 1
prep.risk.reassess.int = 52
prep.require.lnt = TRUE
part.ident.start = Inf
part.index.window.int = 0
part.index.degree = 1
part.index.prob = 0.666
part.ident.main.window.int = 52
part.ident.casl.window.int = 52
part.ident.ooff.window.int = 52
part.ident.main.prob = 0.157
part.ident.casl.prob = 0.08518719
part.ident.ooff.prob = 0.04448852
part.hiv.test.rate = 0.394 0.394 0.394 0.394
part.prep.start.prob = 0 0 0 0
part.tx.init.rate = 0.387 0.387 0.387 0.387
part.tx.reinit.rate = 0 0 0 0
exo.trans.prob.B = 0.4642641
exo.trans.prob.H = 0.2100492
exo.trans.prob.O = 0.1640618
exo.trans.prob.W = 0.08310792
venue.treat = 0
app.treat = 0
netstats = <list>
epistats = <list>
act.rate = 1

Starting Network Simulation...
The ages, hiv status, and relationship status for the agents are being updated...

Agents are being removed from the simulation...
s00241 is aged 19.046575342465754, whiteNH and is leaving the simulation.
s01100 is aged 18.19178082191781, whiteNH and is leaving the simulation.
s01135 is aged 19.975342465753425, whiteNH and is leaving the simulation.
s01900 is aged 27.753424657534246, whiteNH and is leaving the simulation.
s02229 is aged 23.816438356164383, whiteNH and is leaving the simulation.
s02534 is aged 23.34246575342466, whiteNH and is leaving the simulation.
s02823 is aged 27.55890410958904, whiteNH and is leaving the simulation.
s03300 is aged 23.912328767123288, whiteNH and is leaving the simulation.
s03949 is aged 18.76164383561644, blackNH and is leaving the simulation.
s04024 is aged 16.87123287671233, blackNH and is leaving the simulation.
s06046 is aged 21.34794520547945, blackNH and is leaving the simulation.
s10852 is aged 18.715068493150685, otherNH and is leaving the simulation.
s11584 is aged 28.994520547945207, otherNH and is leaving the simulation.

Agents who have aged to a new age group are being updated...
s00206 is 21.003230769230772 and has aged to age group 21to29.
s01785 is 21.00123076923077 and has aged to age group 21to29.
s01790 is 21.00623076923077 and has aged to age group 21to29.
s02218 is 21.01023076923077 and has aged to age group 21to29.
s02420 is 21.00723076923077 and has aged to age group 21to29.
s03618 is 21.00723076923077 and has aged to age group 21to29.
s04702 is 21.00223076923077 and has aged to age group 21to29.
s05378 is 21.01723076923077 and has aged to age group 21to29.
s05503 is 21.00823076923077 and has aged to age group 21to29.
s05688 is 21.00723076923077 and has aged to age group 21to29.
s06505 is 21.01223076923077 and has aged to age group 21to29.
s06702 is 21.00123076923077 and has aged to age group 21to29.
s07705 is 21.01523076923077 and has aged to age group 21to29.
s07845 is 21.00923076923077 and has aged to age group 21to29.
s09040 is 21.003230769230772 and has aged to age group 21to29.
s10504 is 21.00023076923077 and has aged to age group 21to29.
s11288 is 21.00823076923077 and has aged to age group 21to29.

New agents are being added to the simulation...
s11703 is age 16.0 and hispanic and is entering the model
s11704 is age 16.0 and otherNH and is entering the model
s11705 is age 16.0 and hispanic and is entering the model
s11706 is age 16.0 and blackNH and is entering the model
s11707 is age 16.0 and whiteNH and is entering the model
s11708 is age 16.0 and blackNH and is entering the model
s11709 is age 16.0 and blackNH and is entering the model
s11710 is age 16.0 and whiteNH and is entering the model
s11711 is age 16.0 and hispanic and is entering the model
s11712 is age 16.0 and hispanic and is entering the model
s11713 is age 16.0 and blackNH and is entering the model
s11714 is age 16.0 and blackNH and is entering the model
s11715 is age 16.0 and hispanic and is entering the model
s11716 is age 16.0 and whiteNH and is entering the model
s11717 is age 16.0 and whiteNH and is entering the model
s11718 is age 16.0 and hispanic and is entering the model
s11719 is age 16.0 and whiteNH and is entering the model

Agents are attending venues and using apps for week 2 in simulation...


Epidemic Simulation
----------------------------
Simulation: 1/1
Timestep: 2/3640
Prevalence: 1852
Population Size: 11706
----------------------------
The ages, hiv status, and relationship status for the agents are being updated...
s04118 is blackNH, aged 24.10223076923077 in age group 16to20, with relationship status of 1 and is now HIV+.
s04205 is blackNH, aged 20.86223076923077 in age group 16to20, with relationship status of 0 and is now HIV+.
s04392 is blackNH, aged 29.69723076923077 in age group 16to20, with relationship status of 1 and is now HIV+.
s05028 is blackNH, aged 29.76723076923077 in age group 21to29, with relationship status of 1 and is now HIV+.
s05483 is blackNH, aged 21.69523076923077 in age group 21to29, with relationship status of 1 and is now HIV+.
s06469 is blackNH, aged 24.05323076923077 in age group 21to29, with relationship status of 1 and is now HIV+.
s06503 is blackNH, aged 17.89523076923077 in age group 21to29, with relationship status of 0 and is now HIV+.
s06635 is blackNH, aged 26.942230769230772 in age group 21to29, with relationship status of 0 and is now HIV+.
s08752 is hispanic, aged 20.44323076923077 in age group 21to29, with relationship status of 0 and is now HIV+.
s09792 is hispanic, aged 21.28723076923077 in age group 21to29, with relationship status of 1 and is now HIV+.
s11540 is otherNH, aged 21.45523076923077 in age group 21to29, with relationship status of 0 and is now HIV+.

Agents are being removed from the simulation...
s00194 is aged 29.98223076923077, whiteNH and is leaving the simulation.
s00761 is aged 29.99123076923077, whiteNH and is leaving the simulation.
s04444 is aged 29.98723076923077, blackNH and is leaving the simulation.
s05916 is aged 29.99623076923077, blackNH and is leaving the simulation.
s06348 is aged 29.99723076923077, blackNH and is leaving the simulation.
s07888 is aged 29.99723076923077, hispanic and is leaving the simulation.
s08320 is aged 29.99123076923077, hispanic and is leaving the simulation.
s08355 is aged 29.98123076923077, hispanic and is leaving the simulation.
s09263 is aged 29.99323076923077, hispanic and is leaving the simulation.
s09288 is aged 29.98823076923077, hispanic and is leaving the simulation.
s10062 is aged 29.99523076923077, hispanic and is leaving the simulation.
s11347 is aged 29.98723076923077, otherNH and is leaving the simulation.

Agents who have aged to a new age group are being updated...
s00286 is 21.01846153846154 and has aged to age group 21to29.
s00574 is 21.01646153846154 and has aged to age group 21to29.
s00801 is 21.01646153846154 and has aged to age group 21to29.
s02926 is 21.01646153846154 and has aged to age group 21to29.
s03055 is 21.01046153846154 and has aged to age group 21to29.
s03134 is 21.01046153846154 and has aged to age group 21to29.
s03973 is 21.00146153846154 and has aged to age group 21to29.
s04457 is 21.00646153846154 and has aged to age group 21to29.
s04569 is 21.00246153846154 and has aged to age group 21to29.
s04622 is 21.00746153846154 and has aged to age group 21to29.
s04857 is 21.01046153846154 and has aged to age group 21to29.
s05793 is 21.00146153846154 and has aged to age group 21to29.
s08967 is 21.00546153846154 and has aged to age group 21to29.
s09466 is 21.00946153846154 and has aged to age group 21to29.
s10196 is 21.01846153846154 and has aged to age group 21to29.
s10709 is 21.01346153846154 and has aged to age group 21to29.
s11494 is 21.00846153846154 and has aged to age group 21to29.

New agents are being added to the simulation...
s11720 is age 16.0 and hispanic and is entering the model
s11721 is age 16.0 and whiteNH and is entering the model
s11722 is age 16.0 and whiteNH and is entering the model
s11723 is age 16.0 and hispanic and is entering the model
s11724 is age 16.0 and blackNH and is entering the model
s11725 is age 16.0 and blackNH and is entering the model
s11726 is age 16.0 and hispanic and is entering the model
s11727 is age 16.0 and whiteNH and is entering the model
s11728 is age 16.0 and blackNH and is entering the model
s11729 is age 16.0 and hispanic and is entering the model
s11730 is age 16.0 and whiteNH and is entering the model
s11731 is age 16.0 and whiteNH and is entering the model
s11732 is age 16.0 and blackNH and is entering the model
s11733 is age 16.0 and hispanic and is entering the model
s11734 is age 16.0 and blackNH and is entering the model
s11735 is age 16.0 and whiteNH and is entering the model
s11736 is age 16.0 and blackNH and is entering the model
s11737 is age 16.0 and whiteNH and is entering the model
s11738 is age 16.0 and otherNH and is entering the model
s11739 is age 16.0 and hispanic and is entering the model
s11740 is age 16.0 and hispanic and is entering the model

Agents are attending venues and using apps for week 3 in simulation...


Epidemic Simulation
----------------------------
Simulation: 1/1
Timestep: 3/3640
Prevalence: 1861
Population Size: 11715
----------------------------
The ages, hiv status, and relationship status for the agents are being updated...
s03957 is blackNH, aged 24.79246153846154 in age group 16to20, with relationship status of 1 and is now HIV+.
s04106 is blackNH, aged 23.19746153846154 in age group 16to20, with relationship status of 1 and is now HIV+.
s04159 is blackNH, aged 17.68946153846154 in age group 16to20, with relationship status of 0 and is now HIV+.
s05003 is blackNH, aged 23.13046153846154 in age group 21to29, with relationship status of 1 and is now HIV+.
s05149 is blackNH, aged 21.24246153846154 in age group 21to29, with relationship status of 1 and is now HIV+.
s05304 is blackNH, aged 24.29046153846154 in age group 21to29, with relationship status of 1 and is now HIV+.
s05598 is blackNH, aged 17.68346153846154 in age group 21to29, with relationship status of 0 and is now HIV+.
s06454 is blackNH, aged 21.91446153846154 in age group 21to29, with relationship status of 0 and is now HIV+.
s09351 is hispanic, aged 23.10046153846154 in age group 21to29, with relationship status of 0 and is now HIV+.
s09516 is hispanic, aged 23.68046153846154 in age group 21to29, with relationship status of 1 and is now HIV+.
s11607 is otherNH, aged 18.21046153846154 in age group 21to29, with relationship status of 0 and is now HIV+.

Agents are being removed from the simulation...
s01901 is aged 29.99346153846154, whiteNH and is leaving the simulation.
s02251 is aged 29.99546153846154, whiteNH and is leaving the simulation.
s03103 is aged 29.99446153846154, whiteNH and is leaving the simulation.
s04583 is aged 29.99546153846154, blackNH and is leaving the simulation.
s04642 is aged 29.99246153846154, blackNH and is leaving the simulation.
s04848 is aged 29.99846153846154, blackNH and is leaving the simulation.
s06097 is aged 29.99246153846154, blackNH and is leaving the simulation.
s06173 is aged 29.98946153846154, blackNH and is leaving the simulation.
s06307 is aged 29.98946153846154, blackNH and is leaving the simulation.
s06808 is aged 29.99746153846154, blackNH and is leaving the simulation.
s07277 is aged 29.98346153846154, hispanic and is leaving the simulation.
s08288 is aged 29.98346153846154, hispanic and is leaving the simulation.
s08846 is aged 29.99846153846154, hispanic and is leaving the simulation.
s09848 is aged 29.98446153846154, hispanic and is leaving the simulation.
s11293 is aged 29.98246153846154, otherNH and is leaving the simulation.

Agents who have aged to a new age group are being updated...
s01039 is 21.00869230769231 and has aged to age group 21to29.
s01686 is 21.01369230769231 and has aged to age group 21to29.
s02239 is 21.01869230769231 and has aged to age group 21to29.
s02473 is 21.01369230769231 and has aged to age group 21to29.
s03305 is 21.01769230769231 and has aged to age group 21to29.
s04143 is 21.01369230769231 and has aged to age group 21to29.
s04867 is 21.00169230769231 and has aged to age group 21to29.
s05515 is 21.01269230769231 and has aged to age group 21to29.
s06073 is 21.01269230769231 and has aged to age group 21to29.
s06323 is 21.00769230769231 and has aged to age group 21to29.
s07086 is 21.00869230769231 and has aged to age group 21to29.
s07634 is 21.00769230769231 and has aged to age group 21to29.
s08813 is 21.01469230769231 and has aged to age group 21to29.
s09644 is 21.01569230769231 and has aged to age group 21to29.
s09730 is 21.01569230769231 and has aged to age group 21to29.
s10345 is 21.01269230769231 and has aged to age group 21to29.

New agents are being added to the simulation...
s11741 is age 16.0 and whiteNH and is entering the model
s11742 is age 16.0 and blackNH and is entering the model
s11743 is age 16.0 and hispanic and is entering the model
s11744 is age 16.0 and whiteNH and is entering the model
s11745 is age 16.0 and blackNH and is entering the model
s11746 is age 16.0 and whiteNH and is entering the model
s11747 is age 16.0 and whiteNH and is entering the model
s11748 is age 16.0 and hispanic and is entering the model
s11749 is age 16.0 and blackNH and is entering the model
s11750 is age 16.0 and hispanic and is entering the model
s11751 is age 16.0 and whiteNH and is entering the model
s11752 is age 16.0 and hispanic and is entering the model
s11753 is age 16.0 and whiteNH and is entering the model
s11754 is age 16.0 and blackNH and is entering the model

Agents are attending venues and using apps for week 4 in simulation...


Epidemic Simulation
----------------------------
Simulation: 1/1
Timestep: 4/3640
Prevalence: 1872
Population Size: 11714
----------------------------
The ages, hiv status, and relationship status for the agents are being updated...
s01632 is whiteNH, aged 26.63169230769231 in age group 21to29, with relationship status of 0 and is now HIV+.
s04275 is blackNH, aged 25.78769230769231 in age group 16to20, with relationship status of 1 and is now HIV+.
s04553 is blackNH, aged 23.29369230769231 in age group 16to20, with relationship status of 0 and is now HIV+.
s05122 is blackNH, aged 22.53269230769231 in age group 21to29, with relationship status of 1 and is now HIV+.
s05236 is blackNH, aged 29.85369230769231 in age group 21to29, with relationship status of 1 and is now HIV+.
s05357 is blackNH, aged 26.66469230769231 in age group 21to29, with relationship status of 0 and is now HIV+.
s05381 is blackNH, aged 19.30069230769231 in age group 21to29, with relationship status of 1 and is now HIV+.
s05520 is blackNH, aged 17.32169230769231 in age group 21to29, with relationship status of 1 and is now HIV+.
s05620 is blackNH, aged 25.21569230769231 in age group 21to29, with relationship status of 1 and is now HIV+.
s05856 is blackNH, aged 24.92669230769231 in age group 21to29, with relationship status of 1 and is now HIV+.
s06011 is blackNH, aged 29.52569230769231 in age group 21to29, with relationship status of 0 and is now HIV+.
s06833 is hispanic, aged 25.96669230769231 in age group 16to20, with relationship status of 1 and is now HIV+.
s08189 is hispanic, aged 26.21769230769231 in age group 21to29, with relationship status of 1 and is now HIV+.
s08202 is hispanic, aged 26.90669230769231 in age group 21to29, with relationship status of 1 and is now HIV+.

Agents are being removed from the simulation...
s00097 is aged 29.98669230769231, whiteNH and is leaving the simulation.
s00716 is aged 29.98769230769231, whiteNH and is leaving the simulation.
s01548 is aged 29.99969230769231, whiteNH and is leaving the simulation.
s02355 is aged 29.99169230769231, whiteNH and is leaving the simulation.
s02685 is aged 29.99969230769231, whiteNH and is leaving the simulation.
s02728 is aged 29.99869230769231, whiteNH and is leaving the simulation.
s04522 is aged 29.98369230769231, blackNH and is leaving the simulation.
s05757 is aged 29.99169230769231, blackNH and is leaving the simulation.
s06349 is aged 29.98769230769231, blackNH and is leaving the simulation.
s07254 is aged 29.98169230769231, hispanic and is leaving the simulation.
s07624 is aged 29.98369230769231, hispanic and is leaving the simulation.
s07701 is aged 29.99369230769231, hispanic and is leaving the simulation.
s08912 is aged 29.99269230769231, hispanic and is leaving the simulation.
s09801 is aged 29.98969230769231, hispanic and is leaving the simulation.
s10976 is aged 29.99769230769231, otherNH and is leaving the simulation.

Agents who have aged to a new age group are being updated...
s00270 is 21.01692307692308 and has aged to age group 21to29.
s00465 is 21.00992307692308 and has aged to age group 21to29.
s00549 is 21.01192307692308 and has aged to age group 21to29.
s01268 is 21.01892307692308 and has aged to age group 21to29.
s02292 is 21.01692307692308 and has aged to age group 21to29.
s03090 is 21.01292307692308 and has aged to age group 21to29.
s03807 is 21.00292307692308 and has aged to age group 21to29.
s04013 is 21.00092307692308 and has aged to age group 21to29.
s05426 is 21.01692307692308 and has aged to age group 21to29.
s05570 is 21.01792307692308 and has aged to age group 21to29.
s06248 is 21.00392307692308 and has aged to age group 21to29.
s07260 is 21.01292307692308 and has aged to age group 21to29.
s08897 is 21.01492307692308 and has aged to age group 21to29.
s10279 is 21.01692307692308 and has aged to age group 21to29.
s10574 is 21.01192307692308 and has aged to age group 21to29.
s11344 is 21.00892307692308 and has aged to age group 21to29.
s11397 is 21.00292307692308 and has aged to age group 21to29.
s11415 is 21.00592307692308 and has aged to age group 21to29.
s11475 is 21.00392307692308 and has aged to age group 21to29.
s11599 is 21.01092307692308 and has aged to age group 21to29.

New agents are being added to the simulation...
s11755 is age 16.0 and otherNH and is entering the model
s11756 is age 16.0 and whiteNH and is entering the model
s11757 is age 16.0 and whiteNH and is entering the model
s11758 is age 16.0 and blackNH and is entering the model
s11759 is age 16.0 and whiteNH and is entering the model
s11760 is age 16.0 and hispanic and is entering the model
s11761 is age 16.0 and whiteNH and is entering the model
s11762 is age 16.0 and whiteNH and is entering the model
s11763 is age 16.0 and hispanic and is entering the model
s11764 is age 16.0 and whiteNH and is entering the model
s11765 is age 16.0 and whiteNH and is entering the model
s11766 is age 16.0 and hispanic and is entering the model
s11767 is age 16.0 and blackNH and is entering the model
s11768 is age 16.0 and blackNH and is entering the model
s11769 is age 16.0 and otherNH and is entering the model

Agents are attending venues and using apps for week 5 in simulation...


Epidemic Simulation
----------------------------
Simulation: 1/1
Timestep: 5/3640
Prevalence: 1879
Population Size: 11714
----------------------------
The ages, hiv status, and relationship status for the agents are being updated...
s04170 is blackNH, aged 24.81492307692308 in age group 16to20, with relationship status of 1 and is now HIV+.
s04358 is blackNH, aged 22.68192307692308 in age group 16to20, with relationship status of 1 and is now HIV+.
s04897 is blackNH, aged 24.27792307692308 in age group 16to20, with relationship status of 1 and is now HIV+.
s05687 is blackNH, aged 27.089923076923082 in age group 21to29, with relationship status of 1 and is now HIV+.
s06164 is blackNH, aged 29.29092307692308 in age group 21to29, with relationship status of 1 and is now HIV+.
s06661 is blackNH, aged 27.65792307692308 in age group 21to29, with relationship status of 1 and is now HIV+.
s06726 is blackNH, aged 16.34892307692308 in age group 21to29, with relationship status of 1 and is now HIV+.
s07266 is hispanic, aged 17.35692307692308 in age group 16to20, with relationship status of 1 and is now HIV+.
s10449 is otherNH, aged 23.62792307692308 in age group 16to20, with relationship status of 0 and is now HIV+.

Agents are being removed from the simulation...
s00462 is aged 29.98492307692308, whiteNH and is leaving the simulation.
s01307 is aged 29.98192307692308, whiteNH and is leaving the simulation.
s02075 is aged 29.99892307692308, whiteNH and is leaving the simulation.
s02240 is aged 29.99192307692308, whiteNH and is leaving the simulation.
s02282 is aged 29.999923076923082, whiteNH and is leaving the simulation.
s03275 is aged 29.999923076923082, whiteNH and is leaving the simulation.
s05288 is aged 29.98892307692308, blackNH and is leaving the simulation.
s05495 is aged 29.98292307692308, blackNH and is leaving the simulation.
s07135 is aged 29.99492307692308, hispanic and is leaving the simulation.
s07247 is aged 29.99092307692308, hispanic and is leaving the simulation.
s07407 is aged 29.98292307692308, hispanic and is leaving the simulation.
s07768 is aged 29.98292307692308, hispanic and is leaving the simulation.
s08087 is aged 29.98392307692308, hispanic and is leaving the simulation.
s08311 is aged 29.98192307692308, hispanic and is leaving the simulation.
s09983 is aged 29.99292307692308, hispanic and is leaving the simulation.
s11351 is aged 29.98192307692308, otherNH and is leaving the simulation.

Agents who have aged to a new age group are being updated...
s00366 is 21.00115384615385 and has aged to age group 21to29.
s00627 is 21.01215384615385 and has aged to age group 21to29.
s01311 is 21.00315384615385 and has aged to age group 21to29.
s01994 is 21.00315384615385 and has aged to age group 21to29.
s02466 is 21.00515384615385 and has aged to age group 21to29.
s02609 is 21.019153846153852 and has aged to age group 21to29.
s02753 is 21.00115384615385 and has aged to age group 21to29.
s02804 is 21.00215384615385 and has aged to age group 21to29.
s02842 is 21.01515384615385 and has aged to age group 21to29.
s03004 is 21.019153846153852 and has aged to age group 21to29.
s03988 is 21.00815384615385 and has aged to age group 21to29.
s05729 is 21.01415384615385 and has aged to age group 21to29.
s07139 is 21.01215384615385 and has aged to age group 21to29.
s07694 is 21.00215384615385 and has aged to age group 21to29.
s10139 is 21.00315384615385 and has aged to age group 21to29.
s10768 is 21.00215384615385 and has aged to age group 21to29.
s11412 is 21.00915384615385 and has aged to age group 21to29.

New agents are being added to the simulation...
s11770 is age 16.0 and otherNH and is entering the model
s11771 is age 16.0 and whiteNH and is entering the model
s11772 is age 16.0 and blackNH and is entering the model
s11773 is age 16.0 and blackNH and is entering the model
s11774 is age 16.0 and hispanic and is entering the model
s11775 is age 16.0 and hispanic and is entering the model
s11776 is age 16.0 and whiteNH and is entering the model
s11777 is age 16.0 and whiteNH and is entering the model
s11778 is age 16.0 and blackNH and is entering the model
s11779 is age 16.0 and otherNH and is entering the model
s11780 is age 16.0 and otherNH and is entering the model
s11781 is age 16.0 and whiteNH and is entering the model

Agents are attending venues and using apps for week 6 in simulation...


Epidemic Simulation
----------------------------
Simulation: 1/1
Timestep: 6/3640
Prevalence: 1888
Population Size: 11710
----------------------------
The ages, hiv status, and relationship status for the agents are being updated...
s00098 is whiteNH, aged 18.26715384615385 in age group 16to20, with relationship status of 0 and is now HIV+.
s02492 is whiteNH, aged 22.95315384615385 in age group 21to29, with relationship status of 0 and is now HIV+.
s04014 is blackNH, aged 28.98715384615385 in age group 16to20, with relationship status of 0 and is now HIV+.
s05225 is blackNH, aged 20.795153846153852 in age group 21to29, with relationship status of 1 and is now HIV+.
s05871 is blackNH, aged 27.84915384615385 in age group 21to29, with relationship status of 1 and is now HIV+.
s06560 is blackNH, aged 17.81715384615385 in age group 21to29, with relationship status of 1 and is now HIV+.
s06676 is blackNH, aged 24.86015384615385 in age group 21to29, with relationship status of 0 and is now HIV+.
s08105 is hispanic, aged 24.52915384615385 in age group 21to29, with relationship status of 1 and is now HIV+.
s09625 is hispanic, aged 22.75215384615385 in age group 21to29, with relationship status of 1 and is now HIV+.
s11268 is otherNH, aged 25.47915384615385 in age group 21to29, with relationship status of 0 and is now HIV+.

Agents are being removed from the simulation...
s00364 is aged 29.99615384615385, whiteNH and is leaving the simulation.
s00683 is aged 29.98715384615385, whiteNH and is leaving the simulation.
s01010 is aged 29.98315384615385, whiteNH and is leaving the simulation.
s01059 is aged 29.98815384615385, whiteNH and is leaving the simulation.
s02221 is aged 29.99515384615385, whiteNH and is leaving the simulation.
s02629 is aged 29.984153846153852, whiteNH and is leaving the simulation.
s03623 is aged 29.99515384615385, whiteNH and is leaving the simulation.
s03832 is aged 29.99215384615385, whiteNH and is leaving the simulation.
s04629 is aged 29.99315384615385, blackNH and is leaving the simulation.
s04802 is aged 29.98215384615385, blackNH and is leaving the simulation.
s05385 is aged 29.99515384615385, blackNH and is leaving the simulation.
s05622 is aged 29.99515384615385, blackNH and is leaving the simulation.
s06346 is aged 29.98315384615385, blackNH and is leaving the simulation.
s07302 is aged 29.99515384615385, hispanic and is leaving the simulation.
s07672 is aged 29.98615384615385, hispanic and is leaving the simulation.
s09542 is aged 29.98715384615385, hispanic and is leaving the simulation.
s10507 is aged 29.99815384615385, otherNH and is leaving the simulation.
s10665 is aged 29.98915384615385, otherNH and is leaving the simulation.
s11120 is aged 29.98215384615385, otherNH and is leaving the simulation.
s11658 is aged 29.98315384615385, otherNH and is leaving the simulation.

Agents who have aged to a new age group are being updated...
s00992 is 21.00938461538462 and has aged to age group 21to29.
s01180 is 21.003384615384622 and has aged to age group 21to29.
s06521 is 21.01238461538462 and has aged to age group 21to29.
s06741 is 21.00738461538462 and has aged to age group 21to29.
s06864 is 21.01038461538462 and has aged to age group 21to29.
s08908 is 21.00238461538462 and has aged to age group 21to29.
s09699 is 21.01238461538462 and has aged to age group 21to29.
s10124 is 21.01138461538462 and has aged to age group 21to29.
s10166 is 21.00938461538462 and has aged to age group 21to29.
s10767 is 21.01438461538462 and has aged to age group 21to29.
s10797 is 21.01838461538462 and has aged to age group 21to29.
s10815 is 21.01738461538462 and has aged to age group 21to29.

New agents are being added to the simulation...
s11782 is age 16.0 and hispanic and is entering the model
s11783 is age 16.0 and whiteNH and is entering the model
s11784 is age 16.0 and whiteNH and is entering the model
s11785 is age 16.0 and hispanic and is entering the model
s11786 is age 16.0 and blackNH and is entering the model
s11787 is age 16.0 and blackNH and is entering the model
s11788 is age 16.0 and blackNH and is entering the model
s11789 is age 16.0 and blackNH and is entering the model
s11790 is age 16.0 and blackNH and is entering the model
s11791 is age 16.0 and hispanic and is entering the model
s11792 is age 16.0 and otherNH and is entering the model

Agents are attending venues and using apps for week 7 in simulation...


Epidemic Simulation
----------------------------
Simulation: 1/1
Timestep: 7/3640
Prevalence: 1893
Population Size: 11701
----------------------------
The ages, hiv status, and relationship status for the agents are being updated...
s01358 is whiteNH, aged 17.20738461538462 in age group 16to20, with relationship status of 0 and is now HIV+.
s01534 is whiteNH, aged 26.160384615384622 in age group 21to29, with relationship status of 0 and is now HIV+.
s03849 is blackNH, aged 26.16938461538462 in age group 16to20, with relationship status of 0 and is now HIV+.
s04271 is blackNH, aged 20.62038461538462 in age group 16to20, with relationship status of 1 and is now HIV+.
s04938 is blackNH, aged 26.01838461538462 in age group 21to29, with relationship status of 1 and is now HIV+.
s05792 is blackNH, aged 20.65038461538462 in age group 21to29, with relationship status of 1 and is now HIV+.
s06152 is blackNH, aged 19.096384615384622 in age group 21to29, with relationship status of 1 and is now HIV+.
s07739 is hispanic, aged 22.00538461538462 in age group 16to20, with relationship status of 1 and is now HIV+.
s11216 is otherNH, aged 20.88238461538462 in age group 21to29, with relationship status of 0 and is now HIV+.

Agents are being removed from the simulation...
s00146 is aged 29.98438461538462, whiteNH and is leaving the simulation.
s00414 is aged 29.99538461538462, whiteNH and is leaving the simulation.
s03576 is aged 29.98838461538462, whiteNH and is leaving the simulation.
s03621 is aged 29.99938461538462, whiteNH and is leaving the simulation.
s03684 is aged 29.98838461538462, whiteNH and is leaving the simulation.
s03879 is aged 29.99038461538462, blackNH and is leaving the simulation.
s03918 is aged 29.99438461538462, blackNH and is leaving the simulation.
s04784 is aged 29.98338461538462, blackNH and is leaving the simulation.
s05949 is aged 25.85438461538462, blackNH and is leaving the simulation.
s06456 is aged 29.99138461538462, blackNH and is leaving the simulation.
s06730 is aged 29.98138461538462, blackNH and is leaving the simulation.
s07736 is aged 29.98338461538462, hispanic and is leaving the simulation.
s07966 is aged 29.98138461538462, hispanic and is leaving the simulation.
s08139 is aged 29.99138461538462, hispanic and is leaving the simulation.
s08609 is aged 29.98438461538462, hispanic and is leaving the simulation.
s08680 is aged 29.99738461538462, hispanic and is leaving the simulation.
s08735 is aged 29.98338461538462, hispanic and is leaving the simulation.
s08806 is aged 29.98138461538462, hispanic and is leaving the simulation.
s11538 is aged 29.99538461538462, otherNH and is leaving the simulation.

Agents who have aged to a new age group are being updated...
s01624 is 21.01861538461539 and has aged to age group 21to29.
s01736 is 21.01061538461539 and has aged to age group 21to29.
s02589 is 21.01861538461539 and has aged to age group 21to29.
s06910 is 21.00761538461539 and has aged to age group 21to29.
s10935 is 21.01161538461539 and has aged to age group 21to29.
s11213 is 21.01261538461539 and has aged to age group 21to29.

New agents are being added to the simulation...
s11793 is age 16.0 and hispanic and is entering the model
s11794 is age 16.0 and blackNH and is entering the model
s11795 is age 16.0 and whiteNH and is entering the model
s11796 is age 16.0 and otherNH and is entering the model
s11797 is age 16.0 and whiteNH and is entering the model
s11798 is age 16.0 and hispanic and is entering the model
s11799 is age 16.0 and whiteNH and is entering the model
s11800 is age 16.0 and hispanic and is entering the model
s11801 is age 16.0 and blackNH and is entering the model
s11802 is age 16.0 and blackNH and is entering the model
s11803 is age 16.0 and hispanic and is entering the model
s11804 is age 16.0 and hispanic and is entering the model
s11805 is age 16.0 and blackNH and is entering the model
s11806 is age 16.0 and whiteNH and is entering the model
s11807 is age 16.0 and whiteNH and is entering the model
s11808 is age 16.0 and blackNH and is entering the model
s11809 is age 16.0 and whiteNH and is entering the model
s11810 is age 16.0 and hispanic and is entering the model
s11811 is age 16.0 and whiteNH and is entering the model

Agents are attending venues and using apps for week 8 in simulation...


Epidemic Simulation
----------------------------
Simulation: 1/1
Timestep: 8/3640
Prevalence: 1898
Population Size: 11701
----------------------------
The ages, hiv status, and relationship status for the agents are being updated...
s02071 is whiteNH, aged 19.71061538461539 in age group 21to29, with relationship status of 1 and is now HIV+.
s04066 is blackNH, aged 19.52561538461539 in age group 16to20, with relationship status of 0 and is now HIV+.
s04141 is blackNH, aged 17.38361538461539 in age group 16to20, with relationship status of 0 and is now HIV+.
s07113 is hispanic, aged 29.391615384615392 in age group 16to20, with relationship status of 1 and is now HIV+.
s08225 is hispanic, aged 29.74661538461539 in age group 21to29, with relationship status of 1 and is now HIV+.
s08840 is hispanic, aged 24.24761538461539 in age group 21to29, with relationship status of 0 and is now HIV+.
s09688 is hispanic, aged 23.22561538461539 in age group 21to29, with relationship status of 0 and is now HIV+.

Agents are being removed from the simulation...
s00055 is aged 29.98961538461539, whiteNH and is leaving the simulation.
s02825 is aged 29.98861538461539, whiteNH and is leaving the simulation.
s03512 is aged 29.99861538461539, whiteNH and is leaving the simulation.
s03965 is aged 29.99161538461539, blackNH and is leaving the simulation.
s04053 is aged 29.987615384615392, blackNH and is leaving the simulation.
s04296 is aged 29.98261538461539, blackNH and is leaving the simulation.
s04809 is aged 29.993615384615392, blackNH and is leaving the simulation.
s05041 is aged 29.99261538461539, blackNH and is leaving the simulation.
s05505 is aged 29.98261538461539, blackNH and is leaving the simulation.
s06155 is aged 29.99461538461539, blackNH and is leaving the simulation.
s06933 is aged 29.99861538461539, hispanic and is leaving the simulation.
s08097 is aged 29.98361538461539, hispanic and is leaving the simulation.
s09114 is aged 29.990615384615392, hispanic and is leaving the simulation.
s09975 is aged 29.987615384615392, hispanic and is leaving the simulation.
s10257 is aged 29.98661538461539, hispanic and is leaving the simulation.

Agents who have aged to a new age group are being updated...
s02138 is 21.01484615384616 and has aged to age group 21to29.
s02795 is 21.00184615384616 and has aged to age group 21to29.
s03024 is 21.00884615384616 and has aged to age group 21to29.
s04366 is 21.00184615384616 and has aged to age group 21to29.
s04579 is 21.01184615384616 and has aged to age group 21to29.
s05184 is 21.00084615384616 and has aged to age group 21to29.
s06649 is 21.01184615384616 and has aged to age group 21to29.
s06843 is 21.00784615384616 and has aged to age group 21to29.
s07848 is 21.01884615384616 and has aged to age group 21to29.
s07893 is 21.003846153846162 and has aged to age group 21to29.
s09019 is 21.00884615384616 and has aged to age group 21to29.
s09047 is 21.01884615384616 and has aged to age group 21to29.
s09057 is 21.01784615384616 and has aged to age group 21to29.
s10151 is 21.01884615384616 and has aged to age group 21to29.
s10490 is 21.00884615384616 and has aged to age group 21to29.
s11400 is 21.01484615384616 and has aged to age group 21to29.
s11639 is 21.00084615384616 and has aged to age group 21to29.

New agents are being added to the simulation...
s11812 is age 16.0 and whiteNH and is entering the model
s11813 is age 16.0 and otherNH and is entering the model
s11814 is age 16.0 and whiteNH and is entering the model
s11815 is age 16.0 and whiteNH and is entering the model
s11816 is age 16.0 and whiteNH and is entering the model
s11817 is age 16.0 and hispanic and is entering the model
s11818 is age 16.0 and blackNH and is entering the model
s11819 is age 16.0 and whiteNH and is entering the model
s11820 is age 16.0 and hispanic and is entering the model
s11821 is age 16.0 and whiteNH and is entering the model
s11822 is age 16.0 and hispanic and is entering the model
s11823 is age 16.0 and blackNH and is entering the model
s11824 is age 16.0 and otherNH and is entering the model
s11825 is age 16.0 and whiteNH and is entering the model
s11826 is age 16.0 and whiteNH and is entering the model
s11827 is age 16.0 and whiteNH and is entering the model
s11828 is age 16.0 and blackNH and is entering the model
s11829 is age 16.0 and hispanic and is entering the model
s11830 is age 16.0 and blackNH and is entering the model
s11831 is age 16.0 and blackNH and is entering the model
s11832 is age 16.0 and whiteNH and is entering the model
s11833 is age 16.0 and otherNH and is entering the model
s11834 is age 16.0 and blackNH and is entering the model

Agents are attending venues and using apps for week 9 in simulation...


Epidemic Simulation
----------------------------
Simulation: 1/1
Timestep: 9/3640
Prevalence: 1898
Population Size: 11709
----------------------------
The ages, hiv status, and relationship status for the agents are being updated...
s04327 is blackNH, aged 23.34384615384616 in age group 16to20, with relationship status of 1 and is now HIV+.
s08455 is hispanic, aged 27.11884615384616 in age group 21to29, with relationship status of 1 and is now HIV+.

Agents are being removed from the simulation...
s00897 is aged 29.98984615384616, whiteNH and is leaving the simulation.
s01386 is aged 29.98384615384616, whiteNH and is leaving the simulation.
s01503 is aged 29.98584615384616, whiteNH and is leaving the simulation.
s02803 is aged 29.99584615384616, whiteNH and is leaving the simulation.
s03192 is aged 29.98184615384616, whiteNH and is leaving the simulation.
s03404 is aged 29.99784615384616, whiteNH and is leaving the simulation.
s05121 is aged 29.98784615384616, blackNH and is leaving the simulation.
s05185 is aged 29.99884615384616, blackNH and is leaving the simulation.
s05556 is aged 29.99684615384616, blackNH and is leaving the simulation.
s08289 is aged 29.99784615384616, hispanic and is leaving the simulation.
s09543 is aged 29.98584615384616, hispanic and is leaving the simulation.
s10268 is aged 29.99884615384616, hispanic and is leaving the simulation.
s10478 is aged 29.98084615384616, otherNH and is leaving the simulation.
s10696 is aged 29.99184615384616, otherNH and is leaving the simulation.
s10897 is aged 29.99584615384616, otherNH and is leaving the simulation.

Agents who have aged to a new age group are being updated...
s00572 is 21.00107692307693 and has aged to age group 21to29.
s00677 is 21.00707692307693 and has aged to age group 21to29.
s00875 is 21.01707692307693 and has aged to age group 21to29.
s01418 is 21.01107692307693 and has aged to age group 21to29.
s01781 is 21.01307692307693 and has aged to age group 21to29.
s02233 is 21.01107692307693 and has aged to age group 21to29.
s02270 is 21.01907692307693 and has aged to age group 21to29.
s02890 is 21.00907692307693 and has aged to age group 21to29.
s03338 is 21.01307692307693 and has aged to age group 21to29.
s03774 is 21.00907692307693 and has aged to age group 21to29.
s04205 is 21.01607692307693 and has aged to age group 21to29.
s05053 is 21.00207692307693 and has aged to age group 21to29.
s05781 is 21.01607692307693 and has aged to age group 21to29.
s05991 is 21.01507692307693 and has aged to age group 21to29.
s06772 is 21.00607692307693 and has aged to age group 21to29.
s08530 is 21.00707692307693 and has aged to age group 21to29.
s09323 is 21.01707692307693 and has aged to age group 21to29.
s09409 is 21.01507692307693 and has aged to age group 21to29.
s10067 is 21.00307692307693 and has aged to age group 21to29.
s10339 is 21.00707692307693 and has aged to age group 21to29.
s11558 is 21.01507692307693 and has aged to age group 21to29.
s11652 is 21.00707692307693 and has aged to age group 21to29.

New agents are being added to the simulation...
s11835 is age 16.0 and whiteNH and is entering the model
s11836 is age 16.0 and whiteNH and is entering the model
s11837 is age 16.0 and hispanic and is entering the model
s11838 is age 16.0 and blackNH and is entering the model
s11839 is age 16.0 and otherNH and is entering the model
s11840 is age 16.0 and hispanic and is entering the model
s11841 is age 16.0 and hispanic and is entering the model
s11842 is age 16.0 and whiteNH and is entering the model
s11843 is age 16.0 and whiteNH and is entering the model
s11844 is age 16.0 and otherNH and is entering the model
s11845 is age 16.0 and hispanic and is entering the model
s11846 is age 16.0 and whiteNH and is entering the model

Agents are attending venues and using apps for week 10 in simulation...


Epidemic Simulation
----------------------------
Simulation: 1/1
Timestep: 10/3640
Prevalence: 1899
Population Size: 11706
----------------------------
The ages, hiv status, and relationship status for the agents are being updated...
s05072 is blackNH, aged 27.97207692307693 in age group 21to29, with relationship status of 1 and is now HIV+.
s06576 is blackNH, aged 17.79607692307693 in age group 21to29, with relationship status of 0 and is now HIV+.

Agents are being removed from the simulation...
s00070 is aged 29.99307692307693, whiteNH and is leaving the simulation.
s00310 is aged 29.98207692307693, whiteNH and is leaving the simulation.
s00474 is aged 29.99607692307693, whiteNH and is leaving the simulation.
s00567 is aged 29.98407692307693, whiteNH and is leaving the simulation.
s03363 is aged 29.98707692307693, whiteNH and is leaving the simulation.
s03543 is aged 29.98107692307693, whiteNH and is leaving the simulation.
s04209 is aged 29.98507692307693, blackNH and is leaving the simulation.
s04854 is aged 29.99607692307693, blackNH and is leaving the simulation.
s05031 is aged 29.98807692307693, blackNH and is leaving the simulation.
s05336 is aged 29.98507692307693, blackNH and is leaving the simulation.
s05731 is aged 29.99007692307693, blackNH and is leaving the simulation.
s07876 is aged 29.98107692307693, hispanic and is leaving the simulation.
s08432 is aged 29.98307692307693, hispanic and is leaving the simulation.
s09533 is aged 29.99207692307693, hispanic and is leaving the simulation.
s09578 is aged 29.98707692307693, hispanic and is leaving the simulation.
s09796 is aged 29.98307692307693, hispanic and is leaving the simulation.
s11199 is aged 29.98307692307693, otherNH and is leaving the simulation.

Agents who have aged to a new age group are being updated...
s00033 is 21.0113076923077 and has aged to age group 21to29.
s00409 is 21.0123076923077 and has aged to age group 21to29.
s00947 is 21.013307692307702 and has aged to age group 21to29.
s02648 is 21.0143076923077 and has aged to age group 21to29.
s02879 is 21.0123076923077 and has aged to age group 21to29.
s02967 is 21.013307692307702 and has aged to age group 21to29.
s03520 is 21.0013076923077 and has aged to age group 21to29.
s05007 is 21.0023076923077 and has aged to age group 21to29.
s05043 is 21.007307692307702 and has aged to age group 21to29.
s05695 is 21.016307692307702 and has aged to age group 21to29.
s06914 is 21.0013076923077 and has aged to age group 21to29.
s09164 is 21.0113076923077 and has aged to age group 21to29.
s09708 is 21.0113076923077 and has aged to age group 21to29.
s11572 is 21.0173076923077 and has aged to age group 21to29.

New agents are being added to the simulation...
s11847 is age 16.0 and whiteNH and is entering the model
s11848 is age 16.0 and hispanic and is entering the model
s11849 is age 16.0 and whiteNH and is entering the model
s11850 is age 16.0 and hispanic and is entering the model
s11851 is age 16.0 and hispanic and is entering the model
s11852 is age 16.0 and hispanic and is entering the model
s11853 is age 16.0 and blackNH and is entering the model
s11854 is age 16.0 and hispanic and is entering the model
s11855 is age 16.0 and whiteNH and is entering the model

Agents are attending venues and using apps for week 11 in simulation...


Epidemic Simulation
----------------------------
Simulation: 1/1
Timestep: 11/3640
Prevalence: 1898
Population Size: 11698
----------------------------
The ages, hiv status, and relationship status for the agents are being updated...
s03854 is blackNH, aged 17.2443076923077 in age group 16to20, with relationship status of 1 and is now HIV+.
s06770 is blackNH, aged 19.2903076923077 in age group 21to29, with relationship status of 1 and is now HIV+.
s06834 is hispanic, aged 27.7863076923077 in age group 16to20, with relationship status of 1 and is now HIV+.

Agents are being removed from the simulation...
s00478 is aged 29.9853076923077, whiteNH and is leaving the simulation.
s00705 is aged 29.9973076923077, whiteNH and is leaving the simulation.
s00946 is aged 29.9933076923077, whiteNH and is leaving the simulation.
s03316 is aged 29.9833076923077, whiteNH and is leaving the simulation.
s03441 is aged 29.984307692307702, whiteNH and is leaving the simulation.
s04282 is aged 29.987307692307702, blackNH and is leaving the simulation.
s04753 is aged 29.981307692307702, blackNH and is leaving the simulation.
s05058 is aged 29.9953076923077, blackNH and is leaving the simulation.
s05236 is aged 29.9883076923077, blackNH and is leaving the simulation.
s06392 is aged 29.9863076923077, blackNH and is leaving the simulation.
s07246 is aged 29.9993076923077, hispanic and is leaving the simulation.
s07555 is aged 29.9823076923077, hispanic and is leaving the simulation.
s08163 is aged 29.9923076923077, hispanic and is leaving the simulation.
s08183 is aged 29.984307692307702, hispanic and is leaving the simulation.
s09021 is aged 29.9853076923077, hispanic and is leaving the simulation.
s09838 is aged 29.9923076923077, hispanic and is leaving the simulation.

Agents who have aged to a new age group are being updated...
s00858 is 21.00553846153847 and has aged to age group 21to29.
s01206 is 21.00153846153847 and has aged to age group 21to29.
s01874 is 21.000538461538472 and has aged to age group 21to29.
s02402 is 21.00453846153847 and has aged to age group 21to29.
s03021 is 21.00853846153847 and has aged to age group 21to29.
s03176 is 21.01453846153847 and has aged to age group 21to29.
s03378 is 21.00153846153847 and has aged to age group 21to29.
s04653 is 21.00453846153847 and has aged to age group 21to29.
s04798 is 21.01453846153847 and has aged to age group 21to29.
s05086 is 21.00253846153847 and has aged to age group 21to29.
s05718 is 21.00753846153847 and has aged to age group 21to29.
s06554 is 21.01853846153847 and has aged to age group 21to29.
s06743 is 21.01453846153847 and has aged to age group 21to29.
s07604 is 21.009538461538472 and has aged to age group 21to29.
s07667 is 21.01553846153847 and has aged to age group 21to29.
s08321 is 21.01653846153847 and has aged to age group 21to29.
s08552 is 21.01353846153847 and has aged to age group 21to29.
s09382 is 21.01153846153847 and has aged to age group 21to29.
s09471 is 21.01453846153847 and has aged to age group 21to29.
s09787 is 21.006538461538472 and has aged to age group 21to29.
s09816 is 21.00453846153847 and has aged to age group 21to29.
s10356 is 21.00853846153847 and has aged to age group 21to29.

New agents are being added to the simulation...
s11856 is age 16.0 and hispanic and is entering the model
s11857 is age 16.0 and blackNH and is entering the model
s11858 is age 16.0 and hispanic and is entering the model
s11859 is age 16.0 and hispanic and is entering the model
s11860 is age 16.0 and whiteNH and is entering the model
s11861 is age 16.0 and blackNH and is entering the model
s11862 is age 16.0 and otherNH and is entering the model
s11863 is age 16.0 and whiteNH and is entering the model
s11864 is age 16.0 and hispanic and is entering the model
s11865 is age 16.0 and blackNH and is entering the model
s11866 is age 16.0 and hispanic and is entering the model
s11867 is age 16.0 and otherNH and is entering the model
s11868 is age 16.0 and otherNH and is entering the model
s11869 is age 16.0 and hispanic and is entering the model
s11870 is age 16.0 and whiteNH and is entering the model
s11871 is age 16.0 and whiteNH and is entering the model

Agents are attending venues and using apps for week 12 in simulation...


Epidemic Simulation
----------------------------
Simulation: 1/1
Timestep: 12/3640
Prevalence: 1898
Population Size: 11698
----------------------------
The ages, hiv status, and relationship status for the agents are being updated...
s03660 is whiteNH, aged 24.14553846153847 in age group 21to29, with relationship status of 0 and is now HIV+.
s06709 is blackNH, aged 19.50953846153847 in age group 21to29, with relationship status of 0 and is now HIV+.

Agents are being removed from the simulation...
s00821 is aged 29.98353846153847, whiteNH and is leaving the simulation.
s00848 is aged 29.99853846153847, whiteNH and is leaving the simulation.
s00920 is aged 29.99553846153847, whiteNH and is leaving the simulation.
s00973 is aged 29.99853846153847, whiteNH and is leaving the simulation.
s02168 is aged 29.98153846153847, whiteNH and is leaving the simulation.
s02359 is aged 29.99353846153847, whiteNH and is leaving the simulation.
s02658 is aged 29.99053846153847, whiteNH and is leaving the simulation.
s02677 is aged 29.99953846153847, whiteNH and is leaving the simulation.
s03597 is aged 29.99853846153847, whiteNH and is leaving the simulation.
s04991 is aged 29.99653846153847, blackNH and is leaving the simulation.
s05237 is aged 29.99253846153847, blackNH and is leaving the simulation.
s05400 is aged 29.99153846153847, blackNH and is leaving the simulation.
s05814 is aged 29.99353846153847, blackNH and is leaving the simulation.
s06170 is aged 29.98453846153847, blackNH and is leaving the simulation.
s06886 is aged 29.99653846153847, hispanic and is leaving the simulation.
s07527 is aged 29.98553846153847, hispanic and is leaving the simulation.
s08395 is aged 29.98953846153847, hispanic and is leaving the simulation.
s08429 is aged 29.98653846153847, hispanic and is leaving the simulation.
s08568 is aged 29.98653846153847, hispanic and is leaving the simulation.
s08583 is aged 29.99853846153847, hispanic and is leaving the simulation.
s08970 is aged 29.994538461538472, hispanic and is leaving the simulation.
s09958 is aged 29.99253846153847, hispanic and is leaving the simulation.
s10732 is aged 29.98753846153847, otherNH and is leaving the simulation.

Agents who have aged to a new age group are being updated...
s01013 is 21.01476923076924 and has aged to age group 21to29.
s02770 is 21.016769230769242 and has aged to age group 21to29.
s03952 is 21.01876923076924 and has aged to age group 21to29.
s04698 is 21.01176923076924 and has aged to age group 21to29.
s05477 is 21.00876923076924 and has aged to age group 21to29.
s05819 is 21.00076923076924 and has aged to age group 21to29.
s07298 is 21.00376923076924 and has aged to age group 21to29.
s07646 is 21.01276923076924 and has aged to age group 21to29.
s08723 is 21.01776923076924 and has aged to age group 21to29.
s09121 is 21.00876923076924 and has aged to age group 21to29.
s09937 is 21.01076923076924 and has aged to age group 21to29.
s10007 is 21.00876923076924 and has aged to age group 21to29.
s11026 is 21.01076923076924 and has aged to age group 21to29.
s11200 is 21.00376923076924 and has aged to age group 21to29.
s11383 is 21.00576923076924 and has aged to age group 21to29.
s11619 is 21.01576923076924 and has aged to age group 21to29.

New agents are being added to the simulation...
s11872 is age 16.0 and hispanic and is entering the model
s11873 is age 16.0 and otherNH and is entering the model
s11874 is age 16.0 and blackNH and is entering the model
s11875 is age 16.0 and whiteNH and is entering the model
s11876 is age 16.0 and hispanic and is entering the model
s11877 is age 16.0 and whiteNH and is entering the model
s11878 is age 16.0 and whiteNH and is entering the model
s11879 is age 16.0 and blackNH and is entering the model
s11880 is age 16.0 and blackNH and is entering the model
s11881 is age 16.0 and whiteNH and is entering the model
s11882 is age 16.0 and whiteNH and is entering the model
s11883 is age 16.0 and hispanic and is entering the model
s11884 is age 16.0 and hispanic and is entering the model
s11885 is age 16.0 and blackNH and is entering the model
s11886 is age 16.0 and blackNH and is entering the model
s11887 is age 16.0 and otherNH and is entering the model

Agents are attending venues and using apps for week 13 in simulation...


Epidemic Simulation
----------------------------
Simulation: 1/1
Timestep: 13/3640
Prevalence: 1896
Population Size: 11691
----------------------------
The ages, hiv status, and relationship status for the agents are being updated...
s05652 is blackNH, aged 19.10576923076924 in age group 21to29, with relationship status of 1 and is now HIV+.
s08035 is hispanic, aged 24.76876923076924 in age group 16to20, with relationship status of 1 and is now HIV+.

Agents are being removed from the simulation...
s00214 is aged 29.99676923076924, whiteNH and is leaving the simulation.
s00726 is aged 29.98276923076924, whiteNH and is leaving the simulation.
s00826 is aged 29.987769230769242, whiteNH and is leaving the simulation.
s01017 is aged 29.993769230769242, whiteNH and is leaving the simulation.
s01271 is aged 29.993769230769242, whiteNH and is leaving the simulation.
s02643 is aged 29.98976923076924, whiteNH and is leaving the simulation.
s03008 is aged 29.98576923076924, whiteNH and is leaving the simulation.
s03654 is aged 29.99976923076924, whiteNH and is leaving the simulation.
s04574 is aged 29.99976923076924, blackNH and is leaving the simulation.
s06195 is aged 29.98876923076924, blackNH and is leaving the simulation.
s06451 is aged 29.98976923076924, blackNH and is leaving the simulation.
s07585 is aged 29.99276923076924, hispanic and is leaving the simulation.
s08484 is aged 29.98376923076924, hispanic and is leaving the simulation.
s09368 is aged 29.99476923076924, hispanic and is leaving the simulation.
s10044 is aged 29.98676923076924, hispanic and is leaving the simulation.
s10681 is aged 29.98976923076924, otherNH and is leaving the simulation.
s10889 is aged 29.98676923076924, otherNH and is leaving the simulation.
s11466 is aged 29.98876923076924, otherNH and is leaving the simulation.

Agents who have aged to a new age group are being updated...
s00669 is 21.01100000000001 and has aged to age group 21to29.
s01837 is 21.00900000000001 and has aged to age group 21to29.
s02582 is 21.00000000000001 and has aged to age group 21to29.
s03058 is 21.00900000000001 and has aged to age group 21to29.
s03836 is 21.01400000000001 and has aged to age group 21to29.
s05104 is 21.00200000000001 and has aged to age group 21to29.
s06646 is 21.00900000000001 and has aged to age group 21to29.
s07445 is 21.01200000000001 and has aged to age group 21to29.
s09309 is 21.00500000000001 and has aged to age group 21to29.
s10373 is 21.00500000000001 and has aged to age group 21to29.
s10559 is 21.001000000000012 and has aged to age group 21to29.
s10986 is 21.00300000000001 and has aged to age group 21to29.
s11003 is 21.00800000000001 and has aged to age group 21to29.
s11216 is 21.01700000000001 and has aged to age group 21to29.

New agents are being added to the simulation...
s11888 is age 16.0 and otherNH and is entering the model
s11889 is age 16.0 and whiteNH and is entering the model
s11890 is age 16.0 and whiteNH and is entering the model
s11891 is age 16.0 and whiteNH and is entering the model
s11892 is age 16.0 and blackNH and is entering the model
s11893 is age 16.0 and hispanic and is entering the model
s11894 is age 16.0 and whiteNH and is entering the model
s11895 is age 16.0 and otherNH and is entering the model
s11896 is age 16.0 and whiteNH and is entering the model
s11897 is age 16.0 and otherNH and is entering the model
s11898 is age 16.0 and hispanic and is entering the model
s11899 is age 16.0 and hispanic and is entering the model

Agents are attending venues and using apps for week 14 in simulation...


Epidemic Simulation
----------------------------
Simulation: 1/1
Timestep: 14/3640
Prevalence: 1898
Population Size: 11685
----------------------------
The ages, hiv status, and relationship status for the agents are being updated...
s04513 is blackNH, aged 23.93200000000001 in age group 16to20, with relationship status of 0 and is now HIV+.
s06069 is blackNH, aged 22.67400000000001 in age group 21to29, with relationship status of 1 and is now HIV+.
s07465 is hispanic, aged 22.47900000000001 in age group 16to20, with relationship status of 1 and is now HIV+.

Agents are being removed from the simulation...
s00736 is aged 29.984000000000012, whiteNH and is leaving the simulation.
s01095 is aged 29.99100000000001, whiteNH and is leaving the simulation.
s01795 is aged 29.99000000000001, whiteNH and is leaving the simulation.
s01947 is aged 29.98500000000001, whiteNH and is leaving the simulation.
s02669 is aged 29.99200000000001, whiteNH and is leaving the simulation.
s02787 is aged 29.98200000000001, whiteNH and is leaving the simulation.
s04155 is aged 29.99400000000001, blackNH and is leaving the simulation.
s04915 is aged 29.98200000000001, blackNH and is leaving the simulation.
s05028 is aged 29.99800000000001, blackNH and is leaving the simulation.
s05680 is aged 29.99700000000001, blackNH and is leaving the simulation.
s07316 is aged 29.99600000000001, hispanic and is leaving the simulation.
s07335 is aged 29.99800000000001, hispanic and is leaving the simulation.
s07379 is aged 29.98900000000001, hispanic and is leaving the simulation.
s07443 is aged 29.99800000000001, hispanic and is leaving the simulation.
s07584 is aged 29.99100000000001, hispanic and is leaving the simulation.
s08890 is aged 29.98900000000001, hispanic and is leaving the simulation.
s09819 is aged 29.98600000000001, hispanic and is leaving the simulation.
s10394 is aged 29.99900000000001, hispanic and is leaving the simulation.
s11319 is aged 29.99700000000001, otherNH and is leaving the simulation.

Agents who have aged to a new age group are being updated...
s00181 is 21.00123076923078 and has aged to age group 21to29.
s01070 is 21.00623076923078 and has aged to age group 21to29.
s01845 is 21.00623076923078 and has aged to age group 21to29.
s01942 is 21.01823076923078 and has aged to age group 21to29.
s03510 is 21.017230769230782 and has aged to age group 21to29.
s03875 is 21.003230769230782 and has aged to age group 21to29.
s04384 is 21.01323076923078 and has aged to age group 21to29.
s04830 is 21.01523076923078 and has aged to age group 21to29.
s06533 is 21.00723076923078 and has aged to age group 21to29.
s08773 is 21.00423076923078 and has aged to age group 21to29.
s09341 is 21.017230769230782 and has aged to age group 21to29.
s11680 is 21.01323076923078 and has aged to age group 21to29.

New agents are being added to the simulation...
s11900 is age 16.0 and whiteNH and is entering the model
s11901 is age 16.0 and whiteNH and is entering the model
s11902 is age 16.0 and hispanic and is entering the model
s11903 is age 16.0 and whiteNH and is entering the model
s11904 is age 16.0 and whiteNH and is entering the model
s11905 is age 16.0 and whiteNH and is entering the model
s11906 is age 16.0 and whiteNH and is entering the model

Agents are attending venues and using apps for week 15 in simulation...


Epidemic Simulation
----------------------------
Simulation: 1/1
Timestep: 15/3640
Prevalence: 1898
Population Size: 11673
----------------------------
The ages, hiv status, and relationship status for the agents are being updated...
s04775 is blackNH, aged 20.38723076923078 in age group 16to20, with relationship status of 1 and is now HIV+.
s04979 is blackNH, aged 23.28523076923078 in age group 21to29, with relationship status of 1 and is now HIV+.
s05623 is blackNH, aged 22.07623076923078 in age group 21to29, with relationship status of 0 and is now HIV+.
s06181 is blackNH, aged 26.42523076923078 in age group 21to29, with relationship status of 0 and is now HIV+.

Agents are being removed from the simulation...
s02316 is aged 29.985230769230782, whiteNH and is leaving the simulation.
s02568 is aged 29.99223076923078, whiteNH and is leaving the simulation.
s03461 is aged 29.988230769230782, whiteNH and is leaving the simulation.
s03738 is aged 29.997230769230782, whiteNH and is leaving the simulation.
s05080 is aged 29.99323076923078, blackNH and is leaving the simulation.
s05191 is aged 29.98223076923078, blackNH and is leaving the simulation.
s05644 is aged 29.99923076923078, blackNH and is leaving the simulation.
s06690 is aged 29.98723076923078, blackNH and is leaving the simulation.
s06766 is aged 29.991230769230782, blackNH and is leaving the simulation.
s07160 is aged 29.99623076923078, hispanic and is leaving the simulation.
s07621 is aged 29.99623076923078, hispanic and is leaving the simulation.
s08224 is aged 29.994230769230782, hispanic and is leaving the simulation.
s08697 is aged 29.98923076923078, hispanic and is leaving the simulation.
s08809 is aged 29.99023076923078, hispanic and is leaving the simulation.
s10425 is aged 29.991230769230782, otherNH and is leaving the simulation.

Agents who have aged to a new age group are being updated...
s00434 is 21.016461538461552 and has aged to age group 21to29.
s03261 is 21.00346153846155 and has aged to age group 21to29.
s03375 is 21.004461538461552 and has aged to age group 21to29.
s03857 is 21.013461538461552 and has aged to age group 21to29.
s03903 is 21.01146153846155 and has aged to age group 21to29.
s03924 is 21.00946153846155 and has aged to age group 21to29.
s05118 is 21.00646153846155 and has aged to age group 21to29.
s07723 is 21.00246153846155 and has aged to age group 21to29.
s07872 is 21.004461538461552 and has aged to age group 21to29.
s08891 is 21.016461538461552 and has aged to age group 21to29.
s08892 is 21.00846153846155 and has aged to age group 21to29.
s09074 is 21.00646153846155 and has aged to age group 21to29.
s09210 is 21.00146153846155 and has aged to age group 21to29.
s09616 is 21.016461538461552 and has aged to age group 21to29.
s10647 is 21.01846153846155 and has aged to age group 21to29.
s11224 is 21.00546153846155 and has aged to age group 21to29.

New agents are being added to the simulation...
s11907 is age 16.0 and whiteNH and is entering the model
s11908 is age 16.0 and hispanic and is entering the model
s11909 is age 16.0 and whiteNH and is entering the model
s11910 is age 16.0 and hispanic and is entering the model
s11911 is age 16.0 and whiteNH and is entering the model
s11912 is age 16.0 and whiteNH and is entering the model
s11913 is age 16.0 and whiteNH and is entering the model
s11914 is age 16.0 and otherNH and is entering the model
s11915 is age 16.0 and hispanic and is entering the model
s11916 is age 16.0 and hispanic and is entering the model
s11917 is age 16.0 and whiteNH and is entering the model
s11918 is age 16.0 and blackNH and is entering the model
s11919 is age 16.0 and whiteNH and is entering the model
s11920 is age 16.0 and blackNH and is entering the model
s11921 is age 16.0 and hispanic and is entering the model
s11922 is age 16.0 and hispanic and is entering the model
s11923 is age 16.0 and blackNH and is entering the model

Agents are attending venues and using apps for week 16 in simulation...


Epidemic Simulation
----------------------------
Simulation: 1/1
Timestep: 16/3640
Prevalence: 1896
Population Size: 11675
----------------------------
The ages, hiv status, and relationship status for the agents are being updated...
s04005 is blackNH, aged 16.79146153846155 in age group 16to20, with relationship status of 0 and is now HIV+.

Agents are being removed from the simulation...
s00230 is aged 29.98246153846155, whiteNH and is leaving the simulation.
s01274 is aged 29.98846153846155, whiteNH and is leaving the simulation.
s01491 is aged 29.984461538461552, whiteNH and is leaving the simulation.
s03291 is aged 29.99446153846155, whiteNH and is leaving the simulation.
s05812 is aged 29.99646153846155, blackNH and is leaving the simulation.
s06727 is aged 29.99346153846155, blackNH and is leaving the simulation.
s06731 is aged 29.98646153846155, blackNH and is leaving the simulation.
s07997 is aged 29.98846153846155, hispanic and is leaving the simulation.
s11070 is aged 29.98246153846155, otherNH and is leaving the simulation.

Agents who have aged to a new age group are being updated...
s00438 is 21.01369230769232 and has aged to age group 21to29.
s00808 is 21.01569230769232 and has aged to age group 21to29.
s01068 is 21.00869230769232 and has aged to age group 21to29.
s01331 is 21.01469230769232 and has aged to age group 21to29.
s01654 is 21.01869230769232 and has aged to age group 21to29.
s01935 is 21.000692307692322 and has aged to age group 21to29.
s02038 is 21.01469230769232 and has aged to age group 21to29.
s02536 is 21.00869230769232 and has aged to age group 21to29.
s02599 is 21.00269230769232 and has aged to age group 21to29.
s02935 is 21.00869230769232 and has aged to age group 21to29.
s03006 is 21.00169230769232 and has aged to age group 21to29.
s03531 is 21.006692307692322 and has aged to age group 21to29.
s05225 is 21.006692307692322 and has aged to age group 21to29.
s05770 is 21.006692307692322 and has aged to age group 21to29.
s07211 is 21.006692307692322 and has aged to age group 21to29.
s07670 is 21.01669230769232 and has aged to age group 21to29.
s09674 is 21.01669230769232 and has aged to age group 21to29.
s09930 is 21.01369230769232 and has aged to age group 21to29.
s10518 is 21.00469230769232 and has aged to age group 21to29.

New agents are being added to the simulation...
s11924 is age 16.0 and whiteNH and is entering the model
s11925 is age 16.0 and whiteNH and is entering the model
s11926 is age 16.0 and hispanic and is entering the model
s11927 is age 16.0 and hispanic and is entering the model
s11928 is age 16.0 and blackNH and is entering the model
s11929 is age 16.0 and whiteNH and is entering the model
s11930 is age 16.0 and hispanic and is entering the model
s11931 is age 16.0 and whiteNH and is entering the model
s11932 is age 16.0 and whiteNH and is entering the model
s11933 is age 16.0 and hispanic and is entering the model
s11934 is age 16.0 and otherNH and is entering the model
s11935 is age 16.0 and whiteNH and is entering the model
s11936 is age 16.0 and whiteNH and is entering the model
s11937 is age 16.0 and whiteNH and is entering the model
s11938 is age 16.0 and otherNH and is entering the model
s11939 is age 16.0 and blackNH and is entering the model
s11940 is age 16.0 and otherNH and is entering the model

Agents are attending venues and using apps for week 17 in simulation...


Epidemic Simulation
----------------------------
Simulation: 1/1
Timestep: 17/3640
Prevalence: 1895
Population Size: 11683
----------------------------
The ages, hiv status, and relationship status for the agents are being updated...
s09662 is hispanic, aged 28.53769230769232 in age group 21to29, with relationship status of 1 and is now HIV+.

Agents are being removed from the simulation...
s00130 is aged 29.98869230769232, whiteNH and is leaving the simulation.
s00797 is aged 29.99669230769232, whiteNH and is leaving the simulation.
s01005 is aged 29.98169230769232, whiteNH and is leaving the simulation.
s01223 is aged 29.99669230769232, whiteNH and is leaving the simulation.
s01627 is aged 29.98869230769232, whiteNH and is leaving the simulation.
s01767 is aged 29.99369230769232, whiteNH and is leaving the simulation.
s03059 is aged 29.99869230769232, whiteNH and is leaving the simulation.
s03351 is aged 29.98869230769232, whiteNH and is leaving the simulation.
s04392 is aged 29.98569230769232, blackNH and is leaving the simulation.
s05392 is aged 29.991692307692322, blackNH and is leaving the simulation.
s05664 is aged 29.99069230769232, blackNH and is leaving the simulation.
s07614 is aged 29.99869230769232, hispanic and is leaving the simulation.
s08401 is aged 29.99269230769232, hispanic and is leaving the simulation.
s09083 is aged 29.991692307692322, hispanic and is leaving the simulation.
s09187 is aged 29.991692307692322, hispanic and is leaving the simulation.
s10806 is aged 29.99969230769232, otherNH and is leaving the simulation.

Agents who have aged to a new age group are being updated...
s01415 is 21.00692307692309 and has aged to age group 21to29.
s02052 is 21.010923076923092 and has aged to age group 21to29.
s02603 is 21.00192307692309 and has aged to age group 21to29.
s02905 is 21.00392307692309 and has aged to age group 21to29.
s02939 is 21.00092307692309 and has aged to age group 21to29.
s03125 is 21.00692307692309 and has aged to age group 21to29.
s03240 is 21.00592307692309 and has aged to age group 21to29.
s04158 is 21.00392307692309 and has aged to age group 21to29.
s04905 is 21.00292307692309 and has aged to age group 21to29.
s05177 is 21.00892307692309 and has aged to age group 21to29.
s05332 is 21.00092307692309 and has aged to age group 21to29.
s05979 is 21.00492307692309 and has aged to age group 21to29.
s06354 is 21.00892307692309 and has aged to age group 21to29.
s07433 is 21.010923076923092 and has aged to age group 21to29.
s08669 is 21.00192307692309 and has aged to age group 21to29.
s09015 is 21.007923076923092 and has aged to age group 21to29.
s09506 is 21.00192307692309 and has aged to age group 21to29.
s09768 is 21.01292307692309 and has aged to age group 21to29.
s10058 is 21.016923076923092 and has aged to age group 21to29.
s10847 is 21.01592307692309 and has aged to age group 21to29.

New agents are being added to the simulation...
s11941 is age 16.0 and whiteNH and is entering the model
s11942 is age 16.0 and otherNH and is entering the model
s11943 is age 16.0 and whiteNH and is entering the model
s11944 is age 16.0 and whiteNH and is entering the model
s11945 is age 16.0 and whiteNH and is entering the model
s11946 is age 16.0 and whiteNH and is entering the model
s11947 is age 16.0 and hispanic and is entering the model
s11948 is age 16.0 and whiteNH and is entering the model
s11949 is age 16.0 and hispanic and is entering the model
s11950 is age 16.0 and whiteNH and is entering the model
s11951 is age 16.0 and hispanic and is entering the model
s11952 is age 16.0 and hispanic and is entering the model
s11953 is age 16.0 and blackNH and is entering the model
s11954 is age 16.0 and blackNH and is entering the model
s11955 is age 16.0 and whiteNH and is entering the model
s11956 is age 16.0 and blackNH and is entering the model
s11957 is age 16.0 and otherNH and is entering the model
s11958 is age 16.0 and blackNH and is entering the model

Agents are attending venues and using apps for week 18 in simulation...


Epidemic Simulation
----------------------------
Simulation: 1/1
Timestep: 18/3640
Prevalence: 1896
Population Size: 11685
----------------------------
The ages, hiv status, and relationship status for the agents are being updated...
s06567 is blackNH, aged 29.196923076923092 in age group 21to29, with relationship status of 0 and is now HIV+.
s07322 is hispanic, aged 29.09092307692309 in age group 16to20, with relationship status of 0 and is now HIV+.
s08161 is hispanic, aged 26.49192307692309 in age group 21to29, with relationship status of 0 and is now HIV+.

Agents are being removed from the simulation...
s00051 is aged 29.990923076923092, whiteNH and is leaving the simulation.
s00428 is aged 29.98392307692309, whiteNH and is leaving the simulation.
s01604 is aged 29.98292307692309, whiteNH and is leaving the simulation.
s02401 is aged 29.993923076923092, whiteNH and is leaving the simulation.
s03209 is aged 29.984923076923092, whiteNH and is leaving the simulation.
s03838 is aged 29.99192307692309, blackNH and is leaving the simulation.
s04304 is aged 29.98292307692309, blackNH and is leaving the simulation.
s04942 is aged 29.990923076923092, blackNH and is leaving the simulation.
s05203 is aged 29.99192307692309, blackNH and is leaving the simulation.
s05820 is aged 29.990923076923092, blackNH and is leaving the simulation.
s09339 is aged 29.984923076923092, hispanic and is leaving the simulation.
s09637 is aged 29.98892307692309, hispanic and is leaving the simulation.
s09921 is aged 27.34092307692309, hispanic and is leaving the simulation.
s11271 is aged 29.98992307692309, otherNH and is leaving the simulation.

Agents who have aged to a new age group are being updated...
s00196 is 21.001153846153862 and has aged to age group 21to29.
s01318 is 21.019153846153863 and has aged to age group 21to29.
s01973 is 21.004153846153862 and has aged to age group 21to29.
s01976 is 21.00915384615386 and has aged to age group 21to29.
s02243 is 21.00915384615386 and has aged to age group 21to29.
s02411 is 21.01415384615386 and has aged to age group 21to29.
s02608 is 21.01115384615386 and has aged to age group 21to29.
s03668 is 21.01815384615386 and has aged to age group 21to29.
s03904 is 21.00515384615386 and has aged to age group 21to29.
s04332 is 21.013153846153863 and has aged to age group 21to29.
s04884 is 21.01215384615386 and has aged to age group 21to29.
s05383 is 21.010153846153862 and has aged to age group 21to29.
s05666 is 21.010153846153862 and has aged to age group 21to29.
s06135 is 21.004153846153862 and has aged to age group 21to29.
s08757 is 21.010153846153862 and has aged to age group 21to29.
s09609 is 21.01415384615386 and has aged to age group 21to29.
s10134 is 21.019153846153863 and has aged to age group 21to29.

New agents are being added to the simulation...
s11959 is age 16.0 and whiteNH and is entering the model
s11960 is age 16.0 and hispanic and is entering the model
s11961 is age 16.0 and blackNH and is entering the model
s11962 is age 16.0 and hispanic and is entering the model
s11963 is age 16.0 and blackNH and is entering the model
s11964 is age 16.0 and hispanic and is entering the model
s11965 is age 16.0 and otherNH and is entering the model
s11966 is age 16.0 and whiteNH and is entering the model
s11967 is age 16.0 and whiteNH and is entering the model
s11968 is age 16.0 and whiteNH and is entering the model
s11969 is age 16.0 and hispanic and is entering the model
s11970 is age 16.0 and blackNH and is entering the model
s11971 is age 16.0 and hispanic and is entering the model
s11972 is age 16.0 and hispanic and is entering the model

Agents are attending venues and using apps for week 19 in simulation...


Epidemic Simulation
----------------------------
Simulation: 1/1
Timestep: 19/3640
Prevalence: 1893
Population Size: 11685
----------------------------
The ages, hiv status, and relationship status for the agents are being updated...
s04688 is blackNH, aged 20.97615384615386 in age group 16to20, with relationship status of 0 and is now HIV+.
s05993 is blackNH, aged 20.00515384615386 in age group 21to29, with relationship status of 0 and is now HIV+.

Agents are being removed from the simulation...
s01700 is aged 29.981153846153862, whiteNH and is leaving the simulation.
s04241 is aged 29.99415384615386, blackNH and is leaving the simulation.
s05167 is aged 29.99215384615386, blackNH and is leaving the simulation.
s05582 is aged 29.98315384615386, blackNH and is leaving the simulation.
s06238 is aged 29.981153846153862, blackNH and is leaving the simulation.
s06804 is aged 29.98515384615386, blackNH and is leaving the simulation.
s06950 is aged 29.995153846153862, hispanic and is leaving the simulation.
s07107 is aged 29.99015384615386, hispanic and is leaving the simulation.
s07635 is aged 29.98515384615386, hispanic and is leaving the simulation.
s09100 is aged 29.995153846153862, hispanic and is leaving the simulation.
s10082 is aged 29.98215384615386, hispanic and is leaving the simulation.
s10248 is aged 29.98215384615386, hispanic and is leaving the simulation.
s10631 is aged 29.984153846153863, otherNH and is leaving the simulation.
s11295 is aged 29.99915384615386, otherNH and is leaving the simulation.

Agents who have aged to a new age group are being updated...
s00182 is 21.01238461538463 and has aged to age group 21to29.
s03614 is 21.01538461538463 and has aged to age group 21to29.
s04789 is 21.00738461538463 and has aged to age group 21to29.
s06527 is 21.014384615384632 and has aged to age group 21to29.
s06908 is 21.000384615384633 and has aged to age group 21to29.
s07010 is 21.003384615384633 and has aged to age group 21to29.
s07099 is 21.01838461538463 and has aged to age group 21to29.
s08688 is 21.01638461538463 and has aged to age group 21to29.
s08695 is 21.01138461538463 and has aged to age group 21to29.
s09218 is 21.01538461538463 and has aged to age group 21to29.
s09877 is 21.00938461538463 and has aged to age group 21to29.
s10141 is 21.01238461538463 and has aged to age group 21to29.
s10426 is 21.003384615384633 and has aged to age group 21to29.

New agents are being added to the simulation...
s11973 is age 16.0 and otherNH and is entering the model
s11974 is age 16.0 and blackNH and is entering the model
s11975 is age 16.0 and blackNH and is entering the model
s11976 is age 16.0 and blackNH and is entering the model
s11977 is age 16.0 and blackNH and is entering the model
s11978 is age 16.0 and hispanic and is entering the model
s11979 is age 16.0 and whiteNH and is entering the model
s11980 is age 16.0 and hispanic and is entering the model
s11981 is age 16.0 and whiteNH and is entering the model
s11982 is age 16.0 and blackNH and is entering the model
s11983 is age 16.0 and whiteNH and is entering the model
s11984 is age 16.0 and blackNH and is entering the model
s11985 is age 16.0 and hispanic and is entering the model
s11986 is age 16.0 and blackNH and is entering the model
s11987 is age 16.0 and whiteNH and is entering the model
s11988 is age 16.0 and hispanic and is entering the model
s11989 is age 16.0 and otherNH and is entering the model
s11990 is age 16.0 and otherNH and is entering the model
s11991 is age 16.0 and whiteNH and is entering the model

Agents are attending venues and using apps for week 20 in simulation...


Epidemic Simulation
----------------------------
Simulation: 1/1
Timestep: 20/3640
Prevalence: 1892
Population Size: 11690
----------------------------
The ages, hiv status, and relationship status for the agents are being updated...
s05693 is blackNH, aged 22.116384615384632 in age group 21to29, with relationship status of 0 and is now HIV+.
s06156 is blackNH, aged 25.904384615384632 in age group 21to29, with relationship status of 1 and is now HIV+.

Agents are being removed from the simulation...
s02412 is aged 29.982384615384632, whiteNH and is leaving the simulation.
s02873 is aged 29.98738461538463, whiteNH and is leaving the simulation.
s03133 is aged 29.985384615384632, whiteNH and is leaving the simulation.
s04678 is aged 29.98338461538463, blackNH and is leaving the simulation.
s05276 is aged 29.98638461538463, blackNH and is leaving the simulation.
s06005 is aged 29.98938461538463, blackNH and is leaving the simulation.
s06571 is aged 29.99238461538463, blackNH and is leaving the simulation.
s06652 is aged 29.98638461538463, blackNH and is leaving the simulation.
s06916 is aged 29.997384615384632, hispanic and is leaving the simulation.
s07497 is aged 29.997384615384632, hispanic and is leaving the simulation.
s07660 is aged 29.99838461538463, hispanic and is leaving the simulation.
s08024 is aged 29.99938461538463, hispanic and is leaving the simulation.
s08116 is aged 29.985384615384632, hispanic and is leaving the simulation.
s08251 is aged 29.99638461538463, hispanic and is leaving the simulation.
s08416 is aged 29.991384615384632, hispanic and is leaving the simulation.
s10128 is aged 29.98338461538463, hispanic and is leaving the simulation.
s10405 is aged 29.985384615384632, hispanic and is leaving the simulation.

Agents who have aged to a new age group are being updated...
s00362 is 21.0116153846154 and has aged to age group 21to29.
s00720 is 21.0176153846154 and has aged to age group 21to29.
s02841 is 21.0096153846154 and has aged to age group 21to29.
s03362 is 21.0186153846154 and has aged to age group 21to29.
s03892 is 21.0126153846154 and has aged to age group 21to29.
s04688 is 21.0146153846154 and has aged to age group 21to29.
s05277 is 21.0186153846154 and has aged to age group 21to29.
s06515 is 21.0156153846154 and has aged to age group 21to29.
s07012 is 21.007615384615402 and has aged to age group 21to29.
s07137 is 21.0006153846154 and has aged to age group 21to29.
s07233 is 21.016615384615402 and has aged to age group 21to29.
s07534 is 21.0126153846154 and has aged to age group 21to29.
s07598 is 21.0036153846154 and has aged to age group 21to29.
s07611 is 21.0056153846154 and has aged to age group 21to29.
s07783 is 21.0006153846154 and has aged to age group 21to29.
s07784 is 21.004615384615402 and has aged to age group 21to29.
s07793 is 21.0026153846154 and has aged to age group 21to29.
s08802 is 21.010615384615402 and has aged to age group 21to29.
s09459 is 21.013615384615402 and has aged to age group 21to29.
s09577 is 21.0186153846154 and has aged to age group 21to29.

New agents are being added to the simulation...
s11992 is age 16.0 and hispanic and is entering the model
s11993 is age 16.0 and whiteNH and is entering the model
s11994 is age 16.0 and hispanic and is entering the model
s11995 is age 16.0 and whiteNH and is entering the model
s11996 is age 16.0 and whiteNH and is entering the model
s11997 is age 16.0 and hispanic and is entering the model
s11998 is age 16.0 and otherNH and is entering the model
s11999 is age 16.0 and hispanic and is entering the model
s12000 is age 16.0 and hispanic and is entering the model
s12001 is age 16.0 and whiteNH and is entering the model
s12002 is age 16.0 and whiteNH and is entering the model
s12003 is age 16.0 and hispanic and is entering the model
s12004 is age 16.0 and blackNH and is entering the model
s12005 is age 16.0 and hispanic and is entering the model

Agents are attending venues and using apps for week 21 in simulation...


Epidemic Simulation
----------------------------
Simulation: 1/1
Timestep: 21/3640
Prevalence: 1890
Population Size: 11687
----------------------------
The ages, hiv status, and relationship status for the agents are being updated...
s04839 is blackNH, aged 26.9046153846154 in age group 16to20, with relationship status of 1 and is now HIV+.

Agents are being removed from the simulation...
s01093 is aged 29.9896153846154, whiteNH and is leaving the simulation.
s02249 is aged 29.984615384615402, whiteNH and is leaving the simulation.
s03367 is aged 29.9896153846154, whiteNH and is leaving the simulation.
s03473 is aged 29.9996153846154, whiteNH and is leaving the simulation.
s06803 is aged 29.981615384615402, blackNH and is leaving the simulation.
s06890 is aged 29.9946153846154, hispanic and is leaving the simulation.
s07071 is aged 29.984615384615402, hispanic and is leaving the simulation.
s07076 is aged 29.9956153846154, hispanic and is leaving the simulation.
s07591 is aged 29.993615384615403, hispanic and is leaving the simulation.
s07750 is aged 29.9896153846154, hispanic and is leaving the simulation.
s08225 is aged 29.9966153846154, hispanic and is leaving the simulation.
s08250 is aged 29.9886153846154, hispanic and is leaving the simulation.
s11000 is aged 29.9826153846154, otherNH and is leaving the simulation.
s11676 is aged 29.981615384615402, otherNH and is leaving the simulation.

Agents who have aged to a new age group are being updated...
s00238 is 21.01384615384617 and has aged to age group 21to29.
s00643 is 21.009846153846173 and has aged to age group 21to29.
s01359 is 21.00284615384617 and has aged to age group 21to29.
s01724 is 21.01584615384617 and has aged to age group 21to29.
s01830 is 21.00484615384617 and has aged to age group 21to29.
s02024 is 21.00784615384617 and has aged to age group 21to29.
s02097 is 21.00184615384617 and has aged to age group 21to29.
s02224 is 21.01684615384617 and has aged to age group 21to29.
s04494 is 21.00584615384617 and has aged to age group 21to29.
s06185 is 21.01684615384617 and has aged to age group 21to29.
s06271 is 21.00284615384617 and has aged to age group 21to29.
s09147 is 21.01684615384617 and has aged to age group 21to29.
s09304 is 21.01584615384617 and has aged to age group 21to29.

New agents are being added to the simulation...
s12006 is age 16.0 and whiteNH and is entering the model
s12007 is age 16.0 and otherNH and is entering the model
s12008 is age 16.0 and blackNH and is entering the model
s12009 is age 16.0 and hispanic and is entering the model
s12010 is age 16.0 and whiteNH and is entering the model
s12011 is age 16.0 and whiteNH and is entering the model
s12012 is age 16.0 and blackNH and is entering the model
s12013 is age 16.0 and hispanic and is entering the model
s12014 is age 16.0 and whiteNH and is entering the model
s12015 is age 16.0 and whiteNH and is entering the model
s12016 is age 16.0 and blackNH and is entering the model
s12017 is age 16.0 and blackNH and is entering the model
s12018 is age 16.0 and blackNH and is entering the model
s12019 is age 16.0 and whiteNH and is entering the model
s12020 is age 16.0 and whiteNH and is entering the model
s12021 is age 16.0 and hispanic and is entering the model
s12022 is age 16.0 and otherNH and is entering the model
s12023 is age 16.0 and whiteNH and is entering the model

Agents are attending venues and using apps for week 22 in simulation...


Epidemic Simulation
----------------------------
Simulation: 1/1
Timestep: 22/3640
Prevalence: 1889
Population Size: 11691
----------------------------
The ages, hiv status, and relationship status for the agents are being updated...
s07470 is hispanic, aged 29.19984615384617 in age group 16to20, with relationship status of 0 and is now HIV+.
s10747 is otherNH, aged 24.773846153846172 in age group 16to20, with relationship status of 0 and is now HIV+.

Agents are being removed from the simulation...
s01542 is aged 29.98484615384617, whiteNH and is leaving the simulation.
s02767 is aged 29.98084615384617, whiteNH and is leaving the simulation.
s03504 is aged 29.985846153846172, whiteNH and is leaving the simulation.
s03971 is aged 29.99084615384617, blackNH and is leaving the simulation.
s06186 is aged 29.98784615384617, blackNH and is leaving the simulation.
s06909 is aged 29.997846153846172, hispanic and is leaving the simulation.
s08456 is aged 29.99084615384617, hispanic and is leaving the simulation.
s09225 is aged 29.997846153846172, hispanic and is leaving the simulation.
s09480 is aged 29.991846153846172, hispanic and is leaving the simulation.
s09926 is aged 29.98784615384617, hispanic and is leaving the simulation.
s10116 is aged 29.98084615384617, hispanic and is leaving the simulation.
s10221 is aged 29.98384615384617, hispanic and is leaving the simulation.
s10303 is aged 29.988846153846172, hispanic and is leaving the simulation.
s10791 is aged 29.98984615384617, otherNH and is leaving the simulation.
s11024 is aged 29.988846153846172, otherNH and is leaving the simulation.
s11380 is aged 29.985846153846172, otherNH and is leaving the simulation.
s11490 is aged 29.98684615384617, otherNH and is leaving the simulation.
s11641 is aged 29.98084615384617, otherNH and is leaving the simulation.

Agents who have aged to a new age group are being updated...
s01589 is 21.00407692307694 and has aged to age group 21to29.
s02766 is 21.00207692307694 and has aged to age group 21to29.
s02810 is 21.011076923076942 and has aged to age group 21to29.
s03213 is 21.00207692307694 and has aged to age group 21to29.
s03387 is 21.00907692307694 and has aged to age group 21to29.
s04722 is 21.01907692307694 and has aged to age group 21to29.
s04832 is 21.005076923076942 and has aged to age group 21to29.
s04992 is 21.017076923076942 and has aged to age group 21to29.
s05260 is 21.00707692307694 and has aged to age group 21to29.
s05579 is 21.00707692307694 and has aged to age group 21to29.
s06111 is 21.00107692307694 and has aged to age group 21to29.
s06750 is 21.01207692307694 and has aged to age group 21to29.
s06903 is 21.008076923076942 and has aged to age group 21to29.
s07663 is 21.017076923076942 and has aged to age group 21to29.
s09393 is 21.00107692307694 and has aged to age group 21to29.
s10228 is 21.017076923076942 and has aged to age group 21to29.
s10592 is 21.01307692307694 and has aged to age group 21to29.
s10654 is 21.00007692307694 and has aged to age group 21to29.
s11101 is 21.005076923076942 and has aged to age group 21to29.
s11440 is 21.017076923076942 and has aged to age group 21to29.
s11467 is 21.01207692307694 and has aged to age group 21to29.
s11545 is 21.00307692307694 and has aged to age group 21to29.

New agents are being added to the simulation...
s12024 is age 16.0 and hispanic and is entering the model
s12025 is age 16.0 and blackNH and is entering the model
s12026 is age 16.0 and whiteNH and is entering the model
s12027 is age 16.0 and whiteNH and is entering the model
s12028 is age 16.0 and otherNH and is entering the model
s12029 is age 16.0 and hispanic and is entering the model
s12030 is age 16.0 and whiteNH and is entering the model
s12031 is age 16.0 and blackNH and is entering the model
s12032 is age 16.0 and otherNH and is entering the model

Agents are attending venues and using apps for week 23 in simulation...


Epidemic Simulation
----------------------------
Simulation: 1/1
Timestep: 23/3640
Prevalence: 1888
Population Size: 11682
----------------------------
The ages, hiv status, and relationship status for the agents are being updated...
s04586 is blackNH, aged 27.308076923076943 in age group 16to20, with relationship status of 0 and is now HIV+.
s06231 is blackNH, aged 29.677076923076942 in age group 21to29, with relationship status of 0 and is now HIV+.

Agents are being removed from the simulation...
s01025 is aged 29.98407692307694, whiteNH and is leaving the simulation.
s01227 is aged 29.98607692307694, whiteNH and is leaving the simulation.
s04645 is aged 29.997076923076943, blackNH and is leaving the simulation.
s04963 is aged 29.99907692307694, blackNH and is leaving the simulation.
s05249 is aged 29.99907692307694, blackNH and is leaving the simulation.
s05499 is aged 29.988076923076942, blackNH and is leaving the simulation.
s10547 is aged 29.99607692307694, otherNH and is leaving the simulation.
s10743 is aged 29.997076923076943, otherNH and is leaving the simulation.
s11384 is aged 29.988076923076942, otherNH and is leaving the simulation.
s11388 is aged 29.98607692307694, otherNH and is leaving the simulation.
s11598 is aged 29.985076923076942, otherNH and is leaving the simulation.

Agents who have aged to a new age group are being updated...
s01540 is 21.01530769230771 and has aged to age group 21to29.
s01541 is 21.01430769230771 and has aged to age group 21to29.
s01897 is 21.010307692307713 and has aged to age group 21to29.
s03053 is 21.00930769230771 and has aged to age group 21to29.
s03970 is 21.016307692307713 and has aged to age group 21to29.
s04528 is 21.00530769230771 and has aged to age group 21to29.
s06637 is 21.01530769230771 and has aged to age group 21to29.
s06879 is 21.00330769230771 and has aged to age group 21to29.
s08028 is 21.007307692307712 and has aged to age group 21to29.
s08081 is 21.00230769230771 and has aged to age group 21to29.
s09806 is 21.01530769230771 and has aged to age group 21to29.
s10826 is 21.013307692307713 and has aged to age group 21to29.
s11438 is 21.004307692307712 and has aged to age group 21to29.

New agents are being added to the simulation...
s12033 is age 16.0 and hispanic and is entering the model
s12034 is age 16.0 and blackNH and is entering the model
s12035 is age 16.0 and hispanic and is entering the model
s12036 is age 16.0 and blackNH and is entering the model
s12037 is age 16.0 and blackNH and is entering the model
s12038 is age 16.0 and blackNH and is entering the model
s12039 is age 16.0 and blackNH and is entering the model
s12040 is age 16.0 and whiteNH and is entering the model
s12041 is age 16.0 and hispanic and is entering the model
s12042 is age 16.0 and whiteNH and is entering the model
s12043 is age 16.0 and hispanic and is entering the model
s12044 is age 16.0 and hispanic and is entering the model
s12045 is age 16.0 and hispanic and is entering the model
s12046 is age 16.0 and blackNH and is entering the model
s12047 is age 16.0 and whiteNH and is entering the model
s12048 is age 16.0 and hispanic and is entering the model
s12049 is age 16.0 and hispanic and is entering the model
s12050 is age 16.0 and whiteNH and is entering the model
s12051 is age 16.0 and otherNH and is entering the model

Agents are attending venues and using apps for week 24 in simulation...


Epidemic Simulation
----------------------------
Simulation: 1/1
Timestep: 24/3640
Prevalence: 1888
Population Size: 11690
----------------------------
The ages, hiv status, and relationship status for the agents are being updated...

Agents are being removed from the simulation...
s00066 is aged 29.99630769230771, whiteNH and is leaving the simulation.
s00297 is aged 29.99430769230771, whiteNH and is leaving the simulation.
s01156 is aged 29.992307692307712, whiteNH and is leaving the simulation.
s01393 is aged 29.98330769230771, whiteNH and is leaving the simulation.
s02189 is aged 29.99330769230771, whiteNH and is leaving the simulation.
s02618 is aged 29.99730769230771, whiteNH and is leaving the simulation.
s02900 is aged 29.992307692307712, whiteNH and is leaving the simulation.
s03105 is aged 29.998307692307712, whiteNH and is leaving the simulation.
s03321 is aged 29.990307692307713, whiteNH and is leaving the simulation.
s03847 is aged 29.998307692307712, blackNH and is leaving the simulation.
s04166 is aged 29.990307692307713, blackNH and is leaving the simulation.
s04273 is aged 29.98530769230771, blackNH and is leaving the simulation.
s04424 is aged 29.99330769230771, blackNH and is leaving the simulation.
s05839 is aged 29.99130769230771, blackNH and is leaving the simulation.
s05941 is aged 29.99430769230771, blackNH and is leaving the simulation.
s06119 is aged 24.65430769230771, blackNH and is leaving the simulation.
s07880 is aged 29.98630769230771, hispanic and is leaving the simulation.
s08330 is aged 29.99930769230771, hispanic and is leaving the simulation.
s08441 is aged 29.990307692307713, hispanic and is leaving the simulation.
s09866 is aged 29.984307692307713, hispanic and is leaving the simulation.
s10789 is aged 29.98630769230771, otherNH and is leaving the simulation.
s11465 is aged 29.99130769230771, otherNH and is leaving the simulation.

Agents who have aged to a new age group are being updated...
s00509 is 21.006538461538483 and has aged to age group 21to29.
s00633 is 21.00753846153848 and has aged to age group 21to29.
s02088 is 21.017538461538482 and has aged to age group 21to29.
s02313 is 21.011538461538482 and has aged to age group 21to29.
s02537 is 21.01853846153848 and has aged to age group 21to29.
s02707 is 21.01653846153848 and has aged to age group 21to29.
s05975 is 21.017538461538482 and has aged to age group 21to29.
s06748 is 21.00253846153848 and has aged to age group 21to29.
s06930 is 21.00153846153848 and has aged to age group 21to29.
s07048 is 21.017538461538482 and has aged to age group 21to29.
s07743 is 21.01053846153848 and has aged to age group 21to29.
s10092 is 21.008538461538482 and has aged to age group 21to29.
s10281 is 21.014538461538482 and has aged to age group 21to29.
s10862 is 21.00253846153848 and has aged to age group 21to29.
s11244 is 21.000538461538483 and has aged to age group 21to29.

New agents are being added to the simulation...
s12052 is age 16.0 and whiteNH and is entering the model
s12053 is age 16.0 and whiteNH and is entering the model
s12054 is age 16.0 and blackNH and is entering the model
s12055 is age 16.0 and blackNH and is entering the model
s12056 is age 16.0 and blackNH and is entering the model
s12057 is age 16.0 and hispanic and is entering the model
s12058 is age 16.0 and hispanic and is entering the model
s12059 is age 16.0 and whiteNH and is entering the model
s12060 is age 16.0 and blackNH and is entering the model
s12061 is age 16.0 and blackNH and is entering the model
s12062 is age 16.0 and blackNH and is entering the model
s12063 is age 16.0 and hispanic and is entering the model
s12064 is age 16.0 and whiteNH and is entering the model
s12065 is age 16.0 and otherNH and is entering the model
s12066 is age 16.0 and hispanic and is entering the model
s12067 is age 16.0 and hispanic and is entering the model
s12068 is age 16.0 and whiteNH and is entering the model
s12069 is age 16.0 and blackNH and is entering the model
s12070 is age 16.0 and hispanic and is entering the model
s12071 is age 16.0 and whiteNH and is entering the model
s12072 is age 16.0 and hispanic and is entering the model
s12073 is age 16.0 and otherNH and is entering the model
s12074 is age 16.0 and blackNH and is entering the model
s12075 is age 16.0 and whiteNH and is entering the model

Agents are attending venues and using apps for week 25 in simulation...


Epidemic Simulation
----------------------------
Simulation: 1/1
Timestep: 25/3640
Prevalence: 1888
Population Size: 11692
----------------------------
The ages, hiv status, and relationship status for the agents are being updated...
s09456 is hispanic, aged 27.79453846153848 in age group 21to29, with relationship status of 0 and is now HIV+.
s09873 is hispanic, aged 29.03053846153848 in age group 21to29, with relationship status of 1 and is now HIV+.
s11033 is otherNH, aged 20.697538461538482 in age group 21to29, with relationship status of 0 and is now HIV+.
s11688 is otherNH, aged 27.674538461538482 in age group 21to29, with relationship status of 0 and is now HIV+.

Agents are being removed from the simulation...
s00874 is aged 29.99353846153848, whiteNH and is leaving the simulation.
s00922 is aged 29.99353846153848, whiteNH and is leaving the simulation.
s02234 is aged 29.98353846153848, whiteNH and is leaving the simulation.
s02946 is aged 29.99853846153848, whiteNH and is leaving the simulation.
s03782 is aged 29.98953846153848, whiteNH and is leaving the simulation.
s06158 is aged 29.99053846153848, blackNH and is leaving the simulation.
s07710 is aged 29.985538461538482, hispanic and is leaving the simulation.
s07831 is aged 29.98953846153848, hispanic and is leaving the simulation.
s08399 is aged 29.98453846153848, hispanic and is leaving the simulation.
s08985 is aged 29.98753846153848, hispanic and is leaving the simulation.
s10459 is aged 29.98653846153848, otherNH and is leaving the simulation.
s10942 is aged 29.99653846153848, otherNH and is leaving the simulation.
s11433 is aged 29.99553846153848, otherNH and is leaving the simulation.

Agents who have aged to a new age group are being updated...
s01262 is 21.01276923076925 and has aged to age group 21to29.
s01720 is 21.01576923076925 and has aged to age group 21to29.
s03025 is 21.01876923076925 and has aged to age group 21to29.
s03691 is 21.004769230769252 and has aged to age group 21to29.
s03710 is 21.01876923076925 and has aged to age group 21to29.
s03767 is 21.010769230769252 and has aged to age group 21to29.
s04347 is 21.00976923076925 and has aged to age group 21to29.
s04394 is 21.00676923076925 and has aged to age group 21to29.
s05327 is 21.001769230769252 and has aged to age group 21to29.
s05792 is 21.01576923076925 and has aged to age group 21to29.
s07332 is 21.00076923076925 and has aged to age group 21to29.
s08254 is 21.00976923076925 and has aged to age group 21to29.
s09248 is 21.01176923076925 and has aged to age group 21to29.
s11012 is 21.00676923076925 and has aged to age group 21to29.

New agents are being added to the simulation...
s12076 is age 16.0 and blackNH and is entering the model
s12077 is age 16.0 and hispanic and is entering the model
s12078 is age 16.0 and whiteNH and is entering the model
s12079 is age 16.0 and blackNH and is entering the model
s12080 is age 16.0 and hispanic and is entering the model
s12081 is age 16.0 and otherNH and is entering the model
s12082 is age 16.0 and blackNH and is entering the model
s12083 is age 16.0 and otherNH and is entering the model
s12084 is age 16.0 and whiteNH and is entering the model
s12085 is age 16.0 and hispanic and is entering the model
s12086 is age 16.0 and otherNH and is entering the model
s12087 is age 16.0 and whiteNH and is entering the model
s12088 is age 16.0 and blackNH and is entering the model
s12089 is age 16.0 and hispanic and is entering the model
s12090 is age 16.0 and whiteNH and is entering the model

Agents are attending venues and using apps for week 26 in simulation...


Epidemic Simulation
----------------------------
Simulation: 1/1
Timestep: 26/3640
Prevalence: 1891
Population Size: 11694
----------------------------
The ages, hiv status, and relationship status for the agents are being updated...
s04531 is blackNH, aged 17.58776923076925 in age group 16to20, with relationship status of 0 and is now HIV+.
s07720 is hispanic, aged 23.33476923076925 in age group 16to20, with relationship status of 0 and is now HIV+.
s12007 is otherNH, aged 16.07692307692308 in age group 16to20, with relationship status of 0 and is now HIV+.

Agents are being removed from the simulation...
s00162 is aged 29.990769230769253, whiteNH and is leaving the simulation.
s00291 is aged 29.984769230769253, whiteNH and is leaving the simulation.
s00483 is aged 29.98076923076925, whiteNH and is leaving the simulation.
s02034 is aged 29.981769230769252, whiteNH and is leaving the simulation.
s02158 is aged 29.98676923076925, whiteNH and is leaving the simulation.
s02432 is aged 29.993769230769253, whiteNH and is leaving the simulation.
s02457 is aged 29.984769230769253, whiteNH and is leaving the simulation.
s02463 is aged 29.998769230769252, whiteNH and is leaving the simulation.
s02484 is aged 29.98876923076925, whiteNH and is leaving the simulation.
s02607 is aged 29.98876923076925, whiteNH and is leaving the simulation.
s03746 is aged 29.987769230769253, whiteNH and is leaving the simulation.
s04257 is aged 29.98676923076925, blackNH and is leaving the simulation.
s04930 is aged 29.98576923076925, blackNH and is leaving the simulation.
s05006 is aged 29.98376923076925, blackNH and is leaving the simulation.
s06236 is aged 29.98976923076925, blackNH and is leaving the simulation.
s06448 is aged 29.98276923076925, blackNH and is leaving the simulation.
s07731 is aged 29.98376923076925, hispanic and is leaving the simulation.
s09291 is aged 29.99476923076925, hispanic and is leaving the simulation.
s10036 is aged 29.993769230769253, hispanic and is leaving the simulation.
s10437 is aged 29.98276923076925, otherNH and is leaving the simulation.
s10481 is aged 29.993769230769253, otherNH and is leaving the simulation.

Agents who have aged to a new age group are being updated...
s00173 is 21.00600000000002 and has aged to age group 21to29.
s00226 is 21.01700000000002 and has aged to age group 21to29.
s00791 is 21.00800000000002 and has aged to age group 21to29.
s01572 is 21.018000000000022 and has aged to age group 21to29.
s01803 is 21.01200000000002 and has aged to age group 21to29.
s01832 is 21.01700000000002 and has aged to age group 21to29.
s03434 is 21.00200000000002 and has aged to age group 21to29.
s04271 is 21.00500000000002 and has aged to age group 21to29.
s04544 is 21.01100000000002 and has aged to age group 21to29.
s05999 is 21.00300000000002 and has aged to age group 21to29.
s06906 is 21.00000000000002 and has aged to age group 21to29.
s07253 is 21.010000000000023 and has aged to age group 21to29.
s07305 is 21.01600000000002 and has aged to age group 21to29.
s07842 is 21.001000000000023 and has aged to age group 21to29.
s08252 is 21.001000000000023 and has aged to age group 21to29.
s09286 is 21.01900000000002 and has aged to age group 21to29.
s10489 is 21.00900000000002 and has aged to age group 21to29.
s10830 is 21.001000000000023 and has aged to age group 21to29.
s10850 is 21.013000000000023 and has aged to age group 21to29.
s10910 is 21.00900000000002 and has aged to age group 21to29.
s10947 is 21.01100000000002 and has aged to age group 21to29.

New agents are being added to the simulation...
s12091 is age 16.0 and whiteNH and is entering the model
s12092 is age 16.0 and hispanic and is entering the model
s12093 is age 16.0 and blackNH and is entering the model
s12094 is age 16.0 and whiteNH and is entering the model
s12095 is age 16.0 and hispanic and is entering the model
s12096 is age 16.0 and whiteNH and is entering the model
s12097 is age 16.0 and blackNH and is entering the model
s12098 is age 16.0 and whiteNH and is entering the model
s12099 is age 16.0 and whiteNH and is entering the model
s12100 is age 16.0 and whiteNH and is entering the model
s12101 is age 16.0 and whiteNH and is entering the model
s12102 is age 16.0 and hispanic and is entering the model
s12103 is age 16.0 and whiteNH and is entering the model
s12104 is age 16.0 and blackNH and is entering the model
s12105 is age 16.0 and hispanic and is entering the model
s12106 is age 16.0 and hispanic and is entering the model
s12107 is age 16.0 and hispanic and is entering the model
s12108 is age 16.0 and whiteNH and is entering the model
s12109 is age 16.0 and hispanic and is entering the model
s12110 is age 16.0 and whiteNH and is entering the model
s12111 is age 16.0 and otherNH and is entering the model
s12112 is age 16.0 and whiteNH and is entering the model
s12113 is age 16.0 and blackNH and is entering the model

Agents are attending venues and using apps for week 27 in simulation...


Epidemic Simulation
----------------------------
Simulation: 1/1
Timestep: 27/3640
Prevalence: 1891
Population Size: 11696
----------------------------
The ages, hiv status, and relationship status for the agents are being updated...
s07499 is hispanic, aged 23.498000000000022 in age group 16to20, with relationship status of 1 and is now HIV+.
s09647 is hispanic, aged 29.242000000000022 in age group 21to29, with relationship status of 0 and is now HIV+.

Agents are being removed from the simulation...
s00681 is aged 29.99000000000002, whiteNH and is leaving the simulation.
s02474 is aged 29.998000000000022, whiteNH and is leaving the simulation.
s03106 is aged 29.981000000000023, whiteNH and is leaving the simulation.
s03198 is aged 29.983000000000022, whiteNH and is leaving the simulation.
s03208 is aged 29.995000000000022, whiteNH and is leaving the simulation.
s04239 is aged 29.99700000000002, blackNH and is leaving the simulation.
s04792 is aged 29.992000000000022, blackNH and is leaving the simulation.
s04932 is aged 29.98200000000002, blackNH and is leaving the simulation.
s05079 is aged 29.989000000000022, blackNH and is leaving the simulation.
s06199 is aged 29.992000000000022, blackNH and is leaving the simulation.
s07084 is aged 29.992000000000022, hispanic and is leaving the simulation.
s07494 is aged 29.986000000000022, hispanic and is leaving the simulation.
s07560 is aged 29.98800000000002, hispanic and is leaving the simulation.
s07773 is aged 29.98700000000002, hispanic and is leaving the simulation.
s08234 is aged 29.992000000000022, hispanic and is leaving the simulation.
s08388 is aged 29.984000000000023, hispanic and is leaving the simulation.
s08525 is aged 29.981000000000023, hispanic and is leaving the simulation.
s09634 is aged 29.986000000000022, hispanic and is leaving the simulation.
s10006 is aged 29.99600000000002, hispanic and is leaving the simulation.
s10390 is aged 29.99700000000002, hispanic and is leaving the simulation.
s10431 is aged 29.98700000000002, otherNH and is leaving the simulation.
s11273 is aged 29.981000000000023, otherNH and is leaving the simulation.
s11671 is aged 29.984000000000023, otherNH and is leaving the simulation.

Agents who have aged to a new age group are being updated...
s00268 is 21.01823076923079 and has aged to age group 21to29.
s00390 is 21.01323076923079 and has aged to age group 21to29.
s01220 is 21.008230769230792 and has aged to age group 21to29.
s01225 is 21.00723076923079 and has aged to age group 21to29.
s01676 is 21.017230769230792 and has aged to age group 21to29.
s03395 is 21.01823076923079 and has aged to age group 21to29.
s04445 is 21.008230769230792 and has aged to age group 21to29.
s04537 is 21.005230769230792 and has aged to age group 21to29.
s04539 is 21.005230769230792 and has aged to age group 21to29.
s05463 is 21.00423076923079 and has aged to age group 21to29.
s05913 is 21.008230769230792 and has aged to age group 21to29.
s06650 is 21.017230769230792 and has aged to age group 21to29.
s07798 is 21.00723076923079 and has aged to age group 21to29.
s11119 is 21.00723076923079 and has aged to age group 21to29.
s11210 is 21.01823076923079 and has aged to age group 21to29.

New agents are being added to the simulation...
s12114 is age 16.0 and hispanic and is entering the model
s12115 is age 16.0 and blackNH and is entering the model
s12116 is age 16.0 and blackNH and is entering the model
s12117 is age 16.0 and blackNH and is entering the model
s12118 is age 16.0 and whiteNH and is entering the model
s12119 is age 16.0 and blackNH and is entering the model
s12120 is age 16.0 and hispanic and is entering the model
s12121 is age 16.0 and hispanic and is entering the model
s12122 is age 16.0 and blackNH and is entering the model
s12123 is age 16.0 and hispanic and is entering the model
s12124 is age 16.0 and whiteNH and is entering the model
s12125 is age 16.0 and hispanic and is entering the model
s12126 is age 16.0 and whiteNH and is entering the model
s12127 is age 16.0 and blackNH and is entering the model
s12128 is age 16.0 and blackNH and is entering the model
s12129 is age 16.0 and whiteNH and is entering the model
s12130 is age 16.0 and hispanic and is entering the model
s12131 is age 16.0 and hispanic and is entering the model
s12132 is age 16.0 and otherNH and is entering the model

Agents are attending venues and using apps for week 28 in simulation...


Epidemic Simulation
----------------------------
Simulation: 1/1
Timestep: 28/3640
Prevalence: 1888
Population Size: 11692
----------------------------
The ages, hiv status, and relationship status for the agents are being updated...
s06849 is hispanic, aged 24.42223076923079 in age group 16to20, with relationship status of 0 and is now HIV+.
s11840 is hispanic, aged 16.34615384615386 in age group 16to20, with relationship status of 0 and is now HIV+.

Agents are being removed from the simulation...
s00408 is aged 29.99823076923079, whiteNH and is leaving the simulation.
s01978 is aged 29.99223076923079, whiteNH and is leaving the simulation.
s02696 is aged 29.999230769230792, whiteNH and is leaving the simulation.
s03160 is aged 25.42823076923079, whiteNH and is leaving the simulation.
s04022 is aged 29.997230769230793, blackNH and is leaving the simulation.
s04070 is aged 29.98323076923079, blackNH and is leaving the simulation.
s04752 is aged 29.98723076923079, blackNH and is leaving the simulation.
s04972 is aged 29.999230769230792, blackNH and is leaving the simulation.
s05044 is aged 29.99323076923079, blackNH and is leaving the simulation.
s06011 is aged 29.98723076923079, blackNH and is leaving the simulation.
s06320 is aged 29.99623076923079, blackNH and is leaving the simulation.
s07140 is aged 29.99323076923079, hispanic and is leaving the simulation.
s07509 is aged 27.595230769230792, hispanic and is leaving the simulation.
s08071 is aged 29.98723076923079, hispanic and is leaving the simulation.
s08579 is aged 29.99623076923079, hispanic and is leaving the simulation.
s08638 is aged 29.98623076923079, hispanic and is leaving the simulation.
s09759 is aged 29.98923076923079, hispanic and is leaving the simulation.
s10422 is aged 29.98623076923079, otherNH and is leaving the simulation.

Agents who have aged to a new age group are being updated...
s00343 is 21.01246153846156 and has aged to age group 21to29.
s00357 is 21.00946153846156 and has aged to age group 21to29.
s01583 is 21.007461538461563 and has aged to age group 21to29.
s01619 is 21.00546153846156 and has aged to age group 21to29.
s04804 is 21.013461538461563 and has aged to age group 21to29.
s08160 is 21.007461538461563 and has aged to age group 21to29.
s08901 is 21.01446153846156 and has aged to age group 21to29.
s09045 is 21.00846153846156 and has aged to age group 21to29.
s09188 is 21.00046153846156 and has aged to age group 21to29.
s09524 is 21.00346153846156 and has aged to age group 21to29.
s11073 is 21.01746153846156 and has aged to age group 21to29.
s11334 is 21.00046153846156 and has aged to age group 21to29.

New agents are being added to the simulation...
s12133 is age 16.0 and hispanic and is entering the model
s12134 is age 16.0 and whiteNH and is entering the model
s12135 is age 16.0 and blackNH and is entering the model
s12136 is age 16.0 and whiteNH and is entering the model
s12137 is age 16.0 and blackNH and is entering the model
s12138 is age 16.0 and hispanic and is entering the model
s12139 is age 16.0 and whiteNH and is entering the model
s12140 is age 16.0 and hispanic and is entering the model

Agents are attending venues and using apps for week 29 in simulation...


Epidemic Simulation
----------------------------
Simulation: 1/1
Timestep: 29/3640
Prevalence: 1888
Population Size: 11682
----------------------------
The ages, hiv status, and relationship status for the agents are being updated...
s04955 is blackNH, aged 18.60846153846156 in age group 21to29, with relationship status of 1 and is now HIV+.
s05326 is blackNH, aged 29.73846153846156 in age group 21to29, with relationship status of 0 and is now HIV+.
s05490 is blackNH, aged 19.64546153846156 in age group 21to29, with relationship status of 1 and is now HIV+.

Agents are being removed from the simulation...
s00847 is aged 29.995461538461562, whiteNH and is leaving the simulation.
s02000 is aged 29.99346153846156, whiteNH and is leaving the simulation.
s02542 is aged 29.995461538461562, whiteNH and is leaving the simulation.
s03258 is aged 29.99346153846156, whiteNH and is leaving the simulation.
s03429 is aged 29.98246153846156, whiteNH and is leaving the simulation.
s04114 is aged 29.98546153846156, blackNH and is leaving the simulation.
s04328 is aged 29.99946153846156, blackNH and is leaving the simulation.
s04415 is aged 19.09946153846156, blackNH and is leaving the simulation.
s06211 is aged 29.99946153846156, blackNH and is leaving the simulation.
s06476 is aged 29.98246153846156, blackNH and is leaving the simulation.
s06680 is aged 29.99446153846156, blackNH and is leaving the simulation.
s06881 is aged 29.98346153846156, hispanic and is leaving the simulation.
s07358 is aged 29.987461538461563, hispanic and is leaving the simulation.
s07664 is aged 29.990461538461563, hispanic and is leaving the simulation.
s08047 is aged 29.99746153846156, hispanic and is leaving the simulation.
s08124 is aged 29.99446153846156, hispanic and is leaving the simulation.
s08159 is aged 29.984461538461563, hispanic and is leaving the simulation.
s08347 is aged 29.989461538461562, hispanic and is leaving the simulation.
s09330 is aged 29.98246153846156, hispanic and is leaving the simulation.
s10831 is aged 29.987461538461563, otherNH and is leaving the simulation.
s10929 is aged 29.98346153846156, otherNH and is leaving the simulation.
s11114 is aged 29.98246153846156, otherNH and is leaving the simulation.

Agents who have aged to a new age group are being updated...
s01178 is 21.014692307692332 and has aged to age group 21to29.
s04231 is 21.00769230769233 and has aged to age group 21to29.
s04679 is 21.01369230769233 and has aged to age group 21to29.
s05509 is 21.01569230769233 and has aged to age group 21to29.
s06070 is 21.009692307692333 and has aged to age group 21to29.
s06161 is 21.01269230769233 and has aged to age group 21to29.
s08064 is 21.01669230769233 and has aged to age group 21to29.
s08271 is 21.00269230769233 and has aged to age group 21to29.
s08508 is 21.014692307692332 and has aged to age group 21to29.
s08763 is 21.008692307692332 and has aged to age group 21to29.
s08898 is 21.01869230769233 and has aged to age group 21to29.
s10960 is 21.01069230769233 and has aged to age group 21to29.
s11167 is 21.005692307692332 and has aged to age group 21to29.
s11564 is 21.005692307692332 and has aged to age group 21to29.
s11637 is 21.01669230769233 and has aged to age group 21to29.

New agents are being added to the simulation...
s12141 is age 16.0 and blackNH and is entering the model
s12142 is age 16.0 and blackNH and is entering the model
s12143 is age 16.0 and hispanic and is entering the model
s12144 is age 16.0 and blackNH and is entering the model
s12145 is age 16.0 and hispanic and is entering the model
s12146 is age 16.0 and hispanic and is entering the model
s12147 is age 16.0 and hispanic and is entering the model
s12148 is age 16.0 and hispanic and is entering the model
s12149 is age 16.0 and whiteNH and is entering the model
s12150 is age 16.0 and hispanic and is entering the model
s12151 is age 16.0 and hispanic and is entering the model
s12152 is age 16.0 and hispanic and is entering the model
s12153 is age 16.0 and whiteNH and is entering the model
s12154 is age 16.0 and whiteNH and is entering the model
s12155 is age 16.0 and whiteNH and is entering the model
s12156 is age 16.0 and hispanic and is entering the model
s12157 is age 16.0 and hispanic and is entering the model
s12158 is age 16.0 and whiteNH and is entering the model
s12159 is age 16.0 and blackNH and is entering the model
s12160 is age 16.0 and whiteNH and is entering the model
s12161 is age 16.0 and hispanic and is entering the model
s12162 is age 16.0 and blackNH and is entering the model
s12163 is age 16.0 and otherNH and is entering the model
s12164 is age 16.0 and whiteNH and is entering the model
s12165 is age 16.0 and hispanic and is entering the model
s12166 is age 16.0 and whiteNH and is entering the model

Agents are attending venues and using apps for week 30 in simulation...


Epidemic Simulation
----------------------------
Simulation: 1/1
Timestep: 30/3640
Prevalence: 1891
Population Size: 11686
----------------------------
The ages, hiv status, and relationship status for the agents are being updated...
s03888 is blackNH, aged 21.89169230769233 in age group 16to20, with relationship status of 1 and is now HIV+.
s04223 is blackNH, aged 19.83069230769233 in age group 16to20, with relationship status of 1 and is now HIV+.
s04709 is blackNH, aged 28.116692307692333 in age group 16to20, with relationship status of 0 and is now HIV+.
s04909 is blackNH, aged 28.01669230769233 in age group 21to29, with relationship status of 0 and is now HIV+.
s08017 is hispanic, aged 27.82169230769233 in age group 16to20, with relationship status of 1 and is now HIV+.

Agents are being removed from the simulation...
s00101 is aged 29.99569230769233, whiteNH and is leaving the simulation.
s01380 is aged 29.988692307692332, whiteNH and is leaving the simulation.
s02094 is aged 29.985692307692332, whiteNH and is leaving the simulation.
s02338 is aged 29.98769230769233, whiteNH and is leaving the simulation.
s03939 is aged 25.39969230769233, blackNH and is leaving the simulation.
s07251 is aged 29.99969230769233, hispanic and is leaving the simulation.
s07339 is aged 29.988692307692332, hispanic and is leaving the simulation.
s07447 is aged 29.991692307692333, hispanic and is leaving the simulation.
s07495 is aged 29.99569230769233, hispanic and is leaving the simulation.
s08208 is aged 29.982692307692332, hispanic and is leaving the simulation.
s09325 is aged 29.98169230769233, hispanic and is leaving the simulation.
s09853 is aged 29.99269230769233, hispanic and is leaving the simulation.
s09938 is aged 29.98669230769233, hispanic and is leaving the simulation.
s11038 is aged 29.98969230769233, otherNH and is leaving the simulation.
s11262 is aged 29.994692307692333, otherNH and is leaving the simulation.
s11279 is aged 29.991692307692333, otherNH and is leaving the simulation.
s11515 is aged 29.997692307692333, otherNH and is leaving the simulation.

Agents who have aged to a new age group are being updated...
s00405 is 21.0189230769231 and has aged to age group 21to29.
s01172 is 21.0059230769231 and has aged to age group 21to29.
s01319 is 21.013923076923103 and has aged to age group 21to29.
s01344 is 21.001923076923102 and has aged to age group 21to29.
s01931 is 21.0089230769231 and has aged to age group 21to29.
s02114 is 21.0009230769231 and has aged to age group 21to29.
s03516 is 21.0039230769231 and has aged to age group 21to29.
s04016 is 21.010923076923103 and has aged to age group 21to29.
s04414 is 21.001923076923102 and has aged to age group 21to29.
s04581 is 21.016923076923103 and has aged to age group 21to29.
s04786 is 21.0149230769231 and has aged to age group 21to29.
s05713 is 21.001923076923102 and has aged to age group 21to29.
s06012 is 21.010923076923103 and has aged to age group 21to29.
s08422 is 21.0189230769231 and has aged to age group 21to29.
s08752 is 21.0009230769231 and has aged to age group 21to29.
s09875 is 21.016923076923103 and has aged to age group 21to29.
s10377 is 21.0059230769231 and has aged to age group 21to29.
s10856 is 21.0159230769231 and has aged to age group 21to29.

New agents are being added to the simulation...
s12167 is age 16.0 and whiteNH and is entering the model
s12168 is age 16.0 and blackNH and is entering the model
s12169 is age 16.0 and hispanic and is entering the model
s12170 is age 16.0 and blackNH and is entering the model
s12171 is age 16.0 and hispanic and is entering the model
s12172 is age 16.0 and hispanic and is entering the model
s12173 is age 16.0 and whiteNH and is entering the model
s12174 is age 16.0 and blackNH and is entering the model
s12175 is age 16.0 and otherNH and is entering the model
s12176 is age 16.0 and hispanic and is entering the model
s12177 is age 16.0 and blackNH and is entering the model
s12178 is age 16.0 and whiteNH and is entering the model
s12179 is age 16.0 and hispanic and is entering the model
s12180 is age 16.0 and whiteNH and is entering the model
s12181 is age 16.0 and blackNH and is entering the model

Agents are attending venues and using apps for week 31 in simulation...


Epidemic Simulation
----------------------------
Simulation: 1/1
Timestep: 31/3640
Prevalence: 1888
Population Size: 11684
----------------------------
The ages, hiv status, and relationship status for the agents are being updated...
s11330 is otherNH, aged 23.5619230769231 in age group 21to29, with relationship status of 0 and is now HIV+.

Agents are being removed from the simulation...
s00884 is aged 29.996923076923103, whiteNH and is leaving the simulation.
s01309 is aged 29.9889230769231, whiteNH and is leaving the simulation.
s02859 is aged 29.993923076923103, whiteNH and is leaving the simulation.
s03257 is aged 29.987923076923103, whiteNH and is leaving the simulation.
s03793 is aged 29.984923076923103, whiteNH and is leaving the simulation.
s04006 is aged 29.995923076923102, blackNH and is leaving the simulation.
s05287 is aged 29.993923076923103, blackNH and is leaving the simulation.
s06272 is aged 29.9809230769231, blackNH and is leaving the simulation.
s06732 is aged 29.9899230769231, blackNH and is leaving the simulation.
s06863 is aged 29.995923076923102, hispanic and is leaving the simulation.
s07491 is aged 29.9979230769231, hispanic and is leaving the simulation.
s07718 is aged 29.998923076923102, hispanic and is leaving the simulation.
s07963 is aged 29.9999230769231, hispanic and is leaving the simulation.
s08493 is aged 29.995923076923102, hispanic and is leaving the simulation.
s08700 is aged 29.9869230769231, hispanic and is leaving the simulation.
s09881 is aged 29.992923076923102, hispanic and is leaving the simulation.
s10614 is aged 29.9829230769231, otherNH and is leaving the simulation.
s10663 is aged 29.9919230769231, otherNH and is leaving the simulation.
s10715 is aged 29.992923076923102, otherNH and is leaving the simulation.
s10911 is aged 29.987923076923103, otherNH and is leaving the simulation.

Agents who have aged to a new age group are being updated...
s01854 is 21.007153846153873 and has aged to age group 21to29.
s02712 is 21.004153846153873 and has aged to age group 21to29.
s04139 is 21.00315384615387 and has aged to age group 21to29.
s04515 is 21.01115384615387 and has aged to age group 21to29.
s04720 is 21.01415384615387 and has aged to age group 21to29.
s04743 is 21.001153846153873 and has aged to age group 21to29.
s05415 is 21.00215384615387 and has aged to age group 21to29.
s05922 is 21.001153846153873 and has aged to age group 21to29.
s06274 is 21.01715384615387 and has aged to age group 21to29.
s06300 is 21.010153846153873 and has aged to age group 21to29.
s06840 is 21.016153846153873 and has aged to age group 21to29.
s08039 is 21.018153846153872 and has aged to age group 21to29.
s08834 is 21.016153846153873 and has aged to age group 21to29.
s08968 is 21.01715384615387 and has aged to age group 21to29.
s09041 is 21.00215384615387 and has aged to age group 21to29.
s09224 is 21.00215384615387 and has aged to age group 21to29.
s11162 is 21.00515384615387 and has aged to age group 21to29.

New agents are being added to the simulation...
s12182 is age 16.0 and hispanic and is entering the model
s12183 is age 16.0 and blackNH and is entering the model
s12184 is age 16.0 and hispanic and is entering the model
s12185 is age 16.0 and hispanic and is entering the model
s12186 is age 16.0 and hispanic and is entering the model
s12187 is age 16.0 and hispanic and is entering the model
s12188 is age 16.0 and blackNH and is entering the model
s12189 is age 16.0 and whiteNH and is entering the model
s12190 is age 16.0 and whiteNH and is entering the model
s12191 is age 16.0 and whiteNH and is entering the model
s12192 is age 16.0 and hispanic and is entering the model
s12193 is age 16.0 and blackNH and is entering the model
s12194 is age 16.0 and blackNH and is entering the model
s12195 is age 16.0 and whiteNH and is entering the model
s12196 is age 16.0 and hispanic and is entering the model
s12197 is age 16.0 and blackNH and is entering the model
s12198 is age 16.0 and hispanic and is entering the model
s12199 is age 16.0 and hispanic and is entering the model
s12200 is age 16.0 and whiteNH and is entering the model

Agents are attending venues and using apps for week 32 in simulation...


Epidemic Simulation
----------------------------
Simulation: 1/1
Timestep: 32/3640
Prevalence: 1889
Population Size: 11683
----------------------------
The ages, hiv status, and relationship status for the agents are being updated...
s02012 is whiteNH, aged 17.984153846153873 in age group 21to29, with relationship status of 0 and is now HIV+.
s04152 is blackNH, aged 27.102153846153872 in age group 16to20, with relationship status of 1 and is now HIV+.
s06463 is blackNH, aged 26.23815384615387 in age group 21to29, with relationship status of 0 and is now HIV+.
s11088 is otherNH, aged 16.94715384615387 in age group 21to29, with relationship status of 0 and is now HIV+.

Agents are being removed from the simulation...
s00513 is aged 29.99615384615387, whiteNH and is leaving the simulation.
s00709 is aged 29.99015384615387, whiteNH and is leaving the simulation.
s00883 is aged 29.98815384615387, whiteNH and is leaving the simulation.
s01085 is aged 29.998153846153873, whiteNH and is leaving the simulation.
s01233 is aged 29.998153846153873, whiteNH and is leaving the simulation.
s01475 is aged 29.986153846153872, whiteNH and is leaving the simulation.
s01996 is aged 29.99415384615387, whiteNH and is leaving the simulation.
s02133 is aged 29.99615384615387, whiteNH and is leaving the simulation.
s03598 is aged 29.986153846153872, whiteNH and is leaving the simulation.
s03798 is aged 29.98515384615387, whiteNH and is leaving the simulation.
s04032 is aged 29.99315384615387, blackNH and is leaving the simulation.
s04040 is aged 29.986153846153872, blackNH and is leaving the simulation.
s04417 is aged 29.989153846153872, blackNH and is leaving the simulation.
s05283 is aged 29.98715384615387, blackNH and is leaving the simulation.
s06157 is aged 29.99015384615387, blackNH and is leaving the simulation.
s06715 is aged 29.99415384615387, blackNH and is leaving the simulation.
s07850 is aged 29.986153846153872, hispanic and is leaving the simulation.
s08983 is aged 29.998153846153873, hispanic and is leaving the simulation.
s09381 is aged 29.981153846153873, hispanic and is leaving the simulation.
s09928 is aged 29.98715384615387, hispanic and is leaving the simulation.
s10483 is aged 29.99915384615387, otherNH and is leaving the simulation.
s10639 is aged 29.992153846153872, otherNH and is leaving the simulation.
s10943 is aged 29.99915384615387, otherNH and is leaving the simulation.
s11176 is aged 29.98215384615387, otherNH and is leaving the simulation.

Agents who have aged to a new age group are being updated...
s00050 is 21.008384615384642 and has aged to age group 21to29.
s00080 is 21.003384615384643 and has aged to age group 21to29.
s00663 is 21.01238461538464 and has aged to age group 21to29.
s00706 is 21.00938461538464 and has aged to age group 21to29.
s01409 is 21.017384615384643 and has aged to age group 21to29.
s03040 is 21.01538461538464 and has aged to age group 21to29.
s03129 is 21.01538461538464 and has aged to age group 21to29.
s06752 is 21.01238461538464 and has aged to age group 21to29.
s07965 is 21.01638461538464 and has aged to age group 21to29.
s10409 is 21.00638461538464 and has aged to age group 21to29.
s10640 is 21.01538461538464 and has aged to age group 21to29.

New agents are being added to the simulation...
s12201 is age 16.0 and whiteNH and is entering the model
s12202 is age 16.0 and whiteNH and is entering the model
s12203 is age 16.0 and blackNH and is entering the model
s12204 is age 16.0 and hispanic and is entering the model
s12205 is age 16.0 and whiteNH and is entering the model
s12206 is age 16.0 and blackNH and is entering the model
s12207 is age 16.0 and blackNH and is entering the model
s12208 is age 16.0 and whiteNH and is entering the model
s12209 is age 16.0 and blackNH and is entering the model
s12210 is age 16.0 and hispanic and is entering the model
s12211 is age 16.0 and blackNH and is entering the model
s12212 is age 16.0 and hispanic and is entering the model
s12213 is age 16.0 and blackNH and is entering the model
s12214 is age 16.0 and whiteNH and is entering the model
s12215 is age 16.0 and whiteNH and is entering the model
s12216 is age 16.0 and whiteNH and is entering the model

Agents are attending venues and using apps for week 33 in simulation...


Epidemic Simulation
----------------------------
Simulation: 1/1
Timestep: 33/3640
Prevalence: 1886
Population Size: 11675
----------------------------
The ages, hiv status, and relationship status for the agents are being updated...
s04636 is blackNH, aged 29.37038461538464 in age group 16to20, with relationship status of 1 and is now HIV+.
s06134 is blackNH, aged 19.91138461538464 in age group 21to29, with relationship status of 0 and is now HIV+.

Agents are being removed from the simulation...
s01622 is aged 29.982384615384643, whiteNH and is leaving the simulation.
s03507 is aged 29.98338461538464, whiteNH and is leaving the simulation.
s03817 is aged 29.98138461538464, whiteNH and is leaving the simulation.
s04270 is aged 29.98738461538464, blackNH and is leaving the simulation.
s04391 is aged 29.98738461538464, blackNH and is leaving the simulation.
s04421 is aged 29.99338461538464, blackNH and is leaving the simulation.
s04526 is aged 22.78938461538464, blackNH and is leaving the simulation.
s04929 is aged 29.982384615384643, blackNH and is leaving the simulation.
s07250 is aged 29.99538461538464, hispanic and is leaving the simulation.
s07281 is aged 29.98738461538464, hispanic and is leaving the simulation.
s07915 is aged 29.999384615384642, hispanic and is leaving the simulation.
s08379 is aged 29.99838461538464, hispanic and is leaving the simulation.
s08883 is aged 29.99838461538464, hispanic and is leaving the simulation.
s10193 is aged 29.98638461538464, hispanic and is leaving the simulation.
s11254 is aged 29.99338461538464, otherNH and is leaving the simulation.

Agents who have aged to a new age group are being updated...
s00979 is 21.010615384615413 and has aged to age group 21to29.
s01801 is 21.00061538461541 and has aged to age group 21to29.
s01805 is 21.01461538461541 and has aged to age group 21to29.
s03628 is 21.00061538461541 and has aged to age group 21to29.
s04341 is 21.016615384615413 and has aged to age group 21to29.
s07500 is 21.00561538461541 and has aged to age group 21to29.
s08826 is 21.001615384615413 and has aged to age group 21to29.
s09559 is 21.012615384615412 and has aged to age group 21to29.
s10214 is 21.00661538461541 and has aged to age group 21to29.
s10805 is 21.001615384615413 and has aged to age group 21to29.
s10977 is 21.01461538461541 and has aged to age group 21to29.

New agents are being added to the simulation...
s12217 is age 16.0 and otherNH and is entering the model
s12218 is age 16.0 and hispanic and is entering the model
s12219 is age 16.0 and whiteNH and is entering the model
s12220 is age 16.0 and blackNH and is entering the model
s12221 is age 16.0 and otherNH and is entering the model
s12222 is age 16.0 and otherNH and is entering the model
s12223 is age 16.0 and hispanic and is entering the model
s12224 is age 16.0 and otherNH and is entering the model
s12225 is age 16.0 and hispanic and is entering the model
s12226 is age 16.0 and hispanic and is entering the model
s12227 is age 16.0 and blackNH and is entering the model
s12228 is age 16.0 and whiteNH and is entering the model
s12229 is age 16.0 and blackNH and is entering the model
s12230 is age 16.0 and whiteNH and is entering the model

Agents are attending venues and using apps for week 34 in simulation...


Epidemic Simulation
----------------------------
Simulation: 1/1
Timestep: 34/3640
Prevalence: 1884
Population Size: 11674
----------------------------
The ages, hiv status, and relationship status for the agents are being updated...
s09487 is hispanic, aged 20.922615384615412 in age group 21to29, with relationship status of 0 and is now HIV+.

Agents are being removed from the simulation...
s00380 is aged 29.986615384615412, whiteNH and is leaving the simulation.
s00984 is aged 29.99761538461541, whiteNH and is leaving the simulation.
s02938 is aged 29.990615384615413, whiteNH and is leaving the simulation.
s02996 is aged 29.99761538461541, whiteNH and is leaving the simulation.
s03349 is aged 29.984615384615413, whiteNH and is leaving the simulation.
s03829 is aged 29.99761538461541, whiteNH and is leaving the simulation.
s04959 is aged 29.99761538461541, blackNH and is leaving the simulation.
s05602 is aged 29.99661538461541, blackNH and is leaving the simulation.
s05860 is aged 29.98261538461541, blackNH and is leaving the simulation.
s05875 is aged 29.983615384615412, blackNH and is leaving the simulation.
s06591 is aged 29.984615384615413, blackNH and is leaving the simulation.
s07567 is aged 28.411615384615413, hispanic and is leaving the simulation.
s08616 is aged 29.98861538461541, hispanic and is leaving the simulation.
s10330 is aged 29.998615384615412, hispanic and is leaving the simulation.
s10419 is aged 29.98561538461541, otherNH and is leaving the simulation.
s11341 is aged 29.989615384615412, otherNH and is leaving the simulation.

Agents who have aged to a new age group are being updated...
s01574 is 21.002846153846182 and has aged to age group 21to29.
s01764 is 21.01584615384618 and has aged to age group 21to29.
s03142 is 21.01084615384618 and has aged to age group 21to29.
s03542 is 21.005846153846182 and has aged to age group 21to29.
s03822 is 21.005846153846182 and has aged to age group 21to29.
s04493 is 21.014846153846182 and has aged to age group 21to29.
s04652 is 21.012846153846183 and has aged to age group 21to29.
s05199 is 21.014846153846182 and has aged to age group 21to29.
s05507 is 21.01884615384618 and has aged to age group 21to29.
s06419 is 21.01084615384618 and has aged to age group 21to29.
s06508 is 21.008846153846182 and has aged to age group 21to29.
s07984 is 21.01884615384618 and has aged to age group 21to29.
s08828 is 21.012846153846183 and has aged to age group 21to29.
s08910 is 21.009846153846183 and has aged to age group 21to29.
s09251 is 21.012846153846183 and has aged to age group 21to29.
s09679 is 21.014846153846182 and has aged to age group 21to29.

New agents are being added to the simulation...
s12231 is age 16.0 and hispanic and is entering the model
s12232 is age 16.0 and hispanic and is entering the model
s12233 is age 16.0 and blackNH and is entering the model
s12234 is age 16.0 and whiteNH and is entering the model
s12235 is age 16.0 and hispanic and is entering the model
s12236 is age 16.0 and blackNH and is entering the model
s12237 is age 16.0 and otherNH and is entering the model
s12238 is age 16.0 and hispanic and is entering the model
s12239 is age 16.0 and blackNH and is entering the model
s12240 is age 16.0 and hispanic and is entering the model
s12241 is age 16.0 and otherNH and is entering the model

Agents are attending venues and using apps for week 35 in simulation...


Epidemic Simulation
----------------------------
Simulation: 1/1
Timestep: 35/3640
Prevalence: 1883
Population Size: 11669
----------------------------
The ages, hiv status, and relationship status for the agents are being updated...
s03272 is whiteNH, aged 26.17884615384618 in age group 21to29, with relationship status of 0 and is now HIV+.
s06577 is blackNH, aged 24.49884615384618 in age group 21to29, with relationship status of 0 and is now HIV+.

Agents are being removed from the simulation...
s00017 is aged 29.99384615384618, whiteNH and is leaving the simulation.
s02896 is aged 29.99284615384618, whiteNH and is leaving the simulation.
s02924 is aged 29.982846153846182, whiteNH and is leaving the simulation.
s05137 is aged 29.98184615384618, blackNH and is leaving the simulation.
s07996 is aged 29.988846153846183, hispanic and is leaving the simulation.
s08576 is aged 29.994846153846183, hispanic and is leaving the simulation.
s08775 is aged 29.999846153846182, hispanic and is leaving the simulation.
s08943 is aged 29.98384615384618, hispanic and is leaving the simulation.
s09034 is aged 29.99084615384618, hispanic and is leaving the simulation.
s10744 is aged 29.99284615384618, otherNH and is leaving the simulation.
s10863 is aged 29.98984615384618, otherNH and is leaving the simulation.
s11265 is aged 29.99384615384618, otherNH and is leaving the simulation.
s11674 is aged 29.980846153846183, otherNH and is leaving the simulation.

Agents who have aged to a new age group are being updated...
s00741 is 21.00707692307695 and has aged to age group 21to29.
s01310 is 21.01307692307695 and has aged to age group 21to29.
s01950 is 21.01507692307695 and has aged to age group 21to29.
s02301 is 21.005076923076953 and has aged to age group 21to29.
s02350 is 21.00107692307695 and has aged to age group 21to29.
s02838 is 21.00107692307695 and has aged to age group 21to29.
s03002 is 21.017076923076953 and has aged to age group 21to29.
s03574 is 21.01807692307695 and has aged to age group 21to29.
s04292 is 21.019076923076952 and has aged to age group 21to29.
s04791 is 21.01607692307695 and has aged to age group 21to29.
s04982 is 21.011076923076953 and has aged to age group 21to29.
s05318 is 21.01307692307695 and has aged to age group 21to29.
s06294 is 21.01207692307695 and has aged to age group 21to29.
s07190 is 21.01507692307695 and has aged to age group 21to29.
s08249 is 21.00607692307695 and has aged to age group 21to29.
s08731 is 21.014076923076953 and has aged to age group 21to29.
s09372 is 21.017076923076953 and has aged to age group 21to29.
s09571 is 21.01007692307695 and has aged to age group 21to29.
s10016 is 21.01007692307695 and has aged to age group 21to29.
s10018 is 21.01807692307695 and has aged to age group 21to29.
s11189 is 21.011076923076953 and has aged to age group 21to29.

New agents are being added to the simulation...
s12242 is age 16.0 and blackNH and is entering the model
s12243 is age 16.0 and blackNH and is entering the model
s12244 is age 16.0 and otherNH and is entering the model
s12245 is age 16.0 and whiteNH and is entering the model
s12246 is age 16.0 and blackNH and is entering the model
s12247 is age 16.0 and otherNH and is entering the model
s12248 is age 16.0 and hispanic and is entering the model
s12249 is age 16.0 and blackNH and is entering the model
s12250 is age 16.0 and blackNH and is entering the model
s12251 is age 16.0 and hispanic and is entering the model
s12252 is age 16.0 and hispanic and is entering the model
s12253 is age 16.0 and whiteNH and is entering the model
s12254 is age 16.0 and whiteNH and is entering the model
s12255 is age 16.0 and hispanic and is entering the model
s12256 is age 16.0 and hispanic and is entering the model
s12257 is age 16.0 and hispanic and is entering the model
s12258 is age 16.0 and whiteNH and is entering the model
s12259 is age 16.0 and otherNH and is entering the model
s12260 is age 16.0 and whiteNH and is entering the model

Agents are attending venues and using apps for week 36 in simulation...


Epidemic Simulation
----------------------------
Simulation: 1/1
Timestep: 36/3640
Prevalence: 1884
Population Size: 11675
----------------------------
The ages, hiv status, and relationship status for the agents are being updated...
s06657 is blackNH, aged 29.39907692307695 in age group 21to29, with relationship status of 0 and is now HIV+.
s08744 is hispanic, aged 29.058076923076953 in age group 21to29, with relationship status of 0 and is now HIV+.

Agents are being removed from the simulation...
s00011 is aged 29.988076923076953, whiteNH and is leaving the simulation.
s00280 is aged 29.988076923076953, whiteNH and is leaving the simulation.
s00932 is aged 29.994076923076953, whiteNH and is leaving the simulation.
s01033 is aged 29.987076923076952, whiteNH and is leaving the simulation.
s01546 is aged 29.98307692307695, whiteNH and is leaving the simulation.
s02136 is aged 29.99807692307695, whiteNH and is leaving the simulation.
s02538 is aged 29.98307692307695, whiteNH and is leaving the simulation.
s03043 is aged 29.982076923076953, whiteNH and is leaving the simulation.
s03120 is aged 29.997076923076953, whiteNH and is leaving the simulation.
s03650 is aged 29.98307692307695, whiteNH and is leaving the simulation.
s03681 is aged 29.990076923076952, whiteNH and is leaving the simulation.
s03733 is aged 29.994076923076953, whiteNH and is leaving the simulation.
s04267 is aged 29.988076923076953, blackNH and is leaving the simulation.
s04365 is aged 29.99807692307695, blackNH and is leaving the simulation.
s04879 is aged 29.98407692307695, blackNH and is leaving the simulation.
s04900 is aged 29.990076923076952, blackNH and is leaving the simulation.
s04931 is aged 29.991076923076953, blackNH and is leaving the simulation.
s05391 is aged 29.990076923076952, blackNH and is leaving the simulation.
s05496 is aged 29.999076923076952, blackNH and is leaving the simulation.
s05539 is aged 29.985076923076953, blackNH and is leaving the simulation.
s06056 is aged 29.990076923076952, blackNH and is leaving the simulation.
s06220 is aged 29.99207692307695, blackNH and is leaving the simulation.
s06685 is aged 29.98307692307695, blackNH and is leaving the simulation.
s08982 is aged 29.98607692307695, hispanic and is leaving the simulation.
s11546 is aged 29.98307692307695, otherNH and is leaving the simulation.

Agents who have aged to a new age group are being updated...
s00341 is 21.010307692307723 and has aged to age group 21to29.
s02320 is 21.01730769230772 and has aged to age group 21to29.
s03633 is 21.01430769230772 and has aged to age group 21to29.
s03642 is 21.013307692307723 and has aged to age group 21to29.
s03647 is 21.015307692307722 and has aged to age group 21to29.
s04092 is 21.007307692307723 and has aged to age group 21to29.
s04121 is 21.01430769230772 and has aged to age group 21to29.
s05136 is 21.01730769230772 and has aged to age group 21to29.
s05783 is 21.01130769230772 and has aged to age group 21to29.
s06809 is 21.00830769230772 and has aged to age group 21to29.
s07878 is 21.00030769230772 and has aged to age group 21to29.
s09094 is 21.018307692307722 and has aged to age group 21to29.
s09153 is 21.004307692307723 and has aged to age group 21to29.
s09815 is 21.013307692307723 and has aged to age group 21to29.
s10088 is 21.007307692307723 and has aged to age group 21to29.

New agents are being added to the simulation...
s12261 is age 16.0 and blackNH and is entering the model
s12262 is age 16.0 and blackNH and is entering the model
s12263 is age 16.0 and blackNH and is entering the model
s12264 is age 16.0 and blackNH and is entering the model
s12265 is age 16.0 and blackNH and is entering the model
s12266 is age 16.0 and hispanic and is entering the model
s12267 is age 16.0 and whiteNH and is entering the model
s12268 is age 16.0 and otherNH and is entering the model
s12269 is age 16.0 and hispanic and is entering the model
s12270 is age 16.0 and hispanic and is entering the model
s12271 is age 16.0 and whiteNH and is entering the model
s12272 is age 16.0 and blackNH and is entering the model
s12273 is age 16.0 and hispanic and is entering the model
s12274 is age 16.0 and otherNH and is entering the model
s12275 is age 16.0 and hispanic and is entering the model
s12276 is age 16.0 and hispanic and is entering the model
s12277 is age 16.0 and blackNH and is entering the model
s12278 is age 16.0 and whiteNH and is entering the model
s12279 is age 16.0 and blackNH and is entering the model
s12280 is age 16.0 and hispanic and is entering the model
s12281 is age 16.0 and whiteNH and is entering the model

Agents are attending venues and using apps for week 37 in simulation...


Epidemic Simulation
----------------------------
Simulation: 1/1
Timestep: 37/3640
Prevalence: 1881
Population Size: 11671
----------------------------
The ages, hiv status, and relationship status for the agents are being updated...
s04626 is blackNH, aged 27.02830769230772 in age group 16to20, with relationship status of 1 and is now HIV+.
s06034 is blackNH, aged 20.47330769230772 in age group 21to29, with relationship status of 0 and is now HIV+.
s10738 is otherNH, aged 26.480307692307722 in age group 16to20, with relationship status of 0 and is now HIV+.

Agents are being removed from the simulation...
s00548 is aged 29.99930769230772, whiteNH and is leaving the simulation.
s01189 is aged 29.984307692307723, whiteNH and is leaving the simulation.
s01611 is aged 29.986307692307722, whiteNH and is leaving the simulation.
s02246 is aged 29.998307692307723, whiteNH and is leaving the simulation.
s02535 is aged 29.99030769230772, whiteNH and is leaving the simulation.
s02977 is aged 29.99930769230772, whiteNH and is leaving the simulation.
s03178 is aged 29.830307692307723, whiteNH and is leaving the simulation.
s03286 is aged 29.99130769230772, whiteNH and is leaving the simulation.
s03389 is aged 29.99430769230772, whiteNH and is leaving the simulation.
s04703 is aged 29.981307692307723, blackNH and is leaving the simulation.
s04814 is aged 29.989307692307722, blackNH and is leaving the simulation.
s04844 is aged 29.98530769230772, blackNH and is leaving the simulation.
s07698 is aged 29.99630769230772, hispanic and is leaving the simulation.
s07716 is aged 29.981307692307723, hispanic and is leaving the simulation.
s08098 is aged 29.98830769230772, hispanic and is leaving the simulation.
s09181 is aged 29.989307692307722, hispanic and is leaving the simulation.
s09425 is aged 29.99430769230772, hispanic and is leaving the simulation.
s09442 is aged 29.987307692307724, hispanic and is leaving the simulation.
s10187 is aged 29.98230769230772, hispanic and is leaving the simulation.
s11056 is aged 29.995307692307723, otherNH and is leaving the simulation.

Agents who have aged to a new age group are being updated...
s00618 is 21.00753846153849 and has aged to age group 21to29.
s00666 is 21.01553846153849 and has aged to age group 21to29.
s00725 is 21.01253846153849 and has aged to age group 21to29.
s00734 is 21.017538461538493 and has aged to age group 21to29.
s00904 is 21.005538461538492 and has aged to age group 21to29.
s01431 is 21.00953846153849 and has aged to age group 21to29.
s03145 is 21.014538461538493 and has aged to age group 21to29.
s06986 is 21.017538461538493 and has aged to age group 21to29.
s07106 is 21.008538461538492 and has aged to age group 21to29.
s07651 is 21.003538461538493 and has aged to age group 21to29.
s07795 is 21.000538461538493 and has aged to age group 21to29.
s08010 is 21.017538461538493 and has aged to age group 21to29.
s08975 is 21.008538461538492 and has aged to age group 21to29.
s09519 is 21.011538461538493 and has aged to age group 21to29.
s09803 is 21.00153846153849 and has aged to age group 21to29.
s10904 is 21.01853846153849 and has aged to age group 21to29.
s11257 is 21.008538461538492 and has aged to age group 21to29.

New agents are being added to the simulation...
s12282 is age 16.0 and otherNH and is entering the model
s12283 is age 16.0 and whiteNH and is entering the model
s12284 is age 16.0 and hispanic and is entering the model
s12285 is age 16.0 and blackNH and is entering the model
s12286 is age 16.0 and hispanic and is entering the model
s12287 is age 16.0 and blackNH and is entering the model
s12288 is age 16.0 and otherNH and is entering the model
s12289 is age 16.0 and blackNH and is entering the model
s12290 is age 16.0 and hispanic and is entering the model
s12291 is age 16.0 and otherNH and is entering the model
s12292 is age 16.0 and hispanic and is entering the model
s12293 is age 16.0 and whiteNH and is entering the model
s12294 is age 16.0 and whiteNH and is entering the model
s12295 is age 16.0 and hispanic and is entering the model
s12296 is age 16.0 and hispanic and is entering the model
s12297 is age 16.0 and hispanic and is entering the model
s12298 is age 16.0 and blackNH and is entering the model
s12299 is age 16.0 and blackNH and is entering the model
s12300 is age 16.0 and hispanic and is entering the model
s12301 is age 16.0 and blackNH and is entering the model

Agents are attending venues and using apps for week 38 in simulation...


Epidemic Simulation
----------------------------
Simulation: 1/1
Timestep: 38/3640
Prevalence: 1880
Population Size: 11671
----------------------------
The ages, hiv status, and relationship status for the agents are being updated...
s09915 is hispanic, aged 23.33353846153849 in age group 21to29, with relationship status of 0 and is now HIV+.

Agents are being removed from the simulation...
s00030 is aged 29.993538461538492, whiteNH and is leaving the simulation.
s02501 is aged 29.982538461538493, whiteNH and is leaving the simulation.
s03147 is aged 29.988538461538493, whiteNH and is leaving the simulation.
s03269 is aged 29.999538461538492, whiteNH and is leaving the simulation.
s04169 is aged 29.98653846153849, blackNH and is leaving the simulation.
s04432 is aged 29.991538461538493, blackNH and is leaving the simulation.
s08103 is aged 29.997538461538493, hispanic and is leaving the simulation.
s08191 is aged 29.982538461538493, hispanic and is leaving the simulation.
s08198 is aged 29.990538461538492, hispanic and is leaving the simulation.
s09802 is aged 29.98453846153849, hispanic and is leaving the simulation.
s09837 is aged 29.99853846153849, hispanic and is leaving the simulation.
s10099 is aged 29.98353846153849, hispanic and is leaving the simulation.

Agents who have aged to a new age group are being updated...
s00085 is 21.018769230769262 and has aged to age group 21to29.
s00236 is 21.01476923076926 and has aged to age group 21to29.
s00445 is 21.01176923076926 and has aged to age group 21to29.
s00528 is 21.01476923076926 and has aged to age group 21to29.
s01969 is 21.00076923076926 and has aged to age group 21to29.
s02032 is 21.004769230769263 and has aged to age group 21to29.
s03511 is 21.007769230769263 and has aged to age group 21to29.
s03555 is 21.01776923076926 and has aged to age group 21to29.
s04283 is 21.00076923076926 and has aged to age group 21to29.
s05347 is 21.018769230769262 and has aged to age group 21to29.
s07553 is 21.016769230769263 and has aged to age group 21to29.
s07737 is 21.016769230769263 and has aged to age group 21to29.
s07745 is 21.00876923076926 and has aged to age group 21to29.
s08199 is 21.004769230769263 and has aged to age group 21to29.
s08514 is 21.00376923076926 and has aged to age group 21to29.
s08707 is 21.01776923076926 and has aged to age group 21to29.
s09487 is 21.018769230769262 and has aged to age group 21to29.
s09876 is 21.012769230769262 and has aged to age group 21to29.
s10263 is 21.013769230769263 and has aged to age group 21to29.
s10629 is 21.012769230769262 and has aged to age group 21to29.
s10716 is 21.00576923076926 and has aged to age group 21to29.
s11220 is 21.007769230769263 and has aged to age group 21to29.

New agents are being added to the simulation...
s12302 is age 16.0 and hispanic and is entering the model
s12303 is age 16.0 and otherNH and is entering the model
s12304 is age 16.0 and otherNH and is entering the model
s12305 is age 16.0 and blackNH and is entering the model
s12306 is age 16.0 and hispanic and is entering the model
s12307 is age 16.0 and whiteNH and is entering the model
s12308 is age 16.0 and hispanic and is entering the model
s12309 is age 16.0 and hispanic and is entering the model

Agents are attending venues and using apps for week 39 in simulation...


Epidemic Simulation
----------------------------
Simulation: 1/1
Timestep: 39/3640
Prevalence: 1886
Population Size: 11667
----------------------------
The ages, hiv status, and relationship status for the agents are being updated...
s00811 is whiteNH, aged 23.602769230769262 in age group 16to20, with relationship status of 0 and is now HIV+.
s01408 is whiteNH, aged 25.384769230769262 in age group 21to29, with relationship status of 0 and is now HIV+.
s06908 is hispanic, aged 21.365769230769263 in age group 21to29, with relationship status of 0 and is now HIV+.
s07645 is hispanic, aged 24.605769230769262 in age group 16to20, with relationship status of 0 and is now HIV+.
s09545 is hispanic, aged 28.263769230769263 in age group 21to29, with relationship status of 0 and is now HIV+.
s11965 is otherNH, aged 16.3846153846154 in age group 16to20, with relationship status of 0 and is now HIV+.

Agents are being removed from the simulation...
s00151 is aged 29.986769230769262, whiteNH and is leaving the simulation.
s00817 is aged 29.990769230769263, whiteNH and is leaving the simulation.
s02343 is aged 29.992769230769262, whiteNH and is leaving the simulation.
s03691 is aged 21.254769230769263, whiteNH and is leaving the simulation.
s04813 is aged 29.98276923076926, blackNH and is leaving the simulation.
s06117 is aged 29.984769230769263, blackNH and is leaving the simulation.
s06231 is aged 29.984769230769263, blackNH and is leaving the simulation.
s06308 is aged 29.993769230769264, blackNH and is leaving the simulation.
s07032 is aged 29.986769230769262, hispanic and is leaving the simulation.
s07072 is aged 29.981769230769263, hispanic and is leaving the simulation.
s07113 is aged 29.987769230769263, hispanic and is leaving the simulation.
s08940 is aged 29.980769230769262, hispanic and is leaving the simulation.
s09042 is aged 29.99776923076926, hispanic and is leaving the simulation.
s11458 is aged 29.984769230769263, otherNH and is leaving the simulation.
s11669 is aged 29.986769230769262, otherNH and is leaving the simulation.

Agents who have aged to a new age group are being updated...
s00961 is 21.013000000000034 and has aged to age group 21to29.
s01267 is 21.01700000000003 and has aged to age group 21to29.
s01800 is 21.00500000000003 and has aged to age group 21to29.
s03159 is 21.018000000000033 and has aged to age group 21to29.
s03428 is 21.006000000000032 and has aged to age group 21to29.
s04623 is 21.003000000000032 and has aged to age group 21to29.
s05441 is 21.001000000000033 and has aged to age group 21to29.
s05880 is 21.01700000000003 and has aged to age group 21to29.
s06064 is 21.009000000000032 and has aged to age group 21to29.
s07468 is 21.018000000000033 and has aged to age group 21to29.
s07764 is 21.000000000000032 and has aged to age group 21to29.
s08157 is 21.01100000000003 and has aged to age group 21to29.
s11454 is 21.018000000000033 and has aged to age group 21to29.

New agents are being added to the simulation...
s12310 is age 16.0 and blackNH and is entering the model
s12311 is age 16.0 and hispanic and is entering the model
s12312 is age 16.0 and hispanic and is entering the model
s12313 is age 16.0 and blackNH and is entering the model
s12314 is age 16.0 and otherNH and is entering the model
s12315 is age 16.0 and hispanic and is entering the model
s12316 is age 16.0 and blackNH and is entering the model
s12317 is age 16.0 and whiteNH and is entering the model
s12318 is age 16.0 and hispanic and is entering the model
s12319 is age 16.0 and hispanic and is entering the model
s12320 is age 16.0 and hispanic and is entering the model
s12321 is age 16.0 and otherNH and is entering the model
s12322 is age 16.0 and whiteNH and is entering the model
s12323 is age 16.0 and whiteNH and is entering the model
s12324 is age 16.0 and blackNH and is entering the model
s12325 is age 16.0 and whiteNH and is entering the model
s12326 is age 16.0 and blackNH and is entering the model
s12327 is age 16.0 and otherNH and is entering the model
s12328 is age 16.0 and otherNH and is entering the model
s12329 is age 16.0 and whiteNH and is entering the model
s12330 is age 16.0 and hispanic and is entering the model
s12331 is age 16.0 and whiteNH and is entering the model

Agents are attending venues and using apps for week 40 in simulation...


Epidemic Simulation
----------------------------
Simulation: 1/1
Timestep: 40/3640
Prevalence: 1884
Population Size: 11674
----------------------------
The ages, hiv status, and relationship status for the agents are being updated...
s05487 is blackNH, aged 20.30200000000003 in age group 21to29, with relationship status of 1 and is now HIV+.
s07746 is hispanic, aged 20.33600000000003 in age group 16to20, with relationship status of 1 and is now HIV+.

Agents are being removed from the simulation...
s01150 is aged 29.984000000000034, whiteNH and is leaving the simulation.
s01438 is aged 29.981000000000034, whiteNH and is leaving the simulation.
s02312 is aged 29.98200000000003, whiteNH and is leaving the simulation.
s02746 is aged 29.99600000000003, whiteNH and is leaving the simulation.
s02902 is aged 29.983000000000033, whiteNH and is leaving the simulation.
s04916 is aged 29.99600000000003, blackNH and is leaving the simulation.
s05406 is aged 29.99100000000003, blackNH and is leaving the simulation.
s06528 is aged 29.986000000000033, blackNH and is leaving the simulation.
s06564 is aged 29.984000000000034, blackNH and is leaving the simulation.
s07589 is aged 29.983000000000033, hispanic and is leaving the simulation.
s07811 is aged 29.99000000000003, hispanic and is leaving the simulation.
s08045 is aged 29.99100000000003, hispanic and is leaving the simulation.
s08848 is aged 29.981000000000034, hispanic and is leaving the simulation.
s09152 is aged 25.422000000000033, hispanic and is leaving the simulation.
s09395 is aged 29.99100000000003, hispanic and is leaving the simulation.
s09841 is aged 29.984000000000034, hispanic and is leaving the simulation.
s09850 is aged 29.984000000000034, hispanic and is leaving the simulation.
s10109 is aged 29.99600000000003, hispanic and is leaving the simulation.
s10225 is aged 29.995000000000033, hispanic and is leaving the simulation.

Agents who have aged to a new age group are being updated...
s00259 is 21.0122307692308 and has aged to age group 21to29.
s00717 is 21.0182307692308 and has aged to age group 21to29.
s03074 is 21.0062307692308 and has aged to age group 21to29.
s05761 is 21.016230769230802 and has aged to age group 21to29.
s06253 is 21.014230769230803 and has aged to age group 21to29.
s06504 is 21.013230769230802 and has aged to age group 21to29.
s07047 is 21.0062307692308 and has aged to age group 21to29.
s07066 is 21.017230769230803 and has aged to age group 21to29.
s07770 is 21.0092307692308 and has aged to age group 21to29.
s10167 is 21.0122307692308 and has aged to age group 21to29.
s11033 is 21.005230769230803 and has aged to age group 21to29.
s11569 is 21.0182307692308 and has aged to age group 21to29.

New agents are being added to the simulation...
s12332 is age 16.0 and hispanic and is entering the model
s12333 is age 16.0 and whiteNH and is entering the model
s12334 is age 16.0 and whiteNH and is entering the model
s12335 is age 16.0 and hispanic and is entering the model
s12336 is age 16.0 and whiteNH and is entering the model
s12337 is age 16.0 and whiteNH and is entering the model
s12338 is age 16.0 and otherNH and is entering the model
s12339 is age 16.0 and blackNH and is entering the model
s12340 is age 16.0 and whiteNH and is entering the model
s12341 is age 16.0 and whiteNH and is entering the model
s12342 is age 16.0 and whiteNH and is entering the model
s12343 is age 16.0 and hispanic and is entering the model

Agents are attending venues and using apps for week 41 in simulation...


Epidemic Simulation
----------------------------
Simulation: 1/1
Timestep: 41/3640
Prevalence: 1880
Population Size: 11667
----------------------------
The ages, hiv status, and relationship status for the agents are being updated...
s06090 is blackNH, aged 24.436230769230804 in age group 21to29, with relationship status of 0 and is now HIV+.

Agents are being removed from the simulation...
s00792 is aged 29.996230769230802, whiteNH and is leaving the simulation.
s01649 is aged 29.9982307692308, whiteNH and is leaving the simulation.
s01841 is aged 29.996230769230802, whiteNH and is leaving the simulation.
s01864 is aged 29.982230769230803, whiteNH and is leaving the simulation.
s02934 is aged 20.145230769230803, whiteNH and is leaving the simulation.
s03772 is aged 29.9952307692308, whiteNH and is leaving the simulation.
s04957 is aged 29.993230769230802, blackNH and is leaving the simulation.
s05039 is aged 29.999230769230802, blackNH and is leaving the simulation.
s05294 is aged 29.984230769230802, blackNH and is leaving the simulation.
s05596 is aged 29.984230769230802, blackNH and is leaving the simulation.
s06164 is aged 29.9832307692308, blackNH and is leaving the simulation.
s06229 is aged 29.990230769230802, blackNH and is leaving the simulation.
s06420 is aged 29.991230769230803, blackNH and is leaving the simulation.
s06480 is aged 29.990230769230802, blackNH and is leaving the simulation.
s08232 is aged 25.278230769230802, hispanic and is leaving the simulation.
s08333 is aged 29.9982307692308, hispanic and is leaving the simulation.
s09226 is aged 29.9982307692308, hispanic and is leaving the simulation.
s10189 is aged 29.993230769230802, hispanic and is leaving the simulation.
s10421 is aged 29.9862307692308, otherNH and is leaving the simulation.
s10457 is aged 29.9812307692308, otherNH and is leaving the simulation.
s11086 is aged 29.994230769230803, otherNH and is leaving the simulation.
s11477 is aged 29.993230769230802, otherNH and is leaving the simulation.

Agents who have aged to a new age group are being updated...
s01545 is 21.015461538461572 and has aged to age group 21to29.
s02600 is 21.012461538461572 and has aged to age group 21to29.
s02637 is 21.001461538461573 and has aged to age group 21to29.
s03112 is 21.010461538461573 and has aged to age group 21to29.
s03824 is 21.015461538461572 and has aged to age group 21to29.
s04102 is 21.003461538461572 and has aged to age group 21to29.
s06177 is 21.015461538461572 and has aged to age group 21to29.
s06251 is 21.01746153846157 and has aged to age group 21to29.
s06379 is 21.000461538461572 and has aged to age group 21to29.
s07128 is 21.01446153846157 and has aged to age group 21to29.
s07565 is 21.00246153846157 and has aged to age group 21to29.
s08615 is 21.015461538461572 and has aged to age group 21to29.
s08801 is 21.016461538461574 and has aged to age group 21to29.
s09108 is 21.016461538461574 and has aged to age group 21to29.
s09814 is 21.00246153846157 and has aged to age group 21to29.
s10198 is 21.012461538461572 and has aged to age group 21to29.

New agents are being added to the simulation...
s12344 is age 16.0 and whiteNH and is entering the model
s12345 is age 16.0 and blackNH and is entering the model
s12346 is age 16.0 and otherNH and is entering the model
s12347 is age 16.0 and blackNH and is entering the model
s12348 is age 16.0 and hispanic and is entering the model
s12349 is age 16.0 and blackNH and is entering the model
s12350 is age 16.0 and whiteNH and is entering the model
s12351 is age 16.0 and blackNH and is entering the model
s12352 is age 16.0 and blackNH and is entering the model
s12353 is age 16.0 and blackNH and is entering the model
s12354 is age 16.0 and whiteNH and is entering the model
s12355 is age 16.0 and whiteNH and is entering the model
s12356 is age 16.0 and whiteNH and is entering the model
s12357 is age 16.0 and hispanic and is entering the model
s12358 is age 16.0 and whiteNH and is entering the model
s12359 is age 16.0 and hispanic and is entering the model
s12360 is age 16.0 and hispanic and is entering the model
s12361 is age 16.0 and whiteNH and is entering the model
s12362 is age 16.0 and blackNH and is entering the model
s12363 is age 16.0 and hispanic and is entering the model
s12364 is age 16.0 and whiteNH and is entering the model
s12365 is age 16.0 and blackNH and is entering the model
s12366 is age 16.0 and blackNH and is entering the model
s12367 is age 16.0 and hispanic and is entering the model
s12368 is age 16.0 and whiteNH and is entering the model

Agents are attending venues and using apps for week 42 in simulation...


Epidemic Simulation
----------------------------
Simulation: 1/1
Timestep: 42/3640
Prevalence: 1879
Population Size: 11670
----------------------------
The ages, hiv status, and relationship status for the agents are being updated...
s04450 is blackNH, aged 17.254461538461573 in age group 16to20, with relationship status of 1 and is now HIV+.
s06214 is blackNH, aged 20.33946153846157 in age group 21to29, with relationship status of 1 and is now HIV+.
s07067 is hispanic, aged 17.771461538461573 in age group 16to20, with relationship status of 0 and is now HIV+.
s07350 is hispanic, aged 29.330461538461574 in age group 16to20, with relationship status of 0 and is now HIV+.

Agents are being removed from the simulation...
s00168 is aged 29.998461538461573, whiteNH and is leaving the simulation.
s01784 is aged 29.998461538461573, whiteNH and is leaving the simulation.
s02124 is aged 29.98546153846157, whiteNH and is leaving the simulation.
s02504 is aged 29.98246153846157, whiteNH and is leaving the simulation.
s03610 is aged 29.992461538461573, whiteNH and is leaving the simulation.
s04433 is aged 29.998461538461573, blackNH and is leaving the simulation.
s04903 is aged 29.99446153846157, blackNH and is leaving the simulation.
s05326 is aged 29.98846153846157, blackNH and is leaving the simulation.
s06001 is aged 29.987461538461574, blackNH and is leaving the simulation.
s07400 is aged 29.983461538461572, hispanic and is leaving the simulation.
s09572 is aged 29.99346153846157, hispanic and is leaving the simulation.
s10205 is aged 29.992461538461573, hispanic and is leaving the simulation.
s10955 is aged 29.99146153846157, otherNH and is leaving the simulation.
s11608 is aged 29.987461538461574, otherNH and is leaving the simulation.

Agents who have aged to a new age group are being updated...
s00835 is 21.000692307692344 and has aged to age group 21to29.
s01761 is 21.003692307692344 and has aged to age group 21to29.
s02206 is 21.009692307692344 and has aged to age group 21to29.
s02259 is 21.017692307692343 and has aged to age group 21to29.
s02633 is 21.000692307692344 and has aged to age group 21to29.
s03489 is 21.01869230769234 and has aged to age group 21to29.
s03682 is 21.01369230769234 and has aged to age group 21to29.
s05907 is 21.000692307692344 and has aged to age group 21to29.
s06310 is 21.005692307692343 and has aged to age group 21to29.
s11057 is 21.011692307692343 and has aged to age group 21to29.
s11237 is 21.000692307692344 and has aged to age group 21to29.

New agents are being added to the simulation...
s12369 is age 16.0 and hispanic and is entering the model
s12370 is age 16.0 and whiteNH and is entering the model
s12371 is age 16.0 and hispanic and is entering the model
s12372 is age 16.0 and blackNH and is entering the model
s12373 is age 16.0 and hispanic and is entering the model
s12374 is age 16.0 and otherNH and is entering the model
s12375 is age 16.0 and blackNH and is entering the model
s12376 is age 16.0 and whiteNH and is entering the model
s12377 is age 16.0 and whiteNH and is entering the model
s12378 is age 16.0 and hispanic and is entering the model
s12379 is age 16.0 and blackNH and is entering the model
s12380 is age 16.0 and whiteNH and is entering the model
s12381 is age 16.0 and hispanic and is entering the model
s12382 is age 16.0 and blackNH and is entering the model
s12383 is age 16.0 and whiteNH and is entering the model
s12384 is age 16.0 and whiteNH and is entering the model

Agents are attending venues and using apps for week 43 in simulation...


Epidemic Simulation
----------------------------
Simulation: 1/1
Timestep: 43/3640
Prevalence: 1882
Population Size: 11672
----------------------------
The ages, hiv status, and relationship status for the agents are being updated...
s03511 is whiteNH, aged 21.084692307692343 in age group 21to29, with relationship status of 0 and is now HIV+.
s05736 is blackNH, aged 17.081692307692343 in age group 21to29, with relationship status of 0 and is now HIV+.
s08707 is hispanic, aged 21.09469230769234 in age group 21to29, with relationship status of 0 and is now HIV+.
s09320 is hispanic, aged 18.494692307692343 in age group 21to29, with relationship status of 1 and is now HIV+.
s09797 is hispanic, aged 28.416692307692344 in age group 21to29, with relationship status of 0 and is now HIV+.
s11463 is otherNH, aged 25.112692307692342 in age group 21to29, with relationship status of 0 and is now HIV+.
s11709 is blackNH, aged 16.788461538461572 in age group 16to20, with relationship status of 0 and is now HIV+.
s12295 is hispanic, aged 16.09615384615385 in age group 16to20, with relationship status of 0 and is now HIV+.

Agents are being removed from the simulation...
s00711 is aged 29.996692307692342, whiteNH and is leaving the simulation.
s02061 is aged 29.98669230769234, whiteNH and is leaving the simulation.
s02372 is aged 29.999692307692342, whiteNH and is leaving the simulation.
s02531 is aged 29.997692307692343, whiteNH and is leaving the simulation.
s03768 is aged 29.99869230769234, whiteNH and is leaving the simulation.
s06261 is aged 29.98969230769234, blackNH and is leaving the simulation.
s06989 is aged 29.982692307692343, hispanic and is leaving the simulation.
s07299 is aged 29.999692307692342, hispanic and is leaving the simulation.
s09146 is aged 29.987692307692342, hispanic and is leaving the simulation.
s09321 is aged 29.99269230769234, hispanic and is leaving the simulation.
s09874 is aged 29.997692307692343, hispanic and is leaving the simulation.
s11104 is aged 29.987692307692342, otherNH and is leaving the simulation.
s11183 is aged 29.98169230769234, otherNH and is leaving the simulation.

Agents who have aged to a new age group are being updated...
s00654 is 21.009923076923112 and has aged to age group 21to29.
s02060 is 21.004923076923113 and has aged to age group 21to29.
s02092 is 21.004923076923113 and has aged to age group 21to29.
s03121 is 21.001923076923113 and has aged to age group 21to29.
s03692 is 21.006923076923112 and has aged to age group 21to29.
s04861 is 21.009923076923112 and has aged to age group 21to29.
s04881 is 21.009923076923112 and has aged to age group 21to29.
s05494 is 21.001923076923113 and has aged to age group 21to29.
s05546 is 21.00592307692311 and has aged to age group 21to29.
s07759 is 21.015923076923112 and has aged to age group 21to29.
s08551 is 21.01792307692311 and has aged to age group 21to29.
s08864 is 21.006923076923112 and has aged to age group 21to29.
s09431 is 21.016923076923113 and has aged to age group 21to29.
s09434 is 21.001923076923113 and has aged to age group 21to29.
s11133 is 21.001923076923113 and has aged to age group 21to29.
s11492 is 21.003923076923112 and has aged to age group 21to29.
s11577 is 21.018923076923112 and has aged to age group 21to29.

New agents are being added to the simulation...
s12385 is age 16.0 and whiteNH and is entering the model
s12386 is age 16.0 and whiteNH and is entering the model
s12387 is age 16.0 and blackNH and is entering the model
s12388 is age 16.0 and whiteNH and is entering the model
s12389 is age 16.0 and hispanic and is entering the model
s12390 is age 16.0 and hispanic and is entering the model
s12391 is age 16.0 and otherNH and is entering the model
s12392 is age 16.0 and otherNH and is entering the model
s12393 is age 16.0 and hispanic and is entering the model
s12394 is age 16.0 and hispanic and is entering the model
s12395 is age 16.0 and hispanic and is entering the model
s12396 is age 16.0 and whiteNH and is entering the model
s12397 is age 16.0 and whiteNH and is entering the model
s12398 is age 16.0 and whiteNH and is entering the model
s12399 is age 16.0 and hispanic and is entering the model
s12400 is age 16.0 and whiteNH and is entering the model
s12401 is age 16.0 and whiteNH and is entering the model
s12402 is age 16.0 and hispanic and is entering the model
s12403 is age 16.0 and blackNH and is entering the model
s12404 is age 16.0 and blackNH and is entering the model

Agents are attending venues and using apps for week 44 in simulation...


Epidemic Simulation
----------------------------
Simulation: 1/1
Timestep: 44/3640
Prevalence: 1883
Population Size: 11679
----------------------------
The ages, hiv status, and relationship status for the agents are being updated...
s04508 is blackNH, aged 18.306923076923113 in age group 16to20, with relationship status of 0 and is now HIV+.
s05853 is blackNH, aged 25.219923076923113 in age group 21to29, with relationship status of 1 and is now HIV+.

Agents are being removed from the simulation...
s00508 is aged 29.99492307692311, whiteNH and is leaving the simulation.
s00531 is aged 29.990923076923114, whiteNH and is leaving the simulation.
s01834 is aged 29.990923076923114, whiteNH and is leaving the simulation.
s02100 is aged 29.980923076923112, whiteNH and is leaving the simulation.
s02512 is aged 29.98592307692311, whiteNH and is leaving the simulation.
s02961 is aged 29.99492307692311, whiteNH and is leaving the simulation.
s02981 is aged 29.989923076923112, whiteNH and is leaving the simulation.
s04500 is aged 29.989923076923112, blackNH and is leaving the simulation.
s04560 is aged 29.984923076923113, blackNH and is leaving the simulation.
s04978 is aged 29.989923076923112, blackNH and is leaving the simulation.
s05840 is aged 29.98892307692311, blackNH and is leaving the simulation.
s05870 is aged 29.989923076923112, blackNH and is leaving the simulation.
s06029 is aged 29.99992307692311, blackNH and is leaving the simulation.
s07355 is aged 29.981923076923113, hispanic and is leaving the simulation.
s09278 is aged 29.983923076923112, hispanic and is leaving the simulation.
s10346 is aged 29.99992307692311, hispanic and is leaving the simulation.
s10964 is aged 29.987923076923114, otherNH and is leaving the simulation.
s11559 is aged 29.996923076923114, otherNH and is leaving the simulation.

Agents who have aged to a new age group are being updated...
s00905 is 21.015153846153883 and has aged to age group 21to29.
s01752 is 21.013153846153884 and has aged to age group 21to29.
s02109 is 21.001153846153883 and has aged to age group 21to29.
s02328 is 21.009153846153882 and has aged to age group 21to29.
s02944 is 21.000153846153882 and has aged to age group 21to29.
s03659 is 21.016153846153884 and has aged to age group 21to29.
s05114 is 21.006153846153882 and has aged to age group 21to29.
s06443 is 21.00215384615388 and has aged to age group 21to29.
s06824 is 21.004153846153883 and has aged to age group 21to29.
s08152 is 21.007153846153884 and has aged to age group 21to29.
s08714 is 21.01415384615388 and has aged to age group 21to29.
s10993 is 21.013153846153884 and has aged to age group 21to29.
s11201 is 21.013153846153884 and has aged to age group 21to29.
s11498 is 21.00215384615388 and has aged to age group 21to29.

New agents are being added to the simulation...
s12405 is age 16.0 and hispanic and is entering the model
s12406 is age 16.0 and whiteNH and is entering the model
s12407 is age 16.0 and whiteNH and is entering the model
s12408 is age 16.0 and blackNH and is entering the model
s12409 is age 16.0 and otherNH and is entering the model
s12410 is age 16.0 and blackNH and is entering the model
s12411 is age 16.0 and blackNH and is entering the model
s12412 is age 16.0 and blackNH and is entering the model
s12413 is age 16.0 and hispanic and is entering the model
s12414 is age 16.0 and whiteNH and is entering the model
s12415 is age 16.0 and hispanic and is entering the model
s12416 is age 16.0 and otherNH and is entering the model
s12417 is age 16.0 and hispanic and is entering the model
s12418 is age 16.0 and blackNH and is entering the model
s12419 is age 16.0 and hispanic and is entering the model
s12420 is age 16.0 and hispanic and is entering the model
s12421 is age 16.0 and blackNH and is entering the model
s12422 is age 16.0 and whiteNH and is entering the model

Agents are attending venues and using apps for week 45 in simulation...


Epidemic Simulation
----------------------------
Simulation: 1/1
Timestep: 45/3640
Prevalence: 1882
Population Size: 11679
----------------------------
The ages, hiv status, and relationship status for the agents are being updated...
s10129 is hispanic, aged 26.311153846153882 in age group 21to29, with relationship status of 0 and is now HIV+.
s11014 is otherNH, aged 16.972153846153883 in age group 21to29, with relationship status of 0 and is now HIV+.

Agents are being removed from the simulation...
s01368 is aged 29.981153846153884, whiteNH and is leaving the simulation.
s01878 is aged 29.989153846153883, whiteNH and is leaving the simulation.
s02894 is aged 29.99315384615388, whiteNH and is leaving the simulation.
s02898 is aged 29.986153846153883, whiteNH and is leaving the simulation.
s03185 is aged 29.981153846153884, whiteNH and is leaving the simulation.
s04036 is aged 29.995153846153883, blackNH and is leaving the simulation.
s05599 is aged 29.98215384615388, blackNH and is leaving the simulation.
s06237 is aged 29.994153846153882, blackNH and is leaving the simulation.
s06759 is aged 29.99615384615388, blackNH and is leaving the simulation.
s06790 is aged 29.991153846153882, blackNH and is leaving the simulation.
s06973 is aged 29.983153846153883, hispanic and is leaving the simulation.
s07640 is aged 29.99915384615388, hispanic and is leaving the simulation.
s07843 is aged 29.99915384615388, hispanic and is leaving the simulation.
s07852 is aged 29.981153846153884, hispanic and is leaving the simulation.
s07967 is aged 29.994153846153882, hispanic and is leaving the simulation.
s08578 is aged 29.997153846153882, hispanic and is leaving the simulation.
s09859 is aged 29.99315384615388, hispanic and is leaving the simulation.

Agents who have aged to a new age group are being updated...
s00430 is 21.013384615384652 and has aged to age group 21to29.
s01329 is 21.00638461538465 and has aged to age group 21to29.
s02393 is 21.00738461538465 and has aged to age group 21to29.
s03069 is 21.016384615384652 and has aged to age group 21to29.
s04243 is 21.01838461538465 and has aged to age group 21to29.
s04545 is 21.00438461538465 and has aged to age group 21to29.
s04704 is 21.011384615384653 and has aged to age group 21to29.
s06125 is 21.017384615384653 and has aged to age group 21to29.
s06171 is 21.000384615384654 and has aged to age group 21to29.
s06553 is 21.014384615384653 and has aged to age group 21to29.
s08332 is 21.008384615384653 and has aged to age group 21to29.
s08868 is 21.017384615384653 and has aged to age group 21to29.
s10383 is 21.00638461538465 and has aged to age group 21to29.
s11063 is 21.000384615384654 and has aged to age group 21to29.
s11525 is 21.00738461538465 and has aged to age group 21to29.

New agents are being added to the simulation...
s12423 is age 16.0 and blackNH and is entering the model
s12424 is age 16.0 and whiteNH and is entering the model
s12425 is age 16.0 and hispanic and is entering the model
s12426 is age 16.0 and hispanic and is entering the model
s12427 is age 16.0 and blackNH and is entering the model
s12428 is age 16.0 and whiteNH and is entering the model
s12429 is age 16.0 and blackNH and is entering the model
s12430 is age 16.0 and blackNH and is entering the model
s12431 is age 16.0 and hispanic and is entering the model
s12432 is age 16.0 and whiteNH and is entering the model
s12433 is age 16.0 and whiteNH and is entering the model
s12434 is age 16.0 and otherNH and is entering the model

Agents are attending venues and using apps for week 46 in simulation...


Epidemic Simulation
----------------------------
Simulation: 1/1
Timestep: 46/3640
Prevalence: 1887
Population Size: 11674
----------------------------
The ages, hiv status, and relationship status for the agents are being updated...
s04749 is blackNH, aged 20.958384615384652 in age group 16to20, with relationship status of 0 and is now HIV+.
s05078 is blackNH, aged 26.869384615384654 in age group 21to29, with relationship status of 1 and is now HIV+.
s06226 is blackNH, aged 17.493384615384652 in age group 21to29, with relationship status of 1 and is now HIV+.
s06549 is blackNH, aged 28.366384615384654 in age group 21to29, with relationship status of 1 and is now HIV+.
s07673 is hispanic, aged 29.549384615384653 in age group 16to20, with relationship status of 1 and is now HIV+.

Agents are being removed from the simulation...
s00122 is aged 29.991384615384654, whiteNH and is leaving the simulation.
s00169 is aged 29.98938461538465, whiteNH and is leaving the simulation.
s00688 is aged 29.991384615384654, whiteNH and is leaving the simulation.
s01293 is aged 29.991384615384654, whiteNH and is leaving the simulation.
s01320 is aged 29.988384615384653, whiteNH and is leaving the simulation.
s01884 is aged 29.98338461538465, whiteNH and is leaving the simulation.
s02433 is aged 29.996384615384653, whiteNH and is leaving the simulation.
s02771 is aged 29.99538461538465, whiteNH and is leaving the simulation.
s03104 is aged 29.984384615384652, whiteNH and is leaving the simulation.
s03232 is aged 29.99838461538465, whiteNH and is leaving the simulation.
s03382 is aged 29.988384615384653, whiteNH and is leaving the simulation.
s03835 is aged 29.993384615384652, blackNH and is leaving the simulation.
s03927 is aged 29.990384615384652, blackNH and is leaving the simulation.
s04046 is aged 29.990384615384652, blackNH and is leaving the simulation.
s06539 is aged 29.994384615384654, blackNH and is leaving the simulation.
s08012 is aged 29.990384615384652, hispanic and is leaving the simulation.
s09659 is aged 29.98338461538465, hispanic and is leaving the simulation.
s10891 is aged 29.98338461538465, otherNH and is leaving the simulation.
s10997 is aged 29.981384615384652, otherNH and is leaving the simulation.

Agents who have aged to a new age group are being updated...
s00540 is 21.003615384615422 and has aged to age group 21to29.
s02128 is 21.009615384615422 and has aged to age group 21to29.
s02288 is 21.001615384615423 and has aged to age group 21to29.
s02756 is 21.018615384615423 and has aged to age group 21to29.
s03657 is 21.016615384615424 and has aged to age group 21to29.
s04775 is 21.00261538461542 and has aged to age group 21to29.
s05474 is 21.000615384615422 and has aged to age group 21to29.
s05633 is 21.009615384615422 and has aged to age group 21to29.
s06491 is 21.003615384615422 and has aged to age group 21to29.
s07217 is 21.007615384615423 and has aged to age group 21to29.
s07636 is 21.010615384615424 and has aged to age group 21to29.
s07780 is 21.012615384615422 and has aged to age group 21to29.
s07935 is 21.00261538461542 and has aged to age group 21to29.
s07988 is 21.007615384615423 and has aged to age group 21to29.
s08093 is 21.004615384615423 and has aged to age group 21to29.
s08410 is 21.007615384615423 and has aged to age group 21to29.
s08852 is 21.012615384615422 and has aged to age group 21to29.
s09038 is 21.013615384615424 and has aged to age group 21to29.
s09869 is 21.016615384615424 and has aged to age group 21to29.
s10506 is 21.00561538461542 and has aged to age group 21to29.
s11065 is 21.009615384615422 and has aged to age group 21to29.

New agents are being added to the simulation...
s12435 is age 16.0 and hispanic and is entering the model
s12436 is age 16.0 and whiteNH and is entering the model
s12437 is age 16.0 and hispanic and is entering the model
s12438 is age 16.0 and blackNH and is entering the model
s12439 is age 16.0 and otherNH and is entering the model
s12440 is age 16.0 and hispanic and is entering the model
s12441 is age 16.0 and whiteNH and is entering the model
s12442 is age 16.0 and whiteNH and is entering the model
s12443 is age 16.0 and whiteNH and is entering the model
s12444 is age 16.0 and blackNH and is entering the model
s12445 is age 16.0 and otherNH and is entering the model
s12446 is age 16.0 and hispanic and is entering the model
s12447 is age 16.0 and blackNH and is entering the model
s12448 is age 16.0 and hispanic and is entering the model
s12449 is age 16.0 and blackNH and is entering the model
s12450 is age 16.0 and blackNH and is entering the model
s12451 is age 16.0 and blackNH and is entering the model

Agents are attending venues and using apps for week 47 in simulation...


Epidemic Simulation
----------------------------
Simulation: 1/1
Timestep: 47/3640
Prevalence: 1888
Population Size: 11672
----------------------------
The ages, hiv status, and relationship status for the agents are being updated...
s06309 is blackNH, aged 17.01461538461542 in age group 21to29, with relationship status of 0 and is now HIV+.
s09551 is hispanic, aged 27.759615384615422 in age group 21to29, with relationship status of 0 and is now HIV+.

Agents are being removed from the simulation...
s00145 is aged 29.984615384615424, whiteNH and is leaving the simulation.
s00356 is aged 29.98261538461542, whiteNH and is leaving the simulation.
s00656 is aged 29.987615384615424, whiteNH and is leaving the simulation.
s01334 is aged 29.987615384615424, whiteNH and is leaving the simulation.
s01928 is aged 29.989615384615423, whiteNH and is leaving the simulation.
s02293 is aged 29.984615384615424, whiteNH and is leaving the simulation.
s04029 is aged 29.98261538461542, blackNH and is leaving the simulation.
s06314 is aged 29.99661538461542, blackNH and is leaving the simulation.
s07130 is aged 29.992615384615423, hispanic and is leaving the simulation.
s07788 is aged 29.998615384615423, hispanic and is leaving the simulation.
s08426 is aged 29.983615384615423, hispanic and is leaving the simulation.
s08681 is aged 29.992615384615423, hispanic and is leaving the simulation.
s08893 is aged 29.990615384615424, hispanic and is leaving the simulation.
s09205 is aged 29.990615384615424, hispanic and is leaving the simulation.
s09384 is aged 29.998615384615423, hispanic and is leaving the simulation.
s10719 is aged 29.986615384615423, otherNH and is leaving the simulation.

Agents who have aged to a new age group are being updated...
s01332 is 21.01084615384619 and has aged to age group 21to29.
s01826 is 21.005846153846193 and has aged to age group 21to29.
s01940 is 21.000846153846194 and has aged to age group 21to29.
s02553 is 21.000846153846194 and has aged to age group 21to29.
s02868 is 21.01584615384619 and has aged to age group 21to29.
s03123 is 21.012846153846194 and has aged to age group 21to29.
s03174 is 21.014846153846193 and has aged to age group 21to29.
s03470 is 21.01584615384619 and has aged to age group 21to29.
s04048 is 21.014846153846193 and has aged to age group 21to29.
s04172 is 21.013846153846192 and has aged to age group 21to29.
s05699 is 21.00784615384619 and has aged to age group 21to29.
s06188 is 21.011846153846193 and has aged to age group 21to29.
s06629 is 21.012846153846194 and has aged to age group 21to29.
s06666 is 21.000846153846194 and has aged to age group 21to29.
s06836 is 21.003846153846194 and has aged to age group 21to29.
s06990 is 21.00484615384619 and has aged to age group 21to29.
s09583 is 21.01084615384619 and has aged to age group 21to29.
s09771 is 21.000846153846194 and has aged to age group 21to29.
s10444 is 21.013846153846192 and has aged to age group 21to29.

New agents are being added to the simulation...
s12452 is age 16.0 and whiteNH and is entering the model
s12453 is age 16.0 and otherNH and is entering the model
s12454 is age 16.0 and whiteNH and is entering the model
s12455 is age 16.0 and hispanic and is entering the model
s12456 is age 16.0 and hispanic and is entering the model
s12457 is age 16.0 and hispanic and is entering the model
s12458 is age 16.0 and hispanic and is entering the model
s12459 is age 16.0 and blackNH and is entering the model
s12460 is age 16.0 and blackNH and is entering the model
s12461 is age 16.0 and blackNH and is entering the model
s12462 is age 16.0 and hispanic and is entering the model
s12463 is age 16.0 and whiteNH and is entering the model
s12464 is age 16.0 and otherNH and is entering the model
s12465 is age 16.0 and hispanic and is entering the model
s12466 is age 16.0 and blackNH and is entering the model
s12467 is age 16.0 and whiteNH and is entering the model
s12468 is age 16.0 and whiteNH and is entering the model
s12469 is age 16.0 and blackNH and is entering the model
s12470 is age 16.0 and whiteNH and is entering the model
s12471 is age 16.0 and hispanic and is entering the model
s12472 is age 16.0 and whiteNH and is entering the model
s12473 is age 16.0 and blackNH and is entering the model
s12474 is age 16.0 and hispanic and is entering the model
s12475 is age 16.0 and blackNH and is entering the model

Agents are attending venues and using apps for week 48 in simulation...


Epidemic Simulation
----------------------------
Simulation: 1/1
Timestep: 48/3640
Prevalence: 1887
Population Size: 11680
----------------------------
The ages, hiv status, and relationship status for the agents are being updated...
s12328 is otherNH, aged 16.15384615384616 in age group 16to20, with relationship status of 0 and is now HIV+.

Agents are being removed from the simulation...
s00159 is aged 29.981846153846192, whiteNH and is leaving the simulation.
s00745 is aged 29.98384615384619, whiteNH and is leaving the simulation.
s02472 is aged 29.99884615384619, whiteNH and is leaving the simulation.
s02598 is aged 29.991846153846193, whiteNH and is leaving the simulation.
s03933 is aged 29.981846153846192, blackNH and is leaving the simulation.
s04259 is aged 29.997846153846194, blackNH and is leaving the simulation.
s04372 is aged 28.55384615384619, blackNH and is leaving the simulation.
s04555 is aged 29.997846153846194, blackNH and is leaving the simulation.
s04567 is aged 29.99284615384619, blackNH and is leaving the simulation.
s04892 is aged 29.993846153846192, blackNH and is leaving the simulation.
s05889 is aged 29.987846153846192, blackNH and is leaving the simulation.
s06174 is aged 29.994846153846193, blackNH and is leaving the simulation.
s06747 is aged 29.98984615384619, blackNH and is leaving the simulation.
s07639 is aged 29.991846153846193, hispanic and is leaving the simulation.
s07696 is aged 29.99284615384619, hispanic and is leaving the simulation.
s08845 is aged 29.996846153846192, hispanic and is leaving the simulation.
s09345 is aged 29.997846153846194, hispanic and is leaving the simulation.
s10378 is aged 29.98384615384619, hispanic and is leaving the simulation.
s10572 is aged 29.996846153846192, otherNH and is leaving the simulation.
s10637 is aged 29.993846153846192, otherNH and is leaving the simulation.
s11117 is aged 29.981846153846192, otherNH and is leaving the simulation.

Agents who have aged to a new age group are being updated...
s01971 is 21.002076923076963 and has aged to age group 21to29.
s02070 is 21.005076923076963 and has aged to age group 21to29.
s02172 is 21.013076923076962 and has aged to age group 21to29.
s02207 is 21.002076923076963 and has aged to age group 21to29.
s03163 is 21.010076923076962 and has aged to age group 21to29.
s03740 is 21.011076923076963 and has aged to age group 21to29.
s04323 is 21.013076923076962 and has aged to age group 21to29.
s04563 is 21.001076923076962 and has aged to age group 21to29.
s04661 is 21.002076923076963 and has aged to age group 21to29.
s04749 is 21.016076923076962 and has aged to age group 21to29.
s05984 is 21.014076923076964 and has aged to age group 21to29.
s06264 is 21.017076923076964 and has aged to age group 21to29.
s07060 is 21.001076923076962 and has aged to age group 21to29.
s07150 is 21.00907692307696 and has aged to age group 21to29.
s07382 is 21.000076923076964 and has aged to age group 21to29.
s08614 is 21.000076923076964 and has aged to age group 21to29.
s08976 is 21.00607692307696 and has aged to age group 21to29.
s09062 is 21.007076923076962 and has aged to age group 21to29.
s09719 is 21.016076923076962 and has aged to age group 21to29.
s10102 is 21.010076923076962 and has aged to age group 21to29.
s11507 is 21.010076923076962 and has aged to age group 21to29.
s11596 is 21.014076923076964 and has aged to age group 21to29.

New agents are being added to the simulation...
s12476 is age 16.0 and otherNH and is entering the model
s12477 is age 16.0 and whiteNH and is entering the model
s12478 is age 16.0 and blackNH and is entering the model
s12479 is age 16.0 and blackNH and is entering the model
s12480 is age 16.0 and whiteNH and is entering the model
s12481 is age 16.0 and otherNH and is entering the model
s12482 is age 16.0 and hispanic and is entering the model
s12483 is age 16.0 and whiteNH and is entering the model
s12484 is age 16.0 and whiteNH and is entering the model
s12485 is age 16.0 and whiteNH and is entering the model
s12486 is age 16.0 and hispanic and is entering the model

Agents are attending venues and using apps for week 49 in simulation...


Epidemic Simulation
----------------------------
Simulation: 1/1
Timestep: 49/3640
Prevalence: 1886
Population Size: 11670
----------------------------
The ages, hiv status, and relationship status for the agents are being updated...
s04591 is blackNH, aged 19.069076923076963 in age group 16to20, with relationship status of 1 and is now HIV+.
s05256 is blackNH, aged 18.883076923076963 in age group 21to29, with relationship status of 1 and is now HIV+.
s10436 is otherNH, aged 26.18407692307696 in age group 16to20, with relationship status of 0 and is now HIV+.

Agents are being removed from the simulation...
s00880 is aged 29.99807692307696, whiteNH and is leaving the simulation.
s02407 is aged 29.985076923076964, whiteNH and is leaving the simulation.
s02849 is aged 25.392076923076964, whiteNH and is leaving the simulation.
s03645 is aged 29.98307692307696, whiteNH and is leaving the simulation.
s03944 is aged 29.993076923076963, blackNH and is leaving the simulation.
s04156 is aged 29.985076923076964, blackNH and is leaving the simulation.
s04362 is aged 29.985076923076964, blackNH and is leaving the simulation.
s05485 is aged 29.988076923076964, blackNH and is leaving the simulation.
s06234 is aged 29.982076923076963, blackNH and is leaving the simulation.
s06483 is aged 29.991076923076964, blackNH and is leaving the simulation.
s06609 is aged 29.988076923076964, blackNH and is leaving the simulation.
s06621 is aged 29.99807692307696, blackNH and is leaving the simulation.
s08063 is aged 29.981076923076962, hispanic and is leaving the simulation.
s08266 is aged 29.985076923076964, hispanic and is leaving the simulation.
s10117 is aged 29.994076923076964, hispanic and is leaving the simulation.
s11194 is aged 29.98307692307696, otherNH and is leaving the simulation.
s11505 is aged 29.99807692307696, otherNH and is leaving the simulation.

Agents who have aged to a new age group are being updated...
s00180 is 21.018307692307733 and has aged to age group 21to29.
s03728 is 21.015307692307733 and has aged to age group 21to29.
s03828 is 21.009307692307733 and has aged to age group 21to29.
s03998 is 21.010307692307734 and has aged to age group 21to29.
s05231 is 21.009307692307733 and has aged to age group 21to29.
s05420 is 21.018307692307733 and has aged to age group 21to29.
s05542 is 21.010307692307734 and has aged to age group 21to29.
s05725 is 21.018307692307733 and has aged to age group 21to29.
s06084 is 21.012307692307733 and has aged to age group 21to29.
s06984 is 21.010307692307734 and has aged to age group 21to29.
s07326 is 21.009307692307733 and has aged to age group 21to29.
s07517 is 21.00830769230773 and has aged to age group 21to29.
s08016 is 21.012307692307733 and has aged to age group 21to29.
s08631 is 21.007307692307734 and has aged to age group 21to29.
s08785 is 21.004307692307734 and has aged to age group 21to29.
s09106 is 21.01430769230773 and has aged to age group 21to29.
s09725 is 21.007307692307734 and has aged to age group 21to29.
s09823 is 21.001307692307734 and has aged to age group 21to29.
s11168 is 21.00230769230773 and has aged to age group 21to29.

New agents are being added to the simulation...
s12487 is age 16.0 and whiteNH and is entering the model
s12488 is age 16.0 and hispanic and is entering the model
s12489 is age 16.0 and hispanic and is entering the model
s12490 is age 16.0 and whiteNH and is entering the model
s12491 is age 16.0 and whiteNH and is entering the model
s12492 is age 16.0 and hispanic and is entering the model
s12493 is age 16.0 and whiteNH and is entering the model
s12494 is age 16.0 and blackNH and is entering the model
s12495 is age 16.0 and hispanic and is entering the model
s12496 is age 16.0 and whiteNH and is entering the model
s12497 is age 16.0 and otherNH and is entering the model
s12498 is age 16.0 and blackNH and is entering the model
s12499 is age 16.0 and blackNH and is entering the model
s12500 is age 16.0 and whiteNH and is entering the model
s12501 is age 16.0 and whiteNH and is entering the model
s12502 is age 16.0 and hispanic and is entering the model
s12503 is age 16.0 and blackNH and is entering the model
s12504 is age 16.0 and whiteNH and is entering the model
s12505 is age 16.0 and whiteNH and is entering the model
s12506 is age 16.0 and hispanic and is entering the model
s12507 is age 16.0 and otherNH and is entering the model
s12508 is age 16.0 and whiteNH and is entering the model

Agents are attending venues and using apps for week 50 in simulation...


Epidemic Simulation
----------------------------
Simulation: 1/1
Timestep: 50/3640
Prevalence: 1889
Population Size: 11675
----------------------------
The ages, hiv status, and relationship status for the agents are being updated...
s02391 is whiteNH, aged 26.728307692307734 in age group 21to29, with relationship status of 0 and is now HIV+.
s03998 is blackNH, aged 21.010307692307734 in age group 21to29, with relationship status of 1 and is now HIV+.
s04020 is blackNH, aged 22.536307692307734 in age group 16to20, with relationship status of 0 and is now HIV+.
s04906 is blackNH, aged 22.189307692307732 in age group 21to29, with relationship status of 0 and is now HIV+.
s05181 is blackNH, aged 17.931307692307733 in age group 21to29, with relationship status of 1 and is now HIV+.
s09495 is hispanic, aged 26.82230769230773 in age group 21to29, with relationship status of 0 and is now HIV+.

Agents are being removed from the simulation...
s00038 is aged 29.99930769230773, whiteNH and is leaving the simulation.
s01377 is aged 29.986307692307733, whiteNH and is leaving the simulation.
s02358 is aged 29.99330769230773, whiteNH and is leaving the simulation.
s02730 is aged 29.988307692307732, whiteNH and is leaving the simulation.
s03175 is aged 29.997307692307732, whiteNH and is leaving the simulation.
s04310 is aged 29.988307692307732, blackNH and is leaving the simulation.
s04532 is aged 29.98530769230773, blackNH and is leaving the simulation.
s04634 is aged 29.984307692307734, blackNH and is leaving the simulation.
s04663 is aged 29.986307692307733, blackNH and is leaving the simulation.
s05804 is aged 29.998307692307733, blackNH and is leaving the simulation.
s05837 is aged 29.99930769230773, blackNH and is leaving the simulation.
s05896 is aged 29.998307692307733, blackNH and is leaving the simulation.
s07103 is aged 29.995307692307733, hispanic and is leaving the simulation.
s07320 is aged 29.988307692307732, hispanic and is leaving the simulation.
s07333 is aged 29.99030769230773, hispanic and is leaving the simulation.
s08242 is aged 29.98230769230773, hispanic and is leaving the simulation.
s08397 is aged 29.991307692307732, hispanic and is leaving the simulation.
s11171 is aged 29.99030769230773, otherNH and is leaving the simulation.

Agents who have aged to a new age group are being updated...
s02741 is 21.014538461538503 and has aged to age group 21to29.
s03685 is 21.000538461538504 and has aged to age group 21to29.
s05351 is 21.008538461538503 and has aged to age group 21to29.
s05514 is 21.003538461538504 and has aged to age group 21to29.
s05900 is 21.007538461538502 and has aged to age group 21to29.
s06079 is 21.006538461538504 and has aged to age group 21to29.
s06464 is 21.011538461538503 and has aged to age group 21to29.
s07940 is 21.0185384615385 and has aged to age group 21to29.
s08287 is 21.007538461538502 and has aged to age group 21to29.
s11387 is 21.005538461538503 and has aged to age group 21to29.

New agents are being added to the simulation...
s12509 is age 16.0 and otherNH and is entering the model
s12510 is age 16.0 and blackNH and is entering the model
s12511 is age 16.0 and blackNH and is entering the model
s12512 is age 16.0 and hispanic and is entering the model
s12513 is age 16.0 and whiteNH and is entering the model
s12514 is age 16.0 and whiteNH and is entering the model
s12515 is age 16.0 and hispanic and is entering the model
s12516 is age 16.0 and whiteNH and is entering the model
s12517 is age 16.0 and otherNH and is entering the model
s12518 is age 16.0 and otherNH and is entering the model
s12519 is age 16.0 and hispanic and is entering the model
s12520 is age 16.0 and whiteNH and is entering the model
s12521 is age 16.0 and hispanic and is entering the model
s12522 is age 16.0 and otherNH and is entering the model
s12523 is age 16.0 and hispanic and is entering the model
s12524 is age 16.0 and hispanic and is entering the model
s12525 is age 16.0 and blackNH and is entering the model
s12526 is age 16.0 and whiteNH and is entering the model
s12527 is age 16.0 and whiteNH and is entering the model
s12528 is age 16.0 and blackNH and is entering the model

Agents are attending venues and using apps for week 51 in simulation...


Epidemic Simulation
----------------------------
Simulation: 1/1
Timestep: 51/3640
Prevalence: 1886
Population Size: 11677
----------------------------
The ages, hiv status, and relationship status for the agents are being updated...
s05836 is blackNH, aged 29.543538461538503 in age group 21to29, with relationship status of 0 and is now HIV+.
s07068 is hispanic, aged 27.1725384615385 in age group 16to20, with relationship status of 0 and is now HIV+.
s11906 is whiteNH, aged 16.692307692307722 in age group 16to20, with relationship status of 0 and is now HIV+.

Agents are being removed from the simulation...
s00189 is aged 29.9865384615385, whiteNH and is leaving the simulation.
s00477 is aged 29.996538461538503, whiteNH and is leaving the simulation.
s00941 is aged 29.9835384615385, whiteNH and is leaving the simulation.
s01168 is aged 29.997538461538504, whiteNH and is leaving the simulation.
s01199 is aged 29.9835384615385, whiteNH and is leaving the simulation.
s02250 is aged 29.981538461538502, whiteNH and is leaving the simulation.
s03440 is aged 29.991538461538504, whiteNH and is leaving the simulation.
s03553 is aged 29.9955384615385, whiteNH and is leaving the simulation.
s03881 is aged 29.991538461538504, blackNH and is leaving the simulation.
s04946 is aged 29.991538461538504, blackNH and is leaving the simulation.
s05354 is aged 29.999538461538503, blackNH and is leaving the simulation.
s06344 is aged 29.984538461538502, blackNH and is leaving the simulation.
s07809 is aged 29.988538461538504, hispanic and is leaving the simulation.
s08382 is aged 29.9955384615385, hispanic and is leaving the simulation.
s09177 is aged 29.9865384615385, hispanic and is leaving the simulation.
s10073 is aged 29.982538461538503, hispanic and is leaving the simulation.
s10494 is aged 29.999538461538503, otherNH and is leaving the simulation.
s10607 is aged 29.999538461538503, otherNH and is leaving the simulation.
s11202 is aged 29.981538461538502, otherNH and is leaving the simulation.
s11659 is aged 29.9985384615385, otherNH and is leaving the simulation.

Agents who have aged to a new age group are being updated...
s00354 is 21.001769230769273 and has aged to age group 21to29.
s00733 is 21.01176923076927 and has aged to age group 21to29.
s01706 is 21.007769230769274 and has aged to age group 21to29.
s02108 is 21.01476923076927 and has aged to age group 21to29.
s02295 is 21.00876923076927 and has aged to age group 21to29.
s03020 is 21.000769230769272 and has aged to age group 21to29.
s03716 is 21.00876923076927 and has aged to age group 21to29.
s03761 is 21.010769230769274 and has aged to age group 21to29.
s05142 is 21.01176923076927 and has aged to age group 21to29.
s05158 is 21.007769230769274 and has aged to age group 21to29.
s05940 is 21.004769230769273 and has aged to age group 21to29.
s06847 is 21.013769230769274 and has aged to age group 21to29.
s07215 is 21.001769230769273 and has aged to age group 21to29.
s07344 is 21.016769230769274 and has aged to age group 21to29.
s07406 is 21.006769230769272 and has aged to age group 21to29.
s08079 is 21.010769230769274 and has aged to age group 21to29.
s09388 is 21.007769230769274 and has aged to age group 21to29.
s10513 is 21.01176923076927 and has aged to age group 21to29.
s11502 is 21.00576923076927 and has aged to age group 21to29.
s11627 is 21.00276923076927 and has aged to age group 21to29.

New agents are being added to the simulation...
s12529 is age 16.0 and blackNH and is entering the model
s12530 is age 16.0 and whiteNH and is entering the model
s12531 is age 16.0 and whiteNH and is entering the model
s12532 is age 16.0 and blackNH and is entering the model
s12533 is age 16.0 and whiteNH and is entering the model
s12534 is age 16.0 and blackNH and is entering the model
s12535 is age 16.0 and hispanic and is entering the model
s12536 is age 16.0 and blackNH and is entering the model
s12537 is age 16.0 and whiteNH and is entering the model
s12538 is age 16.0 and hispanic and is entering the model
s12539 is age 16.0 and whiteNH and is entering the model
s12540 is age 16.0 and hispanic and is entering the model
s12541 is age 16.0 and whiteNH and is entering the model
s12542 is age 16.0 and whiteNH and is entering the model
s12543 is age 16.0 and whiteNH and is entering the model

Agents are attending venues and using apps for week 52 in simulation...


Epidemic Simulation
----------------------------
Simulation: 1/1
Timestep: 52/3640
Prevalence: 1887
Population Size: 11672
----------------------------
The ages, hiv status, and relationship status for the agents are being updated...
s04664 is blackNH, aged 20.949769230769274 in age group 16to20, with relationship status of 1 and is now HIV+.
s06345 is blackNH, aged 24.192769230769272 in age group 21to29, with relationship status of 0 and is now HIV+.
s06365 is blackNH, aged 26.426769230769274 in age group 21to29, with relationship status of 0 and is now HIV+.
s09910 is hispanic, aged 26.041769230769273 in age group 21to29, with relationship status of 0 and is now HIV+.
s10518 is otherNH, aged 21.67776923076927 in age group 21to29, with relationship status of 0 and is now HIV+.

Agents are being removed from the simulation...
s00008 is aged 29.998769230769273, whiteNH and is leaving the simulation.
s00579 is aged 29.993769230769274, whiteNH and is leaving the simulation.
s01207 is aged 29.99976923076927, whiteNH and is leaving the simulation.
s02851 is aged 29.991769230769272, whiteNH and is leaving the simulation.
s06089 is aged 29.980769230769273, blackNH and is leaving the simulation.
s06535 is aged 29.99976923076927, blackNH and is leaving the simulation.
s06603 is aged 29.990769230769274, blackNH and is leaving the simulation.
s06694 is aged 29.993769230769274, blackNH and is leaving the simulation.
s07428 is aged 29.99676923076927, hispanic and is leaving the simulation.
s07910 is aged 29.993769230769274, hispanic and is leaving the simulation.
s11091 is aged 29.99976923076927, otherNH and is leaving the simulation.
s11238 is aged 29.98276923076927, otherNH and is leaving the simulation.

Agents who have aged to a new age group are being updated...
s01231 is 21.010000000000044 and has aged to age group 21to29.
s01260 is 21.00500000000004 and has aged to age group 21to29.
s01775 is 21.012000000000043 and has aged to age group 21to29.
s03568 is 21.018000000000043 and has aged to age group 21to29.
s03636 is 21.014000000000042 and has aged to age group 21to29.
s04320 is 21.013000000000044 and has aged to age group 21to29.
s04976 is 21.00800000000004 and has aged to age group 21to29.
s05536 is 21.013000000000044 and has aged to age group 21to29.
s05603 is 21.01600000000004 and has aged to age group 21to29.
s05702 is 21.018000000000043 and has aged to age group 21to29.
s06487 is 21.013000000000044 and has aged to age group 21to29.
s06825 is 21.017000000000042 and has aged to age group 21to29.
s07486 is 21.017000000000042 and has aged to age group 21to29.
s08555 is 21.000000000000043 and has aged to age group 21to29.
s08710 is 21.001000000000044 and has aged to age group 21to29.
s08715 is 21.01900000000004 and has aged to age group 21to29.
s10041 is 21.001000000000044 and has aged to age group 21to29.
s10355 is 21.00500000000004 and has aged to age group 21to29.
s10432 is 21.000000000000043 and has aged to age group 21to29.
s11411 is 21.006000000000043 and has aged to age group 21to29.

New agents are being added to the simulation...
s12544 is age 16.0 and whiteNH and is entering the model
s12545 is age 16.0 and whiteNH and is entering the model
s12546 is age 16.0 and blackNH and is entering the model
s12547 is age 16.0 and whiteNH and is entering the model
s12548 is age 16.0 and whiteNH and is entering the model
s12549 is age 16.0 and hispanic and is entering the model
s12550 is age 16.0 and whiteNH and is entering the model
s12551 is age 16.0 and whiteNH and is entering the model
s12552 is age 16.0 and otherNH and is entering the model
s12553 is age 16.0 and whiteNH and is entering the model
s12554 is age 16.0 and whiteNH and is entering the model
s12555 is age 16.0 and whiteNH and is entering the model
s12556 is age 16.0 and whiteNH and is entering the model
s12557 is age 16.0 and hispanic and is entering the model
s12558 is age 16.0 and whiteNH and is entering the model
s12559 is age 16.0 and hispanic and is entering the model
s12560 is age 16.0 and hispanic and is entering the model
s12561 is age 16.0 and whiteNH and is entering the model
s12562 is age 16.0 and whiteNH and is entering the model
s12563 is age 16.0 and blackNH and is entering the model
s12564 is age 16.0 and hispanic and is entering the model
s12565 is age 16.0 and hispanic and is entering the model
s12566 is age 16.0 and hispanic and is entering the model

Agents are attending venues and using apps for week 53 in simulation...


Epidemic Simulation
----------------------------
Simulation: 1/1
Timestep: 53/3640
Prevalence: 1888
Population Size: 11683
----------------------------
The ages, hiv status, and relationship status for the agents are being updated...
s03913 is blackNH, aged 18.436000000000043 in age group 16to20, with relationship status of 1 and is now HIV+.
s12193 is blackNH, aged 16.40384615384617 in age group 16to20, with relationship status of 0 and is now HIV+.

Agents are being removed from the simulation...
s03889 is aged 29.994000000000042, blackNH and is leaving the simulation.
s03942 is aged 29.989000000000043, blackNH and is leaving the simulation.
s04764 is aged 29.99300000000004, blackNH and is leaving the simulation.
s05154 is aged 29.983000000000043, blackNH and is leaving the simulation.
s05363 is aged 29.99300000000004, blackNH and is leaving the simulation.
s07918 is aged 29.991000000000042, hispanic and is leaving the simulation.
s07945 is aged 29.986000000000043, hispanic and is leaving the simulation.
s08280 is aged 29.99000000000004, hispanic and is leaving the simulation.
s08553 is aged 29.982000000000042, hispanic and is leaving the simulation.
s08957 is aged 29.982000000000042, hispanic and is leaving the simulation.
s10525 is aged 29.981000000000044, otherNH and is leaving the simulation.
s10621 is aged 29.992000000000044, otherNH and is leaving the simulation.

Agents who have aged to a new age group are being updated...
s00167 is 21.011230769230814 and has aged to age group 21to29.
s00881 is 21.017230769230814 and has aged to age group 21to29.
s01074 is 21.01823076923081 and has aged to age group 21to29.
s01401 is 21.005230769230813 and has aged to age group 21to29.
s01968 is 21.00923076923081 and has aged to age group 21to29.
s02085 is 21.01523076923081 and has aged to age group 21to29.
s03141 is 21.005230769230813 and has aged to age group 21to29.
s03236 is 21.016230769230813 and has aged to age group 21to29.
s03674 is 21.004230769230812 and has aged to age group 21to29.
s04228 is 21.01223076923081 and has aged to age group 21to29.
s04286 is 21.016230769230813 and has aged to age group 21to29.
s04463 is 21.010230769230812 and has aged to age group 21to29.
s06398 is 21.001230769230812 and has aged to age group 21to29.
s09067 is 21.000230769230814 and has aged to age group 21to29.
s09460 is 21.01223076923081 and has aged to age group 21to29.
s10671 is 21.01523076923081 and has aged to age group 21to29.
s11445 is 21.00923076923081 and has aged to age group 21to29.

New agents are being added to the simulation...
s12567 is age 16.0 and hispanic and is entering the model
s12568 is age 16.0 and otherNH and is entering the model
s12569 is age 16.0 and blackNH and is entering the model
s12570 is age 16.0 and otherNH and is entering the model
s12571 is age 16.0 and blackNH and is entering the model
s12572 is age 16.0 and blackNH and is entering the model
s12573 is age 16.0 and otherNH and is entering the model
s12574 is age 16.0 and hispanic and is entering the model
s12575 is age 16.0 and blackNH and is entering the model
s12576 is age 16.0 and hispanic and is entering the model
s12577 is age 16.0 and otherNH and is entering the model
s12578 is age 16.0 and whiteNH and is entering the model
s12579 is age 16.0 and hispanic and is entering the model
s12580 is age 16.0 and whiteNH and is entering the model
s12581 is age 16.0 and whiteNH and is entering the model
s12582 is age 16.0 and blackNH and is entering the model
s12583 is age 16.0 and blackNH and is entering the model
s12584 is age 16.0 and whiteNH and is entering the model
s12585 is age 16.0 and otherNH and is entering the model
s12586 is age 16.0 and blackNH and is entering the model
s12587 is age 16.0 and hispanic and is entering the model
s12588 is age 16.0 and hispanic and is entering the model
s12589 is age 16.0 and blackNH and is entering the model

Agents are attending venues and using apps for week 54 in simulation...


Epidemic Simulation
----------------------------
Simulation: 1/1
Timestep: 54/3640
Prevalence: 1887
Population Size: 11694
----------------------------
The ages, hiv status, and relationship status for the agents are being updated...
s03963 is blackNH, aged 28.118230769230813 in age group 16to20, with relationship status of 1 and is now HIV+.
s08411 is hispanic, aged 29.650230769230813 in age group 21to29, with relationship status of 0 and is now HIV+.
s12246 is blackNH, aged 16.34615384615386 in age group 16to20, with relationship status of 0 and is now HIV+.

Agents are being removed from the simulation...
s00276 is aged 29.994230769230814, whiteNH and is leaving the simulation.
s00281 is aged 29.999230769230813, whiteNH and is leaving the simulation.
s00385 is aged 29.988230769230814, whiteNH and is leaving the simulation.
s00552 is aged 29.98623076923081, whiteNH and is leaving the simulation.
s01237 is aged 29.988230769230814, whiteNH and is leaving the simulation.
s01524 is aged 29.988230769230814, whiteNH and is leaving the simulation.
s01776 is aged 29.99523076923081, whiteNH and is leaving the simulation.
s02409 is aged 29.993230769230813, whiteNH and is leaving the simulation.
s03527 is aged 29.985230769230814, whiteNH and is leaving the simulation.
s03989 is aged 29.98623076923081, blackNH and is leaving the simulation.
s05849 is aged 29.99223076923081, blackNH and is leaving the simulation.
s06495 is aged 29.999230769230813, blackNH and is leaving the simulation.
s06507 is aged 29.998230769230812, blackNH and is leaving the simulation.
s06998 is aged 29.994230769230814, hispanic and is leaving the simulation.
s07183 is aged 29.984230769230813, hispanic and is leaving the simulation.
s08342 is aged 29.994230769230814, hispanic and is leaving the simulation.
s08599 is aged 29.988230769230814, hispanic and is leaving the simulation.
s08793 is aged 29.99223076923081, hispanic and is leaving the simulation.
s10430 is aged 29.99223076923081, otherNH and is leaving the simulation.
s10736 is aged 29.984230769230813, otherNH and is leaving the simulation.
s10807 is aged 29.999230769230813, otherNH and is leaving the simulation.

Agents who have aged to a new age group are being updated...
s01001 is 21.015461538461583 and has aged to age group 21to29.
s01980 is 21.007461538461584 and has aged to age group 21to29.
s02209 is 21.006461538461583 and has aged to age group 21to29.
s02539 is 21.014461538461582 and has aged to age group 21to29.
s02676 is 21.006461538461583 and has aged to age group 21to29.
s02786 is 21.00546153846158 and has aged to age group 21to29.
s04195 is 21.017461538461582 and has aged to age group 21to29.
s04353 is 21.015461538461583 and has aged to age group 21to29.
s04664 is 21.007461538461584 and has aged to age group 21to29.
s05063 is 21.015461538461583 and has aged to age group 21to29.
s06612 is 21.014461538461582 and has aged to age group 21to29.
s06923 is 21.018461538461583 and has aged to age group 21to29.
s07668 is 21.016461538461584 and has aged to age group 21to29.
s10297 is 21.001461538461584 and has aged to age group 21to29.
s10617 is 21.009461538461583 and has aged to age group 21to29.
s10697 is 21.003461538461583 and has aged to age group 21to29.
s10920 is 21.014461538461582 and has aged to age group 21to29.
s11324 is 21.000461538461582 and has aged to age group 21to29.
s11365 is 21.009461538461583 and has aged to age group 21to29.

New agents are being added to the simulation...
s12590 is age 16.0 and otherNH and is entering the model
s12591 is age 16.0 and blackNH and is entering the model
s12592 is age 16.0 and hispanic and is entering the model
s12593 is age 16.0 and blackNH and is entering the model
s12594 is age 16.0 and blackNH and is entering the model
s12595 is age 16.0 and blackNH and is entering the model
s12596 is age 16.0 and blackNH and is entering the model
s12597 is age 16.0 and whiteNH and is entering the model
s12598 is age 16.0 and hispanic and is entering the model
s12599 is age 16.0 and hispanic and is entering the model
s12600 is age 16.0 and hispanic and is entering the model
s12601 is age 16.0 and whiteNH and is entering the model
s12602 is age 16.0 and otherNH and is entering the model
s12603 is age 16.0 and otherNH and is entering the model
s12604 is age 16.0 and blackNH and is entering the model
s12605 is age 16.0 and hispanic and is entering the model

Agents are attending venues and using apps for week 55 in simulation...


Epidemic Simulation
----------------------------
Simulation: 1/1
Timestep: 55/3640
Prevalence: 1886
Population Size: 11689
----------------------------
The ages, hiv status, and relationship status for the agents are being updated...
s06410 is blackNH, aged 20.490461538461584 in age group 21to29, with relationship status of 0 and is now HIV+.
s10724 is otherNH, aged 17.978461538461584 in age group 16to20, with relationship status of 0 and is now HIV+.

Agents are being removed from the simulation...
s01181 is aged 29.988461538461582, whiteNH and is leaving the simulation.
s02008 is aged 29.992461538461583, whiteNH and is leaving the simulation.
s03559 is aged 29.15046153846158, whiteNH and is leaving the simulation.
s03863 is aged 29.984461538461584, blackNH and is leaving the simulation.
s04021 is aged 29.99946153846158, blackNH and is leaving the simulation.
s04255 is aged 29.983461538461583, blackNH and is leaving the simulation.
s04736 is aged 29.994461538461582, blackNH and is leaving the simulation.
s04819 is aged 29.991461538461582, blackNH and is leaving the simulation.
s05047 is aged 25.966461538461584, blackNH and is leaving the simulation.
s06245 is aged 29.995461538461583, blackNH and is leaving the simulation.
s07069 is aged 29.989461538461583, hispanic and is leaving the simulation.
s08732 is aged 29.997461538461582, hispanic and is leaving the simulation.
s08771 is aged 29.984461538461584, hispanic and is leaving the simulation.
s09151 is aged 29.998461538461584, hispanic and is leaving the simulation.
s10448 is aged 29.99046153846158, otherNH and is leaving the simulation.
s10465 is aged 29.994461538461582, otherNH and is leaving the simulation.
s10844 is aged 29.998461538461584, otherNH and is leaving the simulation.
s10895 is aged 29.983461538461583, otherNH and is leaving the simulation.
s11094 is aged 29.983461538461583, otherNH and is leaving the simulation.

Agents who have aged to a new age group are being updated...
s00142 is 21.004692307692352 and has aged to age group 21to29.
s00279 is 21.01569230769235 and has aged to age group 21to29.
s00600 is 21.001692307692352 and has aged to age group 21to29.
s00794 is 21.016692307692352 and has aged to age group 21to29.
s01000 is 21.008692307692353 and has aged to age group 21to29.
s01575 is 21.016692307692352 and has aged to age group 21to29.
s01616 is 21.00969230769235 and has aged to age group 21to29.
s02317 is 21.010692307692352 and has aged to age group 21to29.
s03690 is 21.01569230769235 and has aged to age group 21to29.
s04188 is 21.013692307692352 and has aged to age group 21to29.
s04868 is 21.011692307692353 and has aged to age group 21to29.
s05243 is 21.013692307692352 and has aged to age group 21to29.
s06610 is 21.001692307692352 and has aged to age group 21to29.
s08565 is 21.006692307692354 and has aged to age group 21to29.
s09412 is 21.01569230769235 and has aged to age group 21to29.
s10359 is 21.010692307692352 and has aged to age group 21to29.

New agents are being added to the simulation...
s12606 is age 16.0 and blackNH and is entering the model
s12607 is age 16.0 and blackNH and is entering the model
s12608 is age 16.0 and blackNH and is entering the model
s12609 is age 16.0 and hispanic and is entering the model
s12610 is age 16.0 and blackNH and is entering the model
s12611 is age 16.0 and blackNH and is entering the model
s12612 is age 16.0 and hispanic and is entering the model
s12613 is age 16.0 and whiteNH and is entering the model
s12614 is age 16.0 and whiteNH and is entering the model
s12615 is age 16.0 and blackNH and is entering the model
s12616 is age 16.0 and hispanic and is entering the model
s12617 is age 16.0 and whiteNH and is entering the model
s12618 is age 16.0 and hispanic and is entering the model
s12619 is age 16.0 and blackNH and is entering the model
s12620 is age 16.0 and blackNH and is entering the model
s12621 is age 16.0 and blackNH and is entering the model
s12622 is age 16.0 and whiteNH and is entering the model

Agents are attending venues and using apps for week 56 in simulation...


Epidemic Simulation
----------------------------
Simulation: 1/1
Timestep: 56/3640
Prevalence: 1886
Population Size: 11687
----------------------------
The ages, hiv status, and relationship status for the agents are being updated...
s06673 is blackNH, aged 22.776692307692354 in age group 21to29, with relationship status of 1 and is now HIV+.
s06809 is blackNH, aged 21.37369230769235 in age group 21to29, with relationship status of 1 and is now HIV+.
s11439 is otherNH, aged 24.64969230769235 in age group 21to29, with relationship status of 0 and is now HIV+.

Agents are being removed from the simulation...
s00926 is aged 29.981692307692352, whiteNH and is leaving the simulation.
s01352 is aged 29.993692307692353, whiteNH and is leaving the simulation.
s01997 is aged 29.991692307692354, whiteNH and is leaving the simulation.
s02523 is aged 29.996692307692353, whiteNH and is leaving the simulation.
s04617 is aged 29.98669230769235, blackNH and is leaving the simulation.
s05592 is aged 29.988692307692354, blackNH and is leaving the simulation.
s05656 is aged 29.98669230769235, blackNH and is leaving the simulation.
s05810 is aged 29.982692307692353, blackNH and is leaving the simulation.
s06178 is aged 29.993692307692353, blackNH and is leaving the simulation.
s06513 is aged 22.192692307692354, blackNH and is leaving the simulation.
s07409 is aged 29.988692307692354, hispanic and is leaving the simulation.
s08195 is aged 29.981692307692352, hispanic and is leaving the simulation.
s08278 is aged 29.98369230769235, hispanic and is leaving the simulation.
s11330 is aged 24.042692307692352, otherNH and is leaving the simulation.
s11543 is aged 29.993692307692353, otherNH and is leaving the simulation.

Agents who have aged to a new age group are being updated...
s01641 is 21.015923076923123 and has aged to age group 21to29.
s04335 is 21.01492307692312 and has aged to age group 21to29.
s06127 is 21.01192307692312 and has aged to age group 21to29.
s06894 is 21.00892307692312 and has aged to age group 21to29.
s08259 is 21.012923076923123 and has aged to age group 21to29.
s08276 is 21.018923076923123 and has aged to age group 21to29.
s08364 is 21.018923076923123 and has aged to age group 21to29.
s09563 is 21.000923076923122 and has aged to age group 21to29.
s09972 is 21.003923076923122 and has aged to age group 21to29.
s10971 is 21.016923076923124 and has aged to age group 21to29.
s11687 is 21.009923076923123 and has aged to age group 21to29.

New agents are being added to the simulation...
s12623 is age 16.0 and whiteNH and is entering the model
s12624 is age 16.0 and hispanic and is entering the model
s12625 is age 16.0 and hispanic and is entering the model
s12626 is age 16.0 and whiteNH and is entering the model
s12627 is age 16.0 and hispanic and is entering the model
s12628 is age 16.0 and whiteNH and is entering the model
s12629 is age 16.0 and blackNH and is entering the model
s12630 is age 16.0 and blackNH and is entering the model
s12631 is age 16.0 and whiteNH and is entering the model
s12632 is age 16.0 and hispanic and is entering the model
s12633 is age 16.0 and whiteNH and is entering the model
s12634 is age 16.0 and blackNH and is entering the model
s12635 is age 16.0 and whiteNH and is entering the model
s12636 is age 16.0 and whiteNH and is entering the model
s12637 is age 16.0 and whiteNH and is entering the model
s12638 is age 16.0 and hispanic and is entering the model
s12639 is age 16.0 and hispanic and is entering the model
s12640 is age 16.0 and whiteNH and is entering the model

Agents are attending venues and using apps for week 57 in simulation...


Epidemic Simulation
----------------------------
Simulation: 1/1
Timestep: 57/3640
Prevalence: 1884
Population Size: 11690
----------------------------
The ages, hiv status, and relationship status for the agents are being updated...
s10975 is otherNH, aged 27.150923076923124 in age group 21to29, with relationship status of 0 and is now HIV+.

Agents are being removed from the simulation...
s00463 is aged 29.983923076923123, whiteNH and is leaving the simulation.
s01396 is aged 29.997923076923122, whiteNH and is leaving the simulation.
s02367 is aged 29.984923076923124, whiteNH and is leaving the simulation.
s03635 is aged 29.999923076923125, whiteNH and is leaving the simulation.
s04409 is aged 29.987923076923124, blackNH and is leaving the simulation.
s04745 is aged 29.992923076923123, blackNH and is leaving the simulation.
s05017 is aged 29.997923076923122, blackNH and is leaving the simulation.
s05361 is aged 29.996923076923125, blackNH and is leaving the simulation.
s06653 is aged 29.991923076923122, blackNH and is leaving the simulation.
s07161 is aged 29.987923076923124, hispanic and is leaving the simulation.
s07261 is aged 29.986923076923123, hispanic and is leaving the simulation.
s07890 is aged 29.995923076923123, hispanic and is leaving the simulation.
s08408 is aged 29.989923076923123, hispanic and is leaving the simulation.
s08500 is aged 29.980923076923123, hispanic and is leaving the simulation.
s10460 is aged 29.980923076923123, otherNH and is leaving the simulation.
s10963 is aged 29.983923076923123, otherNH and is leaving the simulation.
s11174 is aged 29.987923076923124, otherNH and is leaving the simulation.

Agents who have aged to a new age group are being updated...
s00209 is 21.015153846153893 and has aged to age group 21to29.
s00372 is 21.018153846153893 and has aged to age group 21to29.
s00849 is 21.00215384615389 and has aged to age group 21to29.
s02145 is 21.007153846153894 and has aged to age group 21to29.
s03982 is 21.007153846153894 and has aged to age group 21to29.
s04616 is 21.00215384615389 and has aged to age group 21to29.
s04805 is 21.013153846153894 and has aged to age group 21to29.
s05416 is 21.010153846153894 and has aged to age group 21to29.
s06570 is 21.014153846153892 and has aged to age group 21to29.
s09433 is 21.00215384615389 and has aged to age group 21to29.
s10017 is 21.014153846153892 and has aged to age group 21to29.
s10159 is 21.013153846153894 and has aged to age group 21to29.
s10250 is 21.016153846153895 and has aged to age group 21to29.
s11153 is 21.00215384615389 and has aged to age group 21to29.

New agents are being added to the simulation...
s12641 is age 16.0 and hispanic and is entering the model
s12642 is age 16.0 and otherNH and is entering the model
s12643 is age 16.0 and hispanic and is entering the model
s12644 is age 16.0 and hispanic and is entering the model
s12645 is age 16.0 and hispanic and is entering the model
s12646 is age 16.0 and hispanic and is entering the model
s12647 is age 16.0 and whiteNH and is entering the model
s12648 is age 16.0 and blackNH and is entering the model
s12649 is age 16.0 and blackNH and is entering the model
s12650 is age 16.0 and hispanic and is entering the model
s12651 is age 16.0 and otherNH and is entering the model
s12652 is age 16.0 and whiteNH and is entering the model
s12653 is age 16.0 and blackNH and is entering the model
s12654 is age 16.0 and whiteNH and is entering the model
s12655 is age 16.0 and otherNH and is entering the model
s12656 is age 16.0 and hispanic and is entering the model

Agents are attending venues and using apps for week 58 in simulation...


Epidemic Simulation
----------------------------
Simulation: 1/1
Timestep: 58/3640
Prevalence: 1884
Population Size: 11689
----------------------------
The ages, hiv status, and relationship status for the agents are being updated...
s10113 is hispanic, aged 17.71415384615389 in age group 21to29, with relationship status of 0 and is now HIV+.
s11693 is otherNH, aged 22.936153846153893 in age group 21to29, with relationship status of 0 and is now HIV+.

Agents are being removed from the simulation...
s00285 is aged 29.99615384615389, whiteNH and is leaving the simulation.
s00693 is aged 29.982153846153892, whiteNH and is leaving the simulation.
s01256 is aged 29.99615384615389, whiteNH and is leaving the simulation.
s02262 is aged 29.99915384615389, whiteNH and is leaving the simulation.
s02576 is aged 29.995153846153894, whiteNH and is leaving the simulation.
s03196 is aged 29.997153846153893, whiteNH and is leaving the simulation.
s03815 is aged 29.995153846153894, whiteNH and is leaving the simulation.
s04014 is aged 29.98715384615389, blackNH and is leaving the simulation.
s04185 is aged 29.99915384615389, blackNH and is leaving the simulation.
s04902 is aged 29.98715384615389, blackNH and is leaving the simulation.
s07393 is aged 29.998153846153894, hispanic and is leaving the simulation.
s08952 is aged 29.995153846153894, hispanic and is leaving the simulation.
s09281 is aged 29.997153846153893, hispanic and is leaving the simulation.
s10836 is aged 29.991153846153892, otherNH and is leaving the simulation.

Agents who have aged to a new age group are being updated...
s00789 is 21.007384615384662 and has aged to age group 21to29.
s00991 is 21.007384615384662 and has aged to age group 21to29.
s03548 is 21.001384615384662 and has aged to age group 21to29.
s04361 is 21.005384615384664 and has aged to age group 21to29.
s05586 is 21.013384615384663 and has aged to age group 21to29.
s07221 is 21.002384615384663 and has aged to age group 21to29.
s08000 is 21.011384615384664 and has aged to age group 21to29.
s08903 is 21.01838461538466 and has aged to age group 21to29.
s09844 is 21.017384615384664 and has aged to age group 21to29.
s09976 is 21.003384615384665 and has aged to age group 21to29.
s10783 is 21.002384615384663 and has aged to age group 21to29.
s11685 is 21.00638461538466 and has aged to age group 21to29.

New agents are being added to the simulation...
s12657 is age 16.0 and whiteNH and is entering the model
s12658 is age 16.0 and hispanic and is entering the model
s12659 is age 16.0 and whiteNH and is entering the model
s12660 is age 16.0 and whiteNH and is entering the model
s12661 is age 16.0 and whiteNH and is entering the model
s12662 is age 16.0 and whiteNH and is entering the model
s12663 is age 16.0 and blackNH and is entering the model
s12664 is age 16.0 and hispanic and is entering the model
s12665 is age 16.0 and hispanic and is entering the model
s12666 is age 16.0 and whiteNH and is entering the model
s12667 is age 16.0 and hispanic and is entering the model
s12668 is age 16.0 and blackNH and is entering the model
s12669 is age 16.0 and otherNH and is entering the model
s12670 is age 16.0 and blackNH and is entering the model
s12671 is age 16.0 and whiteNH and is entering the model
s12672 is age 16.0 and hispanic and is entering the model

Agents are attending venues and using apps for week 59 in simulation...


Epidemic Simulation
----------------------------
Simulation: 1/1
Timestep: 59/3640
Prevalence: 1884
Population Size: 11691
----------------------------
The ages, hiv status, and relationship status for the agents are being updated...
s00459 is whiteNH, aged 24.529384615384664 in age group 16to20, with relationship status of 0 and is now HIV+.
s11435 is otherNH, aged 20.943384615384662 in age group 21to29, with relationship status of 0 and is now HIV+.

Agents are being removed from the simulation...
s00340 is aged 29.992384615384662, whiteNH and is leaving the simulation.
s00497 is aged 29.990384615384663, whiteNH and is leaving the simulation.
s01020 is aged 29.987384615384663, whiteNH and is leaving the simulation.
s01690 is aged 29.997384615384664, whiteNH and is leaving the simulation.
s01962 is aged 29.98338461538466, whiteNH and is leaving the simulation.
s03599 is aged 29.98938461538466, whiteNH and is leaving the simulation.
s04908 is aged 29.991384615384664, blackNH and is leaving the simulation.
s05491 is aged 29.994384615384664, blackNH and is leaving the simulation.
s05550 is aged 29.981384615384663, blackNH and is leaving the simulation.
s06567 is aged 29.985384615384664, blackNH and is leaving the simulation.
s06979 is aged 29.999384615384663, hispanic and is leaving the simulation.
s07566 is aged 29.994384615384664, hispanic and is leaving the simulation.
s07727 is aged 29.985384615384664, hispanic and is leaving the simulation.
s07895 is aged 29.988384615384664, hispanic and is leaving the simulation.
s09482 is aged 29.998384615384662, hispanic and is leaving the simulation.
s09743 is aged 29.98938461538466, hispanic and is leaving the simulation.
s09765 is aged 29.992384615384662, hispanic and is leaving the simulation.
s11694 is aged 29.990384615384663, otherNH and is leaving the simulation.

Agents who have aged to a new age group are being updated...
s00558 is 21.00561538461543 and has aged to age group 21to29.
s00667 is 21.006615384615433 and has aged to age group 21to29.
s01648 is 21.010615384615434 and has aged to age group 21to29.
s01770 is 21.009615384615433 and has aged to age group 21to29.
s03093 is 21.010615384615434 and has aged to age group 21to29.
s05767 is 21.011615384615432 and has aged to age group 21to29.
s06317 is 21.011615384615432 and has aged to age group 21to29.
s06359 is 21.012615384615433 and has aged to age group 21to29.
s06581 is 21.00861538461543 and has aged to age group 21to29.
s07650 is 21.004615384615434 and has aged to age group 21to29.
s08005 is 21.004615384615434 and has aged to age group 21to29.
s08129 is 21.010615384615434 and has aged to age group 21to29.
s08279 is 21.015615384615433 and has aged to age group 21to29.
s08711 is 21.010615384615434 and has aged to age group 21to29.
s09055 is 21.00561538461543 and has aged to age group 21to29.
s10712 is 21.013615384615434 and has aged to age group 21to29.
s10848 is 21.004615384615434 and has aged to age group 21to29.

New agents are being added to the simulation...
s12673 is age 16.0 and whiteNH and is entering the model
s12674 is age 16.0 and whiteNH and is entering the model
s12675 is age 16.0 and blackNH and is entering the model
s12676 is age 16.0 and blackNH and is entering the model
s12677 is age 16.0 and blackNH and is entering the model
s12678 is age 16.0 and hispanic and is entering the model
s12679 is age 16.0 and hispanic and is entering the model
s12680 is age 16.0 and blackNH and is entering the model
s12681 is age 16.0 and whiteNH and is entering the model
s12682 is age 16.0 and whiteNH and is entering the model
s12683 is age 16.0 and whiteNH and is entering the model
s12684 is age 16.0 and hispanic and is entering the model
s12685 is age 16.0 and hispanic and is entering the model

Agents are attending venues and using apps for week 60 in simulation...


Epidemic Simulation
----------------------------
Simulation: 1/1
Timestep: 60/3640
Prevalence: 1882
Population Size: 11686
----------------------------
The ages, hiv status, and relationship status for the agents are being updated...
s05770 is blackNH, aged 21.833615384615435 in age group 21to29, with relationship status of 0 and is now HIV+.

Agents are being removed from the simulation...
s00002 is aged 29.990615384615435, whiteNH and is leaving the simulation.
s01787 is aged 29.988615384615432, whiteNH and is leaving the simulation.
s02002 is aged 29.992615384615434, whiteNH and is leaving the simulation.
s02690 is aged 29.998615384615434, whiteNH and is leaving the simulation.
s03719 is aged 29.990615384615435, whiteNH and is leaving the simulation.
s04504 is aged 29.992615384615434, blackNH and is leaving the simulation.
s04657 is aged 29.982615384615432, blackNH and is leaving the simulation.
s05583 is aged 29.992615384615434, blackNH and is leaving the simulation.
s06369 is aged 29.995615384615434, blackNH and is leaving the simulation.
s06474 is aged 29.994615384615432, blackNH and is leaving the simulation.
s07027 is aged 29.994615384615432, hispanic and is leaving the simulation.
s07557 is aged 29.988615384615432, hispanic and is leaving the simulation.
s07686 is aged 29.994615384615432, hispanic and is leaving the simulation.
s08058 is aged 29.984615384615434, hispanic and is leaving the simulation.
s08121 is aged 29.991615384615432, hispanic and is leaving the simulation.
s09192 is aged 29.987615384615435, hispanic and is leaving the simulation.
s09334 is aged 29.981615384615434, hispanic and is leaving the simulation.
s09941 is aged 29.995615384615434, hispanic and is leaving the simulation.
s10555 is aged 29.982615384615432, otherNH and is leaving the simulation.
s10868 is aged 29.981615384615434, otherNH and is leaving the simulation.
s11229 is aged 29.99961538461543, otherNH and is leaving the simulation.
s11401 is aged 29.982615384615432, otherNH and is leaving the simulation.

Agents who have aged to a new age group are being updated...
s01909 is 21.001846153846202 and has aged to age group 21to29.
s02664 is 21.004846153846202 and has aged to age group 21to29.
s03409 is 21.0188461538462 and has aged to age group 21to29.
s03564 is 21.017846153846204 and has aged to age group 21to29.
s04502 is 21.0158461538462 and has aged to age group 21to29.
s05330 is 21.002846153846203 and has aged to age group 21to29.
s07543 is 21.012846153846205 and has aged to age group 21to29.
s08677 is 21.016846153846203 and has aged to age group 21to29.
s09157 is 21.007846153846202 and has aged to age group 21to29.
s09215 is 21.008846153846203 and has aged to age group 21to29.
s09486 is 21.016846153846203 and has aged to age group 21to29.
s09811 is 21.008846153846203 and has aged to age group 21to29.

New agents are being added to the simulation...
s12686 is age 16.0 and whiteNH and is entering the model
s12687 is age 16.0 and hispanic and is entering the model
s12688 is age 16.0 and whiteNH and is entering the model
s12689 is age 16.0 and blackNH and is entering the model
s12690 is age 16.0 and hispanic and is entering the model
s12691 is age 16.0 and otherNH and is entering the model
s12692 is age 16.0 and blackNH and is entering the model
s12693 is age 16.0 and whiteNH and is entering the model
s12694 is age 16.0 and hispanic and is entering the model
s12695 is age 16.0 and otherNH and is entering the model
s12696 is age 16.0 and blackNH and is entering the model
s12697 is age 16.0 and hispanic and is entering the model
s12698 is age 16.0 and otherNH and is entering the model
s12699 is age 16.0 and otherNH and is entering the model
s12700 is age 16.0 and blackNH and is entering the model
s12701 is age 16.0 and otherNH and is entering the model
s12702 is age 16.0 and blackNH and is entering the model
s12703 is age 16.0 and blackNH and is entering the model

Agents are attending venues and using apps for week 61 in simulation...


Epidemic Simulation
----------------------------
Simulation: 1/1
Timestep: 61/3640
Prevalence: 1879
Population Size: 11682
----------------------------
The ages, hiv status, and relationship status for the agents are being updated...
s05905 is blackNH, aged 27.252846153846203 in age group 21to29, with relationship status of 1 and is now HIV+.

Agents are being removed from the simulation...
s00135 is aged 29.985846153846204, whiteNH and is leaving the simulation.
s00263 is aged 29.982846153846204, whiteNH and is leaving the simulation.
s00645 is aged 29.991846153846204, whiteNH and is leaving the simulation.
s01185 is aged 29.994846153846204, whiteNH and is leaving the simulation.
s02333 is aged 29.987846153846203, whiteNH and is leaving the simulation.
s03392 is aged 29.996846153846203, whiteNH and is leaving the simulation.
s04577 is aged 29.993846153846203, blackNH and is leaving the simulation.
s04747 is aged 29.996846153846203, blackNH and is leaving the simulation.
s04875 is aged 29.993846153846203, blackNH and is leaving the simulation.
s05437 is aged 29.991846153846204, blackNH and is leaving the simulation.
s06114 is aged 29.981846153846202, blackNH and is leaving the simulation.
s09391 is aged 29.996846153846203, hispanic and is leaving the simulation.
s10194 is aged 29.9808461538462, hispanic and is leaving the simulation.
s10208 is aged 29.9838461538462, hispanic and is leaving the simulation.
s10520 is aged 29.991846153846204, otherNH and is leaving the simulation.
s11118 is aged 29.998846153846202, otherNH and is leaving the simulation.
s11191 is aged 29.9868461538462, otherNH and is leaving the simulation.

Agents who have aged to a new age group are being updated...
s00841 is 21.010076923076973 and has aged to age group 21to29.
s01116 is 21.018076923076972 and has aged to age group 21to29.
s01531 is 21.015076923076972 and has aged to age group 21to29.
s01749 is 21.017076923076974 and has aged to age group 21to29.
s02195 is 21.002076923076974 and has aged to age group 21to29.
s02369 is 21.002076923076974 and has aged to age group 21to29.
s03083 is 21.015076923076972 and has aged to age group 21to29.
s04669 is 21.018076923076972 and has aged to age group 21to29.
s05370 is 21.014076923076974 and has aged to age group 21to29.
s05472 is 21.00007692307697 and has aged to age group 21to29.
s05966 is 21.014076923076974 and has aged to age group 21to29.
s06757 is 21.007076923076973 and has aged to age group 21to29.
s06853 is 21.002076923076974 and has aged to age group 21to29.
s07118 is 21.001076923076972 and has aged to age group 21to29.
s07457 is 21.004076923076973 and has aged to age group 21to29.
s07597 is 21.00307692307697 and has aged to age group 21to29.
s08516 is 21.019076923076973 and has aged to age group 21to29.
s08724 is 21.013076923076973 and has aged to age group 21to29.
s09073 is 21.00007692307697 and has aged to age group 21to29.
s09136 is 21.005076923076974 and has aged to age group 21to29.
s09379 is 21.004076923076973 and has aged to age group 21to29.
s09491 is 21.010076923076973 and has aged to age group 21to29.
s09927 is 21.008076923076974 and has aged to age group 21to29.
s10881 is 21.017076923076974 and has aged to age group 21to29.
s10974 is 21.001076923076972 and has aged to age group 21to29.
s11061 is 21.002076923076974 and has aged to age group 21to29.
s11435 is 21.001076923076972 and has aged to age group 21to29.

New agents are being added to the simulation...
s12704 is age 16.0 and whiteNH and is entering the model
s12705 is age 16.0 and hispanic and is entering the model
s12706 is age 16.0 and whiteNH and is entering the model
s12707 is age 16.0 and hispanic and is entering the model
s12708 is age 16.0 and blackNH and is entering the model
s12709 is age 16.0 and whiteNH and is entering the model
s12710 is age 16.0 and hispanic and is entering the model
s12711 is age 16.0 and whiteNH and is entering the model
s12712 is age 16.0 and blackNH and is entering the model
s12713 is age 16.0 and whiteNH and is entering the model
s12714 is age 16.0 and otherNH and is entering the model
s12715 is age 16.0 and blackNH and is entering the model
s12716 is age 16.0 and hispanic and is entering the model
s12717 is age 16.0 and whiteNH and is entering the model
s12718 is age 16.0 and hispanic and is entering the model
s12719 is age 16.0 and whiteNH and is entering the model
s12720 is age 16.0 and blackNH and is entering the model
s12721 is age 16.0 and whiteNH and is entering the model
s12722 is age 16.0 and otherNH and is entering the model
s12723 is age 16.0 and blackNH and is entering the model

Agents are attending venues and using apps for week 62 in simulation...


Epidemic Simulation
----------------------------
Simulation: 1/1
Timestep: 62/3640
Prevalence: 1882
Population Size: 11685
----------------------------
The ages, hiv status, and relationship status for the agents are being updated...
s02622 is whiteNH, aged 22.283076923076973 in age group 21to29, with relationship status of 0 and is now HIV+.
s03214 is whiteNH, aged 27.343076923076975 in age group 21to29, with relationship status of 0 and is now HIV+.
s04528 is blackNH, aged 21.736076923076972 in age group 21to29, with relationship status of 0 and is now HIV+.
s10374 is hispanic, aged 28.705076923076973 in age group 21to29, with relationship status of 0 and is now HIV+.

Agents are being removed from the simulation...
s02098 is aged 29.997076923076975, whiteNH and is leaving the simulation.
s02431 is aged 29.982076923076974, whiteNH and is leaving the simulation.
s03264 is aged 29.994076923076975, whiteNH and is leaving the simulation.
s03294 is aged 29.984076923076973, whiteNH and is leaving the simulation.
s03482 is aged 29.989076923076972, whiteNH and is leaving the simulation.
s03608 is aged 29.996076923076973, whiteNH and is leaving the simulation.
s04147 is aged 29.997076923076975, blackNH and is leaving the simulation.
s04453 is aged 29.986076923076972, blackNH and is leaving the simulation.
s04841 is aged 29.988076923076974, blackNH and is leaving the simulation.
s05109 is aged 29.988076923076974, blackNH and is leaving the simulation.
s06987 is aged 29.985076923076974, hispanic and is leaving the simulation.
s07758 is aged 29.991076923076974, hispanic and is leaving the simulation.
s07849 is aged 29.999076923076974, hispanic and is leaving the simulation.
s08487 is aged 29.993076923076973, hispanic and is leaving the simulation.
s08499 is aged 29.989076923076972, hispanic and is leaving the simulation.
s09096 is aged 29.986076923076972, hispanic and is leaving the simulation.
s09413 is aged 29.983076923076972, hispanic and is leaving the simulation.

Agents who have aged to a new age group are being updated...
s00712 is 21.012307692307743 and has aged to age group 21to29.
s01110 is 21.007307692307744 and has aged to age group 21to29.
s02491 is 21.001307692307744 and has aged to age group 21to29.
s03475 is 21.015307692307744 and has aged to age group 21to29.
s03678 is 21.018307692307744 and has aged to age group 21to29.
s04272 is 21.002307692307742 and has aged to age group 21to29.
s04960 is 21.010307692307745 and has aged to age group 21to29.
s05771 is 21.001307692307744 and has aged to age group 21to29.
s06128 is 21.012307692307743 and has aged to age group 21to29.
s06304 is 21.003307692307743 and has aged to age group 21to29.
s06315 is 21.012307692307743 and has aged to age group 21to29.
s06616 is 21.006307692307743 and has aged to age group 21to29.
s07556 is 21.017307692307742 and has aged to age group 21to29.
s08217 is 21.001307692307744 and has aged to age group 21to29.
s08673 is 21.017307692307742 and has aged to age group 21to29.
s10763 is 21.000307692307743 and has aged to age group 21to29.

New agents are being added to the simulation...
s12724 is age 16.0 and whiteNH and is entering the model
s12725 is age 16.0 and blackNH and is entering the model
s12726 is age 16.0 and blackNH and is entering the model
s12727 is age 16.0 and whiteNH and is entering the model
s12728 is age 16.0 and whiteNH and is entering the model
s12729 is age 16.0 and blackNH and is entering the model
s12730 is age 16.0 and whiteNH and is entering the model
s12731 is age 16.0 and blackNH and is entering the model
s12732 is age 16.0 and whiteNH and is entering the model
s12733 is age 16.0 and whiteNH and is entering the model
s12734 is age 16.0 and hispanic and is entering the model
s12735 is age 16.0 and blackNH and is entering the model
s12736 is age 16.0 and otherNH and is entering the model
s12737 is age 16.0 and hispanic and is entering the model

Agents are attending venues and using apps for week 63 in simulation...


Epidemic Simulation
----------------------------
Simulation: 1/1
Timestep: 63/3640
Prevalence: 1879
Population Size: 11682
----------------------------
The ages, hiv status, and relationship status for the agents are being updated...
s04056 is blackNH, aged 25.853307692307745 in age group 16to20, with relationship status of 1 and is now HIV+.
s11964 is hispanic, aged 16.846153846153882 in age group 16to20, with relationship status of 0 and is now HIV+.
s12363 is hispanic, aged 16.40384615384617 in age group 16to20, with relationship status of 1 and is now HIV+.

Agents are being removed from the simulation...
s00804 is aged 29.982307692307742, whiteNH and is leaving the simulation.
s01443 is aged 29.983307692307744, whiteNH and is leaving the simulation.
s01597 is aged 29.99630769230774, whiteNH and is leaving the simulation.
s01797 is aged 29.989307692307744, whiteNH and is leaving the simulation.
s02515 is aged 29.984307692307745, whiteNH and is leaving the simulation.
s04049 is aged 29.984307692307745, blackNH and is leaving the simulation.
s04254 is aged 29.987307692307745, blackNH and is leaving the simulation.
s04399 is aged 29.995307692307744, blackNH and is leaving the simulation.
s05035 is aged 29.994307692307743, blackNH and is leaving the simulation.
s05159 is aged 29.983307692307744, blackNH and is leaving the simulation.
s06172 is aged 29.982307692307742, blackNH and is leaving the simulation.
s07131 is aged 29.995307692307744, hispanic and is leaving the simulation.
s07188 is aged 29.986307692307744, hispanic and is leaving the simulation.
s07470 is aged 29.988307692307743, hispanic and is leaving the simulation.
s08223 is aged 29.989307692307744, hispanic and is leaving the simulation.
s08476 is aged 29.99330769230774, hispanic and is leaving the simulation.
s08926 is aged 29.982307692307742, hispanic and is leaving the simulation.
s11277 is aged 29.981307692307745, otherNH and is leaving the simulation.
s11603 is aged 29.987307692307745, otherNH and is leaving the simulation.

Agents who have aged to a new age group are being updated...
s00738 is 21.018538461538512 and has aged to age group 21to29.
s01127 is 21.018538461538512 and has aged to age group 21to29.
s02302 is 21.017538461538514 and has aged to age group 21to29.
s02483 is 21.017538461538514 and has aged to age group 21to29.
s02758 is 21.014538461538514 and has aged to age group 21to29.
s02974 is 21.001538461538512 and has aged to age group 21to29.
s04181 is 21.011538461538514 and has aged to age group 21to29.
s05239 is 21.018538461538512 and has aged to age group 21to29.
s05766 is 21.017538461538514 and has aged to age group 21to29.
s06744 is 21.006538461538515 and has aged to age group 21to29.
s07125 is 21.009538461538515 and has aged to age group 21to29.
s07126 is 21.002538461538514 and has aged to age group 21to29.
s09222 is 21.014538461538514 and has aged to age group 21to29.
s11051 is 21.01253846153851 and has aged to age group 21to29.
s11172 is 21.016538461538513 and has aged to age group 21to29.

New agents are being added to the simulation...
s12738 is age 16.0 and whiteNH and is entering the model
s12739 is age 16.0 and blackNH and is entering the model
s12740 is age 16.0 and blackNH and is entering the model
s12741 is age 16.0 and blackNH and is entering the model
s12742 is age 16.0 and hispanic and is entering the model
s12743 is age 16.0 and blackNH and is entering the model
s12744 is age 16.0 and hispanic and is entering the model
s12745 is age 16.0 and blackNH and is entering the model
s12746 is age 16.0 and whiteNH and is entering the model
s12747 is age 16.0 and hispanic and is entering the model
s12748 is age 16.0 and otherNH and is entering the model
s12749 is age 16.0 and whiteNH and is entering the model
s12750 is age 16.0 and whiteNH and is entering the model
s12751 is age 16.0 and whiteNH and is entering the model
s12752 is age 16.0 and hispanic and is entering the model

Agents are attending venues and using apps for week 64 in simulation...


Epidemic Simulation
----------------------------
Simulation: 1/1
Timestep: 64/3640
Prevalence: 1879
Population Size: 11678
----------------------------
The ages, hiv status, and relationship status for the agents are being updated...
s03960 is blackNH, aged 25.550538461538512 in age group 16to20, with relationship status of 1 and is now HIV+.
s04692 is blackNH, aged 27.276538461538514 in age group 16to20, with relationship status of 1 and is now HIV+.
s06086 is blackNH, aged 19.517538461538514 in age group 21to29, with relationship status of 1 and is now HIV+.

Agents are being removed from the simulation...
s00577 is aged 29.992538461538512, whiteNH and is leaving the simulation.
s01258 is aged 29.991538461538514, whiteNH and is leaving the simulation.
s01806 is aged 29.98653846153851, whiteNH and is leaving the simulation.
s02204 is aged 29.997538461538515, whiteNH and is leaving the simulation.
s02543 is aged 29.987538461538513, whiteNH and is leaving the simulation.
s02778 is aged 29.990538461538513, whiteNH and is leaving the simulation.
s03204 is aged 29.988538461538514, whiteNH and is leaving the simulation.
s03594 is aged 29.982538461538514, whiteNH and is leaving the simulation.
s04518 is aged 29.98353846153851, blackNH and is leaving the simulation.
s04639 is aged 29.989538461538512, blackNH and is leaving the simulation.
s05096 is aged 29.98653846153851, blackNH and is leaving the simulation.
s08854 is aged 29.988538461538514, hispanic and is leaving the simulation.
s09492 is aged 29.989538461538512, hispanic and is leaving the simulation.
s10215 is aged 29.989538461538512, hispanic and is leaving the simulation.
s10293 is aged 29.988538461538514, hispanic and is leaving the simulation.
s10597 is aged 17.752538461538514, otherNH and is leaving the simulation.
s10784 is aged 29.98653846153851, otherNH and is leaving the simulation.

Agents who have aged to a new age group are being updated...
s00595 is 21.012769230769283 and has aged to age group 21to29.
s03446 is 21.015769230769283 and has aged to age group 21to29.
s03549 is 21.013769230769284 and has aged to age group 21to29.
s03694 is 21.001769230769284 and has aged to age group 21to29.
s04220 is 21.016769230769285 and has aged to age group 21to29.
s04376 is 21.016769230769285 and has aged to age group 21to29.
s04687 is 21.013769230769284 and has aged to age group 21to29.
s05737 is 21.017769230769282 and has aged to age group 21to29.
s05901 is 21.009769230769283 and has aged to age group 21to29.
s06034 is 21.011769230769282 and has aged to age group 21to29.
s07813 is 21.00276923076928 and has aged to age group 21to29.
s08073 is 21.008769230769282 and has aged to age group 21to29.
s08243 is 21.012769230769283 and has aged to age group 21to29.
s08582 is 21.005769230769282 and has aged to age group 21to29.
s11185 is 21.013769230769284 and has aged to age group 21to29.
s11495 is 21.009769230769283 and has aged to age group 21to29.

New agents are being added to the simulation...
s12753 is age 16.0 and whiteNH and is entering the model
s12754 is age 16.0 and blackNH and is entering the model
s12755 is age 16.0 and blackNH and is entering the model
s12756 is age 16.0 and hispanic and is entering the model
s12757 is age 16.0 and whiteNH and is entering the model
s12758 is age 16.0 and whiteNH and is entering the model
s12759 is age 16.0 and whiteNH and is entering the model
s12760 is age 16.0 and whiteNH and is entering the model
s12761 is age 16.0 and whiteNH and is entering the model
s12762 is age 16.0 and whiteNH and is entering the model
s12763 is age 16.0 and blackNH and is entering the model
s12764 is age 16.0 and whiteNH and is entering the model
s12765 is age 16.0 and otherNH and is entering the model
s12766 is age 16.0 and whiteNH and is entering the model
s12767 is age 16.0 and blackNH and is entering the model
s12768 is age 16.0 and whiteNH and is entering the model
s12769 is age 16.0 and blackNH and is entering the model
s12770 is age 16.0 and otherNH and is entering the model
s12771 is age 16.0 and whiteNH and is entering the model
s12772 is age 16.0 and otherNH and is entering the model
s12773 is age 16.0 and blackNH and is entering the model
s12774 is age 16.0 and whiteNH and is entering the model

Agents are attending venues and using apps for week 65 in simulation...


Epidemic Simulation
----------------------------
Simulation: 1/1
Timestep: 65/3640
Prevalence: 1878
Population Size: 11683
----------------------------
The ages, hiv status, and relationship status for the agents are being updated...

Agents are being removed from the simulation...
s00934 is aged 29.986769230769283, whiteNH and is leaving the simulation.
s01672 is aged 29.984769230769285, whiteNH and is leaving the simulation.
s02121 is aged 29.983769230769283, whiteNH and is leaving the simulation.
s02286 is aged 29.983769230769283, whiteNH and is leaving the simulation.
s02424 is aged 29.981769230769284, whiteNH and is leaving the simulation.
s02982 is aged 29.980769230769283, whiteNH and is leaving the simulation.
s04484 is aged 29.986769230769283, blackNH and is leaving the simulation.
s04615 is aged 29.993769230769285, blackNH and is leaving the simulation.
s04636 is aged 29.985769230769282, blackNH and is leaving the simulation.
s06138 is aged 29.987769230769285, blackNH and is leaving the simulation.
s06689 is aged 29.988769230769282, blackNH and is leaving the simulation.
s07322 is aged 29.994769230769283, hispanic and is leaving the simulation.
s08693 is aged 29.993769230769285, hispanic and is leaving the simulation.
s09710 is aged 29.982769230769282, hispanic and is leaving the simulation.
s10005 is aged 29.992769230769284, hispanic and is leaving the simulation.
s10528 is aged 29.995769230769284, otherNH and is leaving the simulation.

Agents who have aged to a new age group are being updated...
s00058 is 21.013000000000055 and has aged to age group 21to29.
s00084 is 21.01900000000005 and has aged to age group 21to29.
s00782 is 21.003000000000053 and has aged to age group 21to29.
s00882 is 21.008000000000052 and has aged to age group 21to29.
s01295 is 21.010000000000055 and has aged to age group 21to29.
s02065 is 21.001000000000055 and has aged to age group 21to29.
s04161 is 21.014000000000053 and has aged to age group 21to29.
s04860 is 21.017000000000053 and has aged to age group 21to29.
s05152 is 21.012000000000054 and has aged to age group 21to29.
s05433 is 21.000000000000053 and has aged to age group 21to29.
s06412 is 21.011000000000053 and has aged to age group 21to29.
s10059 is 21.007000000000055 and has aged to age group 21to29.
s10256 is 21.000000000000053 and has aged to age group 21to29.
s10283 is 21.010000000000055 and has aged to age group 21to29.

New agents are being added to the simulation...
s12775 is age 16.0 and blackNH and is entering the model
s12776 is age 16.0 and whiteNH and is entering the model
s12777 is age 16.0 and blackNH and is entering the model
s12778 is age 16.0 and otherNH and is entering the model
s12779 is age 16.0 and hispanic and is entering the model
s12780 is age 16.0 and hispanic and is entering the model
s12781 is age 16.0 and otherNH and is entering the model
s12782 is age 16.0 and hispanic and is entering the model
s12783 is age 16.0 and hispanic and is entering the model
s12784 is age 16.0 and hispanic and is entering the model
s12785 is age 16.0 and otherNH and is entering the model
s12786 is age 16.0 and hispanic and is entering the model
s12787 is age 16.0 and whiteNH and is entering the model

Agents are attending venues and using apps for week 66 in simulation...


Epidemic Simulation
----------------------------
Simulation: 1/1
Timestep: 66/3640
Prevalence: 1874
Population Size: 11680
----------------------------
The ages, hiv status, and relationship status for the agents are being updated...
s06035 is blackNH, aged 27.452000000000055 in age group 21to29, with relationship status of 1 and is now HIV+.
s09949 is hispanic, aged 24.359000000000055 in age group 21to29, with relationship status of 1 and is now HIV+.

Agents are being removed from the simulation...
s00393 is aged 29.998000000000054, whiteNH and is leaving the simulation.
s02046 is aged 29.988000000000053, whiteNH and is leaving the simulation.
s02546 is aged 29.999000000000052, whiteNH and is leaving the simulation.
s03323 is aged 29.985000000000053, whiteNH and is leaving the simulation.
s03498 is aged 29.993000000000052, whiteNH and is leaving the simulation.
s04651 is aged 29.995000000000054, blackNH and is leaving the simulation.
s05145 is aged 29.983000000000054, blackNH and is leaving the simulation.
s05219 is aged 20.873000000000054, blackNH and is leaving the simulation.
s05653 is aged 29.991000000000053, blackNH and is leaving the simulation.
s06724 is aged 29.999000000000052, blackNH and is leaving the simulation.
s07307 is aged 29.983000000000054, hispanic and is leaving the simulation.
s07638 is aged 29.992000000000054, hispanic and is leaving the simulation.
s08036 is aged 29.989000000000054, hispanic and is leaving the simulation.
s08598 is aged 29.984000000000055, hispanic and is leaving the simulation.
s09575 is aged 29.984000000000055, hispanic and is leaving the simulation.
s09647 is aged 29.992000000000054, hispanic and is leaving the simulation.
s10000 is aged 29.992000000000054, hispanic and is leaving the simulation.

Agents who have aged to a new age group are being updated...
s00227 is 21.002230769230824 and has aged to age group 21to29.
s01036 is 21.001230769230823 and has aged to age group 21to29.
s01367 is 21.008230769230824 and has aged to age group 21to29.
s01808 is 21.00623076923082 and has aged to age group 21to29.
s02311 is 21.008230769230824 and has aged to age group 21to29.
s02958 is 21.012230769230822 and has aged to age group 21to29.
s04041 is 21.00623076923082 and has aged to age group 21to29.
s04187 is 21.003230769230825 and has aged to age group 21to29.
s04222 is 21.016230769230823 and has aged to age group 21to29.
s04355 is 21.002230769230824 and has aged to age group 21to29.
s04413 is 21.011230769230824 and has aged to age group 21to29.
s05412 is 21.009230769230822 and has aged to age group 21to29.
s07413 is 21.017230769230824 and has aged to age group 21to29.
s08020 is 21.014230769230824 and has aged to age group 21to29.
s08640 is 21.005230769230824 and has aged to age group 21to29.
s09194 is 21.011230769230824 and has aged to age group 21to29.
s09909 is 21.011230769230824 and has aged to age group 21to29.
s10476 is 21.00623076923082 and has aged to age group 21to29.
s10851 is 21.011230769230824 and has aged to age group 21to29.
s11157 is 21.001230769230823 and has aged to age group 21to29.

New agents are being added to the simulation...
s12788 is age 16.0 and hispanic and is entering the model
s12789 is age 16.0 and whiteNH and is entering the model
s12790 is age 16.0 and hispanic and is entering the model
s12791 is age 16.0 and blackNH and is entering the model
s12792 is age 16.0 and otherNH and is entering the model
s12793 is age 16.0 and hispanic and is entering the model
s12794 is age 16.0 and hispanic and is entering the model
s12795 is age 16.0 and whiteNH and is entering the model
s12796 is age 16.0 and whiteNH and is entering the model
s12797 is age 16.0 and whiteNH and is entering the model
s12798 is age 16.0 and whiteNH and is entering the model
s12799 is age 16.0 and hispanic and is entering the model
s12800 is age 16.0 and otherNH and is entering the model
s12801 is age 16.0 and hispanic and is entering the model
s12802 is age 16.0 and hispanic and is entering the model
s12803 is age 16.0 and whiteNH and is entering the model
s12804 is age 16.0 and hispanic and is entering the model

Agents are attending venues and using apps for week 67 in simulation...


Epidemic Simulation
----------------------------
Simulation: 1/1
Timestep: 67/3640
Prevalence: 1874
Population Size: 11680
----------------------------
The ages, hiv status, and relationship status for the agents are being updated...
s04121 is blackNH, aged 21.591230769230823 in age group 21to29, with relationship status of 1 and is now HIV+.
s09645 is hispanic, aged 20.904230769230825 in age group 21to29, with relationship status of 0 and is now HIV+.
s10234 is hispanic, aged 27.720230769230824 in age group 21to29, with relationship status of 0 and is now HIV+.
s10941 is otherNH, aged 26.313230769230824 in age group 21to29, with relationship status of 0 and is now HIV+.

Agents are being removed from the simulation...
s00035 is aged 29.987230769230823, whiteNH and is leaving the simulation.
s00116 is aged 29.991230769230825, whiteNH and is leaving the simulation.
s01537 is aged 29.988230769230825, whiteNH and is leaving the simulation.
s01663 is aged 29.999230769230824, whiteNH and is leaving the simulation.
s01699 is aged 29.996230769230824, whiteNH and is leaving the simulation.
s02082 is aged 29.984230769230823, whiteNH and is leaving the simulation.
s02271 is aged 29.986230769230822, whiteNH and is leaving the simulation.
s03293 is aged 29.985230769230824, whiteNH and is leaving the simulation.
s03784 is aged 29.985230769230824, whiteNH and is leaving the simulation.
s06441 is aged 29.991230769230825, blackNH and is leaving the simulation.
s06657 is aged 29.995230769230822, blackNH and is leaving the simulation.
s07630 is aged 29.987230769230823, hispanic and is leaving the simulation.
s07766 is aged 29.991230769230825, hispanic and is leaving the simulation.
s08993 is aged 29.992230769230822, hispanic and is leaving the simulation.
s09140 is aged 29.997230769230825, hispanic and is leaving the simulation.
s09553 is aged 29.988230769230825, hispanic and is leaving the simulation.
s10387 is aged 29.988230769230825, hispanic and is leaving the simulation.

Agents who have aged to a new age group are being updated...
s00012 is 21.018461538461594 and has aged to age group 21to29.
s00300 is 21.017461538461593 and has aged to age group 21to29.
s01341 is 21.004461538461594 and has aged to age group 21to29.
s01505 is 21.006461538461593 and has aged to age group 21to29.
s02013 is 21.011461538461592 and has aged to age group 21to29.
s03358 is 21.000461538461593 and has aged to age group 21to29.
s04004 is 21.011461538461592 and has aged to age group 21to29.
s05232 is 21.011461538461592 and has aged to age group 21to29.
s06200 is 21.003461538461593 and has aged to age group 21to29.
s06382 is 21.003461538461593 and has aged to age group 21to29.
s08685 is 21.014461538461592 and has aged to age group 21to29.
s08971 is 21.006461538461593 and has aged to age group 21to29.
s09386 is 21.001461538461594 and has aged to age group 21to29.
s10173 is 21.014461538461592 and has aged to age group 21to29.
s10235 is 21.010461538461595 and has aged to age group 21to29.

New agents are being added to the simulation...
s12805 is age 16.0 and blackNH and is entering the model
s12806 is age 16.0 and blackNH and is entering the model
s12807 is age 16.0 and whiteNH and is entering the model
s12808 is age 16.0 and otherNH and is entering the model
s12809 is age 16.0 and blackNH and is entering the model
s12810 is age 16.0 and whiteNH and is entering the model
s12811 is age 16.0 and blackNH and is entering the model
s12812 is age 16.0 and blackNH and is entering the model
s12813 is age 16.0 and whiteNH and is entering the model
s12814 is age 16.0 and whiteNH and is entering the model
s12815 is age 16.0 and whiteNH and is entering the model
s12816 is age 16.0 and blackNH and is entering the model
s12817 is age 16.0 and whiteNH and is entering the model
s12818 is age 16.0 and whiteNH and is entering the model
s12819 is age 16.0 and whiteNH and is entering the model
s12820 is age 16.0 and whiteNH and is entering the model
s12821 is age 16.0 and whiteNH and is entering the model
s12822 is age 16.0 and blackNH and is entering the model

Agents are attending venues and using apps for week 68 in simulation...


Epidemic Simulation
----------------------------
Simulation: 1/1
Timestep: 68/3640
Prevalence: 1872
Population Size: 11681
----------------------------
The ages, hiv status, and relationship status for the agents are being updated...
s06225 is blackNH, aged 24.550461538461594 in age group 21to29, with relationship status of 0 and is now HIV+.

Agents are being removed from the simulation...
s00090 is aged 29.997461538461593, whiteNH and is leaving the simulation.
s00541 is aged 29.995461538461594, whiteNH and is leaving the simulation.
s01204 is aged 29.995461538461594, whiteNH and is leaving the simulation.
s02105 is aged 29.987461538461595, whiteNH and is leaving the simulation.
s02115 is aged 29.998461538461594, whiteNH and is leaving the simulation.
s02436 is aged 29.995461538461594, whiteNH and is leaving the simulation.
s02617 is aged 29.99346153846159, whiteNH and is leaving the simulation.
s03267 is aged 29.999461538461592, whiteNH and is leaving the simulation.
s03605 is aged 29.992461538461594, whiteNH and is leaving the simulation.
s04247 is aged 29.987461538461595, blackNH and is leaving the simulation.
s04316 is aged 29.981461538461595, blackNH and is leaving the simulation.
s05906 is aged 24.747461538461593, blackNH and is leaving the simulation.
s06197 is aged 29.981461538461595, blackNH and is leaving the simulation.
s06368 is aged 29.997461538461593, blackNH and is leaving the simulation.
s06525 is aged 29.995461538461594, blackNH and is leaving the simulation.
s06839 is aged 29.984461538461595, hispanic and is leaving the simulation.
s07430 is aged 29.991461538461593, hispanic and is leaving the simulation.
s08337 is aged 29.413461538461593, hispanic and is leaving the simulation.
s09478 is aged 29.989461538461594, hispanic and is leaving the simulation.
s10487 is aged 29.987461538461595, otherNH and is leaving the simulation.
s11081 is aged 29.992461538461594, otherNH and is leaving the simulation.

Agents who have aged to a new age group are being updated...
s00144 is 21.00969230769236 and has aged to age group 21to29.
s02182 is 21.013692307692363 and has aged to age group 21to29.
s02264 is 21.007692307692363 and has aged to age group 21to29.
s04610 is 21.00969230769236 and has aged to age group 21to29.
s06015 is 21.016692307692363 and has aged to age group 21to29.
s06777 is 21.00969230769236 and has aged to age group 21to29.
s08882 is 21.007692307692363 and has aged to age group 21to29.
s09253 is 21.006692307692365 and has aged to age group 21to29.
s09950 is 21.003692307692365 and has aged to age group 21to29.
s10388 is 21.007692307692363 and has aged to age group 21to29.
s10397 is 21.000692307692365 and has aged to age group 21to29.
s11142 is 21.00969230769236 and has aged to age group 21to29.
s11276 is 21.001692307692363 and has aged to age group 21to29.

New agents are being added to the simulation...
s12823 is age 16.0 and blackNH and is entering the model
s12824 is age 16.0 and whiteNH and is entering the model
s12825 is age 16.0 and blackNH and is entering the model
s12826 is age 16.0 and whiteNH and is entering the model
s12827 is age 16.0 and otherNH and is entering the model
s12828 is age 16.0 and hispanic and is entering the model
s12829 is age 16.0 and whiteNH and is entering the model
s12830 is age 16.0 and hispanic and is entering the model
s12831 is age 16.0 and whiteNH and is entering the model
s12832 is age 16.0 and hispanic and is entering the model
s12833 is age 16.0 and blackNH and is entering the model
s12834 is age 16.0 and blackNH and is entering the model
s12835 is age 16.0 and hispanic and is entering the model
s12836 is age 16.0 and otherNH and is entering the model
s12837 is age 16.0 and hispanic and is entering the model
s12838 is age 16.0 and otherNH and is entering the model

Agents are attending venues and using apps for week 69 in simulation...


Epidemic Simulation
----------------------------
Simulation: 1/1
Timestep: 69/3640
Prevalence: 1872
Population Size: 11676
----------------------------
The ages, hiv status, and relationship status for the agents are being updated...
s05678 is blackNH, aged 25.221692307692365 in age group 21to29, with relationship status of 1 and is now HIV+.
s09727 is hispanic, aged 17.391692307692363 in age group 21to29, with relationship status of 0 and is now HIV+.

Agents are being removed from the simulation...
s00556 is aged 29.986692307692362, whiteNH and is leaving the simulation.
s02349 is aged 29.987692307692363, whiteNH and is leaving the simulation.
s02405 is aged 29.990692307692363, whiteNH and is leaving the simulation.
s03097 is aged 29.994692307692365, whiteNH and is leaving the simulation.
s03156 is aged 29.995692307692362, whiteNH and is leaving the simulation.
s03402 is aged 29.997692307692365, whiteNH and is leaving the simulation.
s04849 is aged 29.989692307692362, blackNH and is leaving the simulation.
s06792 is aged 29.999692307692364, blackNH and is leaving the simulation.
s07319 is aged 29.993692307692363, hispanic and is leaving the simulation.
s07673 is aged 29.991692307692364, hispanic and is leaving the simulation.
s08480 is aged 29.985692307692364, hispanic and is leaving the simulation.
s08878 is aged 29.987692307692363, hispanic and is leaving the simulation.
s09698 is aged 29.989692307692362, hispanic and is leaving the simulation.
s09888 is aged 29.993692307692363, hispanic and is leaving the simulation.
s10063 is aged 29.981692307692363, hispanic and is leaving the simulation.
s10307 is aged 29.999692307692364, hispanic and is leaving the simulation.
s10343 is aged 29.991692307692364, hispanic and is leaving the simulation.

Agents who have aged to a new age group are being updated...
s00112 is 21.001923076923134 and has aged to age group 21to29.
s00502 is 21.007923076923134 and has aged to age group 21to29.
s00590 is 21.004923076923134 and has aged to age group 21to29.
s00722 is 21.004923076923134 and has aged to age group 21to29.
s01173 is 21.000923076923133 and has aged to age group 21to29.
s01814 is 21.009923076923133 and has aged to age group 21to29.
s01974 is 21.009923076923133 and has aged to age group 21to29.
s03726 is 21.007923076923134 and has aged to age group 21to29.
s03984 is 21.004923076923134 and has aged to age group 21to29.
s04250 is 21.017923076923132 and has aged to age group 21to29.
s05082 is 21.003923076923133 and has aged to age group 21to29.
s06817 is 21.003923076923133 and has aged to age group 21to29.
s07222 is 21.006923076923133 and has aged to age group 21to29.
s10004 is 21.012923076923133 and has aged to age group 21to29.
s11045 is 21.011923076923132 and has aged to age group 21to29.

New agents are being added to the simulation...
s12839 is age 16.0 and hispanic and is entering the model
s12840 is age 16.0 and blackNH and is entering the model
s12841 is age 16.0 and hispanic and is entering the model
s12842 is age 16.0 and whiteNH and is entering the model
s12843 is age 16.0 and otherNH and is entering the model
s12844 is age 16.0 and hispanic and is entering the model
s12845 is age 16.0 and otherNH and is entering the model
s12846 is age 16.0 and blackNH and is entering the model
s12847 is age 16.0 and hispanic and is entering the model
s12848 is age 16.0 and whiteNH and is entering the model
s12849 is age 16.0 and blackNH and is entering the model
s12850 is age 16.0 and blackNH and is entering the model
s12851 is age 16.0 and blackNH and is entering the model
s12852 is age 16.0 and blackNH and is entering the model
s12853 is age 16.0 and hispanic and is entering the model
s12854 is age 16.0 and whiteNH and is entering the model
s12855 is age 16.0 and otherNH and is entering the model
s12856 is age 16.0 and otherNH and is entering the model
s12857 is age 16.0 and hispanic and is entering the model
s12858 is age 16.0 and otherNH and is entering the model
s12859 is age 16.0 and blackNH and is entering the model
s12860 is age 16.0 and whiteNH and is entering the model
s12861 is age 16.0 and hispanic and is entering the model

Agents are attending venues and using apps for week 70 in simulation...


Epidemic Simulation
----------------------------
Simulation: 1/1
Timestep: 70/3640
Prevalence: 1872
Population Size: 11682
----------------------------
The ages, hiv status, and relationship status for the agents are being updated...
s00299 is whiteNH, aged 24.987923076923135 in age group 16to20, with relationship status of 1 and is now HIV+.
s04569 is blackNH, aged 22.290923076923132 in age group 21to29, with relationship status of 0 and is now HIV+.
s08587 is hispanic, aged 26.789923076923134 in age group 21to29, with relationship status of 0 and is now HIV+.
s11398 is otherNH, aged 17.902923076923134 in age group 21to29, with relationship status of 0 and is now HIV+.

Agents are being removed from the simulation...
s00213 is aged 20.626923076923134, whiteNH and is leaving the simulation.
s00646 is aged 29.996923076923135, whiteNH and is leaving the simulation.
s00899 is aged 29.995923076923134, whiteNH and is leaving the simulation.
s02526 is aged 29.994923076923133, whiteNH and is leaving the simulation.
s02731 is aged 29.987923076923135, whiteNH and is leaving the simulation.
s05614 is aged 29.991923076923133, blackNH and is leaving the simulation.
s06330 is aged 29.987923076923135, blackNH and is leaving the simulation.
s07174 is aged 29.995923076923134, hispanic and is leaving the simulation.
s08185 is aged 29.987923076923135, hispanic and is leaving the simulation.
s09207 is aged 29.986923076923134, hispanic and is leaving the simulation.
s10030 is aged 29.992923076923134, hispanic and is leaving the simulation.
s10045 is aged 29.983923076923134, hispanic and is leaving the simulation.
s10734 is aged 29.994923076923133, otherNH and is leaving the simulation.
s10825 is aged 29.997923076923133, otherNH and is leaving the simulation.
s11561 is aged 29.981923076923135, otherNH and is leaving the simulation.

Agents who have aged to a new age group are being updated...
s00041 is 21.012153846153904 and has aged to age group 21to29.
s01577 is 21.011153846153903 and has aged to age group 21to29.
s02373 is 21.005153846153902 and has aged to age group 21to29.
s03013 is 21.004153846153905 and has aged to age group 21to29.
s03519 is 21.018153846153904 and has aged to age group 21to29.
s04941 is 21.004153846153905 and has aged to age group 21to29.
s05993 is 21.005153846153902 and has aged to age group 21to29.
s06383 is 21.008153846153903 and has aged to age group 21to29.
s06802 is 21.010153846153905 and has aged to age group 21to29.
s07514 is 21.016153846153905 and has aged to age group 21to29.
s07689 is 21.005153846153902 and has aged to age group 21to29.
s08649 is 21.017153846153903 and has aged to age group 21to29.
s09754 is 21.016153846153905 and has aged to age group 21to29.

New agents are being added to the simulation...
s12862 is age 16.0 and whiteNH and is entering the model
s12863 is age 16.0 and blackNH and is entering the model
s12864 is age 16.0 and otherNH and is entering the model
s12865 is age 16.0 and hispanic and is entering the model
s12866 is age 16.0 and hispanic and is entering the model
s12867 is age 16.0 and hispanic and is entering the model
s12868 is age 16.0 and otherNH and is entering the model
s12869 is age 16.0 and hispanic and is entering the model
s12870 is age 16.0 and whiteNH and is entering the model
s12871 is age 16.0 and whiteNH and is entering the model
s12872 is age 16.0 and hispanic and is entering the model
s12873 is age 16.0 and whiteNH and is entering the model
s12874 is age 16.0 and blackNH and is entering the model
s12875 is age 16.0 and hispanic and is entering the model
s12876 is age 16.0 and blackNH and is entering the model
s12877 is age 16.0 and hispanic and is entering the model
s12878 is age 16.0 and otherNH and is entering the model

Agents are attending venues and using apps for week 71 in simulation...


Epidemic Simulation
----------------------------
Simulation: 1/1
Timestep: 71/3640
Prevalence: 1875
Population Size: 11684
----------------------------
The ages, hiv status, and relationship status for the agents are being updated...
s01337 is whiteNH, aged 24.109153846153905 in age group 16to20, with relationship status of 0 and is now HIV+.
s04349 is blackNH, aged 29.267153846153903 in age group 16to20, with relationship status of 1 and is now HIV+.
s04884 is blackNH, aged 22.012153846153904 in age group 21to29, with relationship status of 0 and is now HIV+.
s12503 is blackNH, aged 16.40384615384617 in age group 16to20, with relationship status of 0 and is now HIV+.

Agents are being removed from the simulation...
s01165 is aged 29.986153846153904, whiteNH and is leaving the simulation.
s01481 is aged 29.989153846153904, whiteNH and is leaving the simulation.
s01819 is aged 29.997153846153903, whiteNH and is leaving the simulation.
s02183 is aged 29.994153846153903, whiteNH and is leaving the simulation.
s02268 is aged 29.994153846153903, whiteNH and is leaving the simulation.
s02429 is aged 29.984153846153905, whiteNH and is leaving the simulation.
s02688 is aged 29.991153846153903, whiteNH and is leaving the simulation.
s03391 is aged 29.994153846153903, whiteNH and is leaving the simulation.
s04801 is aged 26.011153846153903, blackNH and is leaving the simulation.
s06270 is aged 29.998153846153905, blackNH and is leaving the simulation.
s06583 is aged 29.983153846153904, blackNH and is leaving the simulation.
s09227 is aged 29.982153846153903, hispanic and is leaving the simulation.
s09342 is aged 29.997153846153903, hispanic and is leaving the simulation.
s09357 is aged 29.999153846153902, hispanic and is leaving the simulation.
s09813 is aged 29.991153846153903, hispanic and is leaving the simulation.
s10324 is aged 29.994153846153903, hispanic and is leaving the simulation.
s10672 is aged 29.986153846153904, otherNH and is leaving the simulation.
s11196 is aged 29.981153846153905, otherNH and is leaving the simulation.

Agents who have aged to a new age group are being updated...
s00083 is 21.012384615384672 and has aged to age group 21to29.
s01224 is 21.011384615384674 and has aged to age group 21to29.
s04333 is 21.003384615384675 and has aged to age group 21to29.
s04543 is 21.005384615384674 and has aged to age group 21to29.
s05090 is 21.008384615384674 and has aged to age group 21to29.
s05291 is 21.003384615384675 and has aged to age group 21to29.
s05523 is 21.013384615384673 and has aged to age group 21to29.
s06048 is 21.006384615384672 and has aged to age group 21to29.
s06228 is 21.002384615384674 and has aged to age group 21to29.
s06720 is 21.014384615384675 and has aged to age group 21to29.
s07755 is 21.009384615384672 and has aged to age group 21to29.
s09645 is 21.000384615384675 and has aged to age group 21to29.
s10590 is 21.007384615384673 and has aged to age group 21to29.

New agents are being added to the simulation...
s12879 is age 16.0 and otherNH and is entering the model
s12880 is age 16.0 and hispanic and is entering the model
s12881 is age 16.0 and hispanic and is entering the model
s12882 is age 16.0 and whiteNH and is entering the model
s12883 is age 16.0 and hispanic and is entering the model
s12884 is age 16.0 and hispanic and is entering the model
s12885 is age 16.0 and otherNH and is entering the model
s12886 is age 16.0 and blackNH and is entering the model
s12887 is age 16.0 and whiteNH and is entering the model
s12888 is age 16.0 and whiteNH and is entering the model
s12889 is age 16.0 and blackNH and is entering the model
s12890 is age 16.0 and blackNH and is entering the model
s12891 is age 16.0 and whiteNH and is entering the model
s12892 is age 16.0 and whiteNH and is entering the model

Agents are attending venues and using apps for week 72 in simulation...


Epidemic Simulation
----------------------------
Simulation: 1/1
Timestep: 72/3640
Prevalence: 1875
Population Size: 11680
----------------------------
The ages, hiv status, and relationship status for the agents are being updated...
s03887 is blackNH, aged 29.303384615384672 in age group 16to20, with relationship status of 0 and is now HIV+.

Agents are being removed from the simulation...
s00074 is aged 29.981384615384673, whiteNH and is leaving the simulation.
s00570 is aged 29.992384615384672, whiteNH and is leaving the simulation.
s01758 is aged 29.986384615384672, whiteNH and is leaving the simulation.
s02139 is aged 29.987384615384673, whiteNH and is leaving the simulation.
s02836 is aged 29.995384615384673, whiteNH and is leaving the simulation.
s03937 is aged 29.985384615384675, blackNH and is leaving the simulation.
s04714 is aged 29.997384615384675, blackNH and is leaving the simulation.
s05878 is aged 29.987384615384673, blackNH and is leaving the simulation.
s06498 is aged 29.996384615384674, blackNH and is leaving the simulation.
s06590 is aged 29.982384615384674, blackNH and is leaving the simulation.
s07209 is aged 29.989384615384672, hispanic and is leaving the simulation.
s08319 is aged 29.999384615384674, hispanic and is leaving the simulation.
s08411 is aged 29.996384615384674, hispanic and is leaving the simulation.
s08528 is aged 29.991384615384675, hispanic and is leaving the simulation.
s09168 is aged 29.988384615384675, hispanic and is leaving the simulation.
s09490 is aged 29.996384615384674, hispanic and is leaving the simulation.
s10239 is aged 29.981384615384673, hispanic and is leaving the simulation.
s10853 is aged 29.991384615384675, otherNH and is leaving the simulation.

Agents who have aged to a new age group are being updated...
s00757 is 21.001615384615445 and has aged to age group 21to29.
s01193 is 21.017615384615443 and has aged to age group 21to29.
s01391 is 21.007615384615445 and has aged to age group 21to29.
s01721 is 21.011615384615443 and has aged to age group 21to29.
s02722 is 21.009615384615444 and has aged to age group 21to29.
s05174 is 21.008615384615442 and has aged to age group 21to29.
s05540 is 21.003615384615443 and has aged to age group 21to29.
s06453 is 21.003615384615443 and has aged to age group 21to29.
s06488 is 21.012615384615444 and has aged to age group 21to29.
s06852 is 21.002615384615442 and has aged to age group 21to29.
s07461 is 21.007615384615445 and has aged to age group 21to29.
s07605 is 21.004615384615445 and has aged to age group 21to29.
s07669 is 21.013615384615445 and has aged to age group 21to29.
s07927 is 21.006615384615444 and has aged to age group 21to29.
s08915 is 21.014615384615443 and has aged to age group 21to29.
s11633 is 21.007615384615445 and has aged to age group 21to29.

New agents are being added to the simulation...
s12893 is age 16.0 and hispanic and is entering the model
s12894 is age 16.0 and hispanic and is entering the model
s12895 is age 16.0 and hispanic and is entering the model
s12896 is age 16.0 and whiteNH and is entering the model
s12897 is age 16.0 and whiteNH and is entering the model
s12898 is age 16.0 and whiteNH and is entering the model
s12899 is age 16.0 and hispanic and is entering the model
s12900 is age 16.0 and hispanic and is entering the model
s12901 is age 16.0 and whiteNH and is entering the model
s12902 is age 16.0 and blackNH and is entering the model
s12903 is age 16.0 and blackNH and is entering the model
s12904 is age 16.0 and hispanic and is entering the model
s12905 is age 16.0 and blackNH and is entering the model
s12906 is age 16.0 and hispanic and is entering the model
s12907 is age 16.0 and whiteNH and is entering the model

Agents are attending venues and using apps for week 73 in simulation...


Epidemic Simulation
----------------------------
Simulation: 1/1
Timestep: 73/3640
Prevalence: 1875
Population Size: 11677
----------------------------
The ages, hiv status, and relationship status for the agents are being updated...
s00083 is whiteNH, aged 21.031615384615442 in age group 21to29, with relationship status of 0 and is now HIV+.
s02610 is whiteNH, aged 25.945615384615444 in age group 21to29, with relationship status of 1 and is now HIV+.
s04723 is blackNH, aged 26.002615384615442 in age group 16to20, with relationship status of 0 and is now HIV+.
s04851 is blackNH, aged 17.725615384615445 in age group 16to20, with relationship status of 0 and is now HIV+.
s08942 is hispanic, aged 24.811615384615443 in age group 21to29, with relationship status of 1 and is now HIV+.
s12079 is blackNH, aged 16.903846153846192 in age group 16to20, with relationship status of 0 and is now HIV+.

Agents are being removed from the simulation...
s00201 is aged 29.999615384615442, whiteNH and is leaving the simulation.
s00626 is aged 29.984615384615445, whiteNH and is leaving the simulation.
s01525 is aged 29.987615384615445, whiteNH and is leaving the simulation.
s01564 is aged 29.982615384615443, whiteNH and is leaving the simulation.
s02779 is aged 29.983615384615444, whiteNH and is leaving the simulation.
s04604 is aged 29.987615384615445, blackNH and is leaving the simulation.
s04686 is aged 29.994615384615443, blackNH and is leaving the simulation.
s05956 is aged 29.997615384615443, blackNH and is leaving the simulation.
s07385 is aged 29.989615384615444, hispanic and is leaving the simulation.
s07687 is aged 29.995615384615444, hispanic and is leaving the simulation.
s07856 is aged 29.998615384615444, hispanic and is leaving the simulation.
s08628 is aged 29.993615384615445, hispanic and is leaving the simulation.
s09305 is aged 29.988615384615443, hispanic and is leaving the simulation.
s09588 is aged 29.982615384615443, hispanic and is leaving the simulation.
s09680 is aged 29.984615384615445, hispanic and is leaving the simulation.
s10200 is aged 29.987615384615445, hispanic and is leaving the simulation.
s10216 is aged 29.996615384615442, hispanic and is leaving the simulation.

Agents who have aged to a new age group are being updated...
s00154 is 21.008846153846214 and has aged to age group 21to29.
s00253 is 21.015846153846212 and has aged to age group 21to29.
s00891 is 21.009846153846215 and has aged to age group 21to29.
s01197 is 21.006846153846215 and has aged to age group 21to29.
s01711 is 21.013846153846213 and has aged to age group 21to29.
s01820 is 21.015846153846212 and has aged to age group 21to29.
s01907 is 21.002846153846214 and has aged to age group 21to29.
s01967 is 21.014846153846214 and has aged to age group 21to29.
s01985 is 21.006846153846215 and has aged to age group 21to29.
s02076 is 21.004846153846213 and has aged to age group 21to29.
s02179 is 21.009846153846215 and has aged to age group 21to29.
s02281 is 21.000846153846215 and has aged to age group 21to29.
s02882 is 21.003846153846215 and has aged to age group 21to29.
s04558 is 21.000846153846215 and has aged to age group 21to29.
s04944 is 21.015846153846212 and has aged to age group 21to29.
s07373 is 21.004846153846213 and has aged to age group 21to29.
s07744 is 21.014846153846214 and has aged to age group 21to29.
s07875 is 21.006846153846215 and has aged to age group 21to29.
s07919 is 21.000846153846215 and has aged to age group 21to29.
s08316 is 21.000846153846215 and has aged to age group 21to29.
s08405 is 21.000846153846215 and has aged to age group 21to29.
s08413 is 21.000846153846215 and has aged to age group 21to29.
s08632 is 21.005846153846214 and has aged to age group 21to29.
s09982 is 21.013846153846213 and has aged to age group 21to29.
s10785 is 21.012846153846215 and has aged to age group 21to29.
s11178 is 21.017846153846214 and has aged to age group 21to29.
s11479 is 21.013846153846213 and has aged to age group 21to29.
s11611 is 21.006846153846215 and has aged to age group 21to29.

New agents are being added to the simulation...
s12908 is age 16.0 and blackNH and is entering the model
s12909 is age 16.0 and blackNH and is entering the model
s12910 is age 16.0 and whiteNH and is entering the model
s12911 is age 16.0 and hispanic and is entering the model
s12912 is age 16.0 and blackNH and is entering the model
s12913 is age 16.0 and whiteNH and is entering the model
s12914 is age 16.0 and hispanic and is entering the model
s12915 is age 16.0 and whiteNH and is entering the model
s12916 is age 16.0 and whiteNH and is entering the model
s12917 is age 16.0 and whiteNH and is entering the model
s12918 is age 16.0 and whiteNH and is entering the model
s12919 is age 16.0 and blackNH and is entering the model
s12920 is age 16.0 and blackNH and is entering the model

Agents are attending venues and using apps for week 74 in simulation...


Epidemic Simulation
----------------------------
Simulation: 1/1
Timestep: 74/3640
Prevalence: 1878
Population Size: 11673
----------------------------
The ages, hiv status, and relationship status for the agents are being updated...
s00033 is whiteNH, aged 22.222846153846213 in age group 21to29, with relationship status of 0 and is now HIV+.
s04562 is blackNH, aged 25.479846153846214 in age group 16to20, with relationship status of 1 and is now HIV+.
s04874 is blackNH, aged 18.783846153846213 in age group 16to20, with relationship status of 1 and is now HIV+.
s05292 is blackNH, aged 22.726846153846214 in age group 21to29, with relationship status of 1 and is now HIV+.
s05337 is blackNH, aged 23.930846153846215 in age group 21to29, with relationship status of 0 and is now HIV+.

Agents are being removed from the simulation...
s02710 is aged 29.987846153846213, whiteNH and is leaving the simulation.
s03408 is aged 29.982846153846214, whiteNH and is leaving the simulation.
s04578 is aged 29.991846153846215, blackNH and is leaving the simulation.
s05836 is aged 29.985846153846214, blackNH and is leaving the simulation.
s05877 is aged 29.989846153846212, blackNH and is leaving the simulation.
s06396 is aged 29.993846153846214, blackNH and is leaving the simulation.
s06511 is aged 29.984846153846213, blackNH and is leaving the simulation.
s06826 is aged 29.983846153846212, hispanic and is leaving the simulation.
s08006 is aged 29.986846153846212, hispanic and is leaving the simulation.
s09893 is aged 29.989846153846212, hispanic and is leaving the simulation.
s11513 is aged 29.990846153846213, otherNH and is leaving the simulation.
s11696 is aged 29.991846153846215, otherNH and is leaving the simulation.

Agents who have aged to a new age group are being updated...
s02943 is 21.017076923076985 and has aged to age group 21to29.
s03032 is 21.018076923076983 and has aged to age group 21to29.
s03430 is 21.017076923076985 and has aged to age group 21to29.
s03908 is 21.016076923076984 and has aged to age group 21to29.
s04281 is 21.019076923076984 and has aged to age group 21to29.
s04480 is 21.001076923076983 and has aged to age group 21to29.
s04542 is 21.019076923076984 and has aged to age group 21to29.
s05034 is 21.000076923076982 and has aged to age group 21to29.
s05269 is 21.002076923076984 and has aged to age group 21to29.
s05657 is 21.007076923076983 and has aged to age group 21to29.
s06735 is 21.016076923076984 and has aged to age group 21to29.
s07637 is 21.001076923076983 and has aged to age group 21to29.
s07746 is 21.009076923076982 and has aged to age group 21to29.
s08196 is 21.017076923076985 and has aged to age group 21to29.
s08498 is 21.018076923076983 and has aged to age group 21to29.
s08655 is 21.012076923076982 and has aged to age group 21to29.
s09006 is 21.015076923076982 and has aged to age group 21to29.
s09522 is 21.006076923076982 and has aged to age group 21to29.
s10204 is 21.000076923076982 and has aged to age group 21to29.
s10761 is 21.013076923076984 and has aged to age group 21to29.
s10913 is 21.018076923076983 and has aged to age group 21to29.
s11702 is 21.003076923076982 and has aged to age group 21to29.

New agents are being added to the simulation...
s12921 is age 16.0 and blackNH and is entering the model
s12922 is age 16.0 and otherNH and is entering the model
s12923 is age 16.0 and hispanic and is entering the model
s12924 is age 16.0 and blackNH and is entering the model
s12925 is age 16.0 and blackNH and is entering the model
s12926 is age 16.0 and blackNH and is entering the model
s12927 is age 16.0 and hispanic and is entering the model
s12928 is age 16.0 and hispanic and is entering the model
s12929 is age 16.0 and hispanic and is entering the model
s12930 is age 16.0 and otherNH and is entering the model
s12931 is age 16.0 and blackNH and is entering the model
s12932 is age 16.0 and hispanic and is entering the model
s12933 is age 16.0 and whiteNH and is entering the model
s12934 is age 16.0 and hispanic and is entering the model
s12935 is age 16.0 and blackNH and is entering the model
s12936 is age 16.0 and whiteNH and is entering the model
s12937 is age 16.0 and hispanic and is entering the model
s12938 is age 16.0 and blackNH and is entering the model

Agents are attending venues and using apps for week 75 in simulation...


Epidemic Simulation
----------------------------
Simulation: 1/1
Timestep: 75/3640
Prevalence: 1878
Population Size: 11679
----------------------------
The ages, hiv status, and relationship status for the agents are being updated...
s01719 is whiteNH, aged 24.837076923076985 in age group 21to29, with relationship status of 1 and is now HIV+.
s04091 is blackNH, aged 22.944076923076985 in age group 16to20, with relationship status of 1 and is now HIV+.
s11952 is hispanic, aged 17.096153846153893 in age group 16to20, with relationship status of 0 and is now HIV+.

Agents are being removed from the simulation...
s00076 is aged 29.981076923076984, whiteNH and is leaving the simulation.
s01138 is aged 29.987076923076984, whiteNH and is leaving the simulation.
s01273 is aged 29.981076923076984, whiteNH and is leaving the simulation.
s01283 is aged 29.986076923076983, whiteNH and is leaving the simulation.
s01876 is aged 29.987076923076984, whiteNH and is leaving the simulation.
s02149 is aged 29.989076923076983, whiteNH and is leaving the simulation.
s02556 is aged 29.994076923076985, whiteNH and is leaving the simulation.
s04478 is aged 29.997076923076985, blackNH and is leaving the simulation.
s04781 is aged 29.994076923076985, blackNH and is leaving the simulation.
s07052 is aged 29.997076923076985, hispanic and is leaving the simulation.
s07224 is aged 29.998076923076983, hispanic and is leaving the simulation.
s07974 is aged 29.996076923076984, hispanic and is leaving the simulation.
s09027 is aged 29.982076923076985, hispanic and is leaving the simulation.
s09636 is aged 29.985076923076985, hispanic and is leaving the simulation.
s09640 is aged 29.981076923076984, hispanic and is leaving the simulation.
s09873 is aged 29.992076923076983, hispanic and is leaving the simulation.
s10201 is aged 29.997076923076985, hispanic and is leaving the simulation.
s10379 is aged 29.981076923076984, hispanic and is leaving the simulation.
s10624 is aged 23.426076923076984, otherNH and is leaving the simulation.
s11686 is aged 29.991076923076985, otherNH and is leaving the simulation.

Agents who have aged to a new age group are being updated...
s01517 is 21.010307692307755 and has aged to age group 21to29.
s02071 is 21.018307692307754 and has aged to age group 21to29.
s03400 is 21.005307692307753 and has aged to age group 21to29.
s04458 is 21.004307692307755 and has aged to age group 21to29.
s05448 is 21.010307692307755 and has aged to age group 21to29.
s09856 is 21.016307692307755 and has aged to age group 21to29.
s11179 is 21.018307692307754 and has aged to age group 21to29.
s11461 is 21.013307692307755 and has aged to age group 21to29.

New agents are being added to the simulation...
s12939 is age 16.0 and whiteNH and is entering the model
s12940 is age 16.0 and whiteNH and is entering the model
s12941 is age 16.0 and otherNH and is entering the model
s12942 is age 16.0 and whiteNH and is entering the model
s12943 is age 16.0 and whiteNH and is entering the model
s12944 is age 16.0 and blackNH and is entering the model
s12945 is age 16.0 and whiteNH and is entering the model
s12946 is age 16.0 and hispanic and is entering the model
s12947 is age 16.0 and whiteNH and is entering the model
s12948 is age 16.0 and otherNH and is entering the model
s12949 is age 16.0 and blackNH and is entering the model
s12950 is age 16.0 and whiteNH and is entering the model
s12951 is age 16.0 and blackNH and is entering the model
s12952 is age 16.0 and hispanic and is entering the model
s12953 is age 16.0 and blackNH and is entering the model
s12954 is age 16.0 and hispanic and is entering the model

Agents are attending venues and using apps for week 76 in simulation...


Epidemic Simulation
----------------------------
Simulation: 1/1
Timestep: 76/3640
Prevalence: 1881
Population Size: 11675
----------------------------
The ages, hiv status, and relationship status for the agents are being updated...
s04523 is blackNH, aged 19.392307692307753 in age group 16to20, with relationship status of 0 and is now HIV+.
s05969 is blackNH, aged 17.952307692307755 in age group 21to29, with relationship status of 0 and is now HIV+.
s06332 is blackNH, aged 29.361307692307754 in age group 21to29, with relationship status of 0 and is now HIV+.
s09670 is hispanic, aged 27.009307692307754 in age group 21to29, with relationship status of 0 and is now HIV+.

Agents are being removed from the simulation...
s00609 is aged 29.985307692307753, whiteNH and is leaving the simulation.
s01427 is aged 29.998307692307755, whiteNH and is leaving the simulation.
s01882 is aged 29.999307692307752, whiteNH and is leaving the simulation.
s02828 is aged 29.984307692307755, whiteNH and is leaving the simulation.
s03070 is aged 29.997307692307754, whiteNH and is leaving the simulation.
s04548 is aged 29.981307692307755, blackNH and is leaving the simulation.
s05169 is aged 29.998307692307755, blackNH and is leaving the simulation.
s05435 is aged 29.986307692307754, blackNH and is leaving the simulation.
s05610 is aged 29.999307692307752, blackNH and is leaving the simulation.
s06205 is aged 29.998307692307755, blackNH and is leaving the simulation.
s07202 is aged 29.985307692307753, hispanic and is leaving the simulation.
s07350 is aged 29.984307692307755, hispanic and is leaving the simulation.
s08814 is aged 29.999307692307752, hispanic and is leaving the simulation.
s09500 is aged 29.992307692307755, hispanic and is leaving the simulation.
s09790 is aged 29.985307692307753, hispanic and is leaving the simulation.
s11099 is aged 29.986307692307754, otherNH and is leaving the simulation.
s11240 is aged 29.985307692307753, otherNH and is leaving the simulation.

Agents who have aged to a new age group are being updated...
s01581 is 21.014538461538525 and has aged to age group 21to29.
s02212 is 21.012538461538522 and has aged to age group 21to29.
s02554 is 21.013538461538523 and has aged to age group 21to29.
s03231 is 21.012538461538522 and has aged to age group 21to29.
s03245 is 21.002538461538524 and has aged to age group 21to29.
s04276 is 21.012538461538522 and has aged to age group 21to29.
s04742 is 21.014538461538525 and has aged to age group 21to29.
s05307 is 21.010538461538523 and has aged to age group 21to29.
s05487 is 21.013538461538523 and has aged to age group 21to29.
s06165 is 21.017538461538525 and has aged to age group 21to29.
s06214 is 21.012538461538522 and has aged to age group 21to29.
s07587 is 21.006538461538526 and has aged to age group 21to29.
s07946 is 21.015538461538522 and has aged to age group 21to29.
s10603 is 21.001538461538523 and has aged to age group 21to29.
s11342 is 21.002538461538524 and has aged to age group 21to29.
s11574 is 21.016538461538524 and has aged to age group 21to29.

New agents are being added to the simulation...
s12955 is age 16.0 and hispanic and is entering the model
s12956 is age 16.0 and whiteNH and is entering the model
s12957 is age 16.0 and whiteNH and is entering the model
s12958 is age 16.0 and hispanic and is entering the model
s12959 is age 16.0 and blackNH and is entering the model
s12960 is age 16.0 and blackNH and is entering the model
s12961 is age 16.0 and hispanic and is entering the model
s12962 is age 16.0 and whiteNH and is entering the model
s12963 is age 16.0 and whiteNH and is entering the model
s12964 is age 16.0 and hispanic and is entering the model
s12965 is age 16.0 and hispanic and is entering the model
s12966 is age 16.0 and blackNH and is entering the model
s12967 is age 16.0 and whiteNH and is entering the model
s12968 is age 16.0 and otherNH and is entering the model
s12969 is age 16.0 and whiteNH and is entering the model
s12970 is age 16.0 and whiteNH and is entering the model
s12971 is age 16.0 and whiteNH and is entering the model
s12972 is age 16.0 and hispanic and is entering the model
s12973 is age 16.0 and hispanic and is entering the model
s12974 is age 16.0 and whiteNH and is entering the model
s12975 is age 16.0 and hispanic and is entering the model
s12976 is age 16.0 and whiteNH and is entering the model
s12977 is age 16.0 and blackNH and is entering the model
s12978 is age 16.0 and whiteNH and is entering the model
s12979 is age 16.0 and blackNH and is entering the model
s12980 is age 16.0 and whiteNH and is entering the model
s12981 is age 16.0 and whiteNH and is entering the model
s12982 is age 16.0 and blackNH and is entering the model

Agents are attending venues and using apps for week 77 in simulation...


Epidemic Simulation
----------------------------
Simulation: 1/1
Timestep: 77/3640
Prevalence: 1878
Population Size: 11686
----------------------------
The ages, hiv status, and relationship status for the agents are being updated...
s04092 is blackNH, aged 21.776538461538525 in age group 21to29, with relationship status of 1 and is now HIV+.
s06038 is blackNH, aged 17.721538461538525 in age group 21to29, with relationship status of 0 and is now HIV+.
s07593 is hispanic, aged 26.402538461538523 in age group 16to20, with relationship status of 0 and is now HIV+.
s09747 is hispanic, aged 19.386538461538525 in age group 21to29, with relationship status of 1 and is now HIV+.

Agents are being removed from the simulation...
s00955 is aged 29.997538461538525, whiteNH and is leaving the simulation.
s01264 is aged 29.981538461538523, whiteNH and is leaving the simulation.
s03030 is aged 29.999538461538524, whiteNH and is leaving the simulation.
s03373 is aged 29.993538461538524, whiteNH and is leaving the simulation.
s04883 is aged 29.991538461538525, blackNH and is leaving the simulation.
s05908 is aged 29.993538461538524, blackNH and is leaving the simulation.
s06002 is aged 29.988538461538525, blackNH and is leaving the simulation.
s06397 is aged 29.991538461538525, blackNH and is leaving the simulation.
s07212 is aged 29.997538461538525, hispanic and is leaving the simulation.
s07314 is aged 29.992538461538523, hispanic and is leaving the simulation.
s07627 is aged 29.992538461538523, hispanic and is leaving the simulation.
s08941 is aged 29.991538461538525, hispanic and is leaving the simulation.
s09468 is aged 29.984538461538524, hispanic and is leaving the simulation.
s09514 is aged 29.998538461538523, hispanic and is leaving the simulation.
s10145 is aged 29.997538461538525, hispanic and is leaving the simulation.
s10299 is aged 29.999538461538524, hispanic and is leaving the simulation.

Agents who have aged to a new age group are being updated...
s00580 is 21.016769230769295 and has aged to age group 21to29.
s02256 is 21.015769230769294 and has aged to age group 21to29.
s02563 is 21.005769230769292 and has aged to age group 21to29.
s03590 is 21.010769230769295 and has aged to age group 21to29.
s03778 is 21.015769230769294 and has aged to age group 21to29.
s06147 is 21.011769230769293 and has aged to age group 21to29.
s06287 is 21.000769230769293 and has aged to age group 21to29.
s07812 is 21.000769230769293 and has aged to age group 21to29.
s08150 is 21.012769230769294 and has aged to age group 21to29.
s08373 is 21.011769230769293 and has aged to age group 21to29.
s08625 is 21.007769230769295 and has aged to age group 21to29.
s10013 is 21.016769230769295 and has aged to age group 21to29.
s11355 is 21.002769230769292 and has aged to age group 21to29.
s11455 is 21.016769230769295 and has aged to age group 21to29.
s11544 is 21.007769230769295 and has aged to age group 21to29.

New agents are being added to the simulation...
s12983 is age 16.0 and blackNH and is entering the model
s12984 is age 16.0 and hispanic and is entering the model
s12985 is age 16.0 and blackNH and is entering the model
s12986 is age 16.0 and whiteNH and is entering the model
s12987 is age 16.0 and blackNH and is entering the model
s12988 is age 16.0 and whiteNH and is entering the model
s12989 is age 16.0 and whiteNH and is entering the model
s12990 is age 16.0 and whiteNH and is entering the model
s12991 is age 16.0 and whiteNH and is entering the model
s12992 is age 16.0 and hispanic and is entering the model
s12993 is age 16.0 and hispanic and is entering the model
s12994 is age 16.0 and hispanic and is entering the model
s12995 is age 16.0 and hispanic and is entering the model
s12996 is age 16.0 and blackNH and is entering the model
s12997 is age 16.0 and whiteNH and is entering the model
s12998 is age 16.0 and hispanic and is entering the model
s12999 is age 16.0 and hispanic and is entering the model
s13000 is age 16.0 and otherNH and is entering the model
s13001 is age 16.0 and blackNH and is entering the model
s13002 is age 16.0 and hispanic and is entering the model
s13003 is age 16.0 and whiteNH and is entering the model
s13004 is age 16.0 and hispanic and is entering the model
s13005 is age 16.0 and blackNH and is entering the model
s13006 is age 16.0 and blackNH and is entering the model
s13007 is age 16.0 and whiteNH and is entering the model
s13008 is age 16.0 and whiteNH and is entering the model
s13009 is age 16.0 and hispanic and is entering the model

Agents are attending venues and using apps for week 78 in simulation...


Epidemic Simulation
----------------------------
Simulation: 1/1
Timestep: 78/3640
Prevalence: 1878
Population Size: 11697
----------------------------
The ages, hiv status, and relationship status for the agents are being updated...
s04047 is blackNH, aged 18.115769230769295 in age group 16to20, with relationship status of 1 and is now HIV+.
s04292 is blackNH, aged 21.826769230769294 in age group 21to29, with relationship status of 1 and is now HIV+.
s10031 is hispanic, aged 19.918769230769293 in age group 21to29, with relationship status of 0 and is now HIV+.
s10224 is hispanic, aged 19.931769230769294 in age group 21to29, with relationship status of 0 and is now HIV+.

Agents are being removed from the simulation...
s00607 is aged 29.986769230769294, whiteNH and is leaving the simulation.
s00755 is aged 29.998769230769295, whiteNH and is leaving the simulation.
s00834 is aged 29.999769230769292, whiteNH and is leaving the simulation.
s01599 is aged 29.988769230769293, whiteNH and is leaving the simulation.
s02269 is aged 29.989769230769294, whiteNH and is leaving the simulation.
s03686 is aged 29.985769230769293, whiteNH and is leaving the simulation.
s03818 is aged 20.012769230769294, whiteNH and is leaving the simulation.
s03831 is aged 29.987769230769295, whiteNH and is leaving the simulation.
s04614 is aged 29.989769230769294, blackNH and is leaving the simulation.
s06255 is aged 29.994769230769293, blackNH and is leaving the simulation.
s06586 is aged 29.995769230769294, blackNH and is leaving the simulation.
s07877 is aged 29.989769230769294, hispanic and is leaving the simulation.
s08619 is aged 29.990769230769295, hispanic and is leaving the simulation.
s08684 is aged 29.981769230769295, hispanic and is leaving the simulation.
s09307 is aged 29.995769230769294, hispanic and is leaving the simulation.
s09964 is aged 29.988769230769293, hispanic and is leaving the simulation.
s10418 is aged 29.998769230769295, otherNH and is leaving the simulation.
s10456 is aged 29.989769230769294, otherNH and is leaving the simulation.
s10934 is aged 29.980769230769294, otherNH and is leaving the simulation.

Agents who have aged to a new age group are being updated...
s01591 is 21.003000000000064 and has aged to age group 21to29.
s02590 is 21.019000000000062 and has aged to age group 21to29.
s02719 is 21.019000000000062 and has aged to age group 21to29.
s03773 is 21.012000000000064 and has aged to age group 21to29.
s05424 is 21.008000000000063 and has aged to age group 21to29.
s05920 is 21.011000000000063 and has aged to age group 21to29.
s06182 is 21.014000000000063 and has aged to age group 21to29.
s06634 is 21.001000000000065 and has aged to age group 21to29.
s07073 is 21.007000000000065 and has aged to age group 21to29.
s08742 is 21.004000000000065 and has aged to age group 21to29.
s08781 is 21.016000000000062 and has aged to age group 21to29.
s09209 is 21.006000000000064 and has aged to age group 21to29.
s09223 is 21.013000000000066 and has aged to age group 21to29.
s10983 is 21.006000000000064 and has aged to age group 21to29.
s11336 is 21.001000000000065 and has aged to age group 21to29.
s11566 is 21.003000000000064 and has aged to age group 21to29.

New agents are being added to the simulation...
s13010 is age 16.0 and blackNH and is entering the model
s13011 is age 16.0 and whiteNH and is entering the model
s13012 is age 16.0 and whiteNH and is entering the model
s13013 is age 16.0 and blackNH and is entering the model
s13014 is age 16.0 and hispanic and is entering the model
s13015 is age 16.0 and hispanic and is entering the model
s13016 is age 16.0 and hispanic and is entering the model
s13017 is age 16.0 and whiteNH and is entering the model
s13018 is age 16.0 and blackNH and is entering the model
s13019 is age 16.0 and otherNH and is entering the model
s13020 is age 16.0 and whiteNH and is entering the model
s13021 is age 16.0 and blackNH and is entering the model
s13022 is age 16.0 and whiteNH and is entering the model
s13023 is age 16.0 and otherNH and is entering the model
s13024 is age 16.0 and whiteNH and is entering the model
s13025 is age 16.0 and whiteNH and is entering the model

Agents are attending venues and using apps for week 79 in simulation...


Epidemic Simulation
----------------------------
Simulation: 1/1
Timestep: 79/3640
Prevalence: 1878
Population Size: 11694
----------------------------
The ages, hiv status, and relationship status for the agents are being updated...
s04009 is blackNH, aged 29.275000000000063 in age group 16to20, with relationship status of 0 and is now HIV+.
s05369 is blackNH, aged 20.986000000000065 in age group 21to29, with relationship status of 0 and is now HIV+.

Agents are being removed from the simulation...
s00016 is aged 29.999000000000063, whiteNH and is leaving the simulation.
s00029 is aged 29.991000000000064, whiteNH and is leaving the simulation.
s00916 is aged 29.991000000000064, whiteNH and is leaving the simulation.
s01003 is aged 29.992000000000065, whiteNH and is leaving the simulation.
s01326 is aged 29.988000000000063, whiteNH and is leaving the simulation.
s01378 is aged 29.996000000000063, whiteNH and is leaving the simulation.
s01493 is aged 29.983000000000064, whiteNH and is leaving the simulation.
s05011 is aged 29.986000000000065, blackNH and is leaving the simulation.
s07817 is aged 29.990000000000062, hispanic and is leaving the simulation.
s09474 is aged 29.983000000000064, hispanic and is leaving the simulation.
s09702 is aged 29.999000000000063, hispanic and is leaving the simulation.
s10326 is aged 29.998000000000065, hispanic and is leaving the simulation.

Agents who have aged to a new age group are being updated...
s00060 is 21.016230769230834 and has aged to age group 21to29.
s00760 is 21.011230769230835 and has aged to age group 21to29.
s02107 is 21.009230769230832 and has aged to age group 21to29.
s04359 is 21.002230769230835 and has aged to age group 21to29.
s05369 is 21.005230769230835 and has aged to age group 21to29.
s06746 is 21.008230769230835 and has aged to age group 21to29.
s07191 is 21.003230769230836 and has aged to age group 21to29.
s07874 is 21.007230769230834 and has aged to age group 21to29.
s07931 is 21.013230769230834 and has aged to age group 21to29.
s09552 is 21.016230769230834 and has aged to age group 21to29.
s09766 is 21.000230769230836 and has aged to age group 21to29.
s10842 is 21.009230769230832 and has aged to age group 21to29.
s11108 is 21.008230769230835 and has aged to age group 21to29.
s11628 is 21.015230769230833 and has aged to age group 21to29.

New agents are being added to the simulation...
s13026 is age 16.0 and blackNH and is entering the model
s13027 is age 16.0 and otherNH and is entering the model
s13028 is age 16.0 and hispanic and is entering the model
s13029 is age 16.0 and otherNH and is entering the model
s13030 is age 16.0 and hispanic and is entering the model
s13031 is age 16.0 and blackNH and is entering the model
s13032 is age 16.0 and hispanic and is entering the model
s13033 is age 16.0 and whiteNH and is entering the model
s13034 is age 16.0 and whiteNH and is entering the model
s13035 is age 16.0 and blackNH and is entering the model
s13036 is age 16.0 and otherNH and is entering the model
s13037 is age 16.0 and whiteNH and is entering the model
s13038 is age 16.0 and otherNH and is entering the model
s13039 is age 16.0 and whiteNH and is entering the model
s13040 is age 16.0 and otherNH and is entering the model

Agents are attending venues and using apps for week 80 in simulation...


Epidemic Simulation
----------------------------
Simulation: 1/1
Timestep: 80/3640
Prevalence: 1880
Population Size: 11697
----------------------------
The ages, hiv status, and relationship status for the agents are being updated...
s04846 is blackNH, aged 29.449230769230834 in age group 16to20, with relationship status of 0 and is now HIV+.
s09015 is hispanic, aged 22.200230769230835 in age group 21to29, with relationship status of 1 and is now HIV+.
s12715 is blackNH, aged 16.34615384615386 in age group 16to20, with relationship status of 1 and is now HIV+.

Agents are being removed from the simulation...
s00511 is aged 29.999230769230834, whiteNH and is leaving the simulation.
s00967 is aged 29.990230769230834, whiteNH and is leaving the simulation.
s02720 is aged 29.990230769230834, whiteNH and is leaving the simulation.
s02864 is aged 29.988230769230835, whiteNH and is leaving the simulation.
s02895 is aged 29.992230769230833, whiteNH and is leaving the simulation.
s05776 is aged 29.997230769230836, blackNH and is leaving the simulation.
s06140 is aged 29.990230769230834, blackNH and is leaving the simulation.
s06838 is aged 29.991230769230835, hispanic and is leaving the simulation.
s07163 is aged 29.991230769230835, hispanic and is leaving the simulation.
s07643 is aged 29.999230769230834, hispanic and is leaving the simulation.
s08467 is aged 29.982230769230835, hispanic and is leaving the simulation.
s09285 is aged 29.986230769230833, hispanic and is leaving the simulation.
s09943 is aged 29.982230769230835, hispanic and is leaving the simulation.

Agents who have aged to a new age group are being updated...
s00247 is 21.014461538461603 and has aged to age group 21to29.
s00407 is 21.007461538461605 and has aged to age group 21to29.
s01544 is 21.006461538461604 and has aged to age group 21to29.
s01915 is 21.009461538461604 and has aged to age group 21to29.
s02735 is 21.001461538461605 and has aged to age group 21to29.
s03977 is 21.001461538461605 and has aged to age group 21to29.
s05419 is 21.009461538461604 and has aged to age group 21to29.
s07294 is 21.012461538461604 and has aged to age group 21to29.
s07349 is 21.002461538461603 and has aged to age group 21to29.
s07477 is 21.015461538461604 and has aged to age group 21to29.
s09526 is 21.018461538461604 and has aged to age group 21to29.
s10094 is 21.008461538461603 and has aged to age group 21to29.
s11131 is 21.002461538461603 and has aged to age group 21to29.

New agents are being added to the simulation...
s13041 is age 16.0 and blackNH and is entering the model
s13042 is age 16.0 and hispanic and is entering the model
s13043 is age 16.0 and hispanic and is entering the model
s13044 is age 16.0 and hispanic and is entering the model
s13045 is age 16.0 and hispanic and is entering the model
s13046 is age 16.0 and hispanic and is entering the model
s13047 is age 16.0 and blackNH and is entering the model
s13048 is age 16.0 and blackNH and is entering the model
s13049 is age 16.0 and blackNH and is entering the model
s13050 is age 16.0 and whiteNH and is entering the model
s13051 is age 16.0 and hispanic and is entering the model
s13052 is age 16.0 and blackNH and is entering the model
s13053 is age 16.0 and hispanic and is entering the model
s13054 is age 16.0 and hispanic and is entering the model
s13055 is age 16.0 and hispanic and is entering the model

Agents are attending venues and using apps for week 81 in simulation...


Epidemic Simulation
----------------------------
Simulation: 1/1
Timestep: 81/3640
Prevalence: 1883
Population Size: 11699
----------------------------
The ages, hiv status, and relationship status for the agents are being updated...
s04353 is blackNH, aged 21.515461538461604 in age group 21to29, with relationship status of 0 and is now HIV+.
s05090 is blackNH, aged 21.181461538461605 in age group 21to29, with relationship status of 1 and is now HIV+.
s06939 is hispanic, aged 17.853461538461605 in age group 16to20, with relationship status of 0 and is now HIV+.
s08140 is hispanic, aged 28.214461538461602 in age group 21to29, with relationship status of 1 and is now HIV+.
s12162 is blackNH, aged 16.980769230769273 in age group 16to20, with relationship status of 0 and is now HIV+.
s12521 is hispanic, aged 16.5769230769231 in age group 16to20, with relationship status of 1 and is now HIV+.

Agents are being removed from the simulation...
s01930 is aged 29.986461538461604, whiteNH and is leaving the simulation.
s05212 is aged 29.985461538461603, blackNH and is leaving the simulation.
s06794 is aged 29.990461538461606, blackNH and is leaving the simulation.
s07256 is aged 29.989461538461605, hispanic and is leaving the simulation.
s07472 is aged 29.987461538461606, hispanic and is leaving the simulation.
s07528 is aged 29.992461538461605, hispanic and is leaving the simulation.
s07854 is aged 29.989461538461605, hispanic and is leaving the simulation.
s07970 is aged 29.982461538461603, hispanic and is leaving the simulation.
s07985 is aged 29.988461538461603, hispanic and is leaving the simulation.
s10149 is aged 29.990461538461606, hispanic and is leaving the simulation.
s10688 is aged 29.995461538461605, otherNH and is leaving the simulation.
s11253 is aged 29.989461538461605, otherNH and is leaving the simulation.
s11259 is aged 29.989461538461605, otherNH and is leaving the simulation.
s11554 is aged 29.985461538461603, otherNH and is leaving the simulation.

Agents who have aged to a new age group are being updated...
s00296 is 21.013692307692374 and has aged to age group 21to29.
s02323 is 21.008692307692375 and has aged to age group 21to29.
s02495 is 21.003692307692376 and has aged to age group 21to29.
s02840 is 21.010692307692374 and has aged to age group 21to29.
s03935 is 21.008692307692375 and has aged to age group 21to29.
s04045 is 21.007692307692373 and has aged to age group 21to29.
s06410 is 21.009692307692376 and has aged to age group 21to29.
s06428 is 21.008692307692375 and has aged to age group 21to29.
s08007 is 21.011692307692375 and has aged to age group 21to29.
s08433 is 21.002692307692374 and has aged to age group 21to29.
s09256 is 21.001692307692373 and has aged to age group 21to29.
s09521 is 21.009692307692376 and has aged to age group 21to29.
s09781 is 21.010692307692374 and has aged to age group 21to29.
s10385 is 21.010692307692374 and has aged to age group 21to29.
s11451 is 21.001692307692373 and has aged to age group 21to29.
s11478 is 21.004692307692373 and has aged to age group 21to29.

New agents are being added to the simulation...
s13056 is age 16.0 and blackNH and is entering the model
s13057 is age 16.0 and whiteNH and is entering the model
s13058 is age 16.0 and whiteNH and is entering the model
s13059 is age 16.0 and whiteNH and is entering the model
s13060 is age 16.0 and hispanic and is entering the model
s13061 is age 16.0 and whiteNH and is entering the model
s13062 is age 16.0 and whiteNH and is entering the model
s13063 is age 16.0 and whiteNH and is entering the model
s13064 is age 16.0 and whiteNH and is entering the model
s13065 is age 16.0 and hispanic and is entering the model
s13066 is age 16.0 and otherNH and is entering the model
s13067 is age 16.0 and hispanic and is entering the model
s13068 is age 16.0 and hispanic and is entering the model
s13069 is age 16.0 and blackNH and is entering the model
s13070 is age 16.0 and otherNH and is entering the model

Agents are attending venues and using apps for week 82 in simulation...


Epidemic Simulation
----------------------------
Simulation: 1/1
Timestep: 82/3640
Prevalence: 1886
Population Size: 11700
----------------------------
The ages, hiv status, and relationship status for the agents are being updated...
s00822 is whiteNH, aged 28.768692307692373 in age group 16to20, with relationship status of 0 and is now HIV+.
s05790 is blackNH, aged 17.680692307692375 in age group 21to29, with relationship status of 1 and is now HIV+.
s08774 is hispanic, aged 29.303692307692373 in age group 21to29, with relationship status of 0 and is now HIV+.
s11025 is otherNH, aged 25.158692307692373 in age group 21to29, with relationship status of 1 and is now HIV+.

Agents are being removed from the simulation...
s00523 is aged 29.999692307692374, whiteNH and is leaving the simulation.
s01238 is aged 29.988692307692375, whiteNH and is leaving the simulation.
s01550 is aged 29.998692307692373, whiteNH and is leaving the simulation.
s03280 is aged 29.995692307692373, whiteNH and is leaving the simulation.
s03379 is aged 29.999692307692374, whiteNH and is leaving the simulation.
s03890 is aged 29.998692307692373, blackNH and is leaving the simulation.
s04348 is aged 29.997692307692375, blackNH and is leaving the simulation.
s05065 is aged 29.996692307692374, blackNH and is leaving the simulation.
s05506 is aged 29.988692307692375, blackNH and is leaving the simulation.
s05675 is aged 29.987692307692374, blackNH and is leaving the simulation.
s08241 is aged 29.982692307692375, hispanic and is leaving the simulation.
s09742 is aged 29.989692307692373, hispanic and is leaving the simulation.

Agents who have aged to a new age group are being updated...
s00820 is 21.008923076923143 and has aged to age group 21to29.
s02415 is 21.015923076923144 and has aged to age group 21to29.
s02831 is 21.014923076923143 and has aged to age group 21to29.
s03603 is 21.007923076923145 and has aged to age group 21to29.
s05103 is 21.007923076923145 and has aged to age group 21to29.
s06115 is 21.003923076923144 and has aged to age group 21to29.
s06356 is 21.013923076923145 and has aged to age group 21to29.
s07551 is 21.011923076923143 and has aged to age group 21to29.
s08038 is 21.014923076923143 and has aged to age group 21to29.
s08556 is 21.016923076923145 and has aged to age group 21to29.
s09540 is 21.013923076923145 and has aged to age group 21to29.
s11396 is 21.013923076923145 and has aged to age group 21to29.
s11548 is 21.010923076923145 and has aged to age group 21to29.

New agents are being added to the simulation...
s13071 is age 16.0 and hispanic and is entering the model
s13072 is age 16.0 and otherNH and is entering the model
s13073 is age 16.0 and otherNH and is entering the model
s13074 is age 16.0 and whiteNH and is entering the model
s13075 is age 16.0 and blackNH and is entering the model
s13076 is age 16.0 and blackNH and is entering the model
s13077 is age 16.0 and otherNH and is entering the model
s13078 is age 16.0 and hispanic and is entering the model
s13079 is age 16.0 and hispanic and is entering the model
s13080 is age 16.0 and whiteNH and is entering the model
s13081 is age 16.0 and whiteNH and is entering the model
s13082 is age 16.0 and hispanic and is entering the model
s13083 is age 16.0 and whiteNH and is entering the model
s13084 is age 16.0 and whiteNH and is entering the model
s13085 is age 16.0 and blackNH and is entering the model

Agents are attending venues and using apps for week 83 in simulation...


Epidemic Simulation
----------------------------
Simulation: 1/1
Timestep: 83/3640
Prevalence: 1885
Population Size: 11703
----------------------------
The ages, hiv status, and relationship status for the agents are being updated...
s04742 is blackNH, aged 21.129923076923145 in age group 21to29, with relationship status of 0 and is now HIV+.
s05186 is blackNH, aged 29.739923076923144 in age group 21to29, with relationship status of 1 and is now HIV+.
s11690 is otherNH, aged 26.312923076923145 in age group 21to29, with relationship status of 0 and is now HIV+.

Agents are being removed from the simulation...
s00526 is aged 29.983923076923144, whiteNH and is leaving the simulation.
s01166 is aged 29.995923076923145, whiteNH and is leaving the simulation.
s01169 is aged 29.993923076923146, whiteNH and is leaving the simulation.
s01488 is aged 29.998923076923145, whiteNH and is leaving the simulation.
s01554 is aged 29.988923076923143, whiteNH and is leaving the simulation.
s01903 is aged 29.994923076923143, whiteNH and is leaving the simulation.
s01970 is aged 29.999923076923142, whiteNH and is leaving the simulation.
s03140 is aged 29.989923076923144, whiteNH and is leaving the simulation.
s04263 is aged 29.997923076923144, blackNH and is leaving the simulation.
s04339 is aged 29.991923076923143, blackNH and is leaving the simulation.
s04672 is aged 29.990923076923146, blackNH and is leaving the simulation.
s04858 is aged 29.990923076923146, blackNH and is leaving the simulation.
s06948 is aged 29.991923076923143, hispanic and is leaving the simulation.
s07168 is aged 29.986923076923144, hispanic and is leaving the simulation.

Agents who have aged to a new age group are being updated...
s00014 is 21.019153846153912 and has aged to age group 21to29.
s03706 is 21.005153846153913 and has aged to age group 21to29.
s04428 is 21.005153846153913 and has aged to age group 21to29.
s05479 is 21.013153846153916 and has aged to age group 21to29.
s05732 is 21.004153846153915 and has aged to age group 21to29.
s05931 is 21.000153846153914 and has aged to age group 21to29.
s05964 is 21.010153846153916 and has aged to age group 21to29.
s07582 is 21.003153846153914 and has aged to age group 21to29.
s07968 is 21.013153846153916 and has aged to age group 21to29.
s08639 is 21.002153846153913 and has aged to age group 21to29.
s08920 is 21.011153846153913 and has aged to age group 21to29.
s09367 is 21.013153846153916 and has aged to age group 21to29.
s10441 is 21.001153846153915 and has aged to age group 21to29.

New agents are being added to the simulation...
s13086 is age 16.0 and whiteNH and is entering the model
s13087 is age 16.0 and hispanic and is entering the model
s13088 is age 16.0 and whiteNH and is entering the model
s13089 is age 16.0 and hispanic and is entering the model
s13090 is age 16.0 and whiteNH and is entering the model
s13091 is age 16.0 and blackNH and is entering the model
s13092 is age 16.0 and whiteNH and is entering the model
s13093 is age 16.0 and hispanic and is entering the model
s13094 is age 16.0 and blackNH and is entering the model
s13095 is age 16.0 and blackNH and is entering the model
s13096 is age 16.0 and otherNH and is entering the model
s13097 is age 16.0 and hispanic and is entering the model
s13098 is age 16.0 and whiteNH and is entering the model
s13099 is age 16.0 and blackNH and is entering the model
s13100 is age 16.0 and blackNH and is entering the model

Agents are attending venues and using apps for week 84 in simulation...


Epidemic Simulation
----------------------------
Simulation: 1/1
Timestep: 84/3640
Prevalence: 1886
Population Size: 11704
----------------------------
The ages, hiv status, and relationship status for the agents are being updated...
s04278 is blackNH, aged 25.824153846153916 in age group 16to20, with relationship status of 1 and is now HIV+.
s10171 is hispanic, aged 20.866153846153914 in age group 21to29, with relationship status of 1 and is now HIV+.
s12311 is hispanic, aged 16.846153846153882 in age group 16to20, with relationship status of 1 and is now HIV+.

Agents are being removed from the simulation...
s02241 is aged 29.981153846153916, whiteNH and is leaving the simulation.
s02796 is aged 29.988153846153914, whiteNH and is leaving the simulation.
s03089 is aged 29.994153846153914, whiteNH and is leaving the simulation.
s03225 is aged 29.998153846153915, whiteNH and is leaving the simulation.
s04248 is aged 29.982153846153913, blackNH and is leaving the simulation.
s04412 is aged 29.993153846153913, blackNH and is leaving the simulation.
s04735 is aged 29.984153846153916, blackNH and is leaving the simulation.
s05056 is aged 29.986153846153915, blackNH and is leaving the simulation.
s05612 is aged 29.986153846153915, blackNH and is leaving the simulation.
s06870 is aged 29.986153846153915, hispanic and is leaving the simulation.
s07830 is aged 29.988153846153914, hispanic and is leaving the simulation.
s08469 is aged 29.982153846153913, hispanic and is leaving the simulation.
s08744 is aged 29.981153846153916, hispanic and is leaving the simulation.
s08829 is aged 29.982153846153913, hispanic and is leaving the simulation.
s09924 is aged 29.998153846153915, hispanic and is leaving the simulation.
s11489 is aged 29.999153846153913, otherNH and is leaving the simulation.

Agents who have aged to a new age group are being updated...
s00994 is 21.015384615384683 and has aged to age group 21to29.
s01160 is 21.017384615384685 and has aged to age group 21to29.
s01645 is 21.018384615384683 and has aged to age group 21to29.
s03986 is 21.006384615384682 and has aged to age group 21to29.
s04066 is 21.006384615384682 and has aged to age group 21to29.
s05180 is 21.003384615384686 and has aged to age group 21to29.
s05728 is 21.011384615384685 and has aged to age group 21to29.
s06194 is 21.002384615384685 and has aged to age group 21to29.
s10177 is 21.013384615384684 and has aged to age group 21to29.
s11315 is 21.011384615384685 and has aged to age group 21to29.

New agents are being added to the simulation...
s13101 is age 16.0 and otherNH and is entering the model
s13102 is age 16.0 and hispanic and is entering the model
s13103 is age 16.0 and otherNH and is entering the model
s13104 is age 16.0 and blackNH and is entering the model
s13105 is age 16.0 and hispanic and is entering the model
s13106 is age 16.0 and blackNH and is entering the model
s13107 is age 16.0 and otherNH and is entering the model
s13108 is age 16.0 and otherNH and is entering the model
s13109 is age 16.0 and hispanic and is entering the model
s13110 is age 16.0 and whiteNH and is entering the model
s13111 is age 16.0 and hispanic and is entering the model

Agents are attending venues and using apps for week 85 in simulation...


Epidemic Simulation
----------------------------
Simulation: 1/1
Timestep: 85/3640
Prevalence: 1884
Population Size: 11699
----------------------------
The ages, hiv status, and relationship status for the agents are being updated...
s07193 is hispanic, aged 28.388384615384684 in age group 16to20, with relationship status of 1 and is now HIV+.

Agents are being removed from the simulation...
s01661 is aged 29.984384615384684, whiteNH and is leaving the simulation.
s01759 is aged 29.990384615384684, whiteNH and is leaving the simulation.
s02789 is aged 29.988384615384685, whiteNH and is leaving the simulation.
s03087 is aged 29.994384615384686, whiteNH and is leaving the simulation.
s03285 is aged 29.989384615384683, whiteNH and is leaving the simulation.
s03867 is aged 29.993384615384684, blackNH and is leaving the simulation.
s05470 is aged 29.997384615384686, blackNH and is leaving the simulation.
s06375 is aged 29.999384615384685, blackNH and is leaving the simulation.
s06675 is aged 29.988384615384685, blackNH and is leaving the simulation.
s07121 is aged 29.994384615384686, hispanic and is leaving the simulation.
s08481 is aged 29.988384615384685, hispanic and is leaving the simulation.
s09400 is aged 29.999384615384685, hispanic and is leaving the simulation.

Agents who have aged to a new age group are being updated...
s00053 is 21.012615384615454 and has aged to age group 21to29.
s00355 is 21.003615384615454 and has aged to age group 21to29.
s00378 is 21.004615384615455 and has aged to age group 21to29.
s00439 is 21.005615384615453 and has aged to age group 21to29.
s00642 is 21.003615384615454 and has aged to age group 21to29.
s00675 is 21.000615384615454 and has aged to age group 21to29.
s00970 is 21.000615384615454 and has aged to age group 21to29.
s01171 is 21.003615384615454 and has aged to age group 21to29.
s02266 is 21.004615384615455 and has aged to age group 21to29.
s04162 is 21.013615384615456 and has aged to age group 21to29.
s04236 is 21.001615384615455 and has aged to age group 21to29.
s05722 is 21.006615384615454 and has aged to age group 21to29.
s07402 is 21.016615384615456 and has aged to age group 21to29.
s07617 is 21.001615384615455 and has aged to age group 21to29.
s08815 is 21.000615384615454 and has aged to age group 21to29.
s08886 is 21.000615384615454 and has aged to age group 21to29.
s11021 is 21.018615384615455 and has aged to age group 21to29.
s11195 is 21.007615384615455 and has aged to age group 21to29.

New agents are being added to the simulation...
s13112 is age 16.0 and whiteNH and is entering the model
s13113 is age 16.0 and hispanic and is entering the model
s13114 is age 16.0 and whiteNH and is entering the model
s13115 is age 16.0 and whiteNH and is entering the model
s13116 is age 16.0 and blackNH and is entering the model
s13117 is age 16.0 and whiteNH and is entering the model
s13118 is age 16.0 and blackNH and is entering the model
s13119 is age 16.0 and otherNH and is entering the model
s13120 is age 16.0 and blackNH and is entering the model
s13121 is age 16.0 and hispanic and is entering the model
s13122 is age 16.0 and hispanic and is entering the model
s13123 is age 16.0 and blackNH and is entering the model
s13124 is age 16.0 and blackNH and is entering the model
s13125 is age 16.0 and whiteNH and is entering the model
s13126 is age 16.0 and hispanic and is entering the model
s13127 is age 16.0 and otherNH and is entering the model
s13128 is age 16.0 and otherNH and is entering the model
s13129 is age 16.0 and blackNH and is entering the model
s13130 is age 16.0 and blackNH and is entering the model
s13131 is age 16.0 and whiteNH and is entering the model
s13132 is age 16.0 and whiteNH and is entering the model
s13133 is age 16.0 and blackNH and is entering the model
s13134 is age 16.0 and blackNH and is entering the model

Agents are attending venues and using apps for week 86 in simulation...


Epidemic Simulation
----------------------------
Simulation: 1/1
Timestep: 86/3640
Prevalence: 1887
Population Size: 11710
----------------------------
The ages, hiv status, and relationship status for the agents are being updated...
s06136 is blackNH, aged 24.068615384615455 in age group 21to29, with relationship status of 1 and is now HIV+.
s07019 is hispanic, aged 29.783615384615455 in age group 16to20, with relationship status of 0 and is now HIV+.
s09798 is hispanic, aged 29.076615384615454 in age group 21to29, with relationship status of 0 and is now HIV+.

Agents are being removed from the simulation...
s00183 is aged 29.985615384615453, whiteNH and is leaving the simulation.
s00309 is aged 29.989615384615455, whiteNH and is leaving the simulation.
s01113 is aged 29.991615384615454, whiteNH and is leaving the simulation.
s01279 is aged 29.983615384615455, whiteNH and is leaving the simulation.
s01373 is aged 29.992615384615455, whiteNH and is leaving the simulation.
s01536 is aged 29.990615384615456, whiteNH and is leaving the simulation.
s01740 is aged 29.985615384615453, whiteNH and is leaving the simulation.
s02222 is aged 29.993615384615456, whiteNH and is leaving the simulation.
s02242 is aged 29.983615384615455, whiteNH and is leaving the simulation.
s02279 is aged 29.998615384615455, whiteNH and is leaving the simulation.
s02430 is aged 29.993615384615456, whiteNH and is leaving the simulation.
s03354 is aged 29.991615384615454, whiteNH and is leaving the simulation.
s04997 is aged 29.985615384615453, blackNH and is leaving the simulation.
s05670 is aged 29.985615384615453, blackNH and is leaving the simulation.
s05989 is aged 29.981615384615456, blackNH and is leaving the simulation.
s06353 is aged 26.323615384615454, blackNH and is leaving the simulation.
s07037 is aged 29.998615384615455, hispanic and is leaving the simulation.
s07056 is aged 29.981615384615456, hispanic and is leaving the simulation.
s07656 is aged 29.987615384615456, hispanic and is leaving the simulation.
s07747 is aged 29.997615384615454, hispanic and is leaving the simulation.
s09596 is aged 29.988615384615454, hispanic and is leaving the simulation.
s09892 is aged 29.999615384615453, hispanic and is leaving the simulation.
s11407 is aged 29.999615384615453, otherNH and is leaving the simulation.

Agents who have aged to a new age group are being updated...
s00303 is 21.016846153846224 and has aged to age group 21to29.
s01458 is 21.010846153846224 and has aged to age group 21to29.
s01718 is 21.011846153846225 and has aged to age group 21to29.
s02456 is 21.006846153846226 and has aged to age group 21to29.
s04912 is 21.014846153846225 and has aged to age group 21to29.
s05444 is 21.016846153846224 and has aged to age group 21to29.
s05987 is 21.004846153846223 and has aged to age group 21to29.
s06795 is 21.018846153846223 and has aged to age group 21to29.
s07194 is 21.018846153846223 and has aged to age group 21to29.
s07778 is 21.007846153846224 and has aged to age group 21to29.
s09113 is 21.008846153846225 and has aged to age group 21to29.
s09267 is 21.003846153846226 and has aged to age group 21to29.
s10219 is 21.015846153846223 and has aged to age group 21to29.
s10393 is 21.002846153846225 and has aged to age group 21to29.
s11667 is 21.014846153846225 and has aged to age group 21to29.

New agents are being added to the simulation...
s13135 is age 16.0 and otherNH and is entering the model
s13136 is age 16.0 and blackNH and is entering the model
s13137 is age 16.0 and blackNH and is entering the model
s13138 is age 16.0 and hispanic and is entering the model
s13139 is age 16.0 and hispanic and is entering the model
s13140 is age 16.0 and hispanic and is entering the model
s13141 is age 16.0 and blackNH and is entering the model
s13142 is age 16.0 and whiteNH and is entering the model
s13143 is age 16.0 and whiteNH and is entering the model
s13144 is age 16.0 and otherNH and is entering the model
s13145 is age 16.0 and hispanic and is entering the model
s13146 is age 16.0 and hispanic and is entering the model

Agents are attending venues and using apps for week 87 in simulation...


Epidemic Simulation
----------------------------
Simulation: 1/1
Timestep: 87/3640
Prevalence: 1887
Population Size: 11699
----------------------------
The ages, hiv status, and relationship status for the agents are being updated...
s03984 is blackNH, aged 21.331846153846225 in age group 21to29, with relationship status of 0 and is now HIV+.
s05218 is blackNH, aged 27.795846153846224 in age group 21to29, with relationship status of 1 and is now HIV+.
s09546 is hispanic, aged 19.263846153846224 in age group 21to29, with relationship status of 1 and is now HIV+.

Agents are being removed from the simulation...
s00190 is aged 29.994846153846225, whiteNH and is leaving the simulation.
s00231 is aged 26.310846153846224, whiteNH and is leaving the simulation.
s00451 is aged 29.995846153846223, whiteNH and is leaving the simulation.
s00703 is aged 29.988846153846225, whiteNH and is leaving the simulation.
s01595 is aged 29.989846153846223, whiteNH and is leaving the simulation.
s01660 is aged 29.993846153846224, whiteNH and is leaving the simulation.
s01769 is aged 29.990846153846224, whiteNH and is leaving the simulation.
s02205 is aged 29.985846153846225, whiteNH and is leaving the simulation.
s05198 is aged 29.982846153846225, blackNH and is leaving the simulation.
s06704 is aged 29.984846153846224, blackNH and is leaving the simulation.
s06880 is aged 29.983846153846223, hispanic and is leaving the simulation.
s08055 is aged 29.983846153846223, hispanic and is leaving the simulation.
s08661 is aged 29.995846153846223, hispanic and is leaving the simulation.
s11592 is aged 29.993846153846224, otherNH and is leaving the simulation.

Agents who have aged to a new age group are being updated...
s01118 is 21.016076923076994 and has aged to age group 21to29.
s01257 is 21.003076923076993 and has aged to age group 21to29.
s02705 is 21.007076923076994 and has aged to age group 21to29.
s02726 is 21.008076923076995 and has aged to age group 21to29.
s02776 is 21.016076923076994 and has aged to age group 21to29.
s02875 is 21.004076923076994 and has aged to age group 21to29.
s03265 is 21.012076923076993 and has aged to age group 21to29.
s03871 is 21.018076923076993 and has aged to age group 21to29.
s04487 is 21.017076923076996 and has aged to age group 21to29.
s04659 is 21.010076923076994 and has aged to age group 21to29.
s05020 is 21.016076923076994 and has aged to age group 21to29.
s05674 is 21.017076923076996 and has aged to age group 21to29.
s05842 is 21.008076923076995 and has aged to age group 21to29.
s08052 is 21.011076923076995 and has aged to age group 21to29.
s08691 is 21.008076923076995 and has aged to age group 21to29.
s08759 is 21.017076923076996 and has aged to age group 21to29.
s09573 is 21.012076923076993 and has aged to age group 21to29.
s10121 is 21.017076923076996 and has aged to age group 21to29.
s11284 is 21.003076923076993 and has aged to age group 21to29.
s11416 is 21.016076923076994 and has aged to age group 21to29.

New agents are being added to the simulation...
s13147 is age 16.0 and otherNH and is entering the model
s13148 is age 16.0 and hispanic and is entering the model
s13149 is age 16.0 and hispanic and is entering the model
s13150 is age 16.0 and hispanic and is entering the model
s13151 is age 16.0 and hispanic and is entering the model
s13152 is age 16.0 and whiteNH and is entering the model
s13153 is age 16.0 and whiteNH and is entering the model
s13154 is age 16.0 and blackNH and is entering the model
s13155 is age 16.0 and whiteNH and is entering the model
s13156 is age 16.0 and otherNH and is entering the model
s13157 is age 16.0 and hispanic and is entering the model
s13158 is age 16.0 and whiteNH and is entering the model

Agents are attending venues and using apps for week 88 in simulation...


Epidemic Simulation
----------------------------
Simulation: 1/1
Timestep: 88/3640
Prevalence: 1890
Population Size: 11697
----------------------------
The ages, hiv status, and relationship status for the agents are being updated...
s04281 is blackNH, aged 21.269076923076994 in age group 21to29, with relationship status of 1 and is now HIV+.
s10978 is otherNH, aged 23.277076923076994 in age group 21to29, with relationship status of 0 and is now HIV+.
s12473 is blackNH, aged 16.769230769230802 in age group 16to20, with relationship status of 1 and is now HIV+.
s12649 is blackNH, aged 16.5769230769231 in age group 16to20, with relationship status of 1 and is now HIV+.
s12767 is blackNH, aged 16.44230769230771 in age group 16to20, with relationship status of 0 and is now HIV+.

Agents are being removed from the simulation...
s00565 is aged 29.989076923076993, whiteNH and is leaving the simulation.
s01905 is aged 29.984076923076994, whiteNH and is leaving the simulation.
s02675 is aged 29.985076923076996, whiteNH and is leaving the simulation.
s03529 is aged 29.991076923076996, whiteNH and is leaving the simulation.
s05826 is aged 29.998076923076994, blackNH and is leaving the simulation.
s06540 is aged 29.998076923076994, blackNH and is leaving the simulation.
s07148 is aged 29.999076923076995, hispanic and is leaving the simulation.
s07889 is aged 29.987076923076994, hispanic and is leaving the simulation.
s08788 is aged 29.989076923076993, hispanic and is leaving the simulation.

Agents who have aged to a new age group are being updated...
s00324 is 21.000307692307764 and has aged to age group 21to29.
s01052 is 21.008307692307763 and has aged to age group 21to29.
s01448 is 21.006307692307765 and has aged to age group 21to29.
s01658 is 21.016307692307766 and has aged to age group 21to29.
s02465 is 21.009307692307765 and has aged to age group 21to29.
s02711 is 21.007307692307766 and has aged to age group 21to29.
s02866 is 21.013307692307766 and has aged to age group 21to29.
s03750 is 21.013307692307766 and has aged to age group 21to29.
s05590 is 21.017307692307764 and has aged to age group 21to29.
s06654 is 21.003307692307764 and has aged to age group 21to29.
s06862 is 21.011307692307764 and has aged to age group 21to29.
s06883 is 21.006307692307765 and has aged to age group 21to29.
s07684 is 21.009307692307765 and has aged to age group 21to29.
s07702 is 21.000307692307764 and has aged to age group 21to29.
s10822 is 21.010307692307766 and has aged to age group 21to29.
s11212 is 21.013307692307766 and has aged to age group 21to29.
s11331 is 21.001307692307766 and has aged to age group 21to29.

New agents are being added to the simulation...
s13159 is age 16.0 and otherNH and is entering the model
s13160 is age 16.0 and hispanic and is entering the model
s13161 is age 16.0 and whiteNH and is entering the model
s13162 is age 16.0 and hispanic and is entering the model
s13163 is age 16.0 and blackNH and is entering the model
s13164 is age 16.0 and hispanic and is entering the model
s13165 is age 16.0 and blackNH and is entering the model
s13166 is age 16.0 and blackNH and is entering the model
s13167 is age 16.0 and hispanic and is entering the model
s13168 is age 16.0 and blackNH and is entering the model
s13169 is age 16.0 and hispanic and is entering the model
s13170 is age 16.0 and whiteNH and is entering the model
s13171 is age 16.0 and hispanic and is entering the model
s13172 is age 16.0 and whiteNH and is entering the model
s13173 is age 16.0 and whiteNH and is entering the model
s13174 is age 16.0 and hispanic and is entering the model
s13175 is age 16.0 and hispanic and is entering the model
s13176 is age 16.0 and blackNH and is entering the model
s13177 is age 16.0 and whiteNH and is entering the model

Agents are attending venues and using apps for week 89 in simulation...


Epidemic Simulation
----------------------------
Simulation: 1/1
Timestep: 89/3640
Prevalence: 1895
Population Size: 11707
----------------------------
The ages, hiv status, and relationship status for the agents are being updated...
s04627 is blackNH, aged 25.116307692307764 in age group 16to20, with relationship status of 1 and is now HIV+.
s04971 is blackNH, aged 19.597307692307766 in age group 21to29, with relationship status of 0 and is now HIV+.
s05138 is blackNH, aged 29.056307692307765 in age group 21to29, with relationship status of 1 and is now HIV+.
s05178 is blackNH, aged 27.251307692307766 in age group 21to29, with relationship status of 0 and is now HIV+.
s10660 is otherNH, aged 24.324307692307766 in age group 16to20, with relationship status of 0 and is now HIV+.
s10801 is otherNH, aged 24.693307692307766 in age group 16to20, with relationship status of 1 and is now HIV+.
s11684 is otherNH, aged 19.764307692307764 in age group 21to29, with relationship status of 0 and is now HIV+.

Agents are being removed from the simulation...
s00379 is aged 29.992307692307765, whiteNH and is leaving the simulation.
s00561 is aged 29.986307692307765, whiteNH and is leaving the simulation.
s01275 is aged 29.984307692307766, whiteNH and is leaving the simulation.
s01323 is aged 29.992307692307765, whiteNH and is leaving the simulation.
s01399 is aged 29.982307692307764, whiteNH and is leaving the simulation.
s01490 is aged 29.999307692307763, whiteNH and is leaving the simulation.
s01850 is aged 29.989307692307765, whiteNH and is leaving the simulation.
s02816 is aged 29.992307692307765, whiteNH and is leaving the simulation.
s03381 is aged 29.985307692307764, whiteNH and is leaving the simulation.
s04871 is aged 29.990307692307763, blackNH and is leaving the simulation.
s05094 is aged 29.986307692307765, blackNH and is leaving the simulation.
s05954 is aged 29.994307692307764, blackNH and is leaving the simulation.
s06944 is aged 29.990307692307763, hispanic and is leaving the simulation.
s07581 is aged 29.988307692307764, hispanic and is leaving the simulation.
s07618 is aged 29.991307692307764, hispanic and is leaving the simulation.
s07913 is aged 29.983307692307765, hispanic and is leaving the simulation.
s09387 is aged 29.985307692307764, hispanic and is leaving the simulation.
s10192 is aged 29.990307692307763, hispanic and is leaving the simulation.
s11318 is aged 29.988307692307764, otherNH and is leaving the simulation.
s11462 is aged 29.989307692307765, otherNH and is leaving the simulation.

Agents who have aged to a new age group are being updated...
s00106 is 21.008538461538535 and has aged to age group 21to29.
s00604 is 21.018538461538533 and has aged to age group 21to29.
s02045 is 21.016538461538534 and has aged to age group 21to29.
s02081 is 21.000538461538536 and has aged to age group 21to29.
s03414 is 21.014538461538535 and has aged to age group 21to29.
s04340 is 21.003538461538536 and has aged to age group 21to29.
s04831 is 21.001538461538534 and has aged to age group 21to29.
s05195 is 21.011538461538535 and has aged to age group 21to29.
s05525 is 21.002538461538535 and has aged to age group 21to29.
s05944 is 21.015538461538533 and has aged to age group 21to29.
s06134 is 21.007538461538534 and has aged to age group 21to29.
s06415 is 21.010538461538534 and has aged to age group 21to29.
s06709 is 21.009538461538533 and has aged to age group 21to29.
s07599 is 21.009538461538533 and has aged to age group 21to29.
s08273 is 21.015538461538533 and has aged to age group 21to29.
s09615 is 21.009538461538533 and has aged to age group 21to29.
s10596 is 21.008538461538535 and has aged to age group 21to29.

New agents are being added to the simulation...
s13178 is age 16.0 and blackNH and is entering the model
s13179 is age 16.0 and blackNH and is entering the model
s13180 is age 16.0 and hispanic and is entering the model
s13181 is age 16.0 and blackNH and is entering the model
s13182 is age 16.0 and hispanic and is entering the model
s13183 is age 16.0 and whiteNH and is entering the model
s13184 is age 16.0 and hispanic and is entering the model
s13185 is age 16.0 and blackNH and is entering the model
s13186 is age 16.0 and hispanic and is entering the model
s13187 is age 16.0 and hispanic and is entering the model
s13188 is age 16.0 and hispanic and is entering the model
s13189 is age 16.0 and otherNH and is entering the model
s13190 is age 16.0 and hispanic and is entering the model
s13191 is age 16.0 and hispanic and is entering the model
s13192 is age 16.0 and whiteNH and is entering the model
s13193 is age 16.0 and whiteNH and is entering the model
s13194 is age 16.0 and hispanic and is entering the model

Agents are attending venues and using apps for week 90 in simulation...


Epidemic Simulation
----------------------------
Simulation: 1/1
Timestep: 90/3640
Prevalence: 1895
Population Size: 11704
----------------------------
The ages, hiv status, and relationship status for the agents are being updated...
s08785 is hispanic, aged 21.773538461538536 in age group 21to29, with relationship status of 0 and is now HIV+.
s09208 is hispanic, aged 26.377538461538535 in age group 21to29, with relationship status of 1 and is now HIV+.

Agents are being removed from the simulation...
s00420 is aged 29.996538461538535, whiteNH and is leaving the simulation.
s02051 is aged 29.995538461538533, whiteNH and is leaving the simulation.
s02392 is aged 29.989538461538533, whiteNH and is leaving the simulation.
s04718 is aged 29.983538461538533, blackNH and is leaving the simulation.
s05162 is aged 29.993538461538535, blackNH and is leaving the simulation.
s05663 is aged 29.985538461538535, blackNH and is leaving the simulation.
s06613 is aged 29.992538461538533, blackNH and is leaving the simulation.
s06798 is aged 29.994538461538536, blackNH and is leaving the simulation.
s07011 is aged 29.992538461538533, hispanic and is leaving the simulation.
s08206 is aged 29.986538461538533, hispanic and is leaving the simulation.
s09327 is aged 29.991538461538536, hispanic and is leaving the simulation.
s09493 is aged 29.983538461538533, hispanic and is leaving the simulation.
s10120 is aged 29.993538461538535, hispanic and is leaving the simulation.
s10653 is aged 29.999538461538535, otherNH and is leaving the simulation.
s11066 is aged 29.989538461538533, otherNH and is leaving the simulation.
s11251 is aged 29.993538461538535, otherNH and is leaving the simulation.
s11665 is aged 29.986538461538533, otherNH and is leaving the simulation.

Agents who have aged to a new age group are being updated...
s00614 is 21.003769230769304 and has aged to age group 21to29.
s02579 is 21.010769230769306 and has aged to age group 21to29.
s03200 is 21.014769230769303 and has aged to age group 21to29.
s03369 is 21.014769230769303 and has aged to age group 21to29.
s03658 is 21.007769230769306 and has aged to age group 21to29.
s04223 is 21.003769230769304 and has aged to age group 21to29.
s04393 is 21.015769230769305 and has aged to age group 21to29.
s05445 is 21.007769230769306 and has aged to age group 21to29.
s05528 is 21.015769230769305 and has aged to age group 21to29.
s07098 is 21.008769230769303 and has aged to age group 21to29.
s07594 is 21.017769230769304 and has aged to age group 21to29.
s08239 is 21.000769230769304 and has aged to age group 21to29.
s08372 is 21.005769230769303 and has aged to age group 21to29.
s08451 is 21.001769230769305 and has aged to age group 21to29.
s09092 is 21.012769230769305 and has aged to age group 21to29.
s09310 is 21.015769230769305 and has aged to age group 21to29.
s10171 is 21.000769230769304 and has aged to age group 21to29.
s10474 is 21.001769230769305 and has aged to age group 21to29.
s10651 is 21.004769230769305 and has aged to age group 21to29.
s11136 is 21.009769230769304 and has aged to age group 21to29.
s11654 is 21.013769230769306 and has aged to age group 21to29.

New agents are being added to the simulation...
s13195 is age 16.0 and otherNH and is entering the model
s13196 is age 16.0 and whiteNH and is entering the model
s13197 is age 16.0 and whiteNH and is entering the model
s13198 is age 16.0 and whiteNH and is entering the model
s13199 is age 16.0 and otherNH and is entering the model
s13200 is age 16.0 and otherNH and is entering the model
s13201 is age 16.0 and blackNH and is entering the model
s13202 is age 16.0 and blackNH and is entering the model
s13203 is age 16.0 and blackNH and is entering the model
s13204 is age 16.0 and whiteNH and is entering the model
s13205 is age 16.0 and blackNH and is entering the model

Agents are attending venues and using apps for week 91 in simulation...


Epidemic Simulation
----------------------------
Simulation: 1/1
Timestep: 91/3640
Prevalence: 1894
Population Size: 11698
----------------------------
The ages, hiv status, and relationship status for the agents are being updated...
s04439 is blackNH, aged 26.633769230769303 in age group 16to20, with relationship status of 0 and is now HIV+.
s05641 is blackNH, aged 20.780769230769305 in age group 21to29, with relationship status of 1 and is now HIV+.
s12353 is blackNH, aged 16.942307692307732 in age group 16to20, with relationship status of 1 and is now HIV+.

Agents are being removed from the simulation...
s00067 is aged 29.985769230769304, whiteNH and is leaving the simulation.
s00282 is aged 29.993769230769306, whiteNH and is leaving the simulation.
s00283 is aged 29.995769230769305, whiteNH and is leaving the simulation.
s03215 is aged 29.993769230769306, whiteNH and is leaving the simulation.
s04807 is aged 29.990769230769306, blackNH and is leaving the simulation.
s05263 is aged 29.980769230769305, blackNH and is leaving the simulation.
s05531 is aged 29.991769230769304, blackNH and is leaving the simulation.
s05581 is aged 29.991769230769304, blackNH and is leaving the simulation.
s06028 is aged 29.985769230769304, blackNH and is leaving the simulation.
s07021 is aged 29.987769230769306, hispanic and is leaving the simulation.
s08127 is aged 29.990769230769306, hispanic and is leaving the simulation.
s09597 is aged 29.988769230769304, hispanic and is leaving the simulation.
s10197 is aged 29.988769230769304, hispanic and is leaving the simulation.
s10259 is aged 29.992769230769305, hispanic and is leaving the simulation.
s10349 is aged 29.986769230769305, hispanic and is leaving the simulation.
s11523 is aged 29.995769230769305, otherNH and is leaving the simulation.

Agents who have aged to a new age group are being updated...
s00031 is 21.013000000000076 and has aged to age group 21to29.
s00315 is 21.012000000000075 and has aged to age group 21to29.
s00870 is 21.005000000000074 and has aged to age group 21to29.
s03312 is 21.005000000000074 and has aged to age group 21to29.
s03456 is 21.011000000000074 and has aged to age group 21to29.
s04234 is 21.011000000000074 and has aged to age group 21to29.
s05425 is 21.008000000000074 and has aged to age group 21to29.
s06074 is 21.003000000000075 and has aged to age group 21to29.
s08197 is 21.009000000000075 and has aged to age group 21to29.
s08370 is 21.000000000000075 and has aged to age group 21to29.
s09870 is 21.009000000000075 and has aged to age group 21to29.
s10262 is 21.013000000000076 and has aged to age group 21to29.

New agents are being added to the simulation...
s13206 is age 16.0 and hispanic and is entering the model
s13207 is age 16.0 and whiteNH and is entering the model
s13208 is age 16.0 and blackNH and is entering the model
s13209 is age 16.0 and blackNH and is entering the model
s13210 is age 16.0 and blackNH and is entering the model
s13211 is age 16.0 and blackNH and is entering the model
s13212 is age 16.0 and whiteNH and is entering the model
s13213 is age 16.0 and hispanic and is entering the model
s13214 is age 16.0 and blackNH and is entering the model
s13215 is age 16.0 and hispanic and is entering the model
s13216 is age 16.0 and whiteNH and is entering the model
s13217 is age 16.0 and hispanic and is entering the model
s13218 is age 16.0 and hispanic and is entering the model
s13219 is age 16.0 and hispanic and is entering the model
s13220 is age 16.0 and otherNH and is entering the model
s13221 is age 16.0 and hispanic and is entering the model

Agents are attending venues and using apps for week 92 in simulation...


Epidemic Simulation
----------------------------
Simulation: 1/1
Timestep: 92/3640
Prevalence: 1894
Population Size: 11698
----------------------------
The ages, hiv status, and relationship status for the agents are being updated...
s01614 is whiteNH, aged 18.903000000000073 in age group 21to29, with relationship status of 0 and is now HIV+.
s03931 is blackNH, aged 27.882000000000076 in age group 16to20, with relationship status of 1 and is now HIV+.
s04681 is blackNH, aged 28.729000000000074 in age group 16to20, with relationship status of 1 and is now HIV+.
s06764 is blackNH, aged 17.971000000000075 in age group 21to29, with relationship status of 1 and is now HIV+.
s07448 is hispanic, aged 29.669000000000075 in age group 16to20, with relationship status of 0 and is now HIV+.
s07538 is hispanic, aged 26.503000000000075 in age group 16to20, with relationship status of 0 and is now HIV+.

Agents are being removed from the simulation...
s00718 is aged 29.990000000000073, whiteNH and is leaving the simulation.
s03080 is aged 29.984000000000076, whiteNH and is leaving the simulation.
s03244 is aged 29.992000000000075, whiteNH and is leaving the simulation.
s05859 is aged 29.997000000000074, blackNH and is leaving the simulation.
s07100 is aged 29.999000000000073, hispanic and is leaving the simulation.
s07679 is aged 29.999000000000073, hispanic and is leaving the simulation.
s07810 is aged 29.996000000000073, hispanic and is leaving the simulation.
s07822 is aged 29.992000000000075, hispanic and is leaving the simulation.
s08113 is aged 29.994000000000074, hispanic and is leaving the simulation.
s08275 is aged 29.992000000000075, hispanic and is leaving the simulation.
s08811 is aged 29.981000000000076, hispanic and is leaving the simulation.
s09109 is aged 29.986000000000075, hispanic and is leaving the simulation.
s09390 is aged 29.981000000000076, hispanic and is leaving the simulation.
s09515 is aged 29.999000000000073, hispanic and is leaving the simulation.
s10407 is aged 29.981000000000076, hispanic and is leaving the simulation.
s10845 is aged 29.994000000000074, otherNH and is leaving the simulation.

Agents who have aged to a new age group are being updated...
s00248 is 21.011230769230846 and has aged to age group 21to29.
s01021 is 21.014230769230846 and has aged to age group 21to29.
s01730 is 21.013230769230844 and has aged to age group 21to29.
s01846 is 21.011230769230846 and has aged to age group 21to29.
s02624 is 21.015230769230843 and has aged to age group 21to29.
s03181 is 21.001230769230844 and has aged to age group 21to29.
s04129 is 21.001230769230844 and has aged to age group 21to29.
s04337 is 21.012230769230843 and has aged to age group 21to29.
s04363 is 21.008230769230845 and has aged to age group 21to29.
s04648 is 21.016230769230845 and has aged to age group 21to29.
s05381 is 21.012230769230843 and has aged to age group 21to29.
s06184 is 21.006230769230843 and has aged to age group 21to29.
s06868 is 21.013230769230844 and has aged to age group 21to29.
s06959 is 21.012230769230843 and has aged to age group 21to29.
s07387 is 21.012230769230843 and has aged to age group 21to29.
s07714 is 21.004230769230844 and has aged to age group 21to29.
s09629 is 21.003230769230846 and has aged to age group 21to29.
s09676 is 21.000230769230846 and has aged to age group 21to29.
s09788 is 21.016230769230845 and has aged to age group 21to29.
s10605 is 21.008230769230845 and has aged to age group 21to29.
s11069 is 21.013230769230844 and has aged to age group 21to29.

New agents are being added to the simulation...
s13222 is age 16.0 and blackNH and is entering the model
s13223 is age 16.0 and blackNH and is entering the model
s13224 is age 16.0 and hispanic and is entering the model
s13225 is age 16.0 and hispanic and is entering the model
s13226 is age 16.0 and otherNH and is entering the model
s13227 is age 16.0 and hispanic and is entering the model
s13228 is age 16.0 and blackNH and is entering the model
s13229 is age 16.0 and hispanic and is entering the model
s13230 is age 16.0 and otherNH and is entering the model
s13231 is age 16.0 and hispanic and is entering the model

Agents are attending venues and using apps for week 93 in simulation...


Epidemic Simulation
----------------------------
Simulation: 1/1
Timestep: 93/3640
Prevalence: 1896
Population Size: 11692
----------------------------
The ages, hiv status, and relationship status for the agents are being updated...
s04671 is blackNH, aged 27.257230769230844 in age group 16to20, with relationship status of 0 and is now HIV+.
s06712 is blackNH, aged 19.932230769230845 in age group 21to29, with relationship status of 1 and is now HIV+.
s12168 is blackNH, aged 17.192307692307743 in age group 16to20, with relationship status of 1 and is now HIV+.

Agents are being removed from the simulation...
s02300 is aged 29.998230769230844, whiteNH and is leaving the simulation.
s03154 is aged 29.989230769230844, whiteNH and is leaving the simulation.
s03415 is aged 29.986230769230843, whiteNH and is leaving the simulation.
s04536 is aged 29.982230769230846, blackNH and is leaving the simulation.
s04948 is aged 29.985230769230846, blackNH and is leaving the simulation.
s05310 is aged 29.992230769230844, blackNH and is leaving the simulation.
s05948 is aged 29.994230769230846, blackNH and is leaving the simulation.
s08689 is aged 29.996230769230845, hispanic and is leaving the simulation.
s09180 is aged 29.999230769230845, hispanic and is leaving the simulation.
s09662 is aged 29.999230769230845, hispanic and is leaving the simulation.
s10611 is aged 29.999230769230845, otherNH and is leaving the simulation.
s10758 is aged 29.986230769230843, otherNH and is leaving the simulation.

Agents who have aged to a new age group are being updated...
s02110 is 21.003461538461615 and has aged to age group 21to29.
s02342 is 21.005461538461613 and has aged to age group 21to29.
s03189 is 21.003461538461615 and has aged to age group 21to29.
s03227 is 21.000461538461614 and has aged to age group 21to29.
s03689 is 21.008461538461614 and has aged to age group 21to29.
s07234 is 21.003461538461615 and has aged to age group 21to29.
s07464 is 21.002461538461613 and has aged to age group 21to29.
s09124 is 21.015461538461615 and has aged to age group 21to29.
s09778 is 21.014461538461614 and has aged to age group 21to29.
s10119 is 21.001461538461616 and has aged to age group 21to29.

New agents are being added to the simulation...
s13232 is age 16.0 and hispanic and is entering the model
s13233 is age 16.0 and hispanic and is entering the model
s13234 is age 16.0 and hispanic and is entering the model
s13235 is age 16.0 and otherNH and is entering the model
s13236 is age 16.0 and otherNH and is entering the model
s13237 is age 16.0 and hispanic and is entering the model
s13238 is age 16.0 and blackNH and is entering the model
s13239 is age 16.0 and blackNH and is entering the model
s13240 is age 16.0 and hispanic and is entering the model
s13241 is age 16.0 and blackNH and is entering the model
s13242 is age 16.0 and blackNH and is entering the model
s13243 is age 16.0 and whiteNH and is entering the model
s13244 is age 16.0 and hispanic and is entering the model
s13245 is age 16.0 and whiteNH and is entering the model
s13246 is age 16.0 and hispanic and is entering the model
s13247 is age 16.0 and blackNH and is entering the model
s13248 is age 16.0 and whiteNH and is entering the model
s13249 is age 16.0 and otherNH and is entering the model

Agents are attending venues and using apps for week 94 in simulation...


Epidemic Simulation
----------------------------
Simulation: 1/1
Timestep: 94/3640
Prevalence: 1901
Population Size: 11698
----------------------------
The ages, hiv status, and relationship status for the agents are being updated...
s00229 is whiteNH, aged 24.636461538461614 in age group 16to20, with relationship status of 0 and is now HIV+.
s02672 is whiteNH, aged 18.819461538461614 in age group 21to29, with relationship status of 0 and is now HIV+.
s04287 is blackNH, aged 26.318461538461616 in age group 16to20, with relationship status of 1 and is now HIV+.
s04507 is blackNH, aged 25.170461538461616 in age group 16to20, with relationship status of 0 and is now HIV+.
s05514 is blackNH, aged 21.830461538461616 in age group 21to29, with relationship status of 0 and is now HIV+.
s08107 is hispanic, aged 29.676461538461616 in age group 21to29, with relationship status of 1 and is now HIV+.
s08795 is hispanic, aged 24.345461538461613 in age group 21to29, with relationship status of 0 and is now HIV+.
s10254 is hispanic, aged 24.687461538461616 in age group 21to29, with relationship status of 1 and is now HIV+.

Agents are being removed from the simulation...
s01226 is aged 29.983461538461615, whiteNH and is leaving the simulation.
s01232 is aged 29.991461538461614, whiteNH and is leaving the simulation.
s01926 is aged 29.993461538461613, whiteNH and is leaving the simulation.
s02175 is aged 29.992461538461615, whiteNH and is leaving the simulation.
s02227 is aged 29.996461538461613, whiteNH and is leaving the simulation.
s03172 is aged 29.996461538461613, whiteNH and is leaving the simulation.
s03827 is aged 29.981461538461616, whiteNH and is leaving the simulation.
s06131 is aged 29.998461538461616, blackNH and is leaving the simulation.
s06551 is aged 29.992461538461615, blackNH and is leaving the simulation.
s06942 is aged 29.992461538461615, hispanic and is leaving the simulation.
s06943 is aged 29.996461538461613, hispanic and is leaving the simulation.
s11393 is aged 29.984461538461616, otherNH and is leaving the simulation.
s11408 is aged 29.991461538461614, otherNH and is leaving the simulation.

Agents who have aged to a new age group are being updated...
s00075 is 21.018692307692383 and has aged to age group 21to29.
s00980 is 21.011692307692385 and has aged to age group 21to29.
s01336 is 21.001692307692384 and has aged to age group 21to29.
s01747 is 21.015692307692383 and has aged to age group 21to29.
s03226 is 21.013692307692384 and has aged to age group 21to29.
s03468 is 21.000692307692386 and has aged to age group 21to29.
s04602 is 21.004692307692384 and has aged to age group 21to29.
s07462 is 21.013692307692384 and has aged to age group 21to29.
s07561 is 21.010692307692384 and has aged to age group 21to29.
s08520 is 21.013692307692384 and has aged to age group 21to29.
s10165 is 21.006692307692386 and has aged to age group 21to29.
s11647 is 21.016692307692384 and has aged to age group 21to29.

New agents are being added to the simulation...
s13250 is age 16.0 and blackNH and is entering the model
s13251 is age 16.0 and whiteNH and is entering the model
s13252 is age 16.0 and hispanic and is entering the model
s13253 is age 16.0 and blackNH and is entering the model
s13254 is age 16.0 and hispanic and is entering the model
s13255 is age 16.0 and whiteNH and is entering the model
s13256 is age 16.0 and hispanic and is entering the model
s13257 is age 16.0 and blackNH and is entering the model
s13258 is age 16.0 and hispanic and is entering the model
s13259 is age 16.0 and whiteNH and is entering the model
s13260 is age 16.0 and whiteNH and is entering the model
s13261 is age 16.0 and otherNH and is entering the model
s13262 is age 16.0 and blackNH and is entering the model
s13263 is age 16.0 and blackNH and is entering the model
s13264 is age 16.0 and whiteNH and is entering the model
s13265 is age 16.0 and hispanic and is entering the model
s13266 is age 16.0 and whiteNH and is entering the model
s13267 is age 16.0 and hispanic and is entering the model
s13268 is age 16.0 and otherNH and is entering the model
s13269 is age 16.0 and blackNH and is entering the model
s13270 is age 16.0 and blackNH and is entering the model

Agents are attending venues and using apps for week 95 in simulation...


Epidemic Simulation
----------------------------
Simulation: 1/1
Timestep: 95/3640
Prevalence: 1905
Population Size: 11706
----------------------------
The ages, hiv status, and relationship status for the agents are being updated...
s03899 is blackNH, aged 25.756692307692386 in age group 16to20, with relationship status of 0 and is now HIV+.
s04307 is blackNH, aged 18.626692307692384 in age group 16to20, with relationship status of 0 and is now HIV+.
s04944 is blackNH, aged 21.419692307692383 in age group 21to29, with relationship status of 0 and is now HIV+.
s06247 is blackNH, aged 24.676692307692385 in age group 21to29, with relationship status of 1 and is now HIV+.

Agents are being removed from the simulation...
s00215 is aged 29.990692307692385, whiteNH and is leaving the simulation.
s01082 is aged 29.998692307692384, whiteNH and is leaving the simulation.
s01247 is aged 29.998692307692384, whiteNH and is leaving the simulation.
s01452 is aged 29.986692307692383, whiteNH and is leaving the simulation.
s01916 is aged 29.982692307692385, whiteNH and is leaving the simulation.
s02666 is aged 29.997692307692386, whiteNH and is leaving the simulation.
s07201 is aged 29.991692307692386, hispanic and is leaving the simulation.
s07769 is aged 29.981692307692384, hispanic and is leaving the simulation.
s09518 is aged 29.981692307692384, hispanic and is leaving the simulation.
s10892 is aged 29.989692307692383, otherNH and is leaving the simulation.
s10922 is aged 29.995692307692384, otherNH and is leaving the simulation.
s11054 is aged 29.990692307692385, otherNH and is leaving the simulation.
s11521 is aged 29.993692307692385, otherNH and is leaving the simulation.
s12279 is aged 17.115384615384663, blackNH and is leaving the simulation.

Agents who have aged to a new age group are being updated...
s03848 is 21.007923076923156 and has aged to age group 21to29.
s04628 is 21.008923076923153 and has aged to age group 21to29.
s05573 is 21.012923076923155 and has aged to age group 21to29.
s06009 is 21.012923076923155 and has aged to age group 21to29.
s07090 is 21.003923076923154 and has aged to age group 21to29.
s07095 is 21.009923076923155 and has aged to age group 21to29.
s07101 is 21.012923076923155 and has aged to age group 21to29.
s07227 is 21.012923076923155 and has aged to age group 21to29.
s07882 is 21.016923076923156 and has aged to age group 21to29.
s08979 is 21.016923076923156 and has aged to age group 21to29.
s11184 is 21.010923076923156 and has aged to age group 21to29.

New agents are being added to the simulation...
s13271 is age 16.0 and whiteNH and is entering the model
s13272 is age 16.0 and hispanic and is entering the model
s13273 is age 16.0 and otherNH and is entering the model
s13274 is age 16.0 and whiteNH and is entering the model
s13275 is age 16.0 and whiteNH and is entering the model
s13276 is age 16.0 and hispanic and is entering the model
s13277 is age 16.0 and hispanic and is entering the model
s13278 is age 16.0 and blackNH and is entering the model
s13279 is age 16.0 and whiteNH and is entering the model
s13280 is age 16.0 and whiteNH and is entering the model
s13281 is age 16.0 and blackNH and is entering the model
s13282 is age 16.0 and whiteNH and is entering the model
s13283 is age 16.0 and hispanic and is entering the model
s13284 is age 16.0 and whiteNH and is entering the model
s13285 is age 16.0 and whiteNH and is entering the model
s13286 is age 16.0 and hispanic and is entering the model
s13287 is age 16.0 and hispanic and is entering the model
s13288 is age 16.0 and whiteNH and is entering the model
s13289 is age 16.0 and hispanic and is entering the model
s13290 is age 16.0 and otherNH and is entering the model

Agents are attending venues and using apps for week 96 in simulation...


Epidemic Simulation
----------------------------
Simulation: 1/1
Timestep: 96/3640
Prevalence: 1910
Population Size: 11712
----------------------------
The ages, hiv status, and relationship status for the agents are being updated...
s04695 is blackNH, aged 18.831923076923154 in age group 16to20, with relationship status of 0 and is now HIV+.
s05284 is blackNH, aged 23.494923076923154 in age group 21to29, with relationship status of 0 and is now HIV+.
s07650 is hispanic, aged 21.696923076923156 in age group 21to29, with relationship status of 0 and is now HIV+.
s10401 is hispanic, aged 19.218923076923154 in age group 21to29, with relationship status of 0 and is now HIV+.
s10820 is otherNH, aged 18.931923076923155 in age group 16to20, with relationship status of 0 and is now HIV+.
s13171 is hispanic, aged 16.13461538461539 in age group 16to20, with relationship status of 0 and is now HIV+.

Agents are being removed from the simulation...
s00161 is aged 29.993923076923156, whiteNH and is leaving the simulation.
s02700 is aged 29.981923076923156, whiteNH and is leaving the simulation.
s05186 is aged 29.989923076923155, blackNH and is leaving the simulation.
s05253 is aged 29.999923076923153, blackNH and is leaving the simulation.
s06848 is aged 29.986923076923155, hispanic and is leaving the simulation.
s07340 is aged 29.997923076923154, hispanic and is leaving the simulation.
s07839 is aged 29.997923076923154, hispanic and is leaving the simulation.
s07938 is aged 29.992923076923155, hispanic and is leaving the simulation.
s08200 is aged 29.980923076923155, hispanic and is leaving the simulation.
s08272 is aged 29.994923076923154, hispanic and is leaving the simulation.
s08459 is aged 29.994923076923154, hispanic and is leaving the simulation.
s08656 is aged 29.985923076923154, hispanic and is leaving the simulation.
s09436 is aged 29.991923076923154, hispanic and is leaving the simulation.
s09834 is aged 29.981923076923156, hispanic and is leaving the simulation.
s09985 is aged 29.994923076923154, hispanic and is leaving the simulation.
s10575 is aged 29.989923076923155, otherNH and is leaving the simulation.
s10930 is aged 29.995923076923155, otherNH and is leaving the simulation.
s10949 is aged 29.986923076923155, otherNH and is leaving the simulation.

Agents who have aged to a new age group are being updated...
s00010 is 21.006153846153925 and has aged to age group 21to29.
s00724 is 21.003153846153925 and has aged to age group 21to29.
s00856 is 21.010153846153926 and has aged to age group 21to29.
s02559 is 21.017153846153924 and has aged to age group 21to29.
s03165 is 21.011153846153924 and has aged to age group 21to29.
s03333 is 21.018153846153925 and has aged to age group 21to29.
s03492 is 21.017153846153924 and has aged to age group 21to29.
s03607 is 21.006153846153925 and has aged to age group 21to29.
s03656 is 21.013153846153926 and has aged to age group 21to29.
s04891 is 21.000153846153925 and has aged to age group 21to29.
s06030 is 21.019153846153923 and has aged to age group 21to29.
s06224 is 21.010153846153926 and has aged to age group 21to29.
s06754 is 21.005153846153924 and has aged to age group 21to29.
s07564 is 21.019153846153923 and has aged to age group 21to29.
s07671 is 21.019153846153923 and has aged to age group 21to29.
s08374 is 21.001153846153926 and has aged to age group 21to29.
s09624 is 21.005153846153924 and has aged to age group 21to29.
s11646 is 21.010153846153926 and has aged to age group 21to29.

New agents are being added to the simulation...
s13291 is age 16.0 and blackNH and is entering the model
s13292 is age 16.0 and blackNH and is entering the model
s13293 is age 16.0 and hispanic and is entering the model
s13294 is age 16.0 and whiteNH and is entering the model
s13295 is age 16.0 and blackNH and is entering the model
s13296 is age 16.0 and hispanic and is entering the model
s13297 is age 16.0 and hispanic and is entering the model
s13298 is age 16.0 and hispanic and is entering the model
s13299 is age 16.0 and whiteNH and is entering the model
s13300 is age 16.0 and hispanic and is entering the model
s13301 is age 16.0 and hispanic and is entering the model
s13302 is age 16.0 and hispanic and is entering the model
s13303 is age 16.0 and hispanic and is entering the model
s13304 is age 16.0 and whiteNH and is entering the model
s13305 is age 16.0 and otherNH and is entering the model

Agents are attending venues and using apps for week 97 in simulation...


Epidemic Simulation
----------------------------
Simulation: 1/1
Timestep: 97/3640
Prevalence: 1915
Population Size: 11709
----------------------------
The ages, hiv status, and relationship status for the agents are being updated...
s03970 is blackNH, aged 22.420153846153926 in age group 21to29, with relationship status of 1 and is now HIV+.
s04107 is blackNH, aged 27.958153846153923 in age group 16to20, with relationship status of 0 and is now HIV+.
s05486 is blackNH, aged 27.506153846153925 in age group 21to29, with relationship status of 1 and is now HIV+.
s09810 is hispanic, aged 19.731153846153926 in age group 21to29, with relationship status of 1 and is now HIV+.
s11742 is blackNH, aged 17.788461538461615 in age group 16to20, with relationship status of 1 and is now HIV+.
s12054 is blackNH, aged 17.384615384615444 in age group 16to20, with relationship status of 1 and is now HIV+.
s13104 is blackNH, aged 16.23076923076924 in age group 16to20, with relationship status of 0 and is now HIV+.

Agents are being removed from the simulation...
s00077 is aged 29.990153846153923, whiteNH and is leaving the simulation.
s02078 is aged 29.988153846153924, whiteNH and is leaving the simulation.
s02417 is aged 29.996153846153923, whiteNH and is leaving the simulation.
s03922 is aged 29.993153846153923, blackNH and is leaving the simulation.
s05756 is aged 29.985153846153924, blackNH and is leaving the simulation.
s06655 is aged 29.992153846153926, blackNH and is leaving the simulation.
s07019 is aged 29.995153846153926, hispanic and is leaving the simulation.
s08540 is aged 29.981153846153926, hispanic and is leaving the simulation.
s09191 is aged 29.983153846153925, hispanic and is leaving the simulation.
s09894 is aged 29.993153846153923, hispanic and is leaving the simulation.
s09925 is aged 29.998153846153926, hispanic and is leaving the simulation.
s10619 is aged 29.993153846153923, otherNH and is leaving the simulation.
s11087 is aged 29.984153846153927, otherNH and is leaving the simulation.
s11363 is aged 29.989153846153926, otherNH and is leaving the simulation.
s11699 is aged 29.994153846153925, otherNH and is leaving the simulation.

Agents who have aged to a new age group are being updated...
s01040 is 21.003384615384697 and has aged to age group 21to29.
s02462 is 21.014384615384696 and has aged to age group 21to29.
s03476 is 21.005384615384695 and has aged to age group 21to29.
s03637 is 21.010384615384694 and has aged to age group 21to29.
s04675 is 21.000384615384696 and has aged to age group 21to29.
s05320 is 21.004384615384694 and has aged to age group 21to29.
s06204 is 21.007384615384694 and has aged to age group 21to29.
s07424 is 21.001384615384694 and has aged to age group 21to29.
s08764 is 21.002384615384695 and has aged to age group 21to29.
s08770 is 21.001384615384694 and has aged to age group 21to29.
s09652 is 21.006384615384693 and has aged to age group 21to29.
s09988 is 21.010384615384694 and has aged to age group 21to29.

New agents are being added to the simulation...
s13306 is age 16.0 and whiteNH and is entering the model
s13307 is age 16.0 and blackNH and is entering the model
s13308 is age 16.0 and whiteNH and is entering the model
s13309 is age 16.0 and hispanic and is entering the model
s13310 is age 16.0 and whiteNH and is entering the model
s13311 is age 16.0 and blackNH and is entering the model
s13312 is age 16.0 and blackNH and is entering the model
s13313 is age 16.0 and whiteNH and is entering the model
s13314 is age 16.0 and otherNH and is entering the model
s13315 is age 16.0 and whiteNH and is entering the model
s13316 is age 16.0 and blackNH and is entering the model
s13317 is age 16.0 and hispanic and is entering the model
s13318 is age 16.0 and whiteNH and is entering the model
s13319 is age 16.0 and blackNH and is entering the model
s13320 is age 16.0 and blackNH and is entering the model
s13321 is age 16.0 and hispanic and is entering the model
s13322 is age 16.0 and otherNH and is entering the model
s13323 is age 16.0 and whiteNH and is entering the model
s13324 is age 16.0 and whiteNH and is entering the model
s13325 is age 16.0 and whiteNH and is entering the model
s13326 is age 16.0 and whiteNH and is entering the model
s13327 is age 16.0 and whiteNH and is entering the model
s13328 is age 16.0 and blackNH and is entering the model
s13329 is age 16.0 and blackNH and is entering the model
s13330 is age 16.0 and blackNH and is entering the model

Agents are attending venues and using apps for week 98 in simulation...


Epidemic Simulation
----------------------------
Simulation: 1/1
Timestep: 98/3640
Prevalence: 1917
Population Size: 11719
----------------------------
The ages, hiv status, and relationship status for the agents are being updated...
s04466 is blackNH, aged 24.778384615384695 in age group 16to20, with relationship status of 1 and is now HIV+.
s04816 is blackNH, aged 27.545384615384695 in age group 16to20, with relationship status of 1 and is now HIV+.
s05745 is blackNH, aged 27.729384615384696 in age group 21to29, with relationship status of 1 and is now HIV+.
s07386 is hispanic, aged 26.332384615384694 in age group 16to20, with relationship status of 1 and is now HIV+.
s13166 is blackNH, aged 16.17307692307693 in age group 16to20, with relationship status of 0 and is now HIV+.

Agents are being removed from the simulation...
s00223 is aged 29.985384615384696, whiteNH and is leaving the simulation.
s00260 is aged 29.984384615384695, whiteNH and is leaving the simulation.
s00787 is aged 29.997384615384696, whiteNH and is leaving the simulation.
s01948 is aged 29.994384615384696, whiteNH and is leaving the simulation.
s02006 is aged 29.981384615384695, whiteNH and is leaving the simulation.
s02800 is aged 29.988384615384696, whiteNH and is leaving the simulation.
s04301 is aged 29.993384615384695, blackNH and is leaving the simulation.
s05280 is aged 29.992384615384694, blackNH and is leaving the simulation.
s05985 is aged 29.985384615384696, blackNH and is leaving the simulation.
s07040 is aged 29.999384615384695, hispanic and is leaving the simulation.
s08604 is aged 29.988384615384696, hispanic and is leaving the simulation.
s08618 is aged 29.997384615384696, hispanic and is leaving the simulation.
s08807 is aged 29.995384615384694, hispanic and is leaving the simulation.
s10564 is aged 29.981384615384695, otherNH and is leaving the simulation.
s11242 is aged 29.986384615384694, otherNH and is leaving the simulation.

Agents who have aged to a new age group are being updated...
s01865 is 21.000615384615465 and has aged to age group 21to29.
s02135 is 21.012615384615465 and has aged to age group 21to29.
s04033 is 21.011615384615464 and has aged to age group 21to29.
s04607 is 21.018615384615465 and has aged to age group 21to29.
s05572 is 21.008615384615464 and has aged to age group 21to29.
s06102 is 21.018615384615465 and has aged to age group 21to29.
s06137 is 21.001615384615466 and has aged to age group 21to29.
s06832 is 21.006615384615465 and has aged to age group 21to29.
s09149 is 21.015615384615465 and has aged to age group 21to29.
s09202 is 21.003615384615465 and has aged to age group 21to29.
s10823 is 21.000615384615465 and has aged to age group 21to29.
s11090 is 21.011615384615464 and has aged to age group 21to29.
s11359 is 21.015615384615465 and has aged to age group 21to29.
s11431 is 21.004615384615466 and has aged to age group 21to29.
s11511 is 21.009615384615465 and has aged to age group 21to29.

New agents are being added to the simulation...
s13331 is age 16.0 and blackNH and is entering the model
s13332 is age 16.0 and blackNH and is entering the model
s13333 is age 16.0 and whiteNH and is entering the model
s13334 is age 16.0 and whiteNH and is entering the model
s13335 is age 16.0 and otherNH and is entering the model
s13336 is age 16.0 and otherNH and is entering the model
s13337 is age 16.0 and hispanic and is entering the model
s13338 is age 16.0 and blackNH and is entering the model
s13339 is age 16.0 and whiteNH and is entering the model
s13340 is age 16.0 and hispanic and is entering the model
s13341 is age 16.0 and blackNH and is entering the model
s13342 is age 16.0 and blackNH and is entering the model

Agents are attending venues and using apps for week 99 in simulation...


Epidemic Simulation
----------------------------
Simulation: 1/1
Timestep: 99/3640
Prevalence: 1925
Population Size: 11716
----------------------------
The ages, hiv status, and relationship status for the agents are being updated...
s00346 is whiteNH, aged 23.879615384615466 in age group 16to20, with relationship status of 0 and is now HIV+.
s03437 is whiteNH, aged 19.306615384615466 in age group 21to29, with relationship status of 1 and is now HIV+.
s03886 is blackNH, aged 18.235615384615464 in age group 16to20, with relationship status of 0 and is now HIV+.
s06614 is blackNH, aged 24.739615384615465 in age group 21to29, with relationship status of 0 and is now HIV+.
s06975 is hispanic, aged 24.467615384615463 in age group 16to20, with relationship status of 1 and is now HIV+.
s07229 is hispanic, aged 18.778615384615463 in age group 16to20, with relationship status of 0 and is now HIV+.
s09472 is hispanic, aged 19.488615384615464 in age group 21to29, with relationship status of 1 and is now HIV+.
s10511 is otherNH, aged 28.884615384615465 in age group 16to20, with relationship status of 1 and is now HIV+.
s12198 is hispanic, aged 17.288461538461593 in age group 16to20, with relationship status of 1 and is now HIV+.

Agents are being removed from the simulation...
s00872 is aged 29.998615384615466, whiteNH and is leaving the simulation.
s01651 is aged 29.987615384615466, whiteNH and is leaving the simulation.
s01709 is aged 29.983615384615465, whiteNH and is leaving the simulation.
s02869 is aged 29.995615384615466, whiteNH and is leaving the simulation.
s03065 is aged 29.367615384615466, whiteNH and is leaving the simulation.
s03071 is aged 29.995615384615466, whiteNH and is leaving the simulation.
s03210 is aged 28.153615384615463, whiteNH and is leaving the simulation.
s03394 is aged 29.997615384615465, whiteNH and is leaving the simulation.
s04406 is aged 29.988615384615464, blackNH and is leaving the simulation.
s04459 is aged 29.995615384615466, blackNH and is leaving the simulation.
s05787 is aged 29.982615384615464, blackNH and is leaving the simulation.
s07969 is aged 29.998615384615466, hispanic and is leaving the simulation.
s08285 is aged 29.995615384615466, hispanic and is leaving the simulation.
s08362 is aged 29.991615384615464, hispanic and is leaving the simulation.
s08728 is aged 29.983615384615465, hispanic and is leaving the simulation.
s08938 is aged 29.990615384615467, hispanic and is leaving the simulation.
s10155 is aged 29.999615384615463, hispanic and is leaving the simulation.
s10582 is aged 29.993615384615467, otherNH and is leaving the simulation.
s11292 is aged 29.982615384615464, otherNH and is leaving the simulation.

Agents who have aged to a new age group are being updated...
s00505 is 21.010846153846234 and has aged to age group 21to29.
s01792 is 21.014846153846236 and has aged to age group 21to29.
s01866 is 21.008846153846235 and has aged to age group 21to29.
s04000 is 21.016846153846235 and has aged to age group 21to29.
s05490 is 21.010846153846234 and has aged to age group 21to29.
s06770 is 21.001846153846234 and has aged to age group 21to29.
s07351 is 21.009846153846237 and has aged to age group 21to29.
s07776 is 21.004846153846234 and has aged to age group 21to29.
s09427 is 21.008846153846235 and has aged to age group 21to29.
s10291 is 21.011846153846236 and has aged to age group 21to29.
s10606 is 21.002846153846235 and has aged to age group 21to29.
s10835 is 21.012846153846237 and has aged to age group 21to29.
s11112 is 21.014846153846236 and has aged to age group 21to29.
s11634 is 21.011846153846236 and has aged to age group 21to29.

New agents are being added to the simulation...
s13343 is age 16.0 and whiteNH and is entering the model
s13344 is age 16.0 and otherNH and is entering the model
s13345 is age 16.0 and otherNH and is entering the model
s13346 is age 16.0 and blackNH and is entering the model
s13347 is age 16.0 and hispanic and is entering the model
s13348 is age 16.0 and whiteNH and is entering the model
s13349 is age 16.0 and whiteNH and is entering the model
s13350 is age 16.0 and blackNH and is entering the model

Agents are attending venues and using apps for week 100 in simulation...


Epidemic Simulation
----------------------------
Simulation: 1/1
Timestep: 100/3640
Prevalence: 1927
Population Size: 11705
----------------------------
The ages, hiv status, and relationship status for the agents are being updated...
s04470 is blackNH, aged 25.348846153846235 in age group 16to20, with relationship status of 1 and is now HIV+.
s05453 is blackNH, aged 27.759846153846237 in age group 21to29, with relationship status of 1 and is now HIV+.
s07186 is hispanic, aged 19.904846153846236 in age group 16to20, with relationship status of 0 and is now HIV+.
s09502 is hispanic, aged 20.899846153846234 in age group 21to29, with relationship status of 0 and is now HIV+.

Agents are being removed from the simulation...
s00773 is aged 29.998846153846234, whiteNH and is leaving the simulation.
s01529 is aged 29.995846153846234, whiteNH and is leaving the simulation.
s02438 is aged 29.985846153846236, whiteNH and is leaving the simulation.
s04163 is aged 29.983846153846233, blackNH and is leaving the simulation.
s04473 is aged 29.998846153846234, blackNH and is leaving the simulation.
s06179 is aged 29.986846153846233, blackNH and is leaving the simulation.
s06728 is aged 26.960846153846234, blackNH and is leaving the simulation.
s06782 is aged 29.989846153846234, blackNH and is leaving the simulation.
s06830 is aged 29.998846153846234, hispanic and is leaving the simulation.
s07487 is aged 29.984846153846235, hispanic and is leaving the simulation.
s07942 is aged 29.996846153846235, hispanic and is leaving the simulation.
s07987 is aged 29.986846153846233, hispanic and is leaving the simulation.
s08543 is aged 29.982846153846236, hispanic and is leaving the simulation.
s08915 is aged 21.533846153846234, hispanic and is leaving the simulation.
s09176 is aged 29.988846153846236, hispanic and is leaving the simulation.
s10136 is aged 29.987846153846235, hispanic and is leaving the simulation.
s10445 is aged 29.990846153846235, otherNH and is leaving the simulation.
s10800 is aged 29.995846153846234, otherNH and is leaving the simulation.

Agents who have aged to a new age group are being updated...
s00898 is 21.013076923077005 and has aged to age group 21to29.
s02007 is 21.015076923077004 and has aged to age group 21to29.
s02198 is 21.012076923077004 and has aged to age group 21to29.
s02434 is 21.019076923077005 and has aged to age group 21to29.
s03284 is 21.014076923077006 and has aged to age group 21to29.
s03319 is 21.015076923077004 and has aged to age group 21to29.
s03671 is 21.007076923077005 and has aged to age group 21to29.
s05171 is 21.005076923077006 and has aged to age group 21to29.
s05974 is 21.011076923077006 and has aged to age group 21to29.
s06670 is 21.016076923077005 and has aged to age group 21to29.
s07451 is 21.010076923077005 and has aged to age group 21to29.
s08937 is 21.011076923077006 and has aged to age group 21to29.
s09098 is 21.014076923077006 and has aged to age group 21to29.
s09432 is 21.006076923077003 and has aged to age group 21to29.
s10022 is 21.002076923077006 and has aged to age group 21to29.

New agents are being added to the simulation...
s13351 is age 16.0 and whiteNH and is entering the model
s13352 is age 16.0 and otherNH and is entering the model
s13353 is age 16.0 and blackNH and is entering the model
s13354 is age 16.0 and otherNH and is entering the model
s13355 is age 16.0 and hispanic and is entering the model
s13356 is age 16.0 and blackNH and is entering the model
s13357 is age 16.0 and hispanic and is entering the model
s13358 is age 16.0 and whiteNH and is entering the model
s13359 is age 16.0 and blackNH and is entering the model
s13360 is age 16.0 and otherNH and is entering the model
s13361 is age 16.0 and blackNH and is entering the model
s13362 is age 16.0 and hispanic and is entering the model
s13363 is age 16.0 and whiteNH and is entering the model
s13364 is age 16.0 and otherNH and is entering the model

Agents are attending venues and using apps for week 101 in simulation...


Epidemic Simulation
----------------------------
Simulation: 1/1
Timestep: 101/3640
Prevalence: 1927
Population Size: 11701
----------------------------
The ages, hiv status, and relationship status for the agents are being updated...
s09366 is hispanic, aged 27.586076923077005 in age group 21to29, with relationship status of 0 and is now HIV+.

Agents are being removed from the simulation...
s00940 is aged 29.986076923077004, whiteNH and is leaving the simulation.
s01105 is aged 29.991076923077006, whiteNH and is leaving the simulation.
s01748 is aged 29.995076923077004, whiteNH and is leaving the simulation.
s02130 is aged 27.495076923077004, whiteNH and is leaving the simulation.
s02627 is aged 29.993076923077005, whiteNH and is leaving the simulation.
s03179 is aged 29.982076923077006, whiteNH and is leaving the simulation.
s04326 is aged 29.983076923077004, blackNH and is leaving the simulation.
s04435 is aged 29.984076923077005, blackNH and is leaving the simulation.
s05064 is aged 29.990076923077005, blackNH and is leaving the simulation.
s05265 is aged 29.981076923077005, blackNH and is leaving the simulation.
s05884 is aged 29.983076923077004, blackNH and is leaving the simulation.
s07730 is aged 29.987076923077005, hispanic and is leaving the simulation.
s08076 is aged 29.993076923077005, hispanic and is leaving the simulation.
s08154 is aged 29.994076923077007, hispanic and is leaving the simulation.
s08966 is aged 29.988076923077006, hispanic and is leaving the simulation.
s10679 is aged 29.989076923077004, otherNH and is leaving the simulation.
s10749 is aged 29.995076923077004, otherNH and is leaving the simulation.
s11697 is aged 29.981076923077005, otherNH and is leaving the simulation.

Agents who have aged to a new age group are being updated...
s00498 is 21.015307692307776 and has aged to age group 21to29.
s03493 is 21.017307692307774 and has aged to age group 21to29.
s04149 is 21.000307692307775 and has aged to age group 21to29.
s05089 is 21.004307692307776 and has aged to age group 21to29.
s05577 is 21.000307692307775 and has aged to age group 21to29.
s07005 is 21.010307692307777 and has aged to age group 21to29.
s07515 is 21.000307692307775 and has aged to age group 21to29.
s08149 is 21.017307692307774 and has aged to age group 21to29.
s09607 is 21.016307692307777 and has aged to age group 21to29.
s09945 is 21.003307692307775 and has aged to age group 21to29.
s10077 is 21.010307692307777 and has aged to age group 21to29.
s10309 is 21.012307692307775 and has aged to age group 21to29.
s10608 is 21.017307692307774 and has aged to age group 21to29.
s10707 is 21.018307692307776 and has aged to age group 21to29.
s10722 is 21.012307692307775 and has aged to age group 21to29.
s10746 is 21.013307692307777 and has aged to age group 21to29.

New agents are being added to the simulation...
s13365 is age 16.0 and whiteNH and is entering the model
s13366 is age 16.0 and hispanic and is entering the model
s13367 is age 16.0 and hispanic and is entering the model
s13368 is age 16.0 and whiteNH and is entering the model
s13369 is age 16.0 and whiteNH and is entering the model
s13370 is age 16.0 and hispanic and is entering the model
s13371 is age 16.0 and whiteNH and is entering the model
s13372 is age 16.0 and whiteNH and is entering the model
s13373 is age 16.0 and blackNH and is entering the model

Agents are attending venues and using apps for week 102 in simulation...


Epidemic Simulation
----------------------------
Simulation: 1/1
Timestep: 102/3640
Prevalence: 1928
Population Size: 11692
----------------------------
The ages, hiv status, and relationship status for the agents are being updated...
s04499 is blackNH, aged 25.956307692307774 in age group 16to20, with relationship status of 1 and is now HIV+.
s05642 is blackNH, aged 28.753307692307775 in age group 21to29, with relationship status of 1 and is now HIV+.
s08835 is hispanic, aged 26.455307692307777 in age group 21to29, with relationship status of 0 and is now HIV+.

Agents are being removed from the simulation...
s01382 is aged 29.983307692307775, whiteNH and is leaving the simulation.
s01871 is aged 29.981307692307777, whiteNH and is leaving the simulation.
s02258 is aged 29.988307692307774, whiteNH and is leaving the simulation.
s03643 is aged 29.990307692307773, whiteNH and is leaving the simulation.
s03914 is aged 29.984307692307777, blackNH and is leaving the simulation.
s04048 is aged 22.053307692307776, blackNH and is leaving the simulation.
s05281 is aged 29.991307692307775, blackNH and is leaving the simulation.
s05694 is aged 29.988307692307774, blackNH and is leaving the simulation.
s06305 is aged 29.982307692307774, blackNH and is leaving the simulation.
s06828 is aged 29.995307692307776, hispanic and is leaving the simulation.
s07105 is aged 29.997307692307775, hispanic and is leaving the simulation.
s08954 is aged 29.994307692307775, hispanic and is leaving the simulation.
s09269 is aged 29.987307692307777, hispanic and is leaving the simulation.
s09566 is aged 29.986307692307776, hispanic and is leaving the simulation.
s10573 is aged 29.994307692307775, otherNH and is leaving the simulation.
s11997 is aged 17.557692307692374, hispanic and is leaving the simulation.

Agents who have aged to a new age group are being updated...
s01266 is 21.001538461538544 and has aged to age group 21to29.
s01269 is 21.016538461538545 and has aged to age group 21to29.
s01955 is 21.002538461538546 and has aged to age group 21to29.
s02917 is 21.006538461538547 and has aged to age group 21to29.
s03972 is 21.000538461538547 and has aged to age group 21to29.
s04125 is 21.011538461538546 and has aged to age group 21to29.
s05057 is 21.012538461538544 and has aged to age group 21to29.
s05641 is 21.011538461538546 and has aged to age group 21to29.
s06627 is 21.018538461538544 and has aged to age group 21to29.
s06788 is 21.010538461538545 and has aged to age group 21to29.
s06791 is 21.006538461538547 and has aged to age group 21to29.
s07028 is 21.012538461538544 and has aged to age group 21to29.
s07091 is 21.001538461538544 and has aged to age group 21to29.
s07466 is 21.008538461538546 and has aged to age group 21to29.
s08117 is 21.010538461538545 and has aged to age group 21to29.
s10516 is 21.007538461538545 and has aged to age group 21to29.
s10552 is 21.014538461538546 and has aged to age group 21to29.
s11361 is 21.017538461538546 and has aged to age group 21to29.
s11683 is 21.012538461538544 and has aged to age group 21to29.

New agents are being added to the simulation...
s13374 is age 16.0 and whiteNH and is entering the model
s13375 is age 16.0 and whiteNH and is entering the model
s13376 is age 16.0 and blackNH and is entering the model
s13377 is age 16.0 and whiteNH and is entering the model
s13378 is age 16.0 and whiteNH and is entering the model
s13379 is age 16.0 and whiteNH and is entering the model
s13380 is age 16.0 and whiteNH and is entering the model
s13381 is age 16.0 and whiteNH and is entering the model
s13382 is age 16.0 and hispanic and is entering the model
s13383 is age 16.0 and hispanic and is entering the model
s13384 is age 16.0 and whiteNH and is entering the model
s13385 is age 16.0 and hispanic and is entering the model
s13386 is age 16.0 and hispanic and is entering the model
s13387 is age 16.0 and blackNH and is entering the model
s13388 is age 16.0 and otherNH and is entering the model
s13389 is age 16.0 and hispanic and is entering the model
s13390 is age 16.0 and otherNH and is entering the model
s13391 is age 16.0 and whiteNH and is entering the model
s13392 is age 16.0 and whiteNH and is entering the model
s13393 is age 16.0 and hispanic and is entering the model

Agents are attending venues and using apps for week 103 in simulation...


Epidemic Simulation
----------------------------
Simulation: 1/1
Timestep: 103/3640
Prevalence: 1930
Population Size: 11696
----------------------------
The ages, hiv status, and relationship status for the agents are being updated...
s03906 is blackNH, aged 20.407538461538547 in age group 16to20, with relationship status of 0 and is now HIV+.
s04396 is blackNH, aged 25.387538461538544 in age group 16to20, with relationship status of 0 and is now HIV+.
s09040 is hispanic, aged 22.945538461538547 in age group 21to29, with relationship status of 0 and is now HIV+.
s09092 is hispanic, aged 21.243538461538545 in age group 21to29, with relationship status of 1 and is now HIV+.

Agents are being removed from the simulation...
s00413 is aged 29.986538461538544, whiteNH and is leaving the simulation.
s00933 is aged 29.984538461538545, whiteNH and is leaving the simulation.
s01570 is aged 29.984538461538545, whiteNH and is leaving the simulation.
s01815 is aged 29.997538461538547, whiteNH and is leaving the simulation.
s02698 is aged 29.992538461538544, whiteNH and is leaving the simulation.
s02837 is aged 29.985538461538546, whiteNH and is leaving the simulation.
s03136 is aged 29.986538461538544, whiteNH and is leaving the simulation.
s03247 is aged 29.988538461538546, whiteNH and is leaving the simulation.
s03932 is aged 29.984538461538545, blackNH and is leaving the simulation.
s04012 is aged 29.990538461538545, blackNH and is leaving the simulation.
s05555 is aged 29.984538461538545, blackNH and is leaving the simulation.
s05963 is aged 29.983538461538544, blackNH and is leaving the simulation.
s06922 is aged 29.987538461538545, hispanic and is leaving the simulation.
s07469 is aged 29.994538461538546, hispanic and is leaving the simulation.
s07473 is aged 29.996538461538545, hispanic and is leaving the simulation.
s08696 is aged 29.999538461538545, hispanic and is leaving the simulation.
s09957 is aged 29.993538461538545, hispanic and is leaving the simulation.
s10762 is aged 29.983538461538544, otherNH and is leaving the simulation.
s11218 is aged 29.981538461538545, otherNH and is leaving the simulation.

Agents who have aged to a new age group are being updated...
s00234 is 21.014769230769314 and has aged to age group 21to29.
s00557 is 21.016769230769317 and has aged to age group 21to29.
s00623 is 21.002769230769314 and has aged to age group 21to29.
s00739 is 21.012769230769315 and has aged to age group 21to29.
s01582 is 21.008769230769314 and has aged to age group 21to29.
s02659 is 21.018769230769315 and has aged to age group 21to29.
s02907 is 21.002769230769314 and has aged to age group 21to29.
s03242 is 21.000769230769315 and has aged to age group 21to29.
s03770 is 21.002769230769314 and has aged to age group 21to29.
s04690 is 21.015769230769315 and has aged to age group 21to29.
s05733 is 21.005769230769314 and has aged to age group 21to29.
s06928 is 21.003769230769315 and has aged to age group 21to29.
s06949 is 21.009769230769315 and has aged to age group 21to29.
s07287 is 21.006769230769315 and has aged to age group 21to29.
s07711 is 21.006769230769315 and has aged to age group 21to29.
s08307 is 21.011769230769314 and has aged to age group 21to29.
s08338 is 21.001769230769316 and has aged to age group 21to29.
s09095 is 21.009769230769315 and has aged to age group 21to29.
s09103 is 21.011769230769314 and has aged to age group 21to29.
s09849 is 21.012769230769315 and has aged to age group 21to29.
s10927 is 21.017769230769314 and has aged to age group 21to29.
s11093 is 21.014769230769314 and has aged to age group 21to29.

New agents are being added to the simulation...
s13394 is age 16.0 and hispanic and is entering the model
s13395 is age 16.0 and blackNH and is entering the model
s13396 is age 16.0 and blackNH and is entering the model
s13397 is age 16.0 and hispanic and is entering the model
s13398 is age 16.0 and otherNH and is entering the model
s13399 is age 16.0 and hispanic and is entering the model
s13400 is age 16.0 and hispanic and is entering the model
s13401 is age 16.0 and whiteNH and is entering the model
s13402 is age 16.0 and hispanic and is entering the model
s13403 is age 16.0 and hispanic and is entering the model
s13404 is age 16.0 and hispanic and is entering the model
s13405 is age 16.0 and whiteNH and is entering the model
s13406 is age 16.0 and hispanic and is entering the model
s13407 is age 16.0 and blackNH and is entering the model
s13408 is age 16.0 and blackNH and is entering the model
s13409 is age 16.0 and hispanic and is entering the model
s13410 is age 16.0 and blackNH and is entering the model
s13411 is age 16.0 and whiteNH and is entering the model
s13412 is age 16.0 and whiteNH and is entering the model
s13413 is age 16.0 and whiteNH and is entering the model
s13414 is age 16.0 and whiteNH and is entering the model
s13415 is age 16.0 and whiteNH and is entering the model
s13416 is age 16.0 and whiteNH and is entering the model
s13417 is age 16.0 and hispanic and is entering the model
s13418 is age 16.0 and hispanic and is entering the model
s13419 is age 16.0 and blackNH and is entering the model
s13420 is age 16.0 and whiteNH and is entering the model
s13421 is age 16.0 and whiteNH and is entering the model
s13422 is age 16.0 and hispanic and is entering the model
s13423 is age 16.0 and otherNH and is entering the model

Agents are attending venues and using apps for week 104 in simulation...


Epidemic Simulation
----------------------------
Simulation: 1/1
Timestep: 104/3640
Prevalence: 1931
Population Size: 11707
----------------------------
The ages, hiv status, and relationship status for the agents are being updated...
s03923 is blackNH, aged 28.643769230769315 in age group 16to20, with relationship status of 0 and is now HIV+.
s04593 is blackNH, aged 26.649769230769316 in age group 16to20, with relationship status of 1 and is now HIV+.

Agents are being removed from the simulation...
s00436 is aged 29.993769230769317, whiteNH and is leaving the simulation.
s00907 is aged 29.997769230769315, whiteNH and is leaving the simulation.
s01990 is aged 29.992769230769316, whiteNH and is leaving the simulation.
s04332 is aged 22.647769230769317, blackNH and is leaving the simulation.
s04490 is aged 29.980769230769315, blackNH and is leaving the simulation.
s05176 is aged 29.991769230769314, blackNH and is leaving the simulation.
s05432 is aged 29.992769230769316, blackNH and is leaving the simulation.
s06198 is aged 29.991769230769314, blackNH and is leaving the simulation.
s07325 is aged 29.998769230769316, hispanic and is leaving the simulation.
s08030 is aged 29.981769230769316, hispanic and is leaving the simulation.
s08805 is aged 29.997769230769315, hispanic and is leaving the simulation.
s08913 is aged 29.994769230769315, hispanic and is leaving the simulation.
s09275 is aged 29.980769230769315, hispanic and is leaving the simulation.
s09476 is aged 29.988769230769314, hispanic and is leaving the simulation.
s10289 is aged 29.992769230769316, hispanic and is leaving the simulation.
s11486 is aged 29.993769230769317, otherNH and is leaving the simulation.
s11497 is aged 29.981769230769316, otherNH and is leaving the simulation.

Agents who have aged to a new age group are being updated...
s00328 is 21.011000000000084 and has aged to age group 21to29.
s00814 is 21.012000000000086 and has aged to age group 21to29.
s01868 is 21.002000000000084 and has aged to age group 21to29.
s02760 is 21.016000000000084 and has aged to age group 21to29.
s03281 is 21.013000000000087 and has aged to age group 21to29.
s04134 is 21.008000000000084 and has aged to age group 21to29.
s04461 is 21.005000000000084 and has aged to age group 21to29.
s04785 is 21.002000000000084 and has aged to age group 21to29.
s04859 is 21.012000000000086 and has aged to age group 21to29.
s05060 is 21.004000000000087 and has aged to age group 21to29.
s05095 is 21.012000000000086 and has aged to age group 21to29.
s05164 is 21.013000000000087 and has aged to age group 21to29.
s05234 is 21.010000000000087 and has aged to age group 21to29.
s05943 is 21.012000000000086 and has aged to age group 21to29.
s05972 is 21.001000000000086 and has aged to age group 21to29.
s06093 is 21.014000000000085 and has aged to age group 21to29.
s06432 is 21.006000000000085 and has aged to age group 21to29.
s06565 is 21.016000000000084 and has aged to age group 21to29.
s08188 is 21.011000000000084 and has aged to age group 21to29.
s08349 is 21.004000000000087 and has aged to age group 21to29.
s08630 is 21.008000000000084 and has aged to age group 21to29.
s09128 is 21.012000000000086 and has aged to age group 21to29.
s11140 is 21.007000000000087 and has aged to age group 21to29.
s11695 is 21.008000000000084 and has aged to age group 21to29.

New agents are being added to the simulation...
s13424 is age 16.0 and hispanic and is entering the model
s13425 is age 16.0 and hispanic and is entering the model
s13426 is age 16.0 and whiteNH and is entering the model
s13427 is age 16.0 and hispanic and is entering the model
s13428 is age 16.0 and hispanic and is entering the model
s13429 is age 16.0 and otherNH and is entering the model
s13430 is age 16.0 and otherNH and is entering the model
s13431 is age 16.0 and hispanic and is entering the model
s13432 is age 16.0 and hispanic and is entering the model
s13433 is age 16.0 and whiteNH and is entering the model
s13434 is age 16.0 and whiteNH and is entering the model
s13435 is age 16.0 and whiteNH and is entering the model
s13436 is age 16.0 and whiteNH and is entering the model
s13437 is age 16.0 and whiteNH and is entering the model
s13438 is age 16.0 and otherNH and is entering the model
s13439 is age 16.0 and blackNH and is entering the model
s13440 is age 16.0 and hispanic and is entering the model
s13441 is age 16.0 and hispanic and is entering the model
s13442 is age 16.0 and blackNH and is entering the model
s13443 is age 16.0 and whiteNH and is entering the model
s13444 is age 16.0 and otherNH and is entering the model

Agents are attending venues and using apps for week 105 in simulation...


Epidemic Simulation
----------------------------
Simulation: 1/1
Timestep: 105/3640
Prevalence: 1935
Population Size: 11711
----------------------------
The ages, hiv status, and relationship status for the agents are being updated...
s02265 is whiteNH, aged 24.338000000000086 in age group 21to29, with relationship status of 0 and is now HIV+.
s04284 is blackNH, aged 20.845000000000084 in age group 16to20, with relationship status of 1 and is now HIV+.
s04666 is blackNH, aged 23.995000000000086 in age group 16to20, with relationship status of 0 and is now HIV+.
s04730 is blackNH, aged 24.313000000000084 in age group 16to20, with relationship status of 1 and is now HIV+.
s06039 is blackNH, aged 29.242000000000086 in age group 21to29, with relationship status of 0 and is now HIV+.
s11067 is otherNH, aged 29.447000000000084 in age group 21to29, with relationship status of 0 and is now HIV+.
s12806 is blackNH, aged 16.711538461538492 in age group 16to20, with relationship status of 1 and is now HIV+.

Agents are being removed from the simulation...
s01164 is aged 29.987000000000084, whiteNH and is leaving the simulation.
s01468 is aged 29.981000000000087, whiteNH and is leaving the simulation.
s01530 is aged 29.985000000000085, whiteNH and is leaving the simulation.
s02625 is aged 29.997000000000085, whiteNH and is leaving the simulation.
s03184 is aged 29.985000000000085, whiteNH and is leaving the simulation.
s03191 is aged 29.985000000000085, whiteNH and is leaving the simulation.
s03287 is aged 29.999000000000084, whiteNH and is leaving the simulation.
s03336 is aged 29.989000000000086, whiteNH and is leaving the simulation.
s03592 is aged 29.982000000000085, whiteNH and is leaving the simulation.
s04109 is aged 29.993000000000084, blackNH and is leaving the simulation.
s05040 is aged 29.985000000000085, blackNH and is leaving the simulation.
s06446 is aged 29.981000000000087, blackNH and is leaving the simulation.
s06555 is aged 29.983000000000086, blackNH and is leaving the simulation.
s06633 is aged 29.998000000000086, blackNH and is leaving the simulation.
s06846 is aged 29.988000000000085, hispanic and is leaving the simulation.
s07152 is aged 29.981000000000087, hispanic and is leaving the simulation.
s08292 is aged 29.992000000000086, hispanic and is leaving the simulation.
s10589 is aged 29.987000000000084, otherNH and is leaving the simulation.
s11689 is aged 29.996000000000084, otherNH and is leaving the simulation.

Agents who have aged to a new age group are being updated...
s00264 is 21.017230769230856 and has aged to age group 21to29.
s00456 is 21.013230769230855 and has aged to age group 21to29.
s01026 is 21.005230769230856 and has aged to age group 21to29.
s02091 is 21.005230769230856 and has aged to age group 21to29.
s03051 is 21.004230769230855 and has aged to age group 21to29.
s03124 is 21.009230769230854 and has aged to age group 21to29.
s03471 is 21.007230769230855 and has aged to age group 21to29.
s03883 is 21.018230769230854 and has aged to age group 21to29.
s04983 is 21.013230769230855 and has aged to age group 21to29.
s05135 is 21.014230769230856 and has aged to age group 21to29.
s05968 is 21.009230769230854 and has aged to age group 21to29.
s06152 is 21.000230769230857 and has aged to age group 21to29.
s06213 is 21.007230769230855 and has aged to age group 21to29.
s06217 is 21.005230769230856 and has aged to age group 21to29.
s06380 is 21.010230769230855 and has aged to age group 21to29.
s06481 is 21.013230769230855 and has aged to age group 21to29.
s06927 is 21.001230769230855 and has aged to age group 21to29.
s09502 is 21.015230769230854 and has aged to age group 21to29.
s10893 is 21.011230769230856 and has aged to age group 21to29.

New agents are being added to the simulation...
s13445 is age 16.0 and blackNH and is entering the model
s13446 is age 16.0 and hispanic and is entering the model
s13447 is age 16.0 and blackNH and is entering the model
s13448 is age 16.0 and whiteNH and is entering the model
s13449 is age 16.0 and whiteNH and is entering the model
s13450 is age 16.0 and blackNH and is entering the model
s13451 is age 16.0 and blackNH and is entering the model
s13452 is age 16.0 and blackNH and is entering the model
s13453 is age 16.0 and whiteNH and is entering the model
s13454 is age 16.0 and whiteNH and is entering the model
s13455 is age 16.0 and whiteNH and is entering the model
s13456 is age 16.0 and hispanic and is entering the model
s13457 is age 16.0 and blackNH and is entering the model
s13458 is age 16.0 and whiteNH and is entering the model
s13459 is age 16.0 and hispanic and is entering the model
s13460 is age 16.0 and whiteNH and is entering the model
s13461 is age 16.0 and blackNH and is entering the model
s13462 is age 16.0 and blackNH and is entering the model
s13463 is age 16.0 and whiteNH and is entering the model
s13464 is age 16.0 and whiteNH and is entering the model
s13465 is age 16.0 and hispanic and is entering the model

Agents are attending venues and using apps for week 106 in simulation...


Epidemic Simulation
----------------------------
Simulation: 1/1
Timestep: 106/3640
Prevalence: 1934
Population Size: 11713
----------------------------
The ages, hiv status, and relationship status for the agents are being updated...
s07334 is hispanic, aged 27.844230769230855 in age group 16to20, with relationship status of 1 and is now HIV+.
s10926 is otherNH, aged 18.881230769230854 in age group 21to29, with relationship status of 1 and is now HIV+.

Agents are being removed from the simulation...
s02693 is aged 29.981230769230855, whiteNH and is leaving the simulation.
s03259 is aged 29.982230769230856, whiteNH and is leaving the simulation.
s04630 is aged 23.718230769230857, blackNH and is leaving the simulation.
s07119 is aged 29.996230769230856, hispanic and is leaving the simulation.
s08222 is aged 29.992230769230854, hispanic and is leaving the simulation.
s08737 is aged 29.988230769230857, hispanic and is leaving the simulation.
s09186 is aged 29.982230769230856, hispanic and is leaving the simulation.
s09287 is aged 29.996230769230856, hispanic and is leaving the simulation.
s09922 is aged 29.996230769230856, hispanic and is leaving the simulation.
s10667 is aged 29.996230769230856, otherNH and is leaving the simulation.
s11260 is aged 29.993230769230856, otherNH and is leaving the simulation.

Agents who have aged to a new age group are being updated...
s00394 is 21.008461538461624 and has aged to age group 21to29.
s00453 is 21.002461538461624 and has aged to age group 21to29.
s00893 is 21.017461538461625 and has aged to age group 21to29.
s02178 is 21.016461538461627 and has aged to age group 21to29.
s02965 is 21.003461538461625 and has aged to age group 21to29.
s04597 is 21.015461538461626 and has aged to age group 21to29.
s04943 is 21.012461538461626 and has aged to age group 21to29.
s05405 is 21.006461538461625 and has aged to age group 21to29.
s05874 is 21.013461538461627 and has aged to age group 21to29.
s06946 is 21.011461538461624 and has aged to age group 21to29.
s07467 is 21.018461538461626 and has aged to age group 21to29.
s07955 is 21.012461538461626 and has aged to age group 21to29.
s08133 is 21.004461538461626 and has aged to age group 21to29.
s08784 is 21.012461538461626 and has aged to age group 21to29.
s09408 is 21.010461538461627 and has aged to age group 21to29.
s09750 is 21.018461538461626 and has aged to age group 21to29.
s10065 is 21.018461538461626 and has aged to age group 21to29.
s10652 is 21.010461538461627 and has aged to age group 21to29.
s11425 is 21.008461538461624 and has aged to age group 21to29.
s11500 is 21.016461538461627 and has aged to age group 21to29.

New agents are being added to the simulation...
s13466 is age 16.0 and whiteNH and is entering the model
s13467 is age 16.0 and whiteNH and is entering the model
s13468 is age 16.0 and whiteNH and is entering the model
s13469 is age 16.0 and whiteNH and is entering the model
s13470 is age 16.0 and whiteNH and is entering the model
s13471 is age 16.0 and blackNH and is entering the model
s13472 is age 16.0 and hispanic and is entering the model
s13473 is age 16.0 and whiteNH and is entering the model
s13474 is age 16.0 and hispanic and is entering the model
s13475 is age 16.0 and whiteNH and is entering the model
s13476 is age 16.0 and blackNH and is entering the model
s13477 is age 16.0 and otherNH and is entering the model
s13478 is age 16.0 and blackNH and is entering the model
s13479 is age 16.0 and whiteNH and is entering the model
s13480 is age 16.0 and whiteNH and is entering the model
s13481 is age 16.0 and hispanic and is entering the model
s13482 is age 16.0 and whiteNH and is entering the model
s13483 is age 16.0 and whiteNH and is entering the model
s13484 is age 16.0 and whiteNH and is entering the model
s13485 is age 16.0 and blackNH and is entering the model
s13486 is age 16.0 and hispanic and is entering the model
s13487 is age 16.0 and whiteNH and is entering the model
s13488 is age 16.0 and blackNH and is entering the model

Agents are attending venues and using apps for week 107 in simulation...


Epidemic Simulation
----------------------------
Simulation: 1/1
Timestep: 107/3640
Prevalence: 1935
Population Size: 11725
----------------------------
The ages, hiv status, and relationship status for the agents are being updated...
s07939 is hispanic, aged 25.704461538461626 in age group 16to20, with relationship status of 1 and is now HIV+.
s11831 is blackNH, aged 17.884615384615465 in age group 16to20, with relationship status of 0 and is now HIV+.
s12020 is whiteNH, aged 17.634615384615454 in age group 16to20, with relationship status of 1 and is now HIV+.

Agents are being removed from the simulation...
s00063 is aged 29.995461538461626, whiteNH and is leaving the simulation.
s01372 is aged 29.986461538461626, whiteNH and is leaving the simulation.
s01913 is aged 29.999461538461624, whiteNH and is leaving the simulation.
s01927 is aged 29.993461538461624, whiteNH and is leaving the simulation.
s02807 is aged 29.987461538461627, whiteNH and is leaving the simulation.
s04910 is aged 29.998461538461626, blackNH and is leaving the simulation.
s05772 is aged 29.988461538461625, blackNH and is leaving the simulation.
s05811 is aged 29.996461538461624, blackNH and is leaving the simulation.
s05863 is aged 29.995461538461626, blackNH and is leaving the simulation.
s06215 is aged 29.989461538461626, blackNH and is leaving the simulation.
s07376 is aged 29.989461538461626, hispanic and is leaving the simulation.
s09953 is aged 29.993461538461624, hispanic and is leaving the simulation.
s11335 is aged 29.981461538461627, otherNH and is leaving the simulation.

Agents who have aged to a new age group are being updated...
s03260 is 21.011692307692396 and has aged to age group 21to29.
s03326 is 21.001692307692394 and has aged to age group 21to29.
s03491 is 21.012692307692394 and has aged to age group 21to29.
s05524 is 21.003692307692397 and has aged to age group 21to29.
s05659 is 21.000692307692397 and has aged to age group 21to29.
s06357 is 21.018692307692394 and has aged to age group 21to29.
s07242 is 21.004692307692395 and has aged to age group 21to29.
s08790 is 21.007692307692395 and has aged to age group 21to29.
s09504 is 21.001692307692394 and has aged to age group 21to29.
s10084 is 21.018692307692394 and has aged to age group 21to29.
s10587 is 21.002692307692396 and has aged to age group 21to29.
s10721 is 21.005692307692396 and has aged to age group 21to29.

New agents are being added to the simulation...
s13489 is age 16.0 and blackNH and is entering the model
s13490 is age 16.0 and blackNH and is entering the model
s13491 is age 16.0 and otherNH and is entering the model
s13492 is age 16.0 and blackNH and is entering the model
s13493 is age 16.0 and whiteNH and is entering the model
s13494 is age 16.0 and whiteNH and is entering the model
s13495 is age 16.0 and hispanic and is entering the model
s13496 is age 16.0 and whiteNH and is entering the model
s13497 is age 16.0 and blackNH and is entering the model
s13498 is age 16.0 and whiteNH and is entering the model
s13499 is age 16.0 and otherNH and is entering the model

Agents are attending venues and using apps for week 108 in simulation...


Epidemic Simulation
----------------------------
Simulation: 1/1
Timestep: 108/3640
Prevalence: 1935
Population Size: 11723
----------------------------
The ages, hiv status, and relationship status for the agents are being updated...
s04416 is blackNH, aged 29.905692307692394 in age group 16to20, with relationship status of 1 and is now HIV+.
s04768 is blackNH, aged 18.610692307692396 in age group 16to20, with relationship status of 0 and is now HIV+.
s11853 is blackNH, aged 17.865384615384695 in age group 16to20, with relationship status of 0 and is now HIV+.

Agents are being removed from the simulation...
s00272 is aged 29.987692307692395, whiteNH and is leaving the simulation.
s00625 is aged 29.991692307692396, whiteNH and is leaving the simulation.
s01126 is aged 29.986692307692394, whiteNH and is leaving the simulation.
s01791 is aged 29.998692307692394, whiteNH and is leaving the simulation.
s02496 is aged 29.995692307692394, whiteNH and is leaving the simulation.
s02956 is aged 29.995692307692394, whiteNH and is leaving the simulation.
s03887 is aged 29.995692307692394, blackNH and is leaving the simulation.
s04846 is aged 29.987692307692395, blackNH and is leaving the simulation.
s05346 is aged 29.985692307692396, blackNH and is leaving the simulation.
s05409 is aged 29.990692307692395, blackNH and is leaving the simulation.
s06431 is aged 29.997692307692397, blackNH and is leaving the simulation.
s06873 is aged 29.991692307692396, hispanic and is leaving the simulation.
s07199 is aged 29.998692307692394, hispanic and is leaving the simulation.
s07542 is aged 29.990692307692395, hispanic and is leaving the simulation.
s08751 is aged 29.990692307692395, hispanic and is leaving the simulation.
s10054 is aged 29.993692307692395, hispanic and is leaving the simulation.
s10818 is aged 29.994692307692397, otherNH and is leaving the simulation.

Agents who have aged to a new age group are being updated...
s00251 is 21.007923076923166 and has aged to age group 21to29.
s00397 is 21.011923076923164 and has aged to age group 21to29.
s00510 is 21.003923076923165 and has aged to age group 21to29.
s01925 is 21.006923076923165 and has aged to age group 21to29.
s02363 is 21.009923076923165 and has aged to age group 21to29.
s03567 is 21.007923076923166 and has aged to age group 21to29.
s04503 is 21.013923076923167 and has aged to age group 21to29.
s05838 is 21.017923076923164 and has aged to age group 21to29.
s08169 is 21.004923076923166 and has aged to age group 21to29.
s09952 is 21.008923076923164 and has aged to age group 21to29.
s10245 is 21.003923076923165 and has aged to age group 21to29.
s10638 is 21.009923076923165 and has aged to age group 21to29.

New agents are being added to the simulation...
s13500 is age 16.0 and whiteNH and is entering the model
s13501 is age 16.0 and hispanic and is entering the model
s13502 is age 16.0 and whiteNH and is entering the model
s13503 is age 16.0 and whiteNH and is entering the model
s13504 is age 16.0 and hispanic and is entering the model
s13505 is age 16.0 and hispanic and is entering the model
s13506 is age 16.0 and hispanic and is entering the model
s13507 is age 16.0 and whiteNH and is entering the model
s13508 is age 16.0 and whiteNH and is entering the model
s13509 is age 16.0 and whiteNH and is entering the model
s13510 is age 16.0 and blackNH and is entering the model
s13511 is age 16.0 and hispanic and is entering the model
s13512 is age 16.0 and whiteNH and is entering the model
s13513 is age 16.0 and whiteNH and is entering the model
s13514 is age 16.0 and whiteNH and is entering the model
s13515 is age 16.0 and hispanic and is entering the model
s13516 is age 16.0 and whiteNH and is entering the model
s13517 is age 16.0 and hispanic and is entering the model
s13518 is age 16.0 and hispanic and is entering the model

Agents are attending venues and using apps for week 109 in simulation...


Epidemic Simulation
----------------------------
Simulation: 1/1
Timestep: 109/3640
Prevalence: 1936
Population Size: 11725
----------------------------
The ages, hiv status, and relationship status for the agents are being updated...
s01001 is whiteNH, aged 22.053923076923166 in age group 21to29, with relationship status of 0 and is now HIV+.
s01383 is whiteNH, aged 25.927923076923165 in age group 21to29, with relationship status of 1 and is now HIV+.
s02826 is whiteNH, aged 20.467923076923164 in age group 21to29, with relationship status of 1 and is now HIV+.
s04011 is blackNH, aged 23.909923076923164 in age group 16to20, with relationship status of 1 and is now HIV+.
s04670 is blackNH, aged 24.917923076923167 in age group 16to20, with relationship status of 0 and is now HIV+.
s09432 is hispanic, aged 21.159923076923164 in age group 21to29, with relationship status of 0 and is now HIV+.

Agents are being removed from the simulation...
s00132 is aged 29.984923076923167, whiteNH and is leaving the simulation.
s00589 is aged 29.981923076923167, whiteNH and is leaving the simulation.
s01282 is aged 29.995923076923166, whiteNH and is leaving the simulation.
s01879 is aged 29.997923076923165, whiteNH and is leaving the simulation.
s03629 is aged 29.990923076923167, whiteNH and is leaving the simulation.
s04071 is aged 29.993923076923167, blackNH and is leaving the simulation.
s04349 is aged 29.997923076923165, blackNH and is leaving the simulation.
s04772 is aged 29.996923076923167, blackNH and is leaving the simulation.
s04815 is aged 29.987923076923167, blackNH and is leaving the simulation.
s06193 is aged 29.990923076923167, blackNH and is leaving the simulation.
s06332 is aged 29.995923076923166, blackNH and is leaving the simulation.
s06719 is aged 29.990923076923167, blackNH and is leaving the simulation.
s07448 is aged 29.995923076923166, hispanic and is leaving the simulation.
s07493 is aged 29.999923076923167, hispanic and is leaving the simulation.
s08947 is aged 29.982923076923164, hispanic and is leaving the simulation.
s09706 is aged 29.999923076923167, hispanic and is leaving the simulation.
s10284 is aged 29.992923076923166, hispanic and is leaving the simulation.
s11612 is aged 29.995923076923166, otherNH and is leaving the simulation.

Agents who have aged to a new age group are being updated...
s00224 is 21.001153846153937 and has aged to age group 21to29.
s00367 is 21.004153846153937 and has aged to age group 21to29.
s00704 is 21.007153846153937 and has aged to age group 21to29.
s04952 is 21.002153846153934 and has aged to age group 21to29.
s04970 is 21.013153846153937 and has aged to age group 21to29.
s05026 is 21.005153846153934 and has aged to age group 21to29.
s05552 is 21.000153846153935 and has aged to age group 21to29.
s06373 is 21.015153846153936 and has aged to age group 21to29.
s08326 is 21.000153846153935 and has aged to age group 21to29.
s09527 is 21.019153846153937 and has aged to age group 21to29.
s09998 is 21.016153846153937 and has aged to age group 21to29.

New agents are being added to the simulation...
s13519 is age 16.0 and hispanic and is entering the model
s13520 is age 16.0 and hispanic and is entering the model
s13521 is age 16.0 and hispanic and is entering the model
s13522 is age 16.0 and whiteNH and is entering the model
s13523 is age 16.0 and hispanic and is entering the model
s13524 is age 16.0 and hispanic and is entering the model
s13525 is age 16.0 and whiteNH and is entering the model
s13526 is age 16.0 and whiteNH and is entering the model
s13527 is age 16.0 and blackNH and is entering the model
s13528 is age 16.0 and hispanic and is entering the model
s13529 is age 16.0 and blackNH and is entering the model
s13530 is age 16.0 and whiteNH and is entering the model
s13531 is age 16.0 and blackNH and is entering the model
s13532 is age 16.0 and whiteNH and is entering the model
s13533 is age 16.0 and whiteNH and is entering the model
s13534 is age 16.0 and whiteNH and is entering the model
s13535 is age 16.0 and blackNH and is entering the model
s13536 is age 16.0 and otherNH and is entering the model
s13537 is age 16.0 and whiteNH and is entering the model
s13538 is age 16.0 and whiteNH and is entering the model
s13539 is age 16.0 and whiteNH and is entering the model
s13540 is age 16.0 and blackNH and is entering the model

Agents are attending venues and using apps for week 110 in simulation...


Epidemic Simulation
----------------------------
Simulation: 1/1
Timestep: 110/3640
Prevalence: 1932
Population Size: 11729
----------------------------
The ages, hiv status, and relationship status for the agents are being updated...
s03976 is blackNH, aged 18.581153846153935 in age group 16to20, with relationship status of 0 and is now HIV+.
s07930 is hispanic, aged 18.924153846153935 in age group 16to20, with relationship status of 1 and is now HIV+.
s12194 is blackNH, aged 17.500000000000064 in age group 16to20, with relationship status of 0 and is now HIV+.

Agents are being removed from the simulation...
s01218 is aged 29.987153846153934, whiteNH and is leaving the simulation.
s01304 is aged 29.983153846153936, whiteNH and is leaving the simulation.
s04529 is aged 29.995153846153936, blackNH and is leaving the simulation.
s04573 is aged 29.997153846153935, blackNH and is leaving the simulation.
s04738 is aged 29.996153846153934, blackNH and is leaving the simulation.
s05471 is aged 29.982153846153935, blackNH and is leaving the simulation.
s05828 is aged 29.995153846153936, blackNH and is leaving the simulation.
s06674 is aged 29.996153846153934, blackNH and is leaving the simulation.
s07278 is aged 29.995153846153936, hispanic and is leaving the simulation.
s07422 is aged 19.109153846153937, hispanic and is leaving the simulation.
s07722 is aged 29.990153846153934, hispanic and is leaving the simulation.
s08107 is aged 29.984153846153937, hispanic and is leaving the simulation.
s08437 is aged 29.990153846153934, hispanic and is leaving the simulation.
s09064 is aged 29.981153846153937, hispanic and is leaving the simulation.
s09638 is aged 29.995153846153936, hispanic and is leaving the simulation.
s09658 is aged 29.983153846153936, hispanic and is leaving the simulation.
s10415 is aged 29.999153846153934, otherNH and is leaving the simulation.
s10838 is aged 29.998153846153937, otherNH and is leaving the simulation.

Agents who have aged to a new age group are being updated...
s00361 is 21.012384615384704 and has aged to age group 21to29.
s00892 is 21.018384615384704 and has aged to age group 21to29.
s01092 is 21.006384615384704 and has aged to age group 21to29.
s01455 is 21.006384615384704 and has aged to age group 21to29.
s03898 is 21.001384615384705 and has aged to age group 21to29.
s04755 is 21.013384615384705 and has aged to age group 21to29.
s05278 is 21.009384615384704 and has aged to age group 21to29.
s06055 is 21.013384615384705 and has aged to age group 21to29.
s06260 is 21.010384615384705 and has aged to age group 21to29.
s06756 is 21.009384615384704 and has aged to age group 21to29.
s09979 is 21.006384615384704 and has aged to age group 21to29.
s10510 is 21.003384615384707 and has aged to age group 21to29.
s10526 is 21.014384615384706 and has aged to age group 21to29.

New agents are being added to the simulation...
s13541 is age 16.0 and whiteNH and is entering the model
s13542 is age 16.0 and blackNH and is entering the model
s13543 is age 16.0 and hispanic and is entering the model
s13544 is age 16.0 and otherNH and is entering the model
s13545 is age 16.0 and whiteNH and is entering the model
s13546 is age 16.0 and hispanic and is entering the model
s13547 is age 16.0 and blackNH and is entering the model
s13548 is age 16.0 and blackNH and is entering the model
s13549 is age 16.0 and whiteNH and is entering the model
s13550 is age 16.0 and hispanic and is entering the model
s13551 is age 16.0 and hispanic and is entering the model
s13552 is age 16.0 and hispanic and is entering the model
s13553 is age 16.0 and blackNH and is entering the model
s13554 is age 16.0 and blackNH and is entering the model
s13555 is age 16.0 and whiteNH and is entering the model
s13556 is age 16.0 and whiteNH and is entering the model
s13557 is age 16.0 and otherNH and is entering the model
s13558 is age 16.0 and whiteNH and is entering the model
s13559 is age 16.0 and otherNH and is entering the model
s13560 is age 16.0 and hispanic and is entering the model
s13561 is age 16.0 and whiteNH and is entering the model
s13562 is age 16.0 and blackNH and is entering the model

Agents are attending venues and using apps for week 111 in simulation...


Epidemic Simulation
----------------------------
Simulation: 1/1
Timestep: 111/3640
Prevalence: 1938
Population Size: 11733
----------------------------
The ages, hiv status, and relationship status for the agents are being updated...
s02768 is whiteNH, aged 29.350384615384705 in age group 21to29, with relationship status of 0 and is now HIV+.
s03904 is blackNH, aged 22.774384615384704 in age group 21to29, with relationship status of 0 and is now HIV+.
s05629 is blackNH, aged 28.329384615384704 in age group 21to29, with relationship status of 1 and is now HIV+.
s06409 is blackNH, aged 24.330384615384705 in age group 21to29, with relationship status of 1 and is now HIV+.
s06581 is blackNH, aged 21.989384615384704 in age group 21to29, with relationship status of 1 and is now HIV+.
s06612 is blackNH, aged 22.091384615384705 in age group 21to29, with relationship status of 0 and is now HIV+.
s09762 is hispanic, aged 26.885384615384705 in age group 21to29, with relationship status of 0 and is now HIV+.
s10174 is hispanic, aged 18.591384615384705 in age group 21to29, with relationship status of 1 and is now HIV+.
s10918 is otherNH, aged 28.857384615384706 in age group 21to29, with relationship status of 1 and is now HIV+.
s12480 is whiteNH, aged 17.192307692307743 in age group 16to20, with relationship status of 1 and is now HIV+.

Agents are being removed from the simulation...
s00071 is aged 29.990384615384706, whiteNH and is leaving the simulation.
s00470 is aged 29.982384615384706, whiteNH and is leaving the simulation.
s00672 is aged 29.985384615384707, whiteNH and is leaving the simulation.
s01385 is aged 29.981384615384705, whiteNH and is leaving the simulation.
s01483 is aged 29.992384615384704, whiteNH and is leaving the simulation.
s01849 is aged 29.990384615384706, whiteNH and is leaving the simulation.
s02713 is aged 29.985384615384707, whiteNH and is leaving the simulation.
s02748 is aged 29.997384615384707, whiteNH and is leaving the simulation.
s05857 is aged 29.994384615384707, blackNH and is leaving the simulation.
s06399 is aged 19.284384615384706, blackNH and is leaving the simulation.
s06705 is aged 28.367384615384704, blackNH and is leaving the simulation.
s07411 is aged 29.990384615384706, hispanic and is leaving the simulation.
s08472 is aged 29.985384615384707, hispanic and is leaving the simulation.
s08906 is aged 29.995384615384705, hispanic and is leaving the simulation.
s09733 is aged 29.997384615384707, hispanic and is leaving the simulation.
s10508 is aged 29.999384615384706, otherNH and is leaving the simulation.

Agents who have aged to a new age group are being updated...
s00208 is 21.012615384615476 and has aged to age group 21to29.
s00287 is 21.012615384615476 and has aged to age group 21to29.
s01929 is 21.013615384615477 and has aged to age group 21to29.
s03255 is 21.002615384615474 and has aged to age group 21to29.
s05652 is 21.009615384615476 and has aged to age group 21to29.
s06385 is 21.005615384615474 and has aged to age group 21to29.
s07454 is 21.004615384615477 and has aged to age group 21to29.
s07838 is 21.003615384615475 and has aged to age group 21to29.
s08130 is 21.012615384615476 and has aged to age group 21to29.
s08359 is 21.015615384615476 and has aged to age group 21to29.
s08439 is 21.018615384615476 and has aged to age group 21to29.
s09377 is 21.005615384615474 and has aged to age group 21to29.
s10288 is 21.017615384615475 and has aged to age group 21to29.
s11623 is 21.015615384615476 and has aged to age group 21to29.

New agents are being added to the simulation...
s13563 is age 16.0 and whiteNH and is entering the model
s13564 is age 16.0 and blackNH and is entering the model
s13565 is age 16.0 and hispanic and is entering the model
s13566 is age 16.0 and hispanic and is entering the model
s13567 is age 16.0 and whiteNH and is entering the model
s13568 is age 16.0 and whiteNH and is entering the model
s13569 is age 16.0 and blackNH and is entering the model
s13570 is age 16.0 and hispanic and is entering the model
s13571 is age 16.0 and whiteNH and is entering the model
s13572 is age 16.0 and hispanic and is entering the model
s13573 is age 16.0 and hispanic and is entering the model
s13574 is age 16.0 and otherNH and is entering the model
s13575 is age 16.0 and blackNH and is entering the model
s13576 is age 16.0 and blackNH and is entering the model
s13577 is age 16.0 and hispanic and is entering the model
s13578 is age 16.0 and otherNH and is entering the model

Agents are attending venues and using apps for week 112 in simulation...


Epidemic Simulation
----------------------------
Simulation: 1/1
Timestep: 112/3640
Prevalence: 1940
Population Size: 11733
----------------------------
The ages, hiv status, and relationship status for the agents are being updated...
s02290 is whiteNH, aged 23.203615384615475 in age group 21to29, with relationship status of 0 and is now HIV+.
s04582 is blackNH, aged 27.167615384615477 in age group 16to20, with relationship status of 1 and is now HIV+.
s10848 is otherNH, aged 22.004615384615477 in age group 21to29, with relationship status of 1 and is now HIV+.

Agents are being removed from the simulation...
s00257 is aged 29.984615384615477, whiteNH and is leaving the simulation.
s00369 is aged 29.986615384615476, whiteNH and is leaving the simulation.
s00833 is aged 29.999615384615474, whiteNH and is leaving the simulation.
s01140 is aged 29.986615384615476, whiteNH and is leaving the simulation.
s01291 is aged 29.993615384615477, whiteNH and is leaving the simulation.
s02918 is aged 29.990615384615477, whiteNH and is leaving the simulation.
s03980 is aged 29.989615384615476, blackNH and is leaving the simulation.
s04357 is aged 29.990615384615477, blackNH and is leaving the simulation.
s04416 is aged 29.982615384615475, blackNH and is leaving the simulation.
s06032 is aged 29.996615384615474, blackNH and is leaving the simulation.
s06522 is aged 29.993615384615477, blackNH and is leaving the simulation.
s06664 is aged 29.996615384615474, blackNH and is leaving the simulation.
s06829 is aged 29.995615384615476, hispanic and is leaving the simulation.
s07697 is aged 29.991615384615475, hispanic and is leaving the simulation.
s08141 is aged 29.982615384615475, hispanic and is leaving the simulation.
s10748 is aged 29.991615384615475, otherNH and is leaving the simulation.
s10992 is aged 29.993615384615477, otherNH and is leaving the simulation.
s11283 is aged 29.997615384615475, otherNH and is leaving the simulation.
s11504 is aged 29.997615384615475, otherNH and is leaving the simulation.

Agents who have aged to a new age group are being updated...
s01198 is 21.007846153846245 and has aged to age group 21to29.
s01381 is 21.006846153846247 and has aged to age group 21to29.
s02090 is 21.008846153846246 and has aged to age group 21to29.
s02113 is 21.014846153846246 and has aged to age group 21to29.
s06557 is 21.001846153846245 and has aged to age group 21to29.
s06997 is 21.013846153846245 and has aged to age group 21to29.
s07034 is 21.015846153846244 and has aged to age group 21to29.
s07505 is 21.013846153846245 and has aged to age group 21to29.
s07900 is 21.017846153846246 and has aged to age group 21to29.
s08309 is 21.017846153846246 and has aged to age group 21to29.
s08466 is 21.000846153846247 and has aged to age group 21to29.
s08586 is 21.004846153846245 and has aged to age group 21to29.
s08963 is 21.009846153846247 and has aged to age group 21to29.
s09661 is 21.010846153846245 and has aged to age group 21to29.
s09667 is 21.000846153846247 and has aged to age group 21to29.
s09984 is 21.006846153846247 and has aged to age group 21to29.
s10620 is 21.007846153846245 and has aged to age group 21to29.
s11312 is 21.018846153846244 and has aged to age group 21to29.
s11470 is 21.008846153846246 and has aged to age group 21to29.

New agents are being added to the simulation...
s13579 is age 16.0 and whiteNH and is entering the model
s13580 is age 16.0 and blackNH and is entering the model
s13581 is age 16.0 and blackNH and is entering the model
s13582 is age 16.0 and whiteNH and is entering the model
s13583 is age 16.0 and whiteNH and is entering the model
s13584 is age 16.0 and blackNH and is entering the model
s13585 is age 16.0 and hispanic and is entering the model
s13586 is age 16.0 and hispanic and is entering the model
s13587 is age 16.0 and otherNH and is entering the model
s13588 is age 16.0 and whiteNH and is entering the model
s13589 is age 16.0 and whiteNH and is entering the model
s13590 is age 16.0 and otherNH and is entering the model
s13591 is age 16.0 and hispanic and is entering the model
s13592 is age 16.0 and blackNH and is entering the model
s13593 is age 16.0 and whiteNH and is entering the model
s13594 is age 16.0 and hispanic and is entering the model

Agents are attending venues and using apps for week 113 in simulation...


Epidemic Simulation
----------------------------
Simulation: 1/1
Timestep: 113/3640
Prevalence: 1947
Population Size: 11730
----------------------------
The ages, hiv status, and relationship status for the agents are being updated...
s05127 is blackNH, aged 19.231846153846245 in age group 21to29, with relationship status of 1 and is now HIV+.
s05429 is blackNH, aged 18.171846153846246 in age group 21to29, with relationship status of 1 and is now HIV+.
s06533 is blackNH, aged 22.891846153846245 in age group 21to29, with relationship status of 0 and is now HIV+.
s06641 is blackNH, aged 18.310846153846246 in age group 21to29, with relationship status of 0 and is now HIV+.
s07028 is hispanic, aged 21.204846153846244 in age group 21to29, with relationship status of 1 and is now HIV+.
s08996 is hispanic, aged 27.835846153846244 in age group 21to29, with relationship status of 0 and is now HIV+.
s09258 is hispanic, aged 27.607846153846246 in age group 21to29, with relationship status of 1 and is now HIV+.
s11309 is otherNH, aged 19.138846153846245 in age group 21to29, with relationship status of 0 and is now HIV+.

Agents are being removed from the simulation...
s00943 is aged 29.982846153846246, whiteNH and is leaving the simulation.
s01348 is aged 29.999846153846246, whiteNH and is leaving the simulation.
s01387 is aged 29.981846153846245, whiteNH and is leaving the simulation.
s01789 is aged 29.980846153846244, whiteNH and is leaving the simulation.
s03744 is aged 29.983846153846244, whiteNH and is leaving the simulation.
s03799 is aged 29.997846153846247, whiteNH and is leaving the simulation.
s03916 is aged 29.995846153846244, blackNH and is leaving the simulation.
s03958 is aged 29.983846153846244, blackNH and is leaving the simulation.
s04491 is aged 29.991846153846247, blackNH and is leaving the simulation.
s05316 is aged 29.982846153846246, blackNH and is leaving the simulation.
s05335 is aged 29.980846153846244, blackNH and is leaving the simulation.
s06243 is aged 29.993846153846246, blackNH and is leaving the simulation.
s06579 is aged 29.987846153846245, blackNH and is leaving the simulation.
s08092 is aged 29.984846153846245, hispanic and is leaving the simulation.
s08368 is aged 29.980846153846244, hispanic and is leaving the simulation.
s08428 is aged 29.990846153846245, hispanic and is leaving the simulation.
s08647 is aged 29.981846153846245, hispanic and is leaving the simulation.
s09416 is aged 29.995846153846244, hispanic and is leaving the simulation.
s10105 is aged 29.985846153846246, hispanic and is leaving the simulation.
s10833 is aged 29.980846153846244, otherNH and is leaving the simulation.
s11670 is aged 29.986846153846244, otherNH and is leaving the simulation.

Agents who have aged to a new age group are being updated...
s00657 is 21.016076923077016 and has aged to age group 21to29.
s00953 is 21.019076923077016 and has aged to age group 21to29.
s01209 is 21.004076923077015 and has aged to age group 21to29.
s01528 is 21.005076923077016 and has aged to age group 21to29.
s02487 is 21.012076923077014 and has aged to age group 21to29.
s03067 is 21.007076923077015 and has aged to age group 21to29.
s04111 is 21.017076923077017 and has aged to age group 21to29.
s04284 is 21.018076923077015 and has aged to age group 21to29.
s04285 is 21.018076923077015 and has aged to age group 21to29.
s06022 is 21.004076923077015 and has aged to age group 21to29.
s06785 is 21.003076923077014 and has aged to age group 21to29.
s09350 is 21.004076923077015 and has aged to age group 21to29.
s10523 is 21.002076923077016 and has aged to age group 21to29.
s10658 is 21.012076923077014 and has aged to age group 21to29.
s11230 is 21.004076923077015 and has aged to age group 21to29.

New agents are being added to the simulation...
s13595 is age 16.0 and blackNH and is entering the model
s13596 is age 16.0 and otherNH and is entering the model
s13597 is age 16.0 and whiteNH and is entering the model
s13598 is age 16.0 and whiteNH and is entering the model
s13599 is age 16.0 and whiteNH and is entering the model
s13600 is age 16.0 and whiteNH and is entering the model
s13601 is age 16.0 and blackNH and is entering the model
s13602 is age 16.0 and otherNH and is entering the model
s13603 is age 16.0 and blackNH and is entering the model
s13604 is age 16.0 and whiteNH and is entering the model
s13605 is age 16.0 and hispanic and is entering the model
s13606 is age 16.0 and hispanic and is entering the model
s13607 is age 16.0 and blackNH and is entering the model
s13608 is age 16.0 and blackNH and is entering the model

Agents are attending venues and using apps for week 114 in simulation...


Epidemic Simulation
----------------------------
Simulation: 1/1
Timestep: 114/3640
Prevalence: 1948
Population Size: 11723
----------------------------
The ages, hiv status, and relationship status for the agents are being updated...
s00419 is whiteNH, aged 26.535076923077014 in age group 16to20, with relationship status of 1 and is now HIV+.
s00439 is whiteNH, aged 21.544076923077014 in age group 21to29, with relationship status of 0 and is now HIV+.
s09489 is hispanic, aged 25.383076923077017 in age group 21to29, with relationship status of 1 and is now HIV+.
s13317 is hispanic, aged 16.30769230769232 in age group 16to20, with relationship status of 0 and is now HIV+.

Agents are being removed from the simulation...
s00452 is aged 29.996076923077016, whiteNH and is leaving the simulation.
s03019 is aged 29.982076923077017, whiteNH and is leaving the simulation.
s03044 is aged 29.989076923077015, whiteNH and is leaving the simulation.
s04309 is aged 24.603076923077015, blackNH and is leaving the simulation.
s04712 is aged 29.988076923077017, blackNH and is leaving the simulation.
s06691 is aged 29.991076923077017, blackNH and is leaving the simulation.
s09714 is aged 29.991076923077017, hispanic and is leaving the simulation.
s10735 is aged 29.994076923077017, otherNH and is leaving the simulation.

Agents who have aged to a new age group are being updated...
s00018 is 21.016307692307787 and has aged to age group 21to29.
s00944 is 21.003307692307786 and has aged to age group 21to29.
s01419 is 21.014307692307785 and has aged to age group 21to29.
s04485 is 21.018307692307786 and has aged to age group 21to29.
s05216 is 21.017307692307785 and has aged to age group 21to29.
s06302 is 21.006307692307786 and has aged to age group 21to29.
s08104 is 21.003307692307786 and has aged to age group 21to29.
s09131 is 21.014307692307785 and has aged to age group 21to29.
s09326 is 21.003307692307786 and has aged to age group 21to29.
s09793 is 21.010307692307787 and has aged to age group 21to29.
s10172 is 21.009307692307786 and has aged to age group 21to29.
s11310 is 21.018307692307786 and has aged to age group 21to29.

New agents are being added to the simulation...
s13609 is age 16.0 and otherNH and is entering the model
s13610 is age 16.0 and blackNH and is entering the model
s13611 is age 16.0 and whiteNH and is entering the model
s13612 is age 16.0 and blackNH and is entering the model
s13613 is age 16.0 and blackNH and is entering the model
s13614 is age 16.0 and blackNH and is entering the model
s13615 is age 16.0 and hispanic and is entering the model
s13616 is age 16.0 and whiteNH and is entering the model
s13617 is age 16.0 and blackNH and is entering the model
s13618 is age 16.0 and hispanic and is entering the model
s13619 is age 16.0 and blackNH and is entering the model
s13620 is age 16.0 and blackNH and is entering the model

Agents are attending venues and using apps for week 115 in simulation...


Epidemic Simulation
----------------------------
Simulation: 1/1
Timestep: 115/3640
Prevalence: 1946
Population Size: 11727
----------------------------
The ages, hiv status, and relationship status for the agents are being updated...
s05055 is blackNH, aged 25.439307692307786 in age group 21to29, with relationship status of 1 and is now HIV+.

Agents are being removed from the simulation...
s01132 is aged 29.999307692307784, whiteNH and is leaving the simulation.
s02017 is aged 29.994307692307785, whiteNH and is leaving the simulation.
s02941 is aged 29.986307692307786, whiteNH and is leaving the simulation.
s05059 is aged 29.993307692307784, blackNH and is leaving the simulation.
s05072 is aged 29.991307692307785, blackNH and is leaving the simulation.
s06436 is aged 29.998307692307787, blackNH and is leaving the simulation.
s06460 is aged 29.984307692307787, blackNH and is leaving the simulation.
s07171 is aged 29.992307692307786, hispanic and is leaving the simulation.
s07937 is aged 29.991307692307785, hispanic and is leaving the simulation.
s07944 is aged 29.988307692307785, hispanic and is leaving the simulation.
s09536 is aged 29.988307692307785, hispanic and is leaving the simulation.
s09584 is aged 29.999307692307784, hispanic and is leaving the simulation.
s10277 is aged 29.988307692307785, hispanic and is leaving the simulation.
s10384 is aged 29.998307692307787, hispanic and is leaving the simulation.
s10871 is aged 29.996307692307784, otherNH and is leaving the simulation.
s10990 is aged 29.987307692307787, otherNH and is leaving the simulation.
s11394 is aged 29.991307692307785, otherNH and is leaving the simulation.
s11460 is aged 29.985307692307785, otherNH and is leaving the simulation.

Agents who have aged to a new age group are being updated...
s00184 is 21.009538461538558 and has aged to age group 21to29.
s01527 is 21.008538461538556 and has aged to age group 21to29.
s01852 is 21.003538461538557 and has aged to age group 21to29.
s02801 is 21.003538461538557 and has aged to age group 21to29.
s03723 is 21.012538461538554 and has aged to age group 21to29.
s05461 is 21.017538461538557 and has aged to age group 21to29.
s05526 is 21.014538461538557 and has aged to age group 21to29.
s07022 is 21.003538461538557 and has aged to age group 21to29.
s08987 is 21.015538461538554 and has aged to age group 21to29.
s09352 is 21.014538461538557 and has aged to age group 21to29.
s09356 is 21.015538461538554 and has aged to age group 21to29.
s11008 is 21.013538461538555 and has aged to age group 21to29.
s11509 is 21.008538461538556 and has aged to age group 21to29.

New agents are being added to the simulation...
s13621 is age 16.0 and hispanic and is entering the model
s13622 is age 16.0 and whiteNH and is entering the model
s13623 is age 16.0 and hispanic and is entering the model
s13624 is age 16.0 and hispanic and is entering the model
s13625 is age 16.0 and whiteNH and is entering the model
s13626 is age 16.0 and hispanic and is entering the model
s13627 is age 16.0 and otherNH and is entering the model
s13628 is age 16.0 and whiteNH and is entering the model
s13629 is age 16.0 and whiteNH and is entering the model
s13630 is age 16.0 and hispanic and is entering the model
s13631 is age 16.0 and hispanic and is entering the model
s13632 is age 16.0 and blackNH and is entering the model
s13633 is age 16.0 and whiteNH and is entering the model
s13634 is age 16.0 and hispanic and is entering the model
s13635 is age 16.0 and hispanic and is entering the model
s13636 is age 16.0 and hispanic and is entering the model
s13637 is age 16.0 and whiteNH and is entering the model
s13638 is age 16.0 and whiteNH and is entering the model
s13639 is age 16.0 and hispanic and is entering the model

Agents are attending venues and using apps for week 116 in simulation...


Epidemic Simulation
----------------------------
Simulation: 1/1
Timestep: 116/3640
Prevalence: 1948
Population Size: 11728
----------------------------
The ages, hiv status, and relationship status for the agents are being updated...
s03181 is whiteNH, aged 21.443538461538555 in age group 21to29, with relationship status of 1 and is now HIV+.
s06159 is blackNH, aged 18.802538461538557 in age group 21to29, with relationship status of 0 and is now HIV+.
s09173 is hispanic, aged 26.049538461538557 in age group 21to29, with relationship status of 1 and is now HIV+.
s12037 is blackNH, aged 17.769230769230845 in age group 16to20, with relationship status of 0 and is now HIV+.
s12121 is hispanic, aged 17.692307692307764 in age group 16to20, with relationship status of 1 and is now HIV+.
s13329 is blackNH, aged 16.34615384615386 in age group 16to20, with relationship status of 0 and is now HIV+.

Agents are being removed from the simulation...
s00860 is aged 29.992538461538555, whiteNH and is leaving the simulation.
s00945 is aged 29.987538461538556, whiteNH and is leaving the simulation.
s01072 is aged 29.987538461538556, whiteNH and is leaving the simulation.
s01161 is aged 29.998538461538555, whiteNH and is leaving the simulation.
s01511 is aged 29.981538461538555, whiteNH and is leaving the simulation.
s01766 is aged 29.998538461538555, whiteNH and is leaving the simulation.
s01777 is aged 29.994538461538557, whiteNH and is leaving the simulation.
s02297 is aged 29.999538461538556, whiteNH and is leaving the simulation.
s02839 is aged 29.984538461538556, whiteNH and is leaving the simulation.
s04009 is aged 29.986538461538554, blackNH and is leaving the simulation.
s05898 is aged 29.985538461538557, blackNH and is leaving the simulation.
s06202 is aged 29.993538461538556, blackNH and is leaving the simulation.
s07264 is aged 29.985538461538557, hispanic and is leaving the simulation.
s07397 is aged 29.989538461538555, hispanic and is leaving the simulation.
s09244 is aged 29.991538461538557, hispanic and is leaving the simulation.
s10777 is aged 29.999538461538556, otherNH and is leaving the simulation.
s10994 is aged 29.997538461538557, otherNH and is leaving the simulation.
s11231 is aged 29.981538461538555, otherNH and is leaving the simulation.
s11264 is aged 29.981538461538555, otherNH and is leaving the simulation.

Agents who have aged to a new age group are being updated...
s00165 is 21.018769230769326 and has aged to age group 21to29.
s02306 is 21.009769230769326 and has aged to age group 21to29.
s03515 is 21.006769230769326 and has aged to age group 21to29.
s05564 is 21.016769230769327 and has aged to age group 21to29.
s05845 is 21.017769230769325 and has aged to age group 21to29.
s06408 is 21.001769230769327 and has aged to age group 21to29.
s07706 is 21.001769230769327 and has aged to age group 21to29.
s09508 is 21.012769230769326 and has aged to age group 21to29.
s09885 is 21.011769230769325 and has aged to age group 21to29.
s10150 is 21.009769230769326 and has aged to age group 21to29.
s11233 is 21.010769230769327 and has aged to age group 21to29.

New agents are being added to the simulation...
s13640 is age 16.0 and hispanic and is entering the model
s13641 is age 16.0 and whiteNH and is entering the model
s13642 is age 16.0 and otherNH and is entering the model
s13643 is age 16.0 and otherNH and is entering the model
s13644 is age 16.0 and blackNH and is entering the model
s13645 is age 16.0 and blackNH and is entering the model
s13646 is age 16.0 and hispanic and is entering the model
s13647 is age 16.0 and whiteNH and is entering the model
s13648 is age 16.0 and hispanic and is entering the model
s13649 is age 16.0 and whiteNH and is entering the model
s13650 is age 16.0 and hispanic and is entering the model
s13651 is age 16.0 and hispanic and is entering the model
s13652 is age 16.0 and whiteNH and is entering the model
s13653 is age 16.0 and hispanic and is entering the model
s13654 is age 16.0 and blackNH and is entering the model
s13655 is age 16.0 and blackNH and is entering the model
s13656 is age 16.0 and blackNH and is entering the model
s13657 is age 16.0 and otherNH and is entering the model
s13658 is age 16.0 and hispanic and is entering the model
s13659 is age 16.0 and hispanic and is entering the model

Agents are attending venues and using apps for week 117 in simulation...


Epidemic Simulation
----------------------------
Simulation: 1/1
Timestep: 117/3640
Prevalence: 1952
Population Size: 11729
----------------------------
The ages, hiv status, and relationship status for the agents are being updated...
s02973 is whiteNH, aged 20.023769230769325 in age group 21to29, with relationship status of 1 and is now HIV+.
s03615 is whiteNH, aged 23.904769230769325 in age group 21to29, with relationship status of 0 and is now HIV+.
s08641 is hispanic, aged 27.233769230769326 in age group 21to29, with relationship status of 1 and is now HIV+.
s12038 is blackNH, aged 17.788461538461615 in age group 16to20, with relationship status of 0 and is now HIV+.
s12357 is hispanic, aged 17.442307692307754 in age group 16to20, with relationship status of 0 and is now HIV+.

Agents are being removed from the simulation...
s00985 is aged 29.992769230769326, whiteNH and is leaving the simulation.
s01872 is aged 29.989769230769326, whiteNH and is leaving the simulation.
s02509 is aged 29.988769230769325, whiteNH and is leaving the simulation.
s03219 is aged 29.999769230769324, whiteNH and is leaving the simulation.
s03655 is aged 29.987769230769327, whiteNH and is leaving the simulation.
s04962 is aged 29.985769230769325, blackNH and is leaving the simulation.
s05117 is aged 29.986769230769326, blackNH and is leaving the simulation.
s05723 is aged 29.988769230769325, blackNH and is leaving the simulation.
s05871 is aged 29.983769230769326, blackNH and is leaving the simulation.
s05996 is aged 29.986769230769326, blackNH and is leaving the simulation.
s06575 is aged 29.989769230769326, blackNH and is leaving the simulation.
s06659 is aged 29.993769230769328, blackNH and is leaving the simulation.
s07559 is aged 29.992769230769326, hispanic and is leaving the simulation.
s09561 is aged 29.992769230769326, hispanic and is leaving the simulation.
s11152 is aged 29.989769230769326, otherNH and is leaving the simulation.
s11193 is aged 29.985769230769325, otherNH and is leaving the simulation.

Agents who have aged to a new age group are being updated...
s00015 is 21.014000000000095 and has aged to age group 21to29.
s00522 is 21.011000000000095 and has aged to age group 21to29.
s01353 is 21.012000000000096 and has aged to age group 21to29.
s02621 is 21.002000000000095 and has aged to age group 21to29.
s02642 is 21.007000000000097 and has aged to age group 21to29.
s02833 is 21.017000000000095 and has aged to age group 21to29.
s02948 is 21.001000000000097 and has aged to age group 21to29.
s06497 is 21.013000000000098 and has aged to age group 21to29.
s06502 is 21.016000000000094 and has aged to age group 21to29.
s07308 is 21.008000000000095 and has aged to age group 21to29.
s08518 is 21.003000000000096 and has aged to age group 21to29.
s08612 is 21.000000000000096 and has aged to age group 21to29.
s10055 is 21.005000000000095 and has aged to age group 21to29.
s10404 is 21.000000000000096 and has aged to age group 21to29.
s10550 is 21.007000000000097 and has aged to age group 21to29.
s11430 is 21.019000000000094 and has aged to age group 21to29.
s11539 is 21.017000000000095 and has aged to age group 21to29.

New agents are being added to the simulation...
s13660 is age 16.0 and hispanic and is entering the model
s13661 is age 16.0 and hispanic and is entering the model
s13662 is age 16.0 and hispanic and is entering the model
s13663 is age 16.0 and whiteNH and is entering the model
s13664 is age 16.0 and whiteNH and is entering the model
s13665 is age 16.0 and hispanic and is entering the model
s13666 is age 16.0 and whiteNH and is entering the model
s13667 is age 16.0 and hispanic and is entering the model
s13668 is age 16.0 and otherNH and is entering the model
s13669 is age 16.0 and blackNH and is entering the model
s13670 is age 16.0 and whiteNH and is entering the model
s13671 is age 16.0 and hispanic and is entering the model
s13672 is age 16.0 and blackNH and is entering the model
s13673 is age 16.0 and blackNH and is entering the model
s13674 is age 16.0 and whiteNH and is entering the model
s13675 is age 16.0 and whiteNH and is entering the model
s13676 is age 16.0 and blackNH and is entering the model

Agents are attending venues and using apps for week 118 in simulation...


Epidemic Simulation
----------------------------
Simulation: 1/1
Timestep: 118/3640
Prevalence: 1953
Population Size: 11730
----------------------------
The ages, hiv status, and relationship status for the agents are being updated...
s04702 is blackNH, aged 23.233000000000096 in age group 21to29, with relationship status of 0 and is now HIV+.
s06806 is blackNH, aged 27.191000000000095 in age group 21to29, with relationship status of 0 and is now HIV+.
s09403 is hispanic, aged 23.698000000000096 in age group 21to29, with relationship status of 1 and is now HIV+.
s10778 is otherNH, aged 23.898000000000096 in age group 16to20, with relationship status of 1 and is now HIV+.
s12721 is whiteNH, aged 17.076923076923123 in age group 16to20, with relationship status of 0 and is now HIV+.

Agents are being removed from the simulation...
s01364 is aged 29.991000000000096, whiteNH and is leaving the simulation.
s01411 is aged 29.984000000000098, whiteNH and is leaving the simulation.
s02068 is aged 29.981000000000098, whiteNH and is leaving the simulation.
s03588 is aged 29.989000000000097, whiteNH and is leaving the simulation.
s04456 is aged 29.985000000000095, blackNH and is leaving the simulation.
s04497 is aged 29.999000000000095, blackNH and is leaving the simulation.
s05018 is aged 29.986000000000097, blackNH and is leaving the simulation.
s06544 is aged 29.995000000000097, blackNH and is leaving the simulation.
s07220 is aged 29.984000000000098, hispanic and is leaving the simulation.
s07719 is aged 29.991000000000096, hispanic and is leaving the simulation.
s07753 is aged 29.990000000000094, hispanic and is leaving the simulation.
s07971 is aged 29.991000000000096, hispanic and is leaving the simulation.
s07999 is aged 29.988000000000095, hispanic and is leaving the simulation.
s08082 is aged 29.999000000000095, hispanic and is leaving the simulation.
s08533 is aged 29.996000000000095, hispanic and is leaving the simulation.
s08636 is aged 29.995000000000097, hispanic and is leaving the simulation.
s08774 is aged 29.996000000000095, hispanic and is leaving the simulation.
s08857 is aged 29.982000000000095, hispanic and is leaving the simulation.
s09940 is aged 29.982000000000095, hispanic and is leaving the simulation.
s10996 is aged 29.997000000000096, otherNH and is leaving the simulation.
s11266 is aged 29.992000000000097, otherNH and is leaving the simulation.
s11550 is aged 29.991000000000096, otherNH and is leaving the simulation.

Agents who have aged to a new age group are being updated...
s00073 is 21.016230769230866 and has aged to age group 21to29.
s01646 is 21.010230769230866 and has aged to age group 21to29.
s02039 is 21.008230769230867 and has aged to age group 21to29.
s03481 is 21.008230769230867 and has aged to age group 21to29.
s05266 is 21.018230769230865 and has aged to age group 21to29.
s05296 is 21.000230769230868 and has aged to age group 21to29.
s05493 is 21.012230769230865 and has aged to age group 21to29.
s05735 is 21.017230769230867 and has aged to age group 21to29.
s08042 is 21.005230769230867 and has aged to age group 21to29.
s08153 is 21.012230769230865 and has aged to age group 21to29.
s09002 is 21.018230769230865 and has aged to age group 21to29.
s09691 is 21.004230769230865 and has aged to age group 21to29.
s09920 is 21.009230769230864 and has aged to age group 21to29.
s09932 is 21.011230769230867 and has aged to age group 21to29.
s11617 is 21.006230769230864 and has aged to age group 21to29.

New agents are being added to the simulation...
s13677 is age 16.0 and whiteNH and is entering the model
s13678 is age 16.0 and hispanic and is entering the model
s13679 is age 16.0 and blackNH and is entering the model
s13680 is age 16.0 and otherNH and is entering the model
s13681 is age 16.0 and whiteNH and is entering the model
s13682 is age 16.0 and otherNH and is entering the model
s13683 is age 16.0 and hispanic and is entering the model
s13684 is age 16.0 and whiteNH and is entering the model
s13685 is age 16.0 and otherNH and is entering the model
s13686 is age 16.0 and hispanic and is entering the model

Agents are attending venues and using apps for week 119 in simulation...


Epidemic Simulation
----------------------------
Simulation: 1/1
Timestep: 119/3640
Prevalence: 1955
Population Size: 11718
----------------------------
The ages, hiv status, and relationship status for the agents are being updated...
s02659 is whiteNH, aged 21.307230769230866 in age group 21to29, with relationship status of 0 and is now HIV+.
s02697 is whiteNH, aged 18.416230769230864 in age group 21to29, with relationship status of 1 and is now HIV+.
s04386 is blackNH, aged 28.363230769230867 in age group 16to20, with relationship status of 0 and is now HIV+.
s04541 is blackNH, aged 26.526230769230867 in age group 16to20, with relationship status of 0 and is now HIV+.
s11555 is otherNH, aged 24.247230769230868 in age group 21to29, with relationship status of 0 and is now HIV+.
s12003 is hispanic, aged 17.884615384615465 in age group 16to20, with relationship status of 0 and is now HIV+.

Agents are being removed from the simulation...
s00176 is aged 29.999230769230866, whiteNH and is leaving the simulation.
s01476 is aged 29.998230769230865, whiteNH and is leaving the simulation.
s01757 is aged 29.995230769230865, whiteNH and is leaving the simulation.
s02086 is aged 29.999230769230866, whiteNH and is leaving the simulation.
s02475 is aged 29.989230769230865, whiteNH and is leaving the simulation.
s04561 is aged 29.990230769230866, blackNH and is leaving the simulation.
s06058 is aged 29.982230769230867, blackNH and is leaving the simulation.
s07167 is aged 29.999230769230866, hispanic and is leaving the simulation.
s08173 is aged 29.987230769230866, hispanic and is leaving the simulation.
s09283 is aged 29.985230769230867, hispanic and is leaving the simulation.
s10244 is aged 29.999230769230866, hispanic and is leaving the simulation.
s10267 is aged 29.998230769230865, hispanic and is leaving the simulation.
s10684 is aged 29.987230769230866, otherNH and is leaving the simulation.
s10903 is aged 29.998230769230865, otherNH and is leaving the simulation.
s11428 is aged 29.992230769230865, otherNH and is leaving the simulation.

Agents who have aged to a new age group are being updated...
s00986 is 21.012461538461636 and has aged to age group 21to29.
s02215 is 21.001461538461637 and has aged to age group 21to29.
s02718 is 21.004461538461637 and has aged to age group 21to29.
s03335 is 21.005461538461635 and has aged to age group 21to29.
s04552 is 21.008461538461635 and has aged to age group 21to29.
s04700 is 21.017461538461635 and has aged to age group 21to29.
s04937 is 21.015461538461636 and has aged to age group 21to29.
s05408 is 21.013461538461637 and has aged to age group 21to29.
s07394 is 21.013461538461637 and has aged to age group 21to29.
s07816 is 21.018461538461636 and has aged to age group 21to29.
s10524 is 21.015461538461636 and has aged to age group 21to29.
s10792 is 21.000461538461636 and has aged to age group 21to29.
s11145 is 21.015461538461636 and has aged to age group 21to29.

New agents are being added to the simulation...
s13687 is age 16.0 and blackNH and is entering the model
s13688 is age 16.0 and hispanic and is entering the model
s13689 is age 16.0 and blackNH and is entering the model
s13690 is age 16.0 and hispanic and is entering the model
s13691 is age 16.0 and whiteNH and is entering the model
s13692 is age 16.0 and whiteNH and is entering the model
s13693 is age 16.0 and whiteNH and is entering the model
s13694 is age 16.0 and hispanic and is entering the model
s13695 is age 16.0 and blackNH and is entering the model
s13696 is age 16.0 and whiteNH and is entering the model
s13697 is age 16.0 and hispanic and is entering the model
s13698 is age 16.0 and otherNH and is entering the model
s13699 is age 16.0 and otherNH and is entering the model
s13700 is age 16.0 and hispanic and is entering the model
s13701 is age 16.0 and blackNH and is entering the model
s13702 is age 16.0 and hispanic and is entering the model
s13703 is age 16.0 and blackNH and is entering the model
s13704 is age 16.0 and blackNH and is entering the model
s13705 is age 16.0 and whiteNH and is entering the model
s13706 is age 16.0 and hispanic and is entering the model

Agents are attending venues and using apps for week 120 in simulation...


Epidemic Simulation
----------------------------
Simulation: 1/1
Timestep: 120/3640
Prevalence: 1955
Population Size: 11723
----------------------------
The ages, hiv status, and relationship status for the agents are being updated...
s04533 is blackNH, aged 29.648461538461635 in age group 16to20, with relationship status of 1 and is now HIV+.

Agents are being removed from the simulation...
s00120 is aged 29.999461538461635, whiteNH and is leaving the simulation.
s00363 is aged 29.987461538461638, whiteNH and is leaving the simulation.
s03277 is aged 29.982461538461635, whiteNH and is leaving the simulation.
s07396 is aged 29.999461538461635, hispanic and is leaving the simulation.
s07516 is aged 29.985461538461635, hispanic and is leaving the simulation.
s07571 is aged 29.985461538461635, hispanic and is leaving the simulation.
s09723 is aged 29.988461538461635, hispanic and is leaving the simulation.
s09845 is aged 29.999461538461635, hispanic and is leaving the simulation.
s10442 is aged 29.994461538461636, otherNH and is leaving the simulation.
s11156 is aged 29.997461538461636, otherNH and is leaving the simulation.
s11287 is aged 29.989461538461637, otherNH and is leaving the simulation.

Agents who have aged to a new age group are being updated...
s01457 is 21.013692307692406 and has aged to age group 21to29.
s01580 is 21.012692307692404 and has aged to age group 21to29.
s01851 is 21.007692307692405 and has aged to age group 21to29.
s05375 is 21.011692307692407 and has aged to age group 21to29.
s05796 is 21.013692307692406 and has aged to age group 21to29.
s07283 is 21.014692307692407 and has aged to age group 21to29.
s08120 is 21.002692307692406 and has aged to age group 21to29.
s09004 is 21.017692307692407 and has aged to age group 21to29.
s09156 is 21.013692307692406 and has aged to age group 21to29.
s10399 is 21.016692307692406 and has aged to age group 21to29.
s10557 is 21.016692307692406 and has aged to age group 21to29.
s11375 is 21.003692307692408 and has aged to age group 21to29.

New agents are being added to the simulation...
s13707 is age 16.0 and otherNH and is entering the model
s13708 is age 16.0 and blackNH and is entering the model
s13709 is age 16.0 and hispanic and is entering the model
s13710 is age 16.0 and blackNH and is entering the model
s13711 is age 16.0 and whiteNH and is entering the model
s13712 is age 16.0 and whiteNH and is entering the model
s13713 is age 16.0 and otherNH and is entering the model
s13714 is age 16.0 and hispanic and is entering the model
s13715 is age 16.0 and hispanic and is entering the model
s13716 is age 16.0 and hispanic and is entering the model
s13717 is age 16.0 and otherNH and is entering the model
s13718 is age 16.0 and whiteNH and is entering the model
s13719 is age 16.0 and blackNH and is entering the model
s13720 is age 16.0 and whiteNH and is entering the model
s13721 is age 16.0 and whiteNH and is entering the model
s13722 is age 16.0 and hispanic and is entering the model

Agents are attending venues and using apps for week 121 in simulation...


Epidemic Simulation
----------------------------
Simulation: 1/1
Timestep: 121/3640
Prevalence: 1962
Population Size: 11728
----------------------------
The ages, hiv status, and relationship status for the agents are being updated...
s00337 is whiteNH, aged 24.932692307692406 in age group 16to20, with relationship status of 1 and is now HIV+.
s04055 is blackNH, aged 29.522692307692406 in age group 16to20, with relationship status of 1 and is now HIV+.
s04104 is blackNH, aged 23.481692307692406 in age group 16to20, with relationship status of 1 and is now HIV+.
s05751 is blackNH, aged 25.634692307692408 in age group 21to29, with relationship status of 0 and is now HIV+.
s05873 is blackNH, aged 26.105692307692408 in age group 21to29, with relationship status of 0 and is now HIV+.
s12634 is blackNH, aged 17.230769230769283 in age group 16to20, with relationship status of 0 and is now HIV+.
s13044 is hispanic, aged 16.769230769230802 in age group 16to20, with relationship status of 1 and is now HIV+.

Agents are being removed from the simulation...
s00139 is aged 29.993692307692406, whiteNH and is leaving the simulation.
s00735 is aged 29.981692307692406, whiteNH and is leaving the simulation.
s01402 is aged 29.997692307692407, whiteNH and is leaving the simulation.
s02733 is aged 29.984692307692406, whiteNH and is leaving the simulation.
s03928 is aged 29.994692307692407, blackNH and is leaving the simulation.
s04249 is aged 29.996692307692406, blackNH and is leaving the simulation.
s04294 is aged 29.998692307692405, blackNH and is leaving the simulation.
s04668 is aged 29.991692307692407, blackNH and is leaving the simulation.
s05997 is aged 29.983692307692404, blackNH and is leaving the simulation.
s06288 is aged 29.991692307692407, blackNH and is leaving the simulation.
s10209 is aged 29.981692307692406, hispanic and is leaving the simulation.
s11436 is aged 29.986692307692405, otherNH and is leaving the simulation.

Agents who have aged to a new age group are being updated...
s01754 is 21.013923076923177 and has aged to age group 21to29.
s02422 is 21.015923076923176 and has aged to age group 21to29.
s02751 is 21.009923076923176 and has aged to age group 21to29.
s03756 is 21.002923076923175 and has aged to age group 21to29.
s03800 is 21.002923076923175 and has aged to age group 21to29.
s04739 is 21.009923076923176 and has aged to age group 21to29.
s05317 is 21.005923076923175 and has aged to age group 21to29.
s05394 is 21.017923076923175 and has aged to age group 21to29.
s06363 is 21.017923076923175 and has aged to age group 21to29.
s07185 is 21.000923076923176 and has aged to age group 21to29.
s07304 is 21.018923076923176 and has aged to age group 21to29.
s07928 is 21.008923076923175 and has aged to age group 21to29.
s07980 is 21.013923076923177 and has aged to age group 21to29.
s08165 is 21.018923076923176 and has aged to age group 21to29.
s09349 is 21.008923076923175 and has aged to age group 21to29.
s09672 is 21.002923076923175 and has aged to age group 21to29.
s11098 is 21.013923076923177 and has aged to age group 21to29.

New agents are being added to the simulation...
s13723 is age 16.0 and hispanic and is entering the model
s13724 is age 16.0 and whiteNH and is entering the model
s13725 is age 16.0 and whiteNH and is entering the model
s13726 is age 16.0 and hispanic and is entering the model
s13727 is age 16.0 and otherNH and is entering the model
s13728 is age 16.0 and hispanic and is entering the model
s13729 is age 16.0 and whiteNH and is entering the model
s13730 is age 16.0 and hispanic and is entering the model
s13731 is age 16.0 and blackNH and is entering the model
s13732 is age 16.0 and whiteNH and is entering the model
s13733 is age 16.0 and blackNH and is entering the model
s13734 is age 16.0 and whiteNH and is entering the model
s13735 is age 16.0 and hispanic and is entering the model
s13736 is age 16.0 and otherNH and is entering the model
s13737 is age 16.0 and whiteNH and is entering the model
s13738 is age 16.0 and whiteNH and is entering the model
s13739 is age 16.0 and hispanic and is entering the model

Agents are attending venues and using apps for week 122 in simulation...


Epidemic Simulation
----------------------------
Simulation: 1/1
Timestep: 122/3640
Prevalence: 1962
Population Size: 11733
----------------------------
The ages, hiv status, and relationship status for the agents are being updated...
s04291 is blackNH, aged 28.762923076923176 in age group 16to20, with relationship status of 0 and is now HIV+.
s05869 is blackNH, aged 26.120923076923177 in age group 21to29, with relationship status of 1 and is now HIV+.

Agents are being removed from the simulation...
s00482 is aged 29.980923076923176, whiteNH and is leaving the simulation.
s00553 is aged 29.997923076923176, whiteNH and is leaving the simulation.
s00610 is aged 29.991923076923175, whiteNH and is leaving the simulation.
s01685 is aged 29.985923076923175, whiteNH and is leaving the simulation.
s02329 is aged 29.996923076923178, whiteNH and is leaving the simulation.
s04184 is aged 29.980923076923176, blackNH and is leaving the simulation.
s04258 is aged 29.993923076923178, blackNH and is leaving the simulation.
s04580 is aged 29.983923076923176, blackNH and is leaving the simulation.
s04889 is aged 29.989923076923176, blackNH and is leaving the simulation.
s06980 is aged 29.983923076923176, hispanic and is leaving the simulation.
s08551 is aged 22.517923076923175, hispanic and is leaving the simulation.
s08863 is aged 29.985923076923175, hispanic and is leaving the simulation.
s09756 is aged 29.988923076923175, hispanic and is leaving the simulation.
s10210 is aged 29.996923076923178, hispanic and is leaving the simulation.
s10984 is aged 29.998923076923177, otherNH and is leaving the simulation.
s11159 is aged 29.999923076923178, otherNH and is leaving the simulation.
s11245 is aged 29.982923076923175, otherNH and is leaving the simulation.
s11643 is aged 25.220923076923174, otherNH and is leaving the simulation.

Agents who have aged to a new age group are being updated...
s00125 is 21.011153846153945 and has aged to age group 21to29.
s00134 is 21.011153846153945 and has aged to age group 21to29.
s02119 is 21.013153846153948 and has aged to age group 21to29.
s04587 is 21.014153846153945 and has aged to age group 21to29.
s04973 is 21.000153846153946 and has aged to age group 21to29.
s05179 is 21.016153846153948 and has aged to age group 21to29.
s05830 is 21.006153846153946 and has aged to age group 21to29.
s06003 is 21.004153846153947 and has aged to age group 21to29.
s06099 is 21.001153846153947 and has aged to age group 21to29.
s08203 is 21.002153846153945 and has aged to age group 21to29.
s08690 is 21.019153846153948 and has aged to age group 21to29.
s09614 is 21.002153846153945 and has aged to age group 21to29.
s09986 is 21.005153846153945 and has aged to age group 21to29.
s10464 is 21.009153846153946 and has aged to age group 21to29.

New agents are being added to the simulation...
s13740 is age 16.0 and whiteNH and is entering the model
s13741 is age 16.0 and whiteNH and is entering the model
s13742 is age 16.0 and whiteNH and is entering the model
s13743 is age 16.0 and blackNH and is entering the model
s13744 is age 16.0 and blackNH and is entering the model
s13745 is age 16.0 and whiteNH and is entering the model
s13746 is age 16.0 and otherNH and is entering the model
s13747 is age 16.0 and otherNH and is entering the model
s13748 is age 16.0 and blackNH and is entering the model
s13749 is age 16.0 and whiteNH and is entering the model
s13750 is age 16.0 and whiteNH and is entering the model
s13751 is age 16.0 and hispanic and is entering the model
s13752 is age 16.0 and whiteNH and is entering the model
s13753 is age 16.0 and whiteNH and is entering the model
s13754 is age 16.0 and whiteNH and is entering the model
s13755 is age 16.0 and whiteNH and is entering the model
s13756 is age 16.0 and hispanic and is entering the model
s13757 is age 16.0 and hispanic and is entering the model

Agents are attending venues and using apps for week 123 in simulation...


Epidemic Simulation
----------------------------
Simulation: 1/1
Timestep: 123/3640
Prevalence: 1965
Population Size: 11733
----------------------------
The ages, hiv status, and relationship status for the agents are being updated...
s04164 is blackNH, aged 26.720153846153945 in age group 16to20, with relationship status of 0 and is now HIV+.
s05684 is blackNH, aged 20.678153846153947 in age group 21to29, with relationship status of 1 and is now HIV+.
s08536 is hispanic, aged 27.587153846153946 in age group 21to29, with relationship status of 0 and is now HIV+.
s09160 is hispanic, aged 26.475153846153948 in age group 21to29, with relationship status of 1 and is now HIV+.

Agents are being removed from the simulation...
s00123 is aged 29.993153846153945, whiteNH and is leaving the simulation.
s01674 is aged 29.986153846153947, whiteNH and is leaving the simulation.
s01828 is aged 29.983153846153947, whiteNH and is leaving the simulation.
s02847 is aged 29.988153846153946, whiteNH and is leaving the simulation.
s05498 is aged 29.988153846153946, blackNH and is leaving the simulation.
s05566 is aged 29.998153846153947, blackNH and is leaving the simulation.
s05961 is aged 29.982153846153945, blackNH and is leaving the simulation.
s06477 is aged 29.992153846153947, blackNH and is leaving the simulation.
s06767 is aged 29.983153846153947, blackNH and is leaving the simulation.
s06932 is aged 29.993153846153945, hispanic and is leaving the simulation.
s07017 is aged 29.998153846153947, hispanic and is leaving the simulation.
s07258 is aged 29.983153846153947, hispanic and is leaving the simulation.
s07354 is aged 29.982153846153945, hispanic and is leaving the simulation.
s08354 is aged 29.998153846153947, hispanic and is leaving the simulation.
s08683 is aged 29.989153846153947, hispanic and is leaving the simulation.
s08692 is aged 29.986153846153947, hispanic and is leaving the simulation.
s09548 is aged 29.989153846153947, hispanic and is leaving the simulation.
s10132 is aged 29.992153846153947, hispanic and is leaving the simulation.
s10595 is aged 29.993153846153945, otherNH and is leaving the simulation.
s10882 is aged 29.984153846153948, otherNH and is leaving the simulation.

Agents who have aged to a new age group are being updated...
s00749 is 21.007384615384716 and has aged to age group 21to29.
s00803 is 21.018384615384715 and has aged to age group 21to29.
s01044 is 21.008384615384717 and has aged to age group 21to29.
s01594 is 21.003384615384718 and has aged to age group 21to29.
s01880 is 21.001384615384715 and has aged to age group 21to29.
s04324 is 21.014384615384717 and has aged to age group 21to29.
s04996 is 21.017384615384717 and has aged to age group 21to29.
s06292 is 21.005384615384717 and has aged to age group 21to29.
s06351 is 21.018384615384715 and has aged to age group 21to29.
s07463 is 21.015384615384715 and has aged to age group 21to29.
s07885 is 21.011384615384717 and has aged to age group 21to29.
s09104 is 21.009384615384715 and has aged to age group 21to29.
s09967 is 21.012384615384715 and has aged to age group 21to29.
s10676 is 21.004384615384716 and has aged to age group 21to29.

New agents are being added to the simulation...
s13758 is age 16.0 and whiteNH and is entering the model
s13759 is age 16.0 and blackNH and is entering the model
s13760 is age 16.0 and hispanic and is entering the model
s13761 is age 16.0 and blackNH and is entering the model
s13762 is age 16.0 and hispanic and is entering the model
s13763 is age 16.0 and blackNH and is entering the model
s13764 is age 16.0 and blackNH and is entering the model
s13765 is age 16.0 and hispanic and is entering the model
s13766 is age 16.0 and otherNH and is entering the model
s13767 is age 16.0 and hispanic and is entering the model
s13768 is age 16.0 and hispanic and is entering the model
s13769 is age 16.0 and blackNH and is entering the model

Agents are attending venues and using apps for week 124 in simulation...


Epidemic Simulation
----------------------------
Simulation: 1/1
Timestep: 124/3640
Prevalence: 1963
Population Size: 11725
----------------------------
The ages, hiv status, and relationship status for the agents are being updated...
s06389 is blackNH, aged 23.844384615384715 in age group 21to29, with relationship status of 1 and is now HIV+.
s11203 is otherNH, aged 29.667384615384716 in age group 21to29, with relationship status of 0 and is now HIV+.

Agents are being removed from the simulation...
s00520 is aged 29.989384615384715, whiteNH and is leaving the simulation.
s01839 is aged 29.990384615384716, whiteNH and is leaving the simulation.
s02142 is aged 29.995384615384715, whiteNH and is leaving the simulation.
s03967 is aged 29.998384615384715, blackNH and is leaving the simulation.
s05467 is aged 29.997384615384718, blackNH and is leaving the simulation.
s05484 is aged 29.982384615384717, blackNH and is leaving the simulation.
s06280 is aged 29.981384615384716, blackNH and is leaving the simulation.
s06601 is aged 29.984384615384716, blackNH and is leaving the simulation.
s07741 is aged 29.991384615384717, hispanic and is leaving the simulation.
s07954 is aged 29.999384615384717, hispanic and is leaving the simulation.
s08091 is aged 29.983384615384715, hispanic and is leaving the simulation.
s08143 is aged 29.997384615384718, hispanic and is leaving the simulation.
s09899 is aged 29.988384615384717, hispanic and is leaving the simulation.
s10043 is aged 29.990384615384716, hispanic and is leaving the simulation.
s10664 is aged 29.991384615384717, otherNH and is leaving the simulation.
s11536 is aged 29.986384615384715, otherNH and is leaving the simulation.
s11568 is aged 29.991384615384717, otherNH and is leaving the simulation.

Agents who have aged to a new age group are being updated...
s00583 is 21.010615384615487 and has aged to age group 21to29.
s03076 is 21.013615384615488 and has aged to age group 21to29.
s03256 is 21.013615384615488 and has aged to age group 21to29.
s03715 is 21.006615384615486 and has aged to age group 21to29.
s04546 is 21.009615384615486 and has aged to age group 21to29.
s05585 is 21.007615384615487 and has aged to age group 21to29.
s09046 is 21.000615384615486 and has aged to age group 21to29.
s09127 is 21.011615384615485 and has aged to age group 21to29.
s09404 is 21.009615384615486 and has aged to age group 21to29.
s09570 is 21.016615384615488 and has aged to age group 21to29.
s10079 is 21.018615384615487 and has aged to age group 21to29.
s10186 is 21.005615384615485 and has aged to age group 21to29.
s11321 is 21.017615384615485 and has aged to age group 21to29.

New agents are being added to the simulation...
s13770 is age 16.0 and hispanic and is entering the model
s13771 is age 16.0 and whiteNH and is entering the model
s13772 is age 16.0 and whiteNH and is entering the model
s13773 is age 16.0 and blackNH and is entering the model
s13774 is age 16.0 and hispanic and is entering the model
s13775 is age 16.0 and whiteNH and is entering the model
s13776 is age 16.0 and hispanic and is entering the model
s13777 is age 16.0 and whiteNH and is entering the model
s13778 is age 16.0 and hispanic and is entering the model
s13779 is age 16.0 and hispanic and is entering the model
s13780 is age 16.0 and whiteNH and is entering the model
s13781 is age 16.0 and blackNH and is entering the model
s13782 is age 16.0 and blackNH and is entering the model
s13783 is age 16.0 and whiteNH and is entering the model
s13784 is age 16.0 and whiteNH and is entering the model
s13785 is age 16.0 and whiteNH and is entering the model
s13786 is age 16.0 and otherNH and is entering the model
s13787 is age 16.0 and blackNH and is entering the model

Agents are attending venues and using apps for week 125 in simulation...


Epidemic Simulation
----------------------------
Simulation: 1/1
Timestep: 125/3640
Prevalence: 1963
Population Size: 11726
----------------------------
The ages, hiv status, and relationship status for the agents are being updated...
s03467 is whiteNH, aged 25.579615384615487 in age group 21to29, with relationship status of 1 and is now HIV+.
s03647 is whiteNH, aged 22.707615384615487 in age group 21to29, with relationship status of 1 and is now HIV+.
s04272 is blackNH, aged 22.194615384615485 in age group 21to29, with relationship status of 0 and is now HIV+.
s04859 is blackNH, aged 21.396615384615487 in age group 21to29, with relationship status of 1 and is now HIV+.
s05207 is blackNH, aged 27.138615384615488 in age group 21to29, with relationship status of 0 and is now HIV+.
s06169 is blackNH, aged 19.942615384615486 in age group 21to29, with relationship status of 0 and is now HIV+.
s08874 is hispanic, aged 26.735615384615485 in age group 21to29, with relationship status of 0 and is now HIV+.

Agents are being removed from the simulation...
s00587 is aged 29.988615384615485, whiteNH and is leaving the simulation.
s02410 is aged 29.994615384615486, whiteNH and is leaving the simulation.
s02446 is aged 29.994615384615486, whiteNH and is leaving the simulation.
s04751 is aged 24.746615384615485, blackNH and is leaving the simulation.
s06267 is aged 29.995615384615487, blackNH and is leaving the simulation.
s07026 is aged 29.985615384615485, hispanic and is leaving the simulation.
s07111 is aged 29.991615384615486, hispanic and is leaving the simulation.
s08465 is aged 29.981615384615488, hispanic and is leaving the simulation.
s08798 is aged 29.982615384615485, hispanic and is leaving the simulation.
s08896 is aged 29.991615384615486, hispanic and is leaving the simulation.
s09797 is aged 29.993615384615488, hispanic and is leaving the simulation.
s10839 is aged 29.981615384615488, otherNH and is leaving the simulation.
s11508 is aged 29.983615384615486, otherNH and is leaving the simulation.

Agents who have aged to a new age group are being updated...
s00846 is 21.003846153846258 and has aged to age group 21to29.
s01888 is 21.005846153846257 and has aged to age group 21to29.
s01952 is 21.007846153846256 and has aged to age group 21to29.
s01958 is 21.015846153846255 and has aged to age group 21to29.
s04165 is 21.012846153846258 and has aged to age group 21to29.
s04660 is 21.016846153846256 and has aged to age group 21to29.
s04665 is 21.011846153846257 and has aged to age group 21to29.
s05364 is 21.015846153846255 and has aged to age group 21to29.
s06512 is 21.000846153846258 and has aged to age group 21to29.
s06692 is 21.008846153846257 and has aged to age group 21to29.
s06971 is 21.006846153846258 and has aged to age group 21to29.
s07649 is 21.005846153846257 and has aged to age group 21to29.
s08209 is 21.012846153846258 and has aged to age group 21to29.
s08590 is 21.002846153846257 and has aged to age group 21to29.
s09036 is 21.006846153846258 and has aged to age group 21to29.
s09843 is 21.010846153846256 and has aged to age group 21to29.
s11075 is 21.006846153846258 and has aged to age group 21to29.
s11190 is 21.008846153846257 and has aged to age group 21to29.
s11496 is 21.011846153846257 and has aged to age group 21to29.

New agents are being added to the simulation...
s13788 is age 16.0 and hispanic and is entering the model
s13789 is age 16.0 and hispanic and is entering the model
s13790 is age 16.0 and hispanic and is entering the model
s13791 is age 16.0 and hispanic and is entering the model
s13792 is age 16.0 and whiteNH and is entering the model
s13793 is age 16.0 and otherNH and is entering the model
s13794 is age 16.0 and blackNH and is entering the model
s13795 is age 16.0 and blackNH and is entering the model
s13796 is age 16.0 and blackNH and is entering the model
s13797 is age 16.0 and otherNH and is entering the model
s13798 is age 16.0 and otherNH and is entering the model
s13799 is age 16.0 and blackNH and is entering the model

Agents are attending venues and using apps for week 126 in simulation...


Epidemic Simulation
----------------------------
Simulation: 1/1
Timestep: 126/3640
Prevalence: 1961
Population Size: 11725
----------------------------
The ages, hiv status, and relationship status for the agents are being updated...

Agents are being removed from the simulation...
s00301 is aged 29.985846153846257, whiteNH and is leaving the simulation.
s01485 is aged 29.999846153846256, whiteNH and is leaving the simulation.
s04371 is aged 29.998846153846255, blackNH and is leaving the simulation.
s05037 is aged 29.986846153846255, blackNH and is leaving the simulation.
s05088 is aged 29.997846153846258, blackNH and is leaving the simulation.
s05636 is aged 29.991846153846257, blackNH and is leaving the simulation.
s05911 is aged 29.982846153846257, blackNH and is leaving the simulation.
s06661 is aged 29.984846153846256, blackNH and is leaving the simulation.
s06834 is aged 29.997846153846258, hispanic and is leaving the simulation.
s07214 is aged 29.999846153846256, hispanic and is leaving the simulation.
s07883 is aged 29.990846153846256, hispanic and is leaving the simulation.
s08997 is aged 29.986846153846255, hispanic and is leaving the simulation.
s09081 is aged 29.985846153846257, hispanic and is leaving the simulation.
s09204 is aged 29.982846153846257, hispanic and is leaving the simulation.
s09214 is aged 29.983846153846255, hispanic and is leaving the simulation.
s10546 is aged 29.994846153846257, otherNH and is leaving the simulation.
s10781 is aged 29.988846153846257, otherNH and is leaving the simulation.
s11170 is aged 29.994846153846257, otherNH and is leaving the simulation.

Agents who have aged to a new age group are being updated...
s00249 is 21.010076923077026 and has aged to age group 21to29.
s00391 is 21.016076923077026 and has aged to age group 21to29.
s01228 is 21.004076923077026 and has aged to age group 21to29.
s01515 is 21.019076923077026 and has aged to age group 21to29.
s01678 is 21.016076923077026 and has aged to age group 21to29.
s01999 is 21.012076923077025 and has aged to age group 21to29.
s02104 is 21.012076923077025 and has aged to age group 21to29.
s02724 is 21.009076923077025 and has aged to age group 21to29.
s04217 is 21.017076923077028 and has aged to age group 21to29.
s04452 is 21.011076923077027 and has aged to age group 21to29.
s05816 is 21.016076923077026 and has aged to age group 21to29.
s06774 is 21.013076923077026 and has aged to age group 21to29.
s06957 is 21.004076923077026 and has aged to age group 21to29.
s07541 is 21.001076923077026 and has aged to age group 21to29.
s08657 is 21.001076923077026 and has aged to age group 21to29.
s09626 is 21.012076923077025 and has aged to age group 21to29.
s09701 is 21.012076923077025 and has aged to age group 21to29.
s09703 is 21.000076923077025 and has aged to age group 21to29.
s10375 is 21.011076923077027 and has aged to age group 21to29.
s11304 is 21.009076923077025 and has aged to age group 21to29.

New agents are being added to the simulation...
s13800 is age 16.0 and hispanic and is entering the model
s13801 is age 16.0 and hispanic and is entering the model
s13802 is age 16.0 and whiteNH and is entering the model
s13803 is age 16.0 and blackNH and is entering the model
s13804 is age 16.0 and blackNH and is entering the model
s13805 is age 16.0 and whiteNH and is entering the model
s13806 is age 16.0 and hispanic and is entering the model
s13807 is age 16.0 and hispanic and is entering the model
s13808 is age 16.0 and whiteNH and is entering the model
s13809 is age 16.0 and otherNH and is entering the model
s13810 is age 16.0 and whiteNH and is entering the model
s13811 is age 16.0 and whiteNH and is entering the model
s13812 is age 16.0 and hispanic and is entering the model
s13813 is age 16.0 and whiteNH and is entering the model
s13814 is age 16.0 and hispanic and is entering the model
s13815 is age 16.0 and hispanic and is entering the model
s13816 is age 16.0 and whiteNH and is entering the model
s13817 is age 16.0 and whiteNH and is entering the model
s13818 is age 16.0 and hispanic and is entering the model

Agents are attending venues and using apps for week 127 in simulation...


Epidemic Simulation
----------------------------
Simulation: 1/1
Timestep: 127/3640
Prevalence: 1961
Population Size: 11726
----------------------------
The ages, hiv status, and relationship status for the agents are being updated...
s03856 is blackNH, aged 29.324076923077026 in age group 16to20, with relationship status of 1 and is now HIV+.
s07043 is hispanic, aged 25.249076923077027 in age group 16to20, with relationship status of 0 and is now HIV+.
s08414 is hispanic, aged 19.553076923077025 in age group 21to29, with relationship status of 0 and is now HIV+.
s08833 is hispanic, aged 19.067076923077025 in age group 21to29, with relationship status of 1 and is now HIV+.
s09306 is hispanic, aged 24.533076923077026 in age group 21to29, with relationship status of 1 and is now HIV+.
s12586 is blackNH, aged 17.403846153846214 in age group 16to20, with relationship status of 1 and is now HIV+.
s12880 is hispanic, aged 17.057692307692353 in age group 16to20, with relationship status of 0 and is now HIV+.

Agents are being removed from the simulation...
s01470 is aged 29.991076923077028, whiteNH and is leaving the simulation.
s01743 is aged 29.997076923077028, whiteNH and is leaving the simulation.
s02999 is aged 29.997076923077028, whiteNH and is leaving the simulation.
s04709 is aged 29.982076923077027, blackNH and is leaving the simulation.
s04869 is aged 29.989076923077025, blackNH and is leaving the simulation.
s05535 is aged 29.995076923077026, blackNH and is leaving the simulation.
s05791 is aged 29.994076923077028, blackNH and is leaving the simulation.
s06207 is aged 29.993076923077027, blackNH and is leaving the simulation.
s06370 is aged 29.997076923077028, blackNH and is leaving the simulation.
s07055 is aged 29.984076923077026, hispanic and is leaving the simulation.
s07530 is aged 29.988076923077028, hispanic and is leaving the simulation.
s07615 is aged 29.990076923077027, hispanic and is leaving the simulation.
s09842 is aged 29.999076923077027, hispanic and is leaving the simulation.
s10771 is aged 29.990076923077027, otherNH and is leaving the simulation.
s11103 is aged 29.990076923077027, otherNH and is leaving the simulation.

Agents who have aged to a new age group are being updated...
s00133 is 21.017307692307796 and has aged to age group 21to29.
s00175 is 21.004307692307798 and has aged to age group 21to29.
s00185 is 21.010307692307798 and has aged to age group 21to29.
s00697 is 21.000307692307796 and has aged to age group 21to29.
s02588 is 21.007307692307798 and has aged to age group 21to29.
s03011 is 21.004307692307798 and has aged to age group 21to29.
s03314 is 21.010307692307798 and has aged to age group 21to29.
s03460 is 21.002307692307795 and has aged to age group 21to29.
s03964 is 21.004307692307798 and has aged to age group 21to29.
s05010 is 21.008307692307795 and has aged to age group 21to29.
s05100 is 21.009307692307797 and has aged to age group 21to29.
s05290 is 21.008307692307795 and has aged to age group 21to29.
s05876 is 21.006307692307796 and has aged to age group 21to29.
s05980 is 21.011307692307795 and has aged to age group 21to29.
s06358 is 21.018307692307797 and has aged to age group 21to29.
s07866 is 21.004307692307798 and has aged to age group 21to29.
s09396 is 21.001307692307797 and has aged to age group 21to29.
s09497 is 21.004307692307798 and has aged to age group 21to29.
s10148 is 21.003307692307796 and has aged to age group 21to29.
s10840 is 21.015307692307797 and has aged to age group 21to29.
s11352 is 21.008307692307795 and has aged to age group 21to29.

New agents are being added to the simulation...
s13819 is age 16.0 and hispanic and is entering the model
s13820 is age 16.0 and hispanic and is entering the model
s13821 is age 16.0 and blackNH and is entering the model
s13822 is age 16.0 and otherNH and is entering the model
s13823 is age 16.0 and blackNH and is entering the model
s13824 is age 16.0 and blackNH and is entering the model
s13825 is age 16.0 and blackNH and is entering the model
s13826 is age 16.0 and hispanic and is entering the model
s13827 is age 16.0 and blackNH and is entering the model
s13828 is age 16.0 and whiteNH and is entering the model
s13829 is age 16.0 and blackNH and is entering the model
s13830 is age 16.0 and blackNH and is entering the model
s13831 is age 16.0 and blackNH and is entering the model
s13832 is age 16.0 and hispanic and is entering the model

Agents are attending venues and using apps for week 128 in simulation...


Epidemic Simulation
----------------------------
Simulation: 1/1
Timestep: 128/3640
Prevalence: 1961
Population Size: 11725
----------------------------
The ages, hiv status, and relationship status for the agents are being updated...
s02232 is whiteNH, aged 25.261307692307795 in age group 21to29, with relationship status of 0 and is now HIV+.
s05939 is blackNH, aged 24.625307692307796 in age group 21to29, with relationship status of 0 and is now HIV+.
s06630 is blackNH, aged 24.339307692307795 in age group 21to29, with relationship status of 0 and is now HIV+.
s07274 is hispanic, aged 27.553307692307797 in age group 16to20, with relationship status of 1 and is now HIV+.
s12131 is hispanic, aged 17.923076923077005 in age group 16to20, with relationship status of 1 and is now HIV+.

Agents are being removed from the simulation...
s00752 is aged 29.997307692307796, whiteNH and is leaving the simulation.
s03444 is aged 29.989307692307797, whiteNH and is leaving the simulation.
s03730 is aged 29.992307692307797, whiteNH and is leaving the simulation.
s04007 is aged 29.994307692307796, blackNH and is leaving the simulation.
s06273 is aged 29.987307692307798, blackNH and is leaving the simulation.
s07244 is aged 29.985307692307796, hispanic and is leaving the simulation.
s07328 is aged 29.987307692307798, hispanic and is leaving the simulation.
s09167 is aged 29.995307692307797, hispanic and is leaving the simulation.

Agents who have aged to a new age group are being updated...
s01186 is 21.013538461538566 and has aged to age group 21to29.
s01397 is 21.006538461538568 and has aged to age group 21to29.
s01902 is 21.015538461538565 and has aged to age group 21to29.
s03190 is 21.011538461538567 and has aged to age group 21to29.
s03309 is 21.000538461538568 and has aged to age group 21to29.
s03459 is 21.017538461538567 and has aged to age group 21to29.
s04387 is 21.00953846153857 and has aged to age group 21to29.
s04492 is 21.00953846153857 and has aged to age group 21to29.
s06013 is 21.005538461538567 and has aged to age group 21to29.
s07195 is 21.00953846153857 and has aged to age group 21to29.
s08174 is 21.005538461538567 and has aged to age group 21to29.
s08548 is 21.007538461538566 and has aged to age group 21to29.
s08843 is 21.013538461538566 and has aged to age group 21to29.
s09068 is 21.013538461538566 and has aged to age group 21to29.
s09126 is 21.00953846153857 and has aged to age group 21to29.
s10183 is 21.010538461538566 and has aged to age group 21to29.
s10300 is 21.007538461538566 and has aged to age group 21to29.
s10443 is 21.006538461538568 and has aged to age group 21to29.
s11151 is 21.015538461538565 and has aged to age group 21to29.

New agents are being added to the simulation...
s13833 is age 16.0 and whiteNH and is entering the model
s13834 is age 16.0 and whiteNH and is entering the model
s13835 is age 16.0 and hispanic and is entering the model
s13836 is age 16.0 and hispanic and is entering the model
s13837 is age 16.0 and blackNH and is entering the model
s13838 is age 16.0 and hispanic and is entering the model
s13839 is age 16.0 and hispanic and is entering the model
s13840 is age 16.0 and hispanic and is entering the model
s13841 is age 16.0 and blackNH and is entering the model
s13842 is age 16.0 and blackNH and is entering the model
s13843 is age 16.0 and whiteNH and is entering the model
s13844 is age 16.0 and hispanic and is entering the model
s13845 is age 16.0 and hispanic and is entering the model
s13846 is age 16.0 and otherNH and is entering the model
s13847 is age 16.0 and blackNH and is entering the model
s13848 is age 16.0 and hispanic and is entering the model
s13849 is age 16.0 and hispanic and is entering the model
s13850 is age 16.0 and whiteNH and is entering the model

Agents are attending venues and using apps for week 129 in simulation...


Epidemic Simulation
----------------------------
Simulation: 1/1
Timestep: 129/3640
Prevalence: 1967
Population Size: 11735
----------------------------
The ages, hiv status, and relationship status for the agents are being updated...
s04025 is blackNH, aged 27.152538461538565 in age group 16to20, with relationship status of 0 and is now HIV+.
s04027 is blackNH, aged 18.563538461538567 in age group 16to20, with relationship status of 1 and is now HIV+.
s04394 is blackNH, aged 22.987538461538566 in age group 21to29, with relationship status of 1 and is now HIV+.
s04480 is blackNH, aged 22.039538461538566 in age group 21to29, with relationship status of 0 and is now HIV+.
s05562 is blackNH, aged 20.597538461538566 in age group 21to29, with relationship status of 0 and is now HIV+.
s08837 is hispanic, aged 23.711538461538566 in age group 21to29, with relationship status of 1 and is now HIV+.
s11502 is otherNH, aged 22.486538461538565 in age group 21to29, with relationship status of 1 and is now HIV+.

Agents are being removed from the simulation...
s00192 is aged 29.996538461538567, whiteNH and is leaving the simulation.
s01439 is aged 29.984538461538566, whiteNH and is leaving the simulation.
s02152 is aged 29.985538461538567, whiteNH and is leaving the simulation.
s02743 is aged 29.983538461538565, whiteNH and is leaving the simulation.
s03095 is aged 29.991538461538568, whiteNH and is leaving the simulation.
s03348 is aged 29.988538461538568, whiteNH and is leaving the simulation.
s04001 is aged 29.996538461538567, blackNH and is leaving the simulation.
s04862 is aged 29.985538461538567, blackNH and is leaving the simulation.
s05250 is aged 29.991538461538568, blackNH and is leaving the simulation.
s05800 is aged 29.983538461538565, blackNH and is leaving the simulation.
s06081 is aged 29.984538461538566, blackNH and is leaving the simulation.
s06835 is aged 29.989538461538565, hispanic and is leaving the simulation.
s06926 is aged 29.999538461538567, hispanic and is leaving the simulation.
s07282 is aged 29.986538461538565, hispanic and is leaving the simulation.
s08384 is aged 29.994538461538568, hispanic and is leaving the simulation.
s08702 is aged 29.988538461538568, hispanic and is leaving the simulation.
s09545 is aged 29.994538461538568, hispanic and is leaving the simulation.
s09977 is aged 29.992538461538565, hispanic and is leaving the simulation.
s10374 is aged 29.993538461538567, hispanic and is leaving the simulation.
s10548 is aged 29.982538461538567, otherNH and is leaving the simulation.
s10877 is aged 29.996538461538567, otherNH and is leaving the simulation.

Agents who have aged to a new age group are being updated...
s01288 is 21.017769230769336 and has aged to age group 21to29.
s01289 is 21.009769230769336 and has aged to age group 21to29.
s02708 is 21.004769230769337 and has aged to age group 21to29.
s03495 is 21.014769230769335 and has aged to age group 21to29.
s04097 is 21.006769230769336 and has aged to age group 21to29.
s04206 is 21.018769230769337 and has aged to age group 21to29.
s04644 is 21.017769230769336 and has aged to age group 21to29.
s04856 is 21.009769230769336 and has aged to age group 21to29.
s04898 is 21.003769230769336 and has aged to age group 21to29.
s04947 is 21.014769230769335 and has aged to age group 21to29.
s05016 is 21.018769230769337 and has aged to age group 21to29.
s05271 is 21.010769230769338 and has aged to age group 21to29.
s05367 is 21.012769230769337 and has aged to age group 21to29.
s05634 is 21.002769230769335 and has aged to age group 21to29.
s05763 is 21.018769230769337 and has aged to age group 21to29.
s06279 is 21.007769230769338 and has aged to age group 21to29.
s06406 is 21.001769230769337 and has aged to age group 21to29.
s06593 is 21.012769230769337 and has aged to age group 21to29.
s06599 is 21.006769230769336 and has aged to age group 21to29.
s06912 is 21.016769230769338 and has aged to age group 21to29.
s07832 is 21.003769230769336 and has aged to age group 21to29.
s07860 is 21.016769230769338 and has aged to age group 21to29.
s08049 is 21.013769230769338 and has aged to age group 21to29.
s10790 is 21.018769230769337 and has aged to age group 21to29.
s10919 is 21.016769230769338 and has aged to age group 21to29.
s11188 is 21.012769230769337 and has aged to age group 21to29.
s11389 is 21.018769230769337 and has aged to age group 21to29.

New agents are being added to the simulation...
s13851 is age 16.0 and hispanic and is entering the model
s13852 is age 16.0 and whiteNH and is entering the model
s13853 is age 16.0 and otherNH and is entering the model
s13854 is age 16.0 and hispanic and is entering the model
s13855 is age 16.0 and whiteNH and is entering the model
s13856 is age 16.0 and whiteNH and is entering the model
s13857 is age 16.0 and whiteNH and is entering the model
s13858 is age 16.0 and whiteNH and is entering the model
s13859 is age 16.0 and blackNH and is entering the model
s13860 is age 16.0 and blackNH and is entering the model
s13861 is age 16.0 and whiteNH and is entering the model
s13862 is age 16.0 and blackNH and is entering the model
s13863 is age 16.0 and whiteNH and is entering the model

Agents are attending venues and using apps for week 130 in simulation...


Epidemic Simulation
----------------------------
Simulation: 1/1
Timestep: 130/3640
Prevalence: 1964
Population Size: 11727
----------------------------
The ages, hiv status, and relationship status for the agents are being updated...
s01329 is whiteNH, aged 22.621769230769335 in age group 21to29, with relationship status of 1 and is now HIV+.
s02054 is whiteNH, aged 18.707769230769337 in age group 21to29, with relationship status of 0 and is now HIV+.
s07613 is hispanic, aged 20.289769230769338 in age group 16to20, with relationship status of 1 and is now HIV+.

Agents are being removed from the simulation...
s02003 is aged 29.980769230769337, whiteNH and is leaving the simulation.
s02601 is aged 29.998769230769337, whiteNH and is leaving the simulation.
s03220 is aged 29.995769230769337, whiteNH and is leaving the simulation.
s04828 is aged 29.986769230769337, blackNH and is leaving the simulation.
s04987 is aged 29.991769230769336, blackNH and is leaving the simulation.
s06061 is aged 29.997769230769336, blackNH and is leaving the simulation.
s06549 is aged 29.981769230769338, blackNH and is leaving the simulation.
s06693 is aged 29.981769230769338, blackNH and is leaving the simulation.
s06985 is aged 29.989769230769337, hispanic and is leaving the simulation.
s07735 is aged 29.999769230769335, hispanic and is leaving the simulation.
s08506 is aged 29.991769230769336, hispanic and is leaving the simulation.
s08570 is aged 29.988769230769336, hispanic and is leaving the simulation.
s08595 is aged 29.995769230769337, hispanic and is leaving the simulation.
s08866 is aged 29.980769230769337, hispanic and is leaving the simulation.
s09579 is aged 29.990769230769338, hispanic and is leaving the simulation.
s09601 is aged 29.984769230769338, hispanic and is leaving the simulation.

Agents who have aged to a new age group are being updated...
s03001 is 21.001000000000108 and has aged to age group 21to29.
s03235 is 21.015000000000107 and has aged to age group 21to29.
s03596 is 21.005000000000106 and has aged to age group 21to29.
s03754 is 21.011000000000106 and has aged to age group 21to29.
s03900 is 21.018000000000107 and has aged to age group 21to29.
s04044 is 21.007000000000108 and has aged to age group 21to29.
s04290 is 21.019000000000105 and has aged to age group 21to29.
s04865 is 21.007000000000108 and has aged to age group 21to29.
s05513 is 21.000000000000107 and has aged to age group 21to29.
s05924 is 21.017000000000106 and has aged to age group 21to29.
s06371 is 21.017000000000106 and has aged to age group 21to29.
s07713 is 21.009000000000107 and has aged to age group 21to29.
s08066 is 21.005000000000106 and has aged to age group 21to29.
s08544 is 21.008000000000106 and has aged to age group 21to29.
s08662 is 21.006000000000107 and has aged to age group 21to29.
s08766 is 21.009000000000107 and has aged to age group 21to29.
s09496 is 21.018000000000107 and has aged to age group 21to29.
s10023 is 21.01300000000011 and has aged to age group 21to29.
s10081 is 21.011000000000106 and has aged to age group 21to29.
s10752 is 21.015000000000107 and has aged to age group 21to29.
s11610 is 21.018000000000107 and has aged to age group 21to29.

New agents are being added to the simulation...
s13864 is age 16.0 and blackNH and is entering the model
s13865 is age 16.0 and whiteNH and is entering the model
s13866 is age 16.0 and whiteNH and is entering the model
s13867 is age 16.0 and whiteNH and is entering the model
s13868 is age 16.0 and whiteNH and is entering the model
s13869 is age 16.0 and whiteNH and is entering the model
s13870 is age 16.0 and hispanic and is entering the model
s13871 is age 16.0 and hispanic and is entering the model
s13872 is age 16.0 and hispanic and is entering the model
s13873 is age 16.0 and blackNH and is entering the model
s13874 is age 16.0 and hispanic and is entering the model
s13875 is age 16.0 and whiteNH and is entering the model
s13876 is age 16.0 and blackNH and is entering the model
s13877 is age 16.0 and hispanic and is entering the model
s13878 is age 16.0 and whiteNH and is entering the model
s13879 is age 16.0 and whiteNH and is entering the model
s13880 is age 16.0 and hispanic and is entering the model
s13881 is age 16.0 and blackNH and is entering the model
s13882 is age 16.0 and hispanic and is entering the model
s13883 is age 16.0 and blackNH and is entering the model
s13884 is age 16.0 and whiteNH and is entering the model
s13885 is age 16.0 and hispanic and is entering the model
s13886 is age 16.0 and hispanic and is entering the model

Agents are attending venues and using apps for week 131 in simulation...


Epidemic Simulation
----------------------------
Simulation: 1/1
Timestep: 131/3640
Prevalence: 1961
Population Size: 11734
----------------------------
The ages, hiv status, and relationship status for the agents are being updated...
s08844 is hispanic, aged 19.372000000000106 in age group 21to29, with relationship status of 1 and is now HIV+.
s11953 is blackNH, aged 18.173076923077016 in age group 16to20, with relationship status of 1 and is now HIV+.
s13569 is blackNH, aged 16.36538461538463 in age group 16to20, with relationship status of 0 and is now HIV+.

Agents are being removed from the simulation...
s01148 is aged 29.898000000000106, whiteNH and is leaving the simulation.
s01587 is aged 29.983000000000107, whiteNH and is leaving the simulation.
s01746 is aged 29.98100000000011, whiteNH and is leaving the simulation.
s02029 is aged 29.993000000000105, whiteNH and is leaving the simulation.
s05161 is aged 29.993000000000105, blackNH and is leaving the simulation.
s05298 is aged 29.983000000000107, blackNH and is leaving the simulation.
s05587 is aged 29.993000000000105, blackNH and is leaving the simulation.
s05977 is aged 29.997000000000106, blackNH and is leaving the simulation.
s06112 is aged 29.992000000000107, blackNH and is leaving the simulation.
s06254 is aged 29.990000000000105, blackNH and is leaving the simulation.
s08014 is aged 29.991000000000106, hispanic and is leaving the simulation.
s08755 is aged 29.983000000000107, hispanic and is leaving the simulation.
s10428 is aged 29.987000000000105, otherNH and is leaving the simulation.
s11022 is aged 29.994000000000106, otherNH and is leaving the simulation.

Agents who have aged to a new age group are being updated...
s00138 is 21.018230769230875 and has aged to age group 21to29.
s01063 is 21.00323076923088 and has aged to age group 21to29.
s01355 is 21.013230769230876 and has aged to age group 21to29.
s01977 is 21.011230769230878 and has aged to age group 21to29.
s02585 is 21.018230769230875 and has aged to age group 21to29.
s03128 is 21.017230769230878 and has aged to age group 21to29.
s03273 is 21.015230769230875 and has aged to age group 21to29.
s05625 is 21.013230769230876 and has aged to age group 21to29.
s06122 is 21.001230769230876 and has aged to age group 21to29.
s06341 is 21.011230769230878 and has aged to age group 21to29.
s06779 is 21.006230769230875 and has aged to age group 21to29.
s06858 is 21.015230769230875 and has aged to age group 21to29.
s07275 is 21.013230769230876 and has aged to age group 21to29.
s07929 is 21.009230769230875 and has aged to age group 21to29.
s08227 is 21.010230769230876 and has aged to age group 21to29.
s08376 is 21.001230769230876 and has aged to age group 21to29.
s09001 is 21.012230769230875 and has aged to age group 21to29.
s09220 is 21.016230769230877 and has aged to age group 21to29.
s09955 is 21.00323076923088 and has aged to age group 21to29.

New agents are being added to the simulation...
s13887 is age 16.0 and blackNH and is entering the model
s13888 is age 16.0 and otherNH and is entering the model
s13889 is age 16.0 and whiteNH and is entering the model
s13890 is age 16.0 and otherNH and is entering the model
s13891 is age 16.0 and otherNH and is entering the model
s13892 is age 16.0 and blackNH and is entering the model
s13893 is age 16.0 and whiteNH and is entering the model
s13894 is age 16.0 and hispanic and is entering the model
s13895 is age 16.0 and blackNH and is entering the model
s13896 is age 16.0 and whiteNH and is entering the model
s13897 is age 16.0 and hispanic and is entering the model
s13898 is age 16.0 and hispanic and is entering the model
s13899 is age 16.0 and hispanic and is entering the model
s13900 is age 16.0 and blackNH and is entering the model

Agents are attending venues and using apps for week 132 in simulation...


Epidemic Simulation
----------------------------
Simulation: 1/1
Timestep: 132/3640
Prevalence: 1966
Population Size: 11734
----------------------------
The ages, hiv status, and relationship status for the agents are being updated...
s02640 is whiteNH, aged 25.484230769230876 in age group 21to29, with relationship status of 1 and is now HIV+.
s04655 is blackNH, aged 20.645230769230878 in age group 16to20, with relationship status of 0 and is now HIV+.
s06256 is blackNH, aged 24.813230769230877 in age group 21to29, with relationship status of 1 and is now HIV+.
s06434 is blackNH, aged 24.584230769230878 in age group 21to29, with relationship status of 1 and is now HIV+.
s07921 is hispanic, aged 24.481230769230876 in age group 16to20, with relationship status of 1 and is now HIV+.
s07949 is hispanic, aged 25.840230769230878 in age group 16to20, with relationship status of 0 and is now HIV+.
s08016 is hispanic, aged 22.589230769230877 in age group 21to29, with relationship status of 1 and is now HIV+.
s10867 is otherNH, aged 28.112230769230877 in age group 16to20, with relationship status of 1 and is now HIV+.

Agents are being removed from the simulation...
s00730 is aged 29.996230769230877, whiteNH and is leaving the simulation.
s00742 is aged 29.986230769230875, whiteNH and is leaving the simulation.
s01631 is aged 29.994230769230878, whiteNH and is leaving the simulation.
s01858 is aged 29.984230769230876, whiteNH and is leaving the simulation.
s02162 is aged 29.991230769230878, whiteNH and is leaving the simulation.
s02749 is aged 29.998230769230876, whiteNH and is leaving the simulation.
s03602 is aged 29.983230769230875, whiteNH and is leaving the simulation.
s04483 is aged 29.981230769230876, blackNH and is leaving the simulation.
s04589 is aged 29.985230769230878, blackNH and is leaving the simulation.
s05046 is aged 29.984230769230876, blackNH and is leaving the simulation.
s05645 is aged 29.981230769230876, blackNH and is leaving the simulation.
s06040 is aged 29.997230769230878, blackNH and is leaving the simulation.
s06763 is aged 29.981230769230876, blackNH and is leaving the simulation.
s06787 is aged 29.984230769230876, blackNH and is leaving the simulation.
s07162 is aged 29.996230769230877, hispanic and is leaving the simulation.
s07518 is aged 29.988230769230878, hispanic and is leaving the simulation.
s08573 is aged 29.986230769230875, hispanic and is leaving the simulation.
s09053 is aged 29.999230769230877, hispanic and is leaving the simulation.
s09175 is aged 29.993230769230877, hispanic and is leaving the simulation.
s09193 is aged 29.982230769230878, hispanic and is leaving the simulation.
s09978 is aged 29.992230769230876, hispanic and is leaving the simulation.

Agents who have aged to a new age group are being updated...
s00494 is 21.001461538461648 and has aged to age group 21to29.
s01623 is 21.005461538461645 and has aged to age group 21to29.
s01812 is 21.004461538461648 and has aged to age group 21to29.
s02505 is 21.002461538461645 and has aged to age group 21to29.
s02552 is 21.010461538461648 and has aged to age group 21to29.
s02645 is 21.006461538461647 and has aged to age group 21to29.
s02812 is 21.015461538461647 and has aged to age group 21to29.
s02830 is 21.000461538461646 and has aged to age group 21to29.
s02963 is 21.016461538461648 and has aged to age group 21to29.
s05331 is 21.007461538461648 and has aged to age group 21to29.
s05568 is 21.007461538461648 and has aged to age group 21to29.
s07391 is 21.006461538461647 and has aged to age group 21to29.
s08226 is 21.011461538461646 and has aged to age group 21to29.
s08713 is 21.006461538461647 and has aged to age group 21to29.
s09610 is 21.016461538461648 and has aged to age group 21to29.
s11074 is 21.017461538461646 and has aged to age group 21to29.

New agents are being added to the simulation...
s13901 is age 16.0 and blackNH and is entering the model
s13902 is age 16.0 and whiteNH and is entering the model
s13903 is age 16.0 and whiteNH and is entering the model
s13904 is age 16.0 and blackNH and is entering the model
s13905 is age 16.0 and hispanic and is entering the model
s13906 is age 16.0 and blackNH and is entering the model
s13907 is age 16.0 and blackNH and is entering the model
s13908 is age 16.0 and otherNH and is entering the model
s13909 is age 16.0 and otherNH and is entering the model
s13910 is age 16.0 and hispanic and is entering the model
s13911 is age 16.0 and hispanic and is entering the model
s13912 is age 16.0 and whiteNH and is entering the model

Agents are attending venues and using apps for week 133 in simulation...


Epidemic Simulation
----------------------------
Simulation: 1/1
Timestep: 133/3640
Prevalence: 1965
Population Size: 11725
----------------------------
The ages, hiv status, and relationship status for the agents are being updated...
s04244 is blackNH, aged 20.515461538461647 in age group 16to20, with relationship status of 0 and is now HIV+.
s13225 is hispanic, aged 16.769230769230802 in age group 16to20, with relationship status of 0 and is now HIV+.

Agents are being removed from the simulation...
s01254 is aged 29.993461538461645, whiteNH and is leaving the simulation.
s01543 is aged 29.992461538461647, whiteNH and is leaving the simulation.
s01562 is aged 29.994461538461646, whiteNH and is leaving the simulation.
s03541 is aged 29.997461538461646, whiteNH and is leaving the simulation.
s03896 is aged 29.992461538461647, blackNH and is leaving the simulation.
s04306 is aged 29.98746153846165, blackNH and is leaving the simulation.
s04824 is aged 29.991461538461646, blackNH and is leaving the simulation.
s04909 is aged 29.997461538461646, blackNH and is leaving the simulation.
s05226 is aged 29.995461538461647, blackNH and is leaving the simulation.
s05358 is aged 29.993461538461645, blackNH and is leaving the simulation.
s05705 is aged 29.989461538461647, blackNH and is leaving the simulation.
s08344 is aged 29.98746153846165, hispanic and is leaving the simulation.
s08549 is aged 29.993461538461645, hispanic and is leaving the simulation.
s08660 is aged 29.993461538461645, hispanic and is leaving the simulation.
s08949 is aged 29.985461538461646, hispanic and is leaving the simulation.
s10503 is aged 29.986461538461647, otherNH and is leaving the simulation.
s11067 is aged 29.985461538461646, otherNH and is leaving the simulation.
s11381 is aged 29.997461538461646, otherNH and is leaving the simulation.
s11424 is aged 29.993461538461645, otherNH and is leaving the simulation.
s11613 is aged 29.98746153846165, otherNH and is leaving the simulation.

Agents who have aged to a new age group are being updated...
s00108 is 21.002692307692417 and has aged to age group 21to29.
s00650 is 21.004692307692416 and has aged to age group 21to29.
s00696 is 21.00369230769242 and has aged to age group 21to29.
s01390 is 21.007692307692416 and has aged to age group 21to29.
s02366 is 21.018692307692415 and has aged to age group 21to29.
s03438 is 21.004692307692416 and has aged to age group 21to29.
s03906 is 21.00369230769242 and has aged to age group 21to29.
s04117 is 21.005692307692417 and has aged to age group 21to29.
s04200 is 21.00369230769242 and has aged to age group 21to29.
s05511 is 21.000692307692418 and has aged to age group 21to29.
s05932 is 21.002692307692417 and has aged to age group 21to29.
s07453 is 21.00969230769242 and has aged to age group 21to29.
s08577 is 21.007692307692416 and has aged to age group 21to29.
s09535 is 21.011692307692417 and has aged to age group 21to29.
s10224 is 21.008692307692417 and has aged to age group 21to29.

New agents are being added to the simulation...
s13913 is age 16.0 and whiteNH and is entering the model
s13914 is age 16.0 and whiteNH and is entering the model
s13915 is age 16.0 and hispanic and is entering the model
s13916 is age 16.0 and hispanic and is entering the model
s13917 is age 16.0 and blackNH and is entering the model
s13918 is age 16.0 and blackNH and is entering the model
s13919 is age 16.0 and whiteNH and is entering the model
s13920 is age 16.0 and hispanic and is entering the model
s13921 is age 16.0 and blackNH and is entering the model
s13922 is age 16.0 and hispanic and is entering the model
s13923 is age 16.0 and whiteNH and is entering the model
s13924 is age 16.0 and whiteNH and is entering the model
s13925 is age 16.0 and whiteNH and is entering the model
s13926 is age 16.0 and whiteNH and is entering the model
s13927 is age 16.0 and blackNH and is entering the model
s13928 is age 16.0 and hispanic and is entering the model
s13929 is age 16.0 and hispanic and is entering the model
s13930 is age 16.0 and whiteNH and is entering the model

Agents are attending venues and using apps for week 134 in simulation...


Epidemic Simulation
----------------------------
Simulation: 1/1
Timestep: 134/3640
Prevalence: 1967
Population Size: 11723
----------------------------
The ages, hiv status, and relationship status for the agents are being updated...
s00877 is whiteNH, aged 23.951692307692415 in age group 16to20, with relationship status of 1 and is now HIV+.
s02588 is whiteNH, aged 21.122692307692418 in age group 21to29, with relationship status of 1 and is now HIV+.
s02635 is whiteNH, aged 27.618692307692417 in age group 21to29, with relationship status of 0 and is now HIV+.
s04089 is blackNH, aged 18.971692307692418 in age group 16to20, with relationship status of 0 and is now HIV+.
s08607 is hispanic, aged 28.50369230769242 in age group 21to29, with relationship status of 0 and is now HIV+.
s12351 is blackNH, aged 17.769230769230845 in age group 16to20, with relationship status of 1 and is now HIV+.
s12972 is hispanic, aged 17.096153846153893 in age group 16to20, with relationship status of 1 and is now HIV+.
s12994 is hispanic, aged 17.076923076923123 in age group 16to20, with relationship status of 0 and is now HIV+.

Agents are being removed from the simulation...
s00178 is aged 29.987692307692416, whiteNH and is leaving the simulation.
s00692 is aged 29.994692307692418, whiteNH and is leaving the simulation.
s00896 is aged 29.987692307692416, whiteNH and is leaving the simulation.
s01447 is aged 29.981692307692416, whiteNH and is leaving the simulation.
s01520 is aged 29.991692307692418, whiteNH and is leaving the simulation.
s06085 is aged 29.992692307692415, blackNH and is leaving the simulation.
s06461 is aged 29.987692307692416, blackNH and is leaving the simulation.
s07079 is aged 29.995692307692416, hispanic and is leaving the simulation.
s07932 is aged 29.984692307692416, hispanic and is leaving the simulation.
s09475 is aged 29.998692307692416, hispanic and is leaving the simulation.
s09798 is aged 29.999692307692417, hispanic and is leaving the simulation.
s10534 is aged 29.998692307692416, otherNH and is leaving the simulation.
s10692 is aged 29.982692307692417, otherNH and is leaving the simulation.
s10787 is aged 29.998692307692416, otherNH and is leaving the simulation.
s10925 is aged 29.992692307692415, otherNH and is leaving the simulation.

Agents who have aged to a new age group are being updated...
s00479 is 21.018923076923187 and has aged to age group 21to29.
s00647 is 21.012923076923187 and has aged to age group 21to29.
s00687 is 21.015923076923187 and has aged to age group 21to29.
s01101 is 21.010923076923188 and has aged to age group 21to29.
s05333 is 21.008923076923185 and has aged to age group 21to29.
s05748 is 21.005923076923185 and has aged to age group 21to29.
s06541 is 21.003923076923186 and has aged to age group 21to29.
s06994 is 21.009923076923187 and has aged to age group 21to29.
s07577 is 21.003923076923186 and has aged to age group 21to29.
s09171 is 21.001923076923187 and has aged to age group 21to29.
s10031 is 21.014923076923186 and has aged to age group 21to29.
s10365 is 21.001923076923187 and has aged to age group 21to29.
s10636 is 21.012923076923187 and has aged to age group 21to29.
s10737 is 21.012923076923187 and has aged to age group 21to29.
s10865 is 21.006923076923186 and has aged to age group 21to29.
s11037 is 21.010923076923188 and has aged to age group 21to29.
s11186 is 21.015923076923187 and has aged to age group 21to29.
s11501 is 21.016923076923188 and has aged to age group 21to29.

New agents are being added to the simulation...
s13931 is age 16.0 and hispanic and is entering the model
s13932 is age 16.0 and whiteNH and is entering the model
s13933 is age 16.0 and whiteNH and is entering the model
s13934 is age 16.0 and hispanic and is entering the model
s13935 is age 16.0 and blackNH and is entering the model
s13936 is age 16.0 and blackNH and is entering the model
s13937 is age 16.0 and hispanic and is entering the model
s13938 is age 16.0 and hispanic and is entering the model
s13939 is age 16.0 and blackNH and is entering the model
s13940 is age 16.0 and whiteNH and is entering the model
s13941 is age 16.0 and hispanic and is entering the model
s13942 is age 16.0 and whiteNH and is entering the model

Agents are attending venues and using apps for week 135 in simulation...


Epidemic Simulation
----------------------------
Simulation: 1/1
Timestep: 135/3640
Prevalence: 1972
Population Size: 11720
----------------------------
The ages, hiv status, and relationship status for the agents are being updated...
s00073 is whiteNH, aged 21.323923076923187 in age group 21to29, with relationship status of 1 and is now HIV+.
s01333 is whiteNH, aged 23.875923076923186 in age group 16to20, with relationship status of 1 and is now HIV+.
s03951 is blackNH, aged 19.612923076923188 in age group 16to20, with relationship status of 0 and is now HIV+.
s04087 is blackNH, aged 20.074923076923188 in age group 16to20, with relationship status of 0 and is now HIV+.
s06982 is hispanic, aged 26.895923076923186 in age group 16to20, with relationship status of 1 and is now HIV+.
s12176 is hispanic, aged 18.000000000000085 in age group 16to20, with relationship status of 0 and is now HIV+.
s12747 is hispanic, aged 17.365384615384674 in age group 16to20, with relationship status of 0 and is now HIV+.

Agents are being removed from the simulation...
s01315 is aged 29.983923076923187, whiteNH and is leaving the simulation.
s01330 is aged 29.995923076923187, whiteNH and is leaving the simulation.
s01625 is aged 29.992923076923187, whiteNH and is leaving the simulation.
s02173 is aged 29.980923076923187, whiteNH and is leaving the simulation.
s02604 is aged 29.981923076923188, whiteNH and is leaving the simulation.
s03653 is aged 29.995923076923187, whiteNH and is leaving the simulation.
s03781 is aged 29.99392307692319, whiteNH and is leaving the simulation.
s04677 is aged 29.998923076923187, blackNH and is leaving the simulation.
s05076 is aged 29.983923076923187, blackNH and is leaving the simulation.
s05689 is aged 29.99392307692319, blackNH and is leaving the simulation.
s06725 is aged 29.983923076923187, blackNH and is leaving the simulation.
s07203 is aged 29.987923076923188, hispanic and is leaving the simulation.
s08162 is aged 29.99392307692319, hispanic and is leaving the simulation.
s09917 is aged 27.405923076923187, hispanic and is leaving the simulation.
s11406 is aged 29.997923076923186, otherNH and is leaving the simulation.

Agents who have aged to a new age group are being updated...
s01184 is 21.009153846153957 and has aged to age group 21to29.
s03100 is 21.014153846153956 and has aged to age group 21to29.
s04003 is 21.008153846153956 and has aged to age group 21to29.
s04388 is 21.01615384615396 and has aged to age group 21to29.
s04796 is 21.001153846153958 and has aged to age group 21to29.
s07205 is 21.01015384615396 and has aged to age group 21to29.
s09332 is 21.007153846153958 and has aged to age group 21to29.
s10669 is 21.002153846153956 and has aged to age group 21to29.
s11350 is 21.019153846153955 and has aged to age group 21to29.
s11356 is 21.015153846153957 and has aged to age group 21to29.
s11642 is 21.005153846153956 and has aged to age group 21to29.

New agents are being added to the simulation...
s13943 is age 16.0 and hispanic and is entering the model
s13944 is age 16.0 and hispanic and is entering the model
s13945 is age 16.0 and whiteNH and is entering the model
s13946 is age 16.0 and blackNH and is entering the model
s13947 is age 16.0 and whiteNH and is entering the model
s13948 is age 16.0 and hispanic and is entering the model
s13949 is age 16.0 and blackNH and is entering the model
s13950 is age 16.0 and whiteNH and is entering the model
s13951 is age 16.0 and whiteNH and is entering the model
s13952 is age 16.0 and whiteNH and is entering the model
s13953 is age 16.0 and blackNH and is entering the model
s13954 is age 16.0 and hispanic and is entering the model
s13955 is age 16.0 and whiteNH and is entering the model
s13956 is age 16.0 and whiteNH and is entering the model
s13957 is age 16.0 and hispanic and is entering the model
s13958 is age 16.0 and blackNH and is entering the model
s13959 is age 16.0 and hispanic and is entering the model
s13960 is age 16.0 and hispanic and is entering the model
s13961 is age 16.0 and hispanic and is entering the model

Agents are attending venues and using apps for week 136 in simulation...


Epidemic Simulation
----------------------------
Simulation: 1/1
Timestep: 136/3640
Prevalence: 1972
Population Size: 11724
----------------------------
The ages, hiv status, and relationship status for the agents are being updated...
s04128 is blackNH, aged 20.584153846153956 in age group 16to20, with relationship status of 0 and is now HIV+.
s04300 is blackNH, aged 19.029153846153957 in age group 16to20, with relationship status of 0 and is now HIV+.

Agents are being removed from the simulation...
s00506 is aged 29.991153846153956, whiteNH and is leaving the simulation.
s00998 is aged 29.995153846153958, whiteNH and is leaving the simulation.
s01504 is aged 29.999153846153956, whiteNH and is leaving the simulation.
s01755 is aged 29.989153846153958, whiteNH and is leaving the simulation.
s02126 is aged 29.993153846153955, whiteNH and is leaving the simulation.
s02809 is aged 29.987153846153955, whiteNH and is leaving the simulation.
s02991 is aged 29.997153846153957, whiteNH and is leaving the simulation.
s03332 is aged 29.985153846153956, whiteNH and is leaving the simulation.
s04467 is aged 29.985153846153956, blackNH and is leaving the simulation.
s06278 is aged 29.990153846153955, blackNH and is leaving the simulation.
s07029 is aged 29.993153846153955, hispanic and is leaving the simulation.
s07437 is aged 29.98115384615396, hispanic and is leaving the simulation.
s07956 is aged 25.661153846153958, hispanic and is leaving the simulation.
s08385 is aged 29.995153846153958, hispanic and is leaving the simulation.
s10389 is aged 29.999153846153956, hispanic and is leaving the simulation.
s10414 is aged 29.98415384615396, otherNH and is leaving the simulation.

Agents who have aged to a new age group are being updated...
s00006 is 21.009384615384725 and has aged to age group 21to29.
s00157 is 21.005384615384727 and has aged to age group 21to29.
s00252 is 21.007384615384726 and has aged to age group 21to29.
s02560 is 21.014384615384728 and has aged to age group 21to29.
s02826 is 21.006384615384725 and has aged to age group 21to29.
s03424 is 21.016384615384727 and has aged to age group 21to29.
s03915 is 21.012384615384725 and has aged to age group 21to29.
s04472 is 21.017384615384728 and has aged to age group 21to29.
s04838 is 21.007384615384726 and has aged to age group 21to29.
s04940 is 21.005384615384727 and has aged to age group 21to29.
s05242 is 21.014384615384728 and has aged to age group 21to29.
s05251 is 21.014384615384728 and has aged to age group 21to29.
s07196 is 21.008384615384728 and has aged to age group 21to29.
s09443 is 21.006384615384725 and has aged to age group 21to29.
s09944 is 21.010384615384726 and has aged to age group 21to29.
s10034 is 21.002384615384727 and has aged to age group 21to29.
s10091 is 21.002384615384727 and has aged to age group 21to29.

New agents are being added to the simulation...
s13962 is age 16.0 and hispanic and is entering the model
s13963 is age 16.0 and hispanic and is entering the model
s13964 is age 16.0 and whiteNH and is entering the model
s13965 is age 16.0 and hispanic and is entering the model
s13966 is age 16.0 and otherNH and is entering the model
s13967 is age 16.0 and whiteNH and is entering the model
s13968 is age 16.0 and hispanic and is entering the model
s13969 is age 16.0 and otherNH and is entering the model
s13970 is age 16.0 and whiteNH and is entering the model
s13971 is age 16.0 and whiteNH and is entering the model
s13972 is age 16.0 and blackNH and is entering the model
s13973 is age 16.0 and blackNH and is entering the model
s13974 is age 16.0 and hispanic and is entering the model

Agents are attending venues and using apps for week 137 in simulation...


Epidemic Simulation
----------------------------
Simulation: 1/1
Timestep: 137/3640
Prevalence: 1974
Population Size: 11721
----------------------------
The ages, hiv status, and relationship status for the agents are being updated...
s04188 is blackNH, aged 22.571384615384726 in age group 21to29, with relationship status of 0 and is now HIV+.
s05442 is blackNH, aged 24.380384615384727 in age group 21to29, with relationship status of 1 and is now HIV+.
s13820 is hispanic, aged 16.17307692307693 in age group 16to20, with relationship status of 0 and is now HIV+.

Agents are being removed from the simulation...
s01734 is aged 29.998384615384726, whiteNH and is leaving the simulation.
s02118 is aged 29.986384615384726, whiteNH and is leaving the simulation.
s02213 is aged 29.989384615384726, whiteNH and is leaving the simulation.
s04042 is aged 29.986384615384726, blackNH and is leaving the simulation.
s04145 is aged 29.988384615384728, blackNH and is leaving the simulation.
s04177 is aged 29.985384615384728, blackNH and is leaving the simulation.
s06246 is aged 29.986384615384726, blackNH and is leaving the simulation.
s06718 is aged 29.983384615384725, blackNH and is leaving the simulation.
s06972 is aged 29.990384615384727, hispanic and is leaving the simulation.
s07313 is aged 29.981384615384727, hispanic and is leaving the simulation.
s09201 is aged 29.984384615384727, hispanic and is leaving the simulation.
s10795 is aged 29.990384615384727, otherNH and is leaving the simulation.

Agents who have aged to a new age group are being updated...
s00939 is 21.000615384615497 and has aged to age group 21to29.
s01350 is 21.006615384615497 and has aged to age group 21to29.
s02572 is 21.011615384615496 and has aged to age group 21to29.
s03266 is 21.017615384615496 and has aged to age group 21to29.
s03911 is 21.004615384615498 and has aged to age group 21to29.
s04496 is 21.015615384615497 and has aged to age group 21to29.
s05221 is 21.001615384615498 and has aged to age group 21to29.
s05362 is 21.008615384615496 and has aged to age group 21to29.
s06322 is 21.008615384615496 and has aged to age group 21to29.
s08221 is 21.011615384615496 and has aged to age group 21to29.
s08458 is 21.011615384615496 and has aged to age group 21to29.
s09832 is 21.010615384615498 and has aged to age group 21to29.
s10020 is 21.007615384615498 and has aged to age group 21to29.
s11514 is 21.004615384615498 and has aged to age group 21to29.

New agents are being added to the simulation...
s13975 is age 16.0 and whiteNH and is entering the model
s13976 is age 16.0 and whiteNH and is entering the model
s13977 is age 16.0 and whiteNH and is entering the model
s13978 is age 16.0 and hispanic and is entering the model
s13979 is age 16.0 and whiteNH and is entering the model
s13980 is age 16.0 and otherNH and is entering the model
s13981 is age 16.0 and otherNH and is entering the model
s13982 is age 16.0 and hispanic and is entering the model
s13983 is age 16.0 and hispanic and is entering the model
s13984 is age 16.0 and hispanic and is entering the model
s13985 is age 16.0 and hispanic and is entering the model
s13986 is age 16.0 and whiteNH and is entering the model

Agents are attending venues and using apps for week 138 in simulation...


Epidemic Simulation
----------------------------
Simulation: 1/1
Timestep: 138/3640
Prevalence: 1973
Population Size: 11721
----------------------------
The ages, hiv status, and relationship status for the agents are being updated...
s00628 is whiteNH, aged 25.906615384615495 in age group 16to20, with relationship status of 1 and is now HIV+.
s01021 is whiteNH, aged 21.879615384615498 in age group 21to29, with relationship status of 0 and is now HIV+.
s05472 is blackNH, aged 22.461615384615495 in age group 21to29, with relationship status of 0 and is now HIV+.

Agents are being removed from the simulation...
s00321 is aged 29.991615384615496, whiteNH and is leaving the simulation.
s00422 is aged 29.998615384615498, whiteNH and is leaving the simulation.
s00713 is aged 29.992615384615497, whiteNH and is leaving the simulation.
s00786 is aged 29.991615384615496, whiteNH and is leaving the simulation.
s01856 is aged 29.992615384615497, whiteNH and is leaving the simulation.
s02095 is aged 29.9816153846155, whiteNH and is leaving the simulation.
s04533 is aged 29.994615384615496, blackNH and is leaving the simulation.
s05138 is aged 29.998615384615498, blackNH and is leaving the simulation.
s05235 is aged 29.997615384615496, blackNH and is leaving the simulation.
s05314 is aged 29.986615384615497, blackNH and is leaving the simulation.
s05754 is aged 29.996615384615495, blackNH and is leaving the simulation.
s06822 is aged 29.9936153846155, hispanic and is leaving the simulation.
s07093 is aged 29.999615384615495, hispanic and is leaving the simulation.
s07908 is aged 29.994615384615496, hispanic and is leaving the simulation.
s09671 is aged 29.9816153846155, hispanic and is leaving the simulation.

Agents who have aged to a new age group are being updated...
s00370 is 21.00984615384627 and has aged to age group 21to29.
s00536 is 21.014846153846268 and has aged to age group 21to29.
s01708 is 21.013846153846266 and has aged to age group 21to29.
s02925 is 21.010846153846266 and has aged to age group 21to29.
s04601 is 21.011846153846268 and has aged to age group 21to29.
s06827 is 21.015846153846265 and has aged to age group 21to29.
s07165 is 21.010846153846266 and has aged to age group 21to29.
s07631 is 21.018846153846265 and has aged to age group 21to29.
s08137 is 21.015846153846265 and has aged to age group 21to29.
s08762 is 21.002846153846267 and has aged to age group 21to29.
s09217 is 21.004846153846266 and has aged to age group 21to29.
s09649 is 21.00384615384627 and has aged to age group 21to29.
s10410 is 21.014846153846268 and has aged to age group 21to29.
s10502 is 21.018846153846265 and has aged to age group 21to29.
s11673 is 21.001846153846266 and has aged to age group 21to29.

New agents are being added to the simulation...
s13987 is age 16.0 and whiteNH and is entering the model
s13988 is age 16.0 and whiteNH and is entering the model
s13989 is age 16.0 and blackNH and is entering the model
s13990 is age 16.0 and hispanic and is entering the model
s13991 is age 16.0 and whiteNH and is entering the model
s13992 is age 16.0 and otherNH and is entering the model
s13993 is age 16.0 and hispanic and is entering the model
s13994 is age 16.0 and hispanic and is entering the model
s13995 is age 16.0 and whiteNH and is entering the model
s13996 is age 16.0 and hispanic and is entering the model
s13997 is age 16.0 and blackNH and is entering the model

Agents are attending venues and using apps for week 139 in simulation...


Epidemic Simulation
----------------------------
Simulation: 1/1
Timestep: 139/3640
Prevalence: 1973
Population Size: 11717
----------------------------
The ages, hiv status, and relationship status for the agents are being updated...
s01633 is whiteNH, aged 29.43684615384627 in age group 21to29, with relationship status of 1 and is now HIV+.
s02799 is whiteNH, aged 28.90784615384627 in age group 21to29, with relationship status of 1 and is now HIV+.
s04173 is blackNH, aged 28.505846153846267 in age group 16to20, with relationship status of 0 and is now HIV+.
s04786 is blackNH, aged 23.091846153846266 in age group 21to29, with relationship status of 1 and is now HIV+.
s05928 is blackNH, aged 29.077846153846266 in age group 21to29, with relationship status of 1 and is now HIV+.
s07362 is hispanic, aged 25.100846153846266 in age group 16to20, with relationship status of 0 and is now HIV+.

Agents are being removed from the simulation...
s01388 is aged 29.982846153846268, whiteNH and is leaving the simulation.
s02231 is aged 29.996846153846267, whiteNH and is leaving the simulation.
s03762 is aged 29.986846153846265, whiteNH and is leaving the simulation.
s04100 is aged 29.994846153846268, blackNH and is leaving the simulation.
s04299 is aged 29.999846153846267, blackNH and is leaving the simulation.
s06580 is aged 29.986846153846265, blackNH and is leaving the simulation.
s06710 is aged 29.993846153846267, blackNH and is leaving the simulation.
s06786 is aged 29.984846153846267, blackNH and is leaving the simulation.
s06913 is aged 29.999846153846267, hispanic and is leaving the simulation.
s08284 is aged 29.998846153846266, hispanic and is leaving the simulation.
s08458 is aged 21.030846153846266, hispanic and is leaving the simulation.
s08538 is aged 29.984846153846267, hispanic and is leaving the simulation.
s08972 is aged 29.985846153846268, hispanic and is leaving the simulation.
s09456 is aged 29.986846153846265, hispanic and is leaving the simulation.
s10180 is aged 29.987846153846267, hispanic and is leaving the simulation.

Agents who have aged to a new age group are being updated...
s00818 is 21.008076923077038 and has aged to age group 21to29.
s01811 is 21.004076923077037 and has aged to age group 21to29.
s02891 is 21.001076923077036 and has aged to age group 21to29.
s03000 is 21.001076923077036 and has aged to age group 21to29.
s03173 is 21.009076923077036 and has aged to age group 21to29.
s03630 is 21.011076923077038 and has aged to age group 21to29.
s03755 is 21.005076923077038 and has aged to age group 21to29.
s05012 is 21.018076923077036 and has aged to age group 21to29.
s05073 is 21.014076923077038 and has aged to age group 21to29.
s05270 is 21.004076923077037 and has aged to age group 21to29.
s05684 is 21.005076923077038 and has aged to age group 21to29.
s06324 is 21.018076923077036 and has aged to age group 21to29.
s06473 is 21.001076923077036 and has aged to age group 21to29.
s07054 is 21.016076923077037 and has aged to age group 21to29.
s07790 is 21.006076923077035 and has aged to age group 21to29.
s08624 is 21.015076923077036 and has aged to age group 21to29.
s09240 is 21.013076923077037 and has aged to age group 21to29.
s09534 is 21.00007692307704 and has aged to age group 21to29.
s10730 is 21.012076923077036 and has aged to age group 21to29.
s11354 is 21.009076923077036 and has aged to age group 21to29.
s11556 is 21.014076923077038 and has aged to age group 21to29.

New agents are being added to the simulation...
s13998 is age 16.0 and blackNH and is entering the model
s13999 is age 16.0 and whiteNH and is entering the model
s14000 is age 16.0 and hispanic and is entering the model
s14001 is age 16.0 and blackNH and is entering the model
s14002 is age 16.0 and blackNH and is entering the model
s14003 is age 16.0 and blackNH and is entering the model
s14004 is age 16.0 and blackNH and is entering the model
s14005 is age 16.0 and whiteNH and is entering the model
s14006 is age 16.0 and whiteNH and is entering the model
s14007 is age 16.0 and blackNH and is entering the model
s14008 is age 16.0 and whiteNH and is entering the model
s14009 is age 16.0 and hispanic and is entering the model
s14010 is age 16.0 and blackNH and is entering the model
s14011 is age 16.0 and blackNH and is entering the model
s14012 is age 16.0 and otherNH and is entering the model
s14013 is age 16.0 and hispanic and is entering the model
s14014 is age 16.0 and hispanic and is entering the model
s14015 is age 16.0 and otherNH and is entering the model
s14016 is age 16.0 and otherNH and is entering the model
s14017 is age 16.0 and blackNH and is entering the model
s14018 is age 16.0 and hispanic and is entering the model
s14019 is age 16.0 and whiteNH and is entering the model
s14020 is age 16.0 and blackNH and is entering the model

Agents are attending venues and using apps for week 140 in simulation...


Epidemic Simulation
----------------------------
Simulation: 1/1
Timestep: 140/3640
Prevalence: 1976
Population Size: 11725
----------------------------
The ages, hiv status, and relationship status for the agents are being updated...
s04305 is blackNH, aged 26.33107692307704 in age group 16to20, with relationship status of 0 and is now HIV+.
s05762 is blackNH, aged 28.415076923077038 in age group 21to29, with relationship status of 1 and is now HIV+.
s06101 is blackNH, aged 20.06107692307704 in age group 21to29, with relationship status of 0 and is now HIV+.
s06542 is blackNH, aged 28.36607692307704 in age group 21to29, with relationship status of 0 and is now HIV+.
s06860 is hispanic, aged 27.855076923077036 in age group 16to20, with relationship status of 0 and is now HIV+.
s06883 is hispanic, aged 21.987076923077037 in age group 21to29, with relationship status of 1 and is now HIV+.
s11802 is blackNH, aged 18.538461538461647 in age group 16to20, with relationship status of 1 and is now HIV+.
s13955 is whiteNH, aged 16.07692307692308 in age group 16to20, with relationship status of 0 and is now HIV+.

Agents are being removed from the simulation...
s01119 is aged 29.982076923077038, whiteNH and is leaving the simulation.
s01416 is aged 29.999076923077038, whiteNH and is leaving the simulation.
s02267 is aged 29.996076923077037, whiteNH and is leaving the simulation.
s02564 is aged 29.981076923077037, whiteNH and is leaving the simulation.
s02689 is aged 29.989076923077036, whiteNH and is leaving the simulation.
s03249 is aged 29.99707692307704, whiteNH and is leaving the simulation.
s03250 is aged 29.995076923077036, whiteNH and is leaving the simulation.
s03703 is aged 29.998076923077036, whiteNH and is leaving the simulation.
s05105 is aged 29.986076923077036, blackNH and is leaving the simulation.
s07303 is aged 29.99107692307704, hispanic and is leaving the simulation.
s07794 is aged 29.986076923077036, hispanic and is leaving the simulation.
s08511 is aged 29.993076923077037, hispanic and is leaving the simulation.
s08946 is aged 29.999076923077038, hispanic and is leaving the simulation.
s09111 is aged 29.996076923077037, hispanic and is leaving the simulation.
s09861 is aged 29.993076923077037, hispanic and is leaving the simulation.
s10164 is aged 29.99107692307704, hispanic and is leaving the simulation.
s10292 is aged 29.990076923077037, hispanic and is leaving the simulation.
s10482 is aged 29.98807692307704, otherNH and is leaving the simulation.
s10725 is aged 29.985076923077038, otherNH and is leaving the simulation.
s10775 is aged 29.981076923077037, otherNH and is leaving the simulation.
s11072 is aged 29.99107692307704, otherNH and is leaving the simulation.

Agents who have aged to a new age group are being updated...
s01497 is 21.011307692307806 and has aged to age group 21to29.
s01629 is 21.003307692307807 and has aged to age group 21to29.
s02421 is 21.017307692307806 and has aged to age group 21to29.
s02426 is 21.01030769230781 and has aged to age group 21to29.
s02623 is 21.014307692307806 and has aged to age group 21to29.
s02641 is 21.01330769230781 and has aged to age group 21to29.
s03303 is 21.009307692307807 and has aged to age group 21to29.
s04221 is 21.01030769230781 and has aged to age group 21to29.
s05157 is 21.015307692307807 and has aged to age group 21to29.
s06321 is 21.001307692307808 and has aged to age group 21to29.
s06384 is 21.01330769230781 and has aged to age group 21to29.
s08043 is 21.01630769230781 and has aged to age group 21to29.
s08855 is 21.01630769230781 and has aged to age group 21to29.
s08869 is 21.005307692307806 and has aged to age group 21to29.
s09544 is 21.017307692307806 and has aged to age group 21to29.
s09981 is 21.018307692307808 and has aged to age group 21to29.
s10100 is 21.003307692307807 and has aged to age group 21to29.
s10874 is 21.01330769230781 and has aged to age group 21to29.
s11034 is 21.014307692307806 and has aged to age group 21to29.

New agents are being added to the simulation...
s14021 is age 16.0 and otherNH and is entering the model
s14022 is age 16.0 and whiteNH and is entering the model
s14023 is age 16.0 and blackNH and is entering the model
s14024 is age 16.0 and whiteNH and is entering the model
s14025 is age 16.0 and blackNH and is entering the model
s14026 is age 16.0 and hispanic and is entering the model
s14027 is age 16.0 and otherNH and is entering the model
s14028 is age 16.0 and hispanic and is entering the model
s14029 is age 16.0 and whiteNH and is entering the model
s14030 is age 16.0 and otherNH and is entering the model
s14031 is age 16.0 and blackNH and is entering the model
s14032 is age 16.0 and hispanic and is entering the model
s14033 is age 16.0 and whiteNH and is entering the model
s14034 is age 16.0 and blackNH and is entering the model
s14035 is age 16.0 and hispanic and is entering the model
s14036 is age 16.0 and blackNH and is entering the model
s14037 is age 16.0 and whiteNH and is entering the model
s14038 is age 16.0 and whiteNH and is entering the model

Agents are attending venues and using apps for week 141 in simulation...


Epidemic Simulation
----------------------------
Simulation: 1/1
Timestep: 141/3640
Prevalence: 1982
Population Size: 11722
----------------------------
The ages, hiv status, and relationship status for the agents are being updated...
s03611 is whiteNH, aged 28.989307692307808 in age group 21to29, with relationship status of 0 and is now HIV+.
s05469 is blackNH, aged 29.639307692307806 in age group 21to29, with relationship status of 0 and is now HIV+.
s06861 is hispanic, aged 28.190307692307808 in age group 16to20, with relationship status of 0 and is now HIV+.
s08134 is hispanic, aged 28.503307692307807 in age group 21to29, with relationship status of 0 and is now HIV+.
s08756 is hispanic, aged 28.041307692307807 in age group 21to29, with relationship status of 0 and is now HIV+.
s12264 is blackNH, aged 18.000000000000085 in age group 16to20, with relationship status of 1 and is now HIV+.
s12285 is blackNH, aged 17.980769230769315 in age group 16to20, with relationship status of 1 and is now HIV+.
s13175 is hispanic, aged 17.000000000000043 in age group 16to20, with relationship status of 1 and is now HIV+.

Agents are being removed from the simulation...
s00642 is aged 22.061307692307807, whiteNH and is leaving the simulation.
s01453 is aged 29.990307692307805, whiteNH and is leaving the simulation.
s02015 is aged 29.983307692307807, whiteNH and is leaving the simulation.
s05403 is aged 29.98730769230781, blackNH and is leaving the simulation.
s05959 is aged 29.98430769230781, blackNH and is leaving the simulation.
s06390 is aged 29.991307692307807, blackNH and is leaving the simulation.
s06796 is aged 29.995307692307808, blackNH and is leaving the simulation.
s08190 is aged 29.993307692307805, hispanic and is leaving the simulation.
s08900 is aged 29.993307692307805, hispanic and is leaving the simulation.
s10266 is aged 29.983307692307807, hispanic and is leaving the simulation.
s10286 is aged 29.985307692307806, hispanic and is leaving the simulation.
s10509 is aged 29.98130769230781, otherNH and is leaving the simulation.
s11203 is aged 29.994307692307807, otherNH and is leaving the simulation.
s11426 is aged 29.995307692307808, otherNH and is leaving the simulation.
s11562 is aged 29.982307692307806, otherNH and is leaving the simulation.

Agents who have aged to a new age group are being updated...
s01106 is 21.010538461538577 and has aged to age group 21to29.
s01779 is 21.001538461538576 and has aged to age group 21to29.
s02163 is 21.016538461538577 and has aged to age group 21to29.
s02813 is 21.011538461538578 and has aged to age group 21to29.
s03695 is 21.014538461538578 and has aged to age group 21to29.
s05813 is 21.016538461538577 and has aged to age group 21to29.
s06086 is 21.017538461538578 and has aged to age group 21to29.
s06562 is 21.001538461538576 and has aged to age group 21to29.
s06925 is 21.00053846153858 and has aged to age group 21to29.
s06962 is 21.00053846153858 and has aged to age group 21to29.
s07751 is 21.013538461538577 and has aged to age group 21to29.
s07986 is 21.015538461538576 and has aged to age group 21to29.
s08682 is 21.005538461538578 and has aged to age group 21to29.
s09883 is 21.008538461538578 and has aged to age group 21to29.
s09900 is 21.00053846153858 and has aged to age group 21to29.
s10019 is 21.004538461538576 and has aged to age group 21to29.
s10024 is 21.005538461538578 and has aged to age group 21to29.
s10329 is 21.013538461538577 and has aged to age group 21to29.
s10764 is 21.018538461538576 and has aged to age group 21to29.
s11371 is 21.009538461538575 and has aged to age group 21to29.
s11648 is 21.008538461538578 and has aged to age group 21to29.

New agents are being added to the simulation...
s14039 is age 16.0 and blackNH and is entering the model
s14040 is age 16.0 and whiteNH and is entering the model
s14041 is age 16.0 and otherNH and is entering the model
s14042 is age 16.0 and whiteNH and is entering the model
s14043 is age 16.0 and hispanic and is entering the model
s14044 is age 16.0 and otherNH and is entering the model
s14045 is age 16.0 and hispanic and is entering the model
s14046 is age 16.0 and hispanic and is entering the model
s14047 is age 16.0 and otherNH and is entering the model
s14048 is age 16.0 and blackNH and is entering the model

Agents are attending venues and using apps for week 142 in simulation...


Epidemic Simulation
----------------------------
Simulation: 1/1
Timestep: 142/3640
Prevalence: 1981
Population Size: 11717
----------------------------
The ages, hiv status, and relationship status for the agents are being updated...
s03442 is whiteNH, aged 25.210538461538576 in age group 21to29, with relationship status of 1 and is now HIV+.
s07097 is hispanic, aged 25.239538461538576 in age group 16to20, with relationship status of 1 and is now HIV+.
s09076 is hispanic, aged 19.562538461538576 in age group 21to29, with relationship status of 0 and is now HIV+.

Agents are being removed from the simulation...
s00001 is aged 29.995538461538576, whiteNH and is leaving the simulation.
s01415 is aged 23.391538461538577, whiteNH and is leaving the simulation.
s02001 is aged 29.986538461538576, whiteNH and is leaving the simulation.
s02106 is aged 29.988538461538578, whiteNH and is leaving the simulation.
s03084 is aged 29.981538461538577, whiteNH and is leaving the simulation.
s03697 is aged 29.988538461538578, whiteNH and is leaving the simulation.
s03941 is aged 29.989538461538576, blackNH and is leaving the simulation.
s04782 is aged 29.986538461538576, blackNH and is leaving the simulation.
s04989 is aged 29.992538461538576, blackNH and is leaving the simulation.
s05529 is aged 29.989538461538576, blackNH and is leaving the simulation.
s05576 is aged 29.995538461538576, blackNH and is leaving the simulation.
s06078 is aged 29.986538461538576, blackNH and is leaving the simulation.
s06677 is aged 29.981538461538577, blackNH and is leaving the simulation.
s07460 is aged 29.99153846153858, hispanic and is leaving the simulation.
s07607 is aged 29.993538461538577, hispanic and is leaving the simulation.
s09348 is aged 29.998538461538576, hispanic and is leaving the simulation.
s10207 is aged 29.986538461538576, hispanic and is leaving the simulation.
s10987 is aged 29.985538461538578, otherNH and is leaving the simulation.

Agents who have aged to a new age group are being updated...
s00740 is 21.011769230769346 and has aged to age group 21to29.
s01239 is 21.017769230769346 and has aged to age group 21to29.
s01444 is 21.009769230769347 and has aged to age group 21to29.
s01883 is 21.001769230769348 and has aged to age group 21to29.
s02203 is 21.015769230769347 and has aged to age group 21to29.
s02238 is 21.009769230769347 and has aged to age group 21to29.
s02791 is 21.014769230769346 and has aged to age group 21to29.
s03361 is 21.018769230769347 and has aged to age group 21to29.
s03383 is 21.011769230769346 and has aged to age group 21to29.
s04479 is 21.002769230769346 and has aged to age group 21to29.
s04519 is 21.011769230769346 and has aged to age group 21to29.
s05139 is 21.004769230769348 and has aged to age group 21to29.
s05618 is 21.012769230769347 and has aged to age group 21to29.
s05639 is 21.001769230769348 and has aged to age group 21to29.
s06000 is 21.002769230769346 and has aged to age group 21to29.
s06242 is 21.008769230769346 and has aged to age group 21to29.
s08111 is 21.001769230769348 and has aged to age group 21to29.
s08799 is 21.006769230769347 and has aged to age group 21to29.
s08861 is 21.018769230769347 and has aged to age group 21to29.
s09221 is 21.011769230769346 and has aged to age group 21to29.
s09369 is 21.000769230769347 and has aged to age group 21to29.
s09668 is 21.01676923076935 and has aged to age group 21to29.
s09741 is 21.011769230769346 and has aged to age group 21to29.

New agents are being added to the simulation...
s14049 is age 16.0 and hispanic and is entering the model
s14050 is age 16.0 and whiteNH and is entering the model
s14051 is age 16.0 and whiteNH and is entering the model
s14052 is age 16.0 and whiteNH and is entering the model
s14053 is age 16.0 and blackNH and is entering the model
s14054 is age 16.0 and hispanic and is entering the model
s14055 is age 16.0 and blackNH and is entering the model
s14056 is age 16.0 and whiteNH and is entering the model
s14057 is age 16.0 and hispanic and is entering the model
s14058 is age 16.0 and otherNH and is entering the model
s14059 is age 16.0 and hispanic and is entering the model
s14060 is age 16.0 and whiteNH and is entering the model
s14061 is age 16.0 and whiteNH and is entering the model
s14062 is age 16.0 and blackNH and is entering the model
s14063 is age 16.0 and hispanic and is entering the model
s14064 is age 16.0 and blackNH and is entering the model

Agents are attending venues and using apps for week 143 in simulation...


Epidemic Simulation
----------------------------
Simulation: 1/1
Timestep: 143/3640
Prevalence: 1979
Population Size: 11715
----------------------------
The ages, hiv status, and relationship status for the agents are being updated...
s09449 is hispanic, aged 28.860769230769346 in age group 21to29, with relationship status of 1 and is now HIV+.
s12712 is blackNH, aged 17.557692307692374 in age group 16to20, with relationship status of 0 and is now HIV+.
s13821 is blackNH, aged 16.28846153846155 in age group 16to20, with relationship status of 1 and is now HIV+.

Agents are being removed from the simulation...
s01245 is aged 29.991769230769346, whiteNH and is leaving the simulation.
s01729 is aged 29.98776923076935, whiteNH and is leaving the simulation.
s02565 is aged 29.980769230769347, whiteNH and is leaving the simulation.
s04568 is aged 29.995769230769348, blackNH and is leaving the simulation.
s05147 is aged 29.998769230769348, blackNH and is leaving the simulation.
s06109 is aged 29.988769230769346, blackNH and is leaving the simulation.
s08017 is aged 29.994769230769347, hispanic and is leaving the simulation.
s08664 is aged 29.989769230769348, hispanic and is leaving the simulation.
s09457 is aged 29.985769230769346, hispanic and is leaving the simulation.
s09783 is aged 29.997769230769347, hispanic and is leaving the simulation.
s09839 is aged 29.989769230769348, hispanic and is leaving the simulation.
s09846 is aged 29.983769230769347, hispanic and is leaving the simulation.
s10497 is aged 29.991769230769346, otherNH and is leaving the simulation.

Agents who have aged to a new age group are being updated...
s00830 is 21.012000000000118 and has aged to age group 21to29.
s01389 is 21.006000000000117 and has aged to age group 21to29.
s02413 is 21.01300000000012 and has aged to age group 21to29.
s03420 is 21.01300000000012 and has aged to age group 21to29.
s04620 is 21.017000000000117 and has aged to age group 21to29.
s05730 is 21.006000000000117 and has aged to age group 21to29.
s05817 is 21.006000000000117 and has aged to age group 21to29.
s05831 is 21.015000000000118 and has aged to age group 21to29.
s05893 is 21.003000000000117 and has aged to age group 21to29.
s06781 is 21.000000000000117 and has aged to age group 21to29.
s06897 is 21.018000000000118 and has aged to age group 21to29.
s07902 is 21.016000000000115 and has aged to age group 21to29.
s08151 is 21.016000000000115 and has aged to age group 21to29.
s08654 is 21.005000000000116 and has aged to age group 21to29.
s09722 is 21.015000000000118 and has aged to age group 21to29.
s10135 is 21.00100000000012 and has aged to age group 21to29.
s10320 is 21.00100000000012 and has aged to age group 21to29.
s10492 is 21.017000000000117 and has aged to age group 21to29.
s10646 is 21.016000000000115 and has aged to age group 21to29.
s11206 is 21.009000000000118 and has aged to age group 21to29.

New agents are being added to the simulation...
s14065 is age 16.0 and hispanic and is entering the model
s14066 is age 16.0 and hispanic and is entering the model
s14067 is age 16.0 and blackNH and is entering the model
s14068 is age 16.0 and otherNH and is entering the model
s14069 is age 16.0 and whiteNH and is entering the model
s14070 is age 16.0 and blackNH and is entering the model
s14071 is age 16.0 and hispanic and is entering the model
s14072 is age 16.0 and whiteNH and is entering the model
s14073 is age 16.0 and blackNH and is entering the model
s14074 is age 16.0 and whiteNH and is entering the model
s14075 is age 16.0 and whiteNH and is entering the model
s14076 is age 16.0 and hispanic and is entering the model
s14077 is age 16.0 and whiteNH and is entering the model
s14078 is age 16.0 and whiteNH and is entering the model
s14079 is age 16.0 and hispanic and is entering the model

Agents are attending venues and using apps for week 144 in simulation...


Epidemic Simulation
----------------------------
Simulation: 1/1
Timestep: 144/3640
Prevalence: 1981
Population Size: 11717
----------------------------
The ages, hiv status, and relationship status for the agents are being updated...
s04193 is blackNH, aged 20.977000000000118 in age group 16to20, with relationship status of 1 and is now HIV+.
s10972 is otherNH, aged 29.198000000000118 in age group 21to29, with relationship status of 1 and is now HIV+.
s12046 is blackNH, aged 18.307692307692406 in age group 16to20, with relationship status of 0 and is now HIV+.
s13492 is blackNH, aged 16.692307692307722 in age group 16to20, with relationship status of 1 and is now HIV+.

Agents are being removed from the simulation...
s00472 is aged 29.990000000000116, whiteNH and is leaving the simulation.
s00942 is aged 29.99500000000012, whiteNH and is leaving the simulation.
s01217 is aged 29.991000000000117, whiteNH and is leaving the simulation.
s01441 is aged 29.997000000000117, whiteNH and is leaving the simulation.
s02193 is aged 29.98100000000012, whiteNH and is leaving the simulation.
s02399 is aged 29.985000000000117, whiteNH and is leaving the simulation.
s02768 is aged 29.985000000000117, whiteNH and is leaving the simulation.
s05029 is aged 29.988000000000117, blackNH and is leaving the simulation.
s05328 is aged 29.999000000000116, blackNH and is leaving the simulation.
s05616 is aged 29.988000000000117, blackNH and is leaving the simulation.
s06039 is aged 29.992000000000118, blackNH and is leaving the simulation.
s06123 is aged 29.997000000000117, blackNH and is leaving the simulation.
s07155 is aged 29.992000000000118, hispanic and is leaving the simulation.
s07897 is aged 29.985000000000117, hispanic and is leaving the simulation.
s08269 is aged 29.993000000000116, hispanic and is leaving the simulation.
s08980 is aged 29.999000000000116, hispanic and is leaving the simulation.
s09421 is aged 29.982000000000117, hispanic and is leaving the simulation.
s10655 is aged 29.982000000000117, otherNH and is leaving the simulation.
s10670 is aged 29.991000000000117, otherNH and is leaving the simulation.
s11604 is aged 29.98100000000012, otherNH and is leaving the simulation.

Agents who have aged to a new age group are being updated...
s00195 is 21.018230769230886 and has aged to age group 21to29.
s00770 is 21.005230769230888 and has aged to age group 21to29.
s01042 is 21.01723076923089 and has aged to age group 21to29.
s01109 is 21.018230769230886 and has aged to age group 21to29.
s01300 is 21.010230769230887 and has aged to age group 21to29.
s01509 is 21.018230769230886 and has aged to age group 21to29.
s02023 is 21.013230769230887 and has aged to age group 21to29.
s02887 is 21.00323076923089 and has aged to age group 21to29.
s03092 is 21.002230769230888 and has aged to age group 21to29.
s03566 is 21.018230769230886 and has aged to age group 21to29.
s05986 is 21.005230769230888 and has aged to age group 21to29.
s06303 is 21.009230769230886 and has aged to age group 21to29.
s07941 is 21.018230769230886 and has aged to age group 21to29.
s08371 is 21.013230769230887 and has aged to age group 21to29.
s08471 is 21.010230769230887 and has aged to age group 21to29.
s09840 is 21.013230769230887 and has aged to age group 21to29.

New agents are being added to the simulation...
s14080 is age 16.0 and hispanic and is entering the model
s14081 is age 16.0 and blackNH and is entering the model
s14082 is age 16.0 and whiteNH and is entering the model
s14083 is age 16.0 and whiteNH and is entering the model
s14084 is age 16.0 and whiteNH and is entering the model
s14085 is age 16.0 and otherNH and is entering the model
s14086 is age 16.0 and whiteNH and is entering the model
s14087 is age 16.0 and otherNH and is entering the model
s14088 is age 16.0 and blackNH and is entering the model
s14089 is age 16.0 and whiteNH and is entering the model
s14090 is age 16.0 and blackNH and is entering the model
s14091 is age 16.0 and whiteNH and is entering the model
s14092 is age 16.0 and hispanic and is entering the model
s14093 is age 16.0 and hispanic and is entering the model
s14094 is age 16.0 and hispanic and is entering the model
s14095 is age 16.0 and hispanic and is entering the model
s14096 is age 16.0 and hispanic and is entering the model
s14097 is age 16.0 and hispanic and is entering the model
s14098 is age 16.0 and otherNH and is entering the model

Agents are attending venues and using apps for week 145 in simulation...


Epidemic Simulation
----------------------------
Simulation: 1/1
Timestep: 145/3640
Prevalence: 1985
Population Size: 11716
----------------------------
The ages, hiv status, and relationship status for the agents are being updated...
s00256 is whiteNH, aged 29.480230769230886 in age group 16to20, with relationship status of 1 and is now HIV+.
s05384 is blackNH, aged 19.118230769230887 in age group 21to29, with relationship status of 1 and is now HIV+.
s06095 is blackNH, aged 27.205230769230887 in age group 21to29, with relationship status of 0 and is now HIV+.
s06472 is blackNH, aged 28.202230769230887 in age group 21to29, with relationship status of 1 and is now HIV+.
s06729 is blackNH, aged 28.105230769230886 in age group 21to29, with relationship status of 0 and is now HIV+.
s08723 is hispanic, aged 23.556230769230886 in age group 21to29, with relationship status of 0 and is now HIV+.
s09112 is hispanic, aged 19.617230769230886 in age group 21to29, with relationship status of 0 and is now HIV+.
s10178 is hispanic, aged 19.429230769230887 in age group 21to29, with relationship status of 0 and is now HIV+.
s12375 is blackNH, aged 17.961538461538545 in age group 16to20, with relationship status of 0 and is now HIV+.

Agents are being removed from the simulation...
s00246 is aged 29.984230769230887, whiteNH and is leaving the simulation.
s01608 is aged 29.98223076923089, whiteNH and is leaving the simulation.
s02035 is aged 29.99723076923089, whiteNH and is leaving the simulation.
s02157 is aged 29.992230769230886, whiteNH and is leaving the simulation.
s02362 is aged 29.986230769230886, whiteNH and is leaving the simulation.
s03372 is aged 29.983230769230886, whiteNH and is leaving the simulation.
s03453 is aged 29.986230769230886, whiteNH and is leaving the simulation.
s04055 is aged 29.984230769230887, blackNH and is leaving the simulation.
s07156 is aged 29.99123076923089, hispanic and is leaving the simulation.
s07535 is aged 29.992230769230886, hispanic and is leaving the simulation.
s07658 is aged 29.984230769230887, hispanic and is leaving the simulation.
s07853 is aged 20.970230769230888, hispanic and is leaving the simulation.
s08666 is aged 29.999230769230888, hispanic and is leaving the simulation.
s09757 is aged 29.99723076923089, hispanic and is leaving the simulation.
s10027 is aged 29.98523076923089, hispanic and is leaving the simulation.
s10306 is aged 27.009230769230886, hispanic and is leaving the simulation.
s10316 is aged 29.98223076923089, hispanic and is leaving the simulation.
s10650 is aged 29.98223076923089, otherNH and is leaving the simulation.
s11688 is aged 29.98223076923089, otherNH and is leaving the simulation.

Agents who have aged to a new age group are being updated...
s00113 is 21.00446153846166 and has aged to age group 21to29.
s00714 is 21.018461538461658 and has aged to age group 21to29.
s01363 is 21.011461538461656 and has aged to age group 21to29.
s02657 is 21.012461538461658 and has aged to age group 21to29.
s03144 is 21.000461538461657 and has aged to age group 21to29.
s03274 is 21.00746153846166 and has aged to age group 21to29.
s03580 is 21.011461538461656 and has aged to age group 21to29.
s03731 is 21.015461538461658 and has aged to age group 21to29.
s04193 is 21.015461538461658 and has aged to age group 21to29.
s05593 is 21.003461538461657 and has aged to age group 21to29.
s06240 is 21.00146153846166 and has aged to age group 21to29.
s06905 is 21.006461538461657 and has aged to age group 21to29.
s07124 is 21.017461538461657 and has aged to age group 21to29.
s07389 is 21.01046153846166 and has aged to age group 21to29.
s08051 is 21.01646153846166 and has aged to age group 21to29.
s08219 is 21.009461538461657 and has aged to age group 21to29.
s08258 is 21.00446153846166 and has aged to age group 21to29.
s08794 is 21.012461538461658 and has aged to age group 21to29.
s11527 is 21.003461538461657 and has aged to age group 21to29.

New agents are being added to the simulation...
s14099 is age 16.0 and whiteNH and is entering the model
s14100 is age 16.0 and otherNH and is entering the model
s14101 is age 16.0 and blackNH and is entering the model
s14102 is age 16.0 and whiteNH and is entering the model
s14103 is age 16.0 and blackNH and is entering the model
s14104 is age 16.0 and blackNH and is entering the model
s14105 is age 16.0 and hispanic and is entering the model
s14106 is age 16.0 and hispanic and is entering the model
s14107 is age 16.0 and hispanic and is entering the model
s14108 is age 16.0 and blackNH and is entering the model
s14109 is age 16.0 and hispanic and is entering the model
s14110 is age 16.0 and hispanic and is entering the model
s14111 is age 16.0 and whiteNH and is entering the model
s14112 is age 16.0 and whiteNH and is entering the model
s14113 is age 16.0 and otherNH and is entering the model
s14114 is age 16.0 and whiteNH and is entering the model
s14115 is age 16.0 and blackNH and is entering the model
s14116 is age 16.0 and blackNH and is entering the model
s14117 is age 16.0 and whiteNH and is entering the model
s14118 is age 16.0 and hispanic and is entering the model

Agents are attending venues and using apps for week 146 in simulation...


Epidemic Simulation
----------------------------
Simulation: 1/1
Timestep: 146/3640
Prevalence: 1982
Population Size: 11717
----------------------------
The ages, hiv status, and relationship status for the agents are being updated...
s08366 is hispanic, aged 18.89446153846166 in age group 21to29, with relationship status of 0 and is now HIV+.
s11001 is otherNH, aged 29.70846153846166 in age group 21to29, with relationship status of 0 and is now HIV+.

Agents are being removed from the simulation...
s00822 is aged 29.999461538461656, whiteNH and is leaving the simulation.
s01060 is aged 29.995461538461658, whiteNH and is leaving the simulation.
s01602 is aged 29.988461538461657, whiteNH and is leaving the simulation.
s01836 is aged 29.995461538461658, whiteNH and is leaving the simulation.
s02717 is aged 29.994461538461657, whiteNH and is leaving the simulation.
s02761 is aged 29.991461538461657, whiteNH and is leaving the simulation.
s02834 is aged 29.98146153846166, whiteNH and is leaving the simulation.
s03151 is aged 29.985461538461657, whiteNH and is leaving the simulation.
s03997 is aged 29.98446153846166, blackNH and is leaving the simulation.
s06983 is aged 29.992461538461658, hispanic and is leaving the simulation.
s07846 is aged 29.996461538461656, hispanic and is leaving the simulation.
s09692 is aged 29.989461538461658, hispanic and is leaving the simulation.
s10579 is aged 29.98146153846166, otherNH and is leaving the simulation.
s11005 is aged 29.982461538461656, otherNH and is leaving the simulation.
s11197 is aged 29.993461538461656, otherNH and is leaving the simulation.
s11593 is aged 29.98446153846166, otherNH and is leaving the simulation.
s14052 is aged 16.05769230769231, whiteNH and is leaving the simulation.

Agents who have aged to a new age group are being updated...
s00778 is 21.015692307692426 and has aged to age group 21to29.
s03485 is 21.013692307692427 and has aged to age group 21to29.
s05210 is 21.01769230769243 and has aged to age group 21to29.
s05605 is 21.001692307692426 and has aged to age group 21to29.
s09029 is 21.011692307692428 and has aged to age group 21to29.
s09908 is 21.01769230769243 and has aged to age group 21to29.
s10075 is 21.004692307692427 and has aged to age group 21to29.
s10433 is 21.018692307692426 and has aged to age group 21to29.
s10760 is 21.010692307692427 and has aged to age group 21to29.
s10954 is 21.012692307692426 and has aged to age group 21to29.
s10958 is 21.008692307692428 and has aged to age group 21to29.

New agents are being added to the simulation...
s14119 is age 16.0 and whiteNH and is entering the model
s14120 is age 16.0 and hispanic and is entering the model
s14121 is age 16.0 and hispanic and is entering the model
s14122 is age 16.0 and hispanic and is entering the model
s14123 is age 16.0 and blackNH and is entering the model
s14124 is age 16.0 and whiteNH and is entering the model
s14125 is age 16.0 and whiteNH and is entering the model
s14126 is age 16.0 and blackNH and is entering the model
s14127 is age 16.0 and whiteNH and is entering the model
s14128 is age 16.0 and otherNH and is entering the model
s14129 is age 16.0 and hispanic and is entering the model
s14130 is age 16.0 and hispanic and is entering the model
s14131 is age 16.0 and hispanic and is entering the model
s14132 is age 16.0 and blackNH and is entering the model
s14133 is age 16.0 and otherNH and is entering the model
s14134 is age 16.0 and hispanic and is entering the model
s14135 is age 16.0 and otherNH and is entering the model
s14136 is age 16.0 and blackNH and is entering the model
s14137 is age 16.0 and otherNH and is entering the model
s14138 is age 16.0 and whiteNH and is entering the model
s14139 is age 16.0 and whiteNH and is entering the model
s14140 is age 16.0 and hispanic and is entering the model
s14141 is age 16.0 and whiteNH and is entering the model
s14142 is age 16.0 and blackNH and is entering the model
s14143 is age 16.0 and hispanic and is entering the model

Agents are attending venues and using apps for week 147 in simulation...


Epidemic Simulation
----------------------------
Simulation: 1/1
Timestep: 147/3640
Prevalence: 1981
Population Size: 11725
----------------------------
The ages, hiv status, and relationship status for the agents are being updated...
s05781 is blackNH, aged 23.650692307692427 in age group 21to29, with relationship status of 1 and is now HIV+.
s06490 is blackNH, aged 27.406692307692428 in age group 21to29, with relationship status of 1 and is now HIV+.

Agents are being removed from the simulation...
s01297 is aged 29.98869230769243, whiteNH and is leaving the simulation.
s01796 is aged 29.993692307692427, whiteNH and is leaving the simulation.
s02997 is aged 29.990692307692427, whiteNH and is leaving the simulation.
s03622 is aged 29.990692307692427, whiteNH and is leaving the simulation.
s04318 is aged 29.99769230769243, blackNH and is leaving the simulation.
s04556 is aged 29.99469230769243, blackNH and is leaving the simulation.
s05376 is aged 29.989692307692426, blackNH and is leaving the simulation.
s06520 is aged 29.996692307692427, blackNH and is leaving the simulation.
s06679 is aged 29.999692307692428, blackNH and is leaving the simulation.
s07526 is aged 29.996692307692427, hispanic and is leaving the simulation.
s07857 is aged 29.98869230769243, hispanic and is leaving the simulation.
s09257 is aged 29.99769230769243, hispanic and is leaving the simulation.
s10227 is aged 29.982692307692428, hispanic and is leaving the simulation.
s10408 is aged 29.985692307692428, hispanic and is leaving the simulation.
s11587 is aged 29.99169230769243, otherNH and is leaving the simulation.

Agents who have aged to a new age group are being updated...
s02147 is 21.0139230769232 and has aged to age group 21to29.
s03557 is 21.012923076923197 and has aged to age group 21to29.
s03563 is 21.017923076923196 and has aged to age group 21to29.
s03582 is 21.003923076923197 and has aged to age group 21to29.
s04550 is 21.0169230769232 and has aged to age group 21to29.
s04647 is 21.015923076923197 and has aged to age group 21to29.
s04769 is 21.003923076923197 and has aged to age group 21to29.
s05083 is 21.0079230769232 and has aged to age group 21to29.
s05319 is 21.011923076923196 and has aged to age group 21to29.
s06088 is 21.003923076923197 and has aged to age group 21to29.
s06669 is 21.003923076923197 and has aged to age group 21to29.
s08168 is 21.0049230769232 and has aged to age group 21to29.

New agents are being added to the simulation...
s14144 is age 16.0 and whiteNH and is entering the model
s14145 is age 16.0 and whiteNH and is entering the model
s14146 is age 16.0 and hispanic and is entering the model
s14147 is age 16.0 and blackNH and is entering the model
s14148 is age 16.0 and whiteNH and is entering the model
s14149 is age 16.0 and blackNH and is entering the model
s14150 is age 16.0 and hispanic and is entering the model
s14151 is age 16.0 and whiteNH and is entering the model
s14152 is age 16.0 and hispanic and is entering the model
s14153 is age 16.0 and otherNH and is entering the model
s14154 is age 16.0 and blackNH and is entering the model
s14155 is age 16.0 and hispanic and is entering the model
s14156 is age 16.0 and hispanic and is entering the model
s14157 is age 16.0 and whiteNH and is entering the model
s14158 is age 16.0 and whiteNH and is entering the model
s14159 is age 16.0 and whiteNH and is entering the model

Agents are attending venues and using apps for week 148 in simulation...


Epidemic Simulation
----------------------------
Simulation: 1/1
Timestep: 148/3640
Prevalence: 1981
Population Size: 11726
----------------------------
The ages, hiv status, and relationship status for the agents are being updated...
s00936 is whiteNH, aged 19.482923076923196 in age group 16to20, with relationship status of 1 and is now HIV+.
s02321 is whiteNH, aged 28.137923076923197 in age group 21to29, with relationship status of 1 and is now HIV+.
s03964 is blackNH, aged 21.3889230769232 in age group 21to29, with relationship status of 0 and is now HIV+.
s04311 is blackNH, aged 24.373923076923198 in age group 16to20, with relationship status of 0 and is now HIV+.

Agents are being removed from the simulation...
s00386 is aged 29.998923076923198, whiteNH and is leaving the simulation.
s00630 is aged 29.995923076923198, whiteNH and is leaving the simulation.
s02244 is aged 29.991923076923197, whiteNH and is leaving the simulation.
s02860 is aged 29.989923076923198, whiteNH and is leaving the simulation.
s07184 is aged 29.997923076923197, hispanic and is leaving the simulation.
s07324 is aged 29.999923076923196, hispanic and is leaving the simulation.
s07429 is aged 29.995923076923198, hispanic and is leaving the simulation.
s07678 is aged 29.995923076923198, hispanic and is leaving the simulation.
s08228 is aged 29.982923076923196, hispanic and is leaving the simulation.
s08365 is aged 29.9909230769232, hispanic and is leaving the simulation.
s09681 is aged 29.998923076923198, hispanic and is leaving the simulation.
s10211 is aged 29.999923076923196, hispanic and is leaving the simulation.
s11533 is aged 29.999923076923196, otherNH and is leaving the simulation.
s11585 is aged 29.9969230769232, otherNH and is leaving the simulation.

Agents who have aged to a new age group are being updated...
s00098 is 21.017153846153967 and has aged to age group 21to29.
s01190 is 21.018153846153968 and has aged to age group 21to29.
s01822 is 21.01015384615397 and has aged to age group 21to29.
s01893 is 21.011153846153967 and has aged to age group 21to29.
s02219 is 21.006153846153968 and has aged to age group 21to29.
s02620 is 21.012153846153968 and has aged to age group 21to29.
s02920 is 21.01615384615397 and has aged to age group 21to29.
s02994 is 21.017153846153967 and has aged to age group 21to29.
s04705 is 21.011153846153967 and has aged to age group 21to29.
s05193 is 21.00715384615397 and has aged to age group 21to29.
s06712 is 21.009153846153968 and has aged to age group 21to29.
s06749 is 21.00715384615397 and has aged to age group 21to29.
s08444 is 21.008153846153967 and has aged to age group 21to29.
s08821 is 21.002153846153966 and has aged to age group 21to29.
s09247 is 21.01015384615397 and has aged to age group 21to29.
s10472 is 21.01315384615397 and has aged to age group 21to29.
s10828 is 21.019153846153966 and has aged to age group 21to29.
s11166 is 21.011153846153967 and has aged to age group 21to29.
s11239 is 21.01315384615397 and has aged to age group 21to29.
s11607 is 21.018153846153968 and has aged to age group 21to29.

New agents are being added to the simulation...
s14160 is age 16.0 and otherNH and is entering the model
s14161 is age 16.0 and whiteNH and is entering the model
s14162 is age 16.0 and whiteNH and is entering the model
s14163 is age 16.0 and blackNH and is entering the model
s14164 is age 16.0 and blackNH and is entering the model
s14165 is age 16.0 and whiteNH and is entering the model
s14166 is age 16.0 and blackNH and is entering the model
s14167 is age 16.0 and blackNH and is entering the model
s14168 is age 16.0 and blackNH and is entering the model
s14169 is age 16.0 and hispanic and is entering the model
s14170 is age 16.0 and whiteNH and is entering the model
s14171 is age 16.0 and whiteNH and is entering the model
s14172 is age 16.0 and hispanic and is entering the model
s14173 is age 16.0 and otherNH and is entering the model
s14174 is age 16.0 and blackNH and is entering the model
s14175 is age 16.0 and hispanic and is entering the model

Agents are attending venues and using apps for week 149 in simulation...


Epidemic Simulation
----------------------------
Simulation: 1/1
Timestep: 149/3640
Prevalence: 1985
Population Size: 11728
----------------------------
The ages, hiv status, and relationship status for the agents are being updated...
s02064 is whiteNH, aged 28.93115384615397 in age group 21to29, with relationship status of 0 and is now HIV+.
s03955 is blackNH, aged 27.337153846153967 in age group 16to20, with relationship status of 0 and is now HIV+.
s06565 is blackNH, aged 21.862153846153966 in age group 21to29, with relationship status of 0 and is now HIV+.
s06634 is blackNH, aged 22.34715384615397 in age group 21to29, with relationship status of 0 and is now HIV+.
s06789 is blackNH, aged 27.648153846153967 in age group 21to29, with relationship status of 0 and is now HIV+.
s07381 is hispanic, aged 25.180153846153967 in age group 16to20, with relationship status of 1 and is now HIV+.
s13754 is whiteNH, aged 16.50000000000002 in age group 16to20, with relationship status of 0 and is now HIV+.

Agents are being removed from the simulation...
s00417 is aged 29.98115384615397, whiteNH and is leaving the simulation.
s00443 is aged 29.985153846153967, whiteNH and is leaving the simulation.
s00968 is aged 29.987153846153966, whiteNH and is leaving the simulation.
s01610 is aged 29.98415384615397, whiteNH and is leaving the simulation.
s02644 is aged 29.99215384615397, whiteNH and is leaving the simulation.
s02897 is aged 29.989153846153968, whiteNH and is leaving the simulation.
s03091 is aged 29.99815384615397, whiteNH and is leaving the simulation.
s03565 is aged 29.996153846153966, whiteNH and is leaving the simulation.
s03758 is aged 29.990153846153966, whiteNH and is leaving the simulation.
s05267 is aged 29.990153846153966, blackNH and is leaving the simulation.
s07291 is aged 29.983153846153968, hispanic and is leaving the simulation.
s08201 is aged 29.994153846153967, hispanic and is leaving the simulation.
s09211 is aged 29.986153846153968, hispanic and is leaving the simulation.
s09685 is aged 29.986153846153968, hispanic and is leaving the simulation.
s10218 is aged 29.989153846153968, hispanic and is leaving the simulation.
s10495 is aged 29.982153846153967, otherNH and is leaving the simulation.
s10563 is aged 24.962153846153967, otherNH and is leaving the simulation.
s10754 is aged 29.987153846153966, otherNH and is leaving the simulation.
s11030 is aged 29.98415384615397, otherNH and is leaving the simulation.

Agents who have aged to a new age group are being updated...
s01521 is 21.004384615384737 and has aged to age group 21to29.
s01615 is 21.001384615384737 and has aged to age group 21to29.
s01667 is 21.002384615384738 and has aged to age group 21to29.
s01831 is 21.001384615384737 and has aged to age group 21to29.
s02111 is 21.006384615384736 and has aged to age group 21to29.
s04591 is 21.01138461538474 and has aged to age group 21to29.
s05000 is 21.00338461538474 and has aged to age group 21to29.
s05562 is 21.001384615384737 and has aged to age group 21to29.
s06190 is 21.013384615384737 and has aged to age group 21to29.
s06904 is 21.01138461538474 and has aged to age group 21to29.
s07007 is 21.015384615384736 and has aged to age group 21to29.
s07532 is 21.013384615384737 and has aged to age group 21to29.
s07804 is 21.004384615384737 and has aged to age group 21to29.
s08443 is 21.016384615384737 and has aged to age group 21to29.

New agents are being added to the simulation...
s14176 is age 16.0 and otherNH and is entering the model
s14177 is age 16.0 and whiteNH and is entering the model
s14178 is age 16.0 and hispanic and is entering the model
s14179 is age 16.0 and hispanic and is entering the model
s14180 is age 16.0 and whiteNH and is entering the model
s14181 is age 16.0 and blackNH and is entering the model
s14182 is age 16.0 and blackNH and is entering the model
s14183 is age 16.0 and otherNH and is entering the model
s14184 is age 16.0 and whiteNH and is entering the model
s14185 is age 16.0 and hispanic and is entering the model
s14186 is age 16.0 and blackNH and is entering the model
s14187 is age 16.0 and blackNH and is entering the model
s14188 is age 16.0 and blackNH and is entering the model
s14189 is age 16.0 and otherNH and is entering the model
s14190 is age 16.0 and whiteNH and is entering the model
s14191 is age 16.0 and whiteNH and is entering the model
s14192 is age 16.0 and blackNH and is entering the model
s14193 is age 16.0 and otherNH and is entering the model
s14194 is age 16.0 and whiteNH and is entering the model
s14195 is age 16.0 and hispanic and is entering the model

Agents are attending venues and using apps for week 150 in simulation...


Epidemic Simulation
----------------------------
Simulation: 1/1
Timestep: 150/3640
Prevalence: 1987
Population Size: 11729
----------------------------
The ages, hiv status, and relationship status for the agents are being updated...
s04268 is blackNH, aged 20.336384615384738 in age group 16to20, with relationship status of 0 and is now HIV+.
s05536 is blackNH, aged 22.87838461538474 in age group 21to29, with relationship status of 1 and is now HIV+.
s06151 is blackNH, aged 19.239384615384736 in age group 21to29, with relationship status of 0 and is now HIV+.
s09459 is hispanic, aged 23.49438461538474 in age group 21to29, with relationship status of 0 and is now HIV+.
s12115 is blackNH, aged 18.346153846153946 in age group 16to20, with relationship status of 0 and is now HIV+.

Agents are being removed from the simulation...
s00638 is aged 29.99738461538474, whiteNH and is leaving the simulation.
s01129 is aged 29.98538461538474, whiteNH and is leaving the simulation.
s01242 is aged 29.990384615384738, whiteNH and is leaving the simulation.
s01732 is aged 29.993384615384738, whiteNH and is leaving the simulation.
s02140 is aged 29.999384615384738, whiteNH and is leaving the simulation.
s02325 is aged 29.98838461538474, whiteNH and is leaving the simulation.
s03865 is aged 29.992384615384736, blackNH and is leaving the simulation.
s04836 is aged 29.98838461538474, blackNH and is leaving the simulation.
s04988 is aged 29.99738461538474, blackNH and is leaving the simulation.
s05753 is aged 29.987384615384737, blackNH and is leaving the simulation.
s06919 is aged 29.989384615384736, hispanic and is leaving the simulation.
s07138 is aged 29.983384615384736, hispanic and is leaving the simulation.
s08571 is aged 29.995384615384737, hispanic and is leaving the simulation.
s10382 is aged 29.98238461538474, hispanic and is leaving the simulation.

Agents who have aged to a new age group are being updated...
s00202 is 21.00761538461551 and has aged to age group 21to29.
s00334 is 21.018615384615508 and has aged to age group 21to29.
s01552 is 21.01361538461551 and has aged to age group 21to29.
s01558 is 21.00161538461551 and has aged to age group 21to29.
s03364 is 21.00461538461551 and has aged to age group 21to29.
s03729 is 21.000615384615507 and has aged to age group 21to29.
s04655 is 21.01061538461551 and has aged to age group 21to29.
s07829 is 21.00161538461551 and has aged to age group 21to29.
s08296 is 21.014615384615507 and has aged to age group 21to29.
s09451 is 21.01661538461551 and has aged to age group 21to29.
s10233 is 21.018615384615508 and has aged to age group 21to29.
s10519 is 21.00761538461551 and has aged to age group 21to29.
s11097 is 21.00761538461551 and has aged to age group 21to29.
s11541 is 21.018615384615508 and has aged to age group 21to29.

New agents are being added to the simulation...
s14196 is age 16.0 and hispanic and is entering the model
s14197 is age 16.0 and blackNH and is entering the model
s14198 is age 16.0 and otherNH and is entering the model
s14199 is age 16.0 and whiteNH and is entering the model
s14200 is age 16.0 and hispanic and is entering the model
s14201 is age 16.0 and blackNH and is entering the model
s14202 is age 16.0 and hispanic and is entering the model
s14203 is age 16.0 and hispanic and is entering the model
s14204 is age 16.0 and whiteNH and is entering the model
s14205 is age 16.0 and hispanic and is entering the model
s14206 is age 16.0 and hispanic and is entering the model
s14207 is age 16.0 and whiteNH and is entering the model
s14208 is age 16.0 and blackNH and is entering the model
s14209 is age 16.0 and otherNH and is entering the model
s14210 is age 16.0 and otherNH and is entering the model

Agents are attending venues and using apps for week 151 in simulation...


Epidemic Simulation
----------------------------
Simulation: 1/1
Timestep: 151/3640
Prevalence: 1988
Population Size: 11730
----------------------------
The ages, hiv status, and relationship status for the agents are being updated...
s05690 is blackNH, aged 25.203615384615507 in age group 21to29, with relationship status of 0 and is now HIV+.
s06501 is blackNH, aged 19.79861538461551 in age group 21to29, with relationship status of 0 and is now HIV+.
s06774 is blackNH, aged 21.474615384615507 in age group 21to29, with relationship status of 0 and is now HIV+.
s13137 is blackNH, aged 17.230769230769283 in age group 16to20, with relationship status of 1 and is now HIV+.

Agents are being removed from the simulation...
s00400 is aged 29.986615384615508, whiteNH and is leaving the simulation.
s00469 is aged 29.99561538461551, whiteNH and is leaving the simulation.
s01191 is aged 29.989615384615508, whiteNH and is leaving the simulation.
s01365 is aged 29.986615384615508, whiteNH and is leaving the simulation.
s01697 is aged 29.997615384615507, whiteNH and is leaving the simulation.
s01957 is aged 29.986615384615508, whiteNH and is leaving the simulation.
s02254 is aged 29.988615384615507, whiteNH and is leaving the simulation.
s03502 is aged 29.986615384615508, whiteNH and is leaving the simulation.
s03736 is aged 29.996615384615506, whiteNH and is leaving the simulation.
s03808 is aged 29.99861538461551, whiteNH and is leaving the simulation.
s03841 is aged 29.99561538461551, blackNH and is leaving the simulation.
s03963 is aged 29.983615384615508, blackNH and is leaving the simulation.
s04873 is aged 29.982615384615507, blackNH and is leaving the simulation.
s05861 is aged 20.436615384615507, blackNH and is leaving the simulation.
s07057 is aged 29.99361538461551, hispanic and is leaving the simulation.
s08351 is aged 29.989615384615508, hispanic and is leaving the simulation.
s08412 is aged 29.992615384615508, hispanic and is leaving the simulation.
s08470 is aged 29.994615384615507, hispanic and is leaving the simulation.
s11246 is aged 29.99061538461551, otherNH and is leaving the simulation.
s11552 is aged 29.985615384615507, otherNH and is leaving the simulation.

Agents who have aged to a new age group are being updated...
s00350 is 21.00684615384628 and has aged to age group 21to29.
s00353 is 21.015846153846276 and has aged to age group 21to29.
s00542 is 21.018846153846276 and has aged to age group 21to29.
s00771 is 21.007846153846277 and has aged to age group 21to29.
s01196 is 21.010846153846277 and has aged to age group 21to29.
s02923 is 21.01484615384628 and has aged to age group 21to29.
s03153 is 21.011846153846278 and has aged to age group 21to29.
s03352 is 21.011846153846278 and has aged to age group 21to29.
s03447 is 21.008846153846278 and has aged to age group 21to29.
s05976 is 21.018846153846276 and has aged to age group 21to29.
s06619 is 21.016846153846277 and has aged to age group 21to29.
s06952 is 21.007846153846277 and has aged to age group 21to29.
s07014 is 21.01484615384628 and has aged to age group 21to29.
s07142 is 21.013846153846277 and has aged to age group 21to29.
s07572 is 21.01284615384628 and has aged to age group 21to29.
s07926 is 21.016846153846277 and has aged to age group 21to29.
s08305 is 21.013846153846277 and has aged to age group 21to29.
s10078 is 21.01484615384628 and has aged to age group 21to29.
s10517 is 21.013846153846277 and has aged to age group 21to29.
s11485 is 21.00384615384628 and has aged to age group 21to29.

New agents are being added to the simulation...
s14211 is age 16.0 and hispanic and is entering the model
s14212 is age 16.0 and hispanic and is entering the model
s14213 is age 16.0 and hispanic and is entering the model
s14214 is age 16.0 and whiteNH and is entering the model
s14215 is age 16.0 and blackNH and is entering the model
s14216 is age 16.0 and whiteNH and is entering the model
s14217 is age 16.0 and whiteNH and is entering the model
s14218 is age 16.0 and hispanic and is entering the model
s14219 is age 16.0 and hispanic and is entering the model
s14220 is age 16.0 and hispanic and is entering the model
s14221 is age 16.0 and otherNH and is entering the model
s14222 is age 16.0 and hispanic and is entering the model
s14223 is age 16.0 and blackNH and is entering the model
s14224 is age 16.0 and blackNH and is entering the model
s14225 is age 16.0 and whiteNH and is entering the model
s14226 is age 16.0 and blackNH and is entering the model

Agents are attending venues and using apps for week 152 in simulation...


Epidemic Simulation
----------------------------
Simulation: 1/1
Timestep: 152/3640
Prevalence: 1987
Population Size: 11726
----------------------------
The ages, hiv status, and relationship status for the agents are being updated...
s00720 is whiteNH, aged 23.536846153846277 in age group 21to29, with relationship status of 0 and is now HIV+.
s06357 is blackNH, aged 21.864846153846276 in age group 21to29, with relationship status of 1 and is now HIV+.
s06915 is hispanic, aged 24.608846153846276 in age group 16to20, with relationship status of 0 and is now HIV+.
s11470 is otherNH, aged 21.758846153846278 in age group 21to29, with relationship status of 0 and is now HIV+.

Agents are being removed from the simulation...
s00925 is aged 29.996846153846278, whiteNH and is leaving the simulation.
s01292 is aged 29.989846153846276, whiteNH and is leaving the simulation.
s02797 is aged 29.999846153846278, whiteNH and is leaving the simulation.
s03868 is aged 29.989846153846276, blackNH and is leaving the simulation.
s04535 is aged 29.995846153846276, blackNH and is leaving the simulation.
s05208 is aged 29.999846153846278, blackNH and is leaving the simulation.
s05401 is aged 29.993846153846278, blackNH and is leaving the simulation.
s05730 is aged 21.159846153846278, blackNH and is leaving the simulation.
s05864 is aged 29.983846153846276, blackNH and is leaving the simulation.
s05872 is aged 29.987846153846277, blackNH and is leaving the simulation.
s06360 is aged 29.987846153846277, blackNH and is leaving the simulation.
s06578 is aged 29.999846153846278, blackNH and is leaving the simulation.
s07312 is aged 29.992846153846276, hispanic and is leaving the simulation.
s08727 is aged 29.996846153846278, hispanic and is leaving the simulation.
s08939 is aged 29.999846153846278, hispanic and is leaving the simulation.
s09358 is aged 29.986846153846276, hispanic and is leaving the simulation.
s10223 is aged 29.98884615384628, hispanic and is leaving the simulation.
s11232 is aged 29.99784615384628, otherNH and is leaving the simulation.
s11482 is aged 29.983846153846276, otherNH and is leaving the simulation.

Agents who have aged to a new age group are being updated...
s01192 is 21.01707692307705 and has aged to age group 21to29.
s01428 is 21.018076923077047 and has aged to age group 21to29.
s01818 is 21.010076923077047 and has aged to age group 21to29.
s02201 is 21.006076923077046 and has aged to age group 21to29.
s02649 is 21.004076923077047 and has aged to age group 21to29.
s03399 is 21.001076923077047 and has aged to age group 21to29.
s04297 is 21.013076923077048 and has aged to age group 21to29.
s04725 is 21.003076923077046 and has aged to age group 21to29.
s05099 is 21.013076923077048 and has aged to age group 21to29.
s05711 is 21.018076923077047 and has aged to age group 21to29.
s06141 is 21.010076923077047 and has aged to age group 21to29.
s07502 is 21.01407692307705 and has aged to age group 21to29.
s07524 is 21.015076923077046 and has aged to age group 21to29.
s08112 is 21.00007692307705 and has aged to age group 21to29.
s09272 is 21.00007692307705 and has aged to age group 21to29.
s09420 is 21.003076923077046 and has aged to age group 21to29.
s10086 is 21.01707692307705 and has aged to age group 21to29.
s10162 is 21.004076923077047 and has aged to age group 21to29.
s10270 is 21.006076923077046 and has aged to age group 21to29.
s11252 is 21.00007692307705 and has aged to age group 21to29.

New agents are being added to the simulation...
s14227 is age 16.0 and whiteNH and is entering the model
s14228 is age 16.0 and otherNH and is entering the model
s14229 is age 16.0 and hispanic and is entering the model
s14230 is age 16.0 and hispanic and is entering the model
s14231 is age 16.0 and blackNH and is entering the model
s14232 is age 16.0 and blackNH and is entering the model
s14233 is age 16.0 and blackNH and is entering the model
s14234 is age 16.0 and blackNH and is entering the model
s14235 is age 16.0 and whiteNH and is entering the model
s14236 is age 16.0 and whiteNH and is entering the model
s14237 is age 16.0 and blackNH and is entering the model
s14238 is age 16.0 and otherNH and is entering the model
s14239 is age 16.0 and whiteNH and is entering the model

Agents are attending venues and using apps for week 153 in simulation...


Epidemic Simulation
----------------------------
Simulation: 1/1
Timestep: 153/3640
Prevalence: 1981
Population Size: 11720
----------------------------
The ages, hiv status, and relationship status for the agents are being updated...
s11255 is otherNH, aged 29.707076923077047 in age group 21to29, with relationship status of 1 and is now HIV+.
s12429 is blackNH, aged 18.057692307692395 in age group 16to20, with relationship status of 0 and is now HIV+.

Agents are being removed from the simulation...
s00103 is aged 29.98807692307705, whiteNH and is leaving the simulation.
s00150 is aged 29.990076923077048, whiteNH and is leaving the simulation.
s00524 is aged 29.99107692307705, whiteNH and is leaving the simulation.
s00758 is aged 29.98807692307705, whiteNH and is leaving the simulation.
s00950 is aged 29.99407692307705, whiteNH and is leaving the simulation.
s01656 is aged 29.981076923077048, whiteNH and is leaving the simulation.
s02843 is aged 29.989076923077047, whiteNH and is leaving the simulation.
s02853 is aged 29.989076923077047, whiteNH and is leaving the simulation.
s03268 is aged 29.999076923077048, whiteNH and is leaving the simulation.
s03374 is aged 29.995076923077047, whiteNH and is leaving the simulation.
s03909 is aged 29.99407692307705, blackNH and is leaving the simulation.
s04566 is aged 29.996076923077048, blackNH and is leaving the simulation.
s05594 is aged 29.989076923077047, blackNH and is leaving the simulation.
s06512 is aged 21.52007692307705, blackNH and is leaving the simulation.
s07051 is aged 29.98207692307705, hispanic and is leaving the simulation.
s07767 is aged 29.990076923077048, hispanic and is leaving the simulation.
s09359 is aged 29.99407692307705, hispanic and is leaving the simulation.
s11125 is aged 29.98807692307705, otherNH and is leaving the simulation.

Agents who have aged to a new age group are being updated...
s00148 is 21.009307692307818 and has aged to age group 21to29.
s02986 is 21.01030769230782 and has aged to age group 21to29.
s03575 is 21.00730769230782 and has aged to age group 21to29.
s03661 is 21.000307692307818 and has aged to age group 21to29.
s04955 is 21.012307692307818 and has aged to age group 21to29.
s05308 is 21.00130769230782 and has aged to age group 21to29.
s06422 is 21.01630769230782 and has aged to age group 21to29.
s11165 is 21.002307692307816 and has aged to age group 21to29.
s11684 is 21.014307692307817 and has aged to age group 21to29.

New agents are being added to the simulation...
s14240 is age 16.0 and hispanic and is entering the model
s14241 is age 16.0 and blackNH and is entering the model
s14242 is age 16.0 and hispanic and is entering the model
s14243 is age 16.0 and blackNH and is entering the model
s14244 is age 16.0 and whiteNH and is entering the model
s14245 is age 16.0 and hispanic and is entering the model
s14246 is age 16.0 and blackNH and is entering the model
s14247 is age 16.0 and whiteNH and is entering the model
s14248 is age 16.0 and whiteNH and is entering the model
s14249 is age 16.0 and otherNH and is entering the model
s14250 is age 16.0 and whiteNH and is entering the model
s14251 is age 16.0 and hispanic and is entering the model
s14252 is age 16.0 and whiteNH and is entering the model
s14253 is age 16.0 and blackNH and is entering the model
s14254 is age 16.0 and whiteNH and is entering the model
s14255 is age 16.0 and whiteNH and is entering the model
s14256 is age 16.0 and whiteNH and is entering the model
s14257 is age 16.0 and hispanic and is entering the model
s14258 is age 16.0 and whiteNH and is entering the model
s14259 is age 16.0 and blackNH and is entering the model

Agents are attending venues and using apps for week 154 in simulation...


Epidemic Simulation
----------------------------
Simulation: 1/1
Timestep: 154/3640
Prevalence: 1986
Population Size: 11722
----------------------------
The ages, hiv status, and relationship status for the agents are being updated...
s06054 is blackNH, aged 20.761307692307817 in age group 21to29, with relationship status of 1 and is now HIV+.
s06133 is blackNH, aged 24.15230769230782 in age group 21to29, with relationship status of 1 and is now HIV+.
s09007 is hispanic, aged 19.691307692307817 in age group 21to29, with relationship status of 1 and is now HIV+.
s09415 is hispanic, aged 20.403307692307816 in age group 21to29, with relationship status of 1 and is now HIV+.
s12008 is blackNH, aged 18.538461538461647 in age group 16to20, with relationship status of 0 and is now HIV+.
s13653 is hispanic, aged 16.711538461538492 in age group 16to20, with relationship status of 0 and is now HIV+.

Agents are being removed from the simulation...
s01598 is aged 29.985307692307817, whiteNH and is leaving the simulation.
s01840 is aged 29.99830769230782, whiteNH and is leaving the simulation.
s02010 is aged 29.98730769230782, whiteNH and is leaving the simulation.
s02093 is aged 29.983307692307818, whiteNH and is leaving the simulation.
s03587 is aged 29.993307692307816, whiteNH and is leaving the simulation.
s03992 is aged 29.990307692307816, blackNH and is leaving the simulation.
s04080 is aged 29.98430769230782, blackNH and is leaving the simulation.
s04423 is aged 29.983307692307818, blackNH and is leaving the simulation.
s05806 is aged 29.997307692307817, blackNH and is leaving the simulation.
s06559 is aged 29.983307692307818, blackNH and is leaving the simulation.
s06911 is aged 29.983307692307818, hispanic and is leaving the simulation.
s07240 is aged 29.98130769230782, hispanic and is leaving the simulation.
s08194 is aged 29.983307692307818, hispanic and is leaving the simulation.
s08447 is aged 29.99230769230782, hispanic and is leaving the simulation.
s08740 is aged 29.994307692307817, hispanic and is leaving the simulation.
s08922 is aged 29.98930769230782, hispanic and is leaving the simulation.
s09293 is aged 29.994307692307817, hispanic and is leaving the simulation.
s09355 is aged 29.990307692307816, hispanic and is leaving the simulation.
s09761 is aged 29.99230769230782, hispanic and is leaving the simulation.
s10496 is aged 29.993307692307816, otherNH and is leaving the simulation.
s10962 is aged 29.98730769230782, otherNH and is leaving the simulation.
s11329 is aged 29.988307692307817, otherNH and is leaving the simulation.
s11632 is aged 29.98730769230782, otherNH and is leaving the simulation.

Agents who have aged to a new age group are being updated...
s00171 is 21.01453846153859 and has aged to age group 21to29.
s01152 is 21.004538461538587 and has aged to age group 21to29.
s01201 is 21.002538461538588 and has aged to age group 21to29.
s02955 is 21.01453846153859 and has aged to age group 21to29.
s03834 is 21.018538461538586 and has aged to age group 21to29.
s03978 is 21.00653846153859 and has aged to age group 21to29.
s08186 is 21.00553846153859 and has aged to age group 21to29.
s08953 is 21.010538461538587 and has aged to age group 21to29.
s09684 is 21.009538461538586 and has aged to age group 21to29.
s09821 is 21.00353846153859 and has aged to age group 21to29.
s10819 is 21.016538461538588 and has aged to age group 21to29.

New agents are being added to the simulation...
s14260 is age 16.0 and hispanic and is entering the model
s14261 is age 16.0 and hispanic and is entering the model
s14262 is age 16.0 and blackNH and is entering the model
s14263 is age 16.0 and hispanic and is entering the model
s14264 is age 16.0 and whiteNH and is entering the model
s14265 is age 16.0 and otherNH and is entering the model
s14266 is age 16.0 and blackNH and is entering the model
s14267 is age 16.0 and whiteNH and is entering the model
s14268 is age 16.0 and hispanic and is entering the model
s14269 is age 16.0 and hispanic and is entering the model
s14270 is age 16.0 and hispanic and is entering the model
s14271 is age 16.0 and blackNH and is entering the model
s14272 is age 16.0 and blackNH and is entering the model
s14273 is age 16.0 and blackNH and is entering the model
s14274 is age 16.0 and hispanic and is entering the model
s14275 is age 16.0 and otherNH and is entering the model
s14276 is age 16.0 and whiteNH and is entering the model
s14277 is age 16.0 and otherNH and is entering the model
s14278 is age 16.0 and blackNH and is entering the model

Agents are attending venues and using apps for week 155 in simulation...


Epidemic Simulation
----------------------------
Simulation: 1/1
Timestep: 155/3640
Prevalence: 1985
Population Size: 11718
----------------------------
The ages, hiv status, and relationship status for the agents are being updated...
s02571 is whiteNH, aged 26.823538461538586 in age group 21to29, with relationship status of 1 and is now HIV+.
s06258 is blackNH, aged 19.55253846153859 in age group 21to29, with relationship status of 0 and is now HIV+.
s12018 is blackNH, aged 18.557692307692417 in age group 16to20, with relationship status of 0 and is now HIV+.
s14097 is hispanic, aged 16.1923076923077 in age group 16to20, with relationship status of 0 and is now HIV+.

Agents are being removed from the simulation...
s00573 is aged 29.98253846153859, whiteNH and is leaving the simulation.
s01151 is aged 29.98553846153859, whiteNH and is leaving the simulation.
s01159 is aged 29.989538461538586, whiteNH and is leaving the simulation.
s01802 is aged 29.98253846153859, whiteNH and is leaving the simulation.
s02983 is aged 29.992538461538587, whiteNH and is leaving the simulation.
s03224 is aged 29.992538461538587, whiteNH and is leaving the simulation.
s03433 is aged 29.99153846153859, whiteNH and is leaving the simulation.
s04072 is aged 29.99453846153859, blackNH and is leaving the simulation.
s06162 is aged 29.99753846153859, blackNH and is leaving the simulation.
s06907 is aged 29.989538461538586, hispanic and is leaving the simulation.
s08933 is aged 29.995538461538587, hispanic and is leaving the simulation.
s10412 is aged 29.992538461538587, hispanic and is leaving the simulation.
s11128 is aged 29.992538461538587, otherNH and is leaving the simulation.

Agents who have aged to a new age group are being updated...
s00416 is 21.00776923076936 and has aged to age group 21to29.
s01143 is 21.005769230769356 and has aged to age group 21to29.
s02099 is 21.008769230769357 and has aged to age group 21to29.
s06442 is 21.017769230769357 and has aged to age group 21to29.
s06534 is 21.000769230769357 and has aged to age group 21to29.
s06625 is 21.002769230769356 and has aged to age group 21to29.
s08033 is 21.003769230769358 and has aged to age group 21to29.
s10753 is 21.011769230769357 and has aged to age group 21to29.
s11349 is 21.011769230769357 and has aged to age group 21to29.

New agents are being added to the simulation...
s14279 is age 16.0 and whiteNH and is entering the model
s14280 is age 16.0 and whiteNH and is entering the model
s14281 is age 16.0 and whiteNH and is entering the model
s14282 is age 16.0 and blackNH and is entering the model
s14283 is age 16.0 and blackNH and is entering the model
s14284 is age 16.0 and whiteNH and is entering the model
s14285 is age 16.0 and hispanic and is entering the model
s14286 is age 16.0 and whiteNH and is entering the model
s14287 is age 16.0 and blackNH and is entering the model
s14288 is age 16.0 and blackNH and is entering the model
s14289 is age 16.0 and otherNH and is entering the model
s14290 is age 16.0 and otherNH and is entering the model
s14291 is age 16.0 and otherNH and is entering the model
s14292 is age 16.0 and whiteNH and is entering the model
s14293 is age 16.0 and blackNH and is entering the model
s14294 is age 16.0 and whiteNH and is entering the model

Agents are attending venues and using apps for week 156 in simulation...


Epidemic Simulation
----------------------------
Simulation: 1/1
Timestep: 156/3640
Prevalence: 1986
Population Size: 11721
----------------------------
The ages, hiv status, and relationship status for the agents are being updated...
s05239 is blackNH, aged 22.787769230769356 in age group 21to29, with relationship status of 0 and is now HIV+.
s06252 is blackNH, aged 19.99876923076936 in age group 21to29, with relationship status of 0 and is now HIV+.
s13076 is blackNH, aged 17.403846153846214 in age group 16to20, with relationship status of 0 and is now HIV+.
s13562 is blackNH, aged 16.865384615384652 in age group 16to20, with relationship status of 0 and is now HIV+.

Agents are being removed from the simulation...
s00415 is aged 29.999769230769356, whiteNH and is leaving the simulation.
s04744 is aged 29.98776923076936, blackNH and is leaving the simulation.
s05248 is aged 29.985769230769357, blackNH and is leaving the simulation.
s05360 is aged 29.997769230769357, blackNH and is leaving the simulation.
s05545 is aged 29.99876923076936, blackNH and is leaving the simulation.
s05650 is aged 29.98776923076936, blackNH and is leaving the simulation.
s05687 is aged 29.99376923076936, blackNH and is leaving the simulation.
s08044 is aged 29.989769230769358, hispanic and is leaving the simulation.
s08563 is aged 29.983769230769358, hispanic and is leaving the simulation.
s09318 is aged 29.994769230769357, hispanic and is leaving the simulation.
s09989 is aged 29.991769230769357, hispanic and is leaving the simulation.
s10440 is aged 29.989769230769358, otherNH and is leaving the simulation.
s10511 is aged 29.980769230769358, otherNH and is leaving the simulation.
s10657 is aged 29.999769230769356, otherNH and is leaving the simulation.
s10766 is aged 29.98476923076936, otherNH and is leaving the simulation.
s10970 is aged 29.989769230769358, otherNH and is leaving the simulation.
s11243 is aged 29.98776923076936, otherNH and is leaving the simulation.

Agents who have aged to a new age group are being updated...
s00447 is 21.019000000000126 and has aged to age group 21to29.
s00624 is 21.017000000000127 and has aged to age group 21to29.
s01065 is 21.016000000000126 and has aged to age group 21to29.
s01147 is 21.019000000000126 and has aged to age group 21to29.
s01506 is 21.01200000000013 and has aged to age group 21to29.
s02390 is 21.019000000000126 and has aged to age group 21to29.
s02511 is 21.01300000000013 and has aged to age group 21to29.
s02949 is 21.01500000000013 and has aged to age group 21to29.
s04431 is 21.000000000000128 and has aged to age group 21to29.
s05133 is 21.016000000000126 and has aged to age group 21to29.
s05315 is 21.008000000000127 and has aged to age group 21to29.
s06494 is 21.01200000000013 and has aged to age group 21to29.
s07159 is 21.00100000000013 and has aged to age group 21to29.
s07186 is 21.00100000000013 and has aged to age group 21to29.
s08283 is 21.00700000000013 and has aged to age group 21to29.
s10726 is 21.003000000000128 and has aged to age group 21to29.

New agents are being added to the simulation...
s14295 is age 16.0 and whiteNH and is entering the model
s14296 is age 16.0 and blackNH and is entering the model
s14297 is age 16.0 and hispanic and is entering the model
s14298 is age 16.0 and blackNH and is entering the model
s14299 is age 16.0 and hispanic and is entering the model
s14300 is age 16.0 and blackNH and is entering the model
s14301 is age 16.0 and otherNH and is entering the model
s14302 is age 16.0 and blackNH and is entering the model
s14303 is age 16.0 and hispanic and is entering the model
s14304 is age 16.0 and hispanic and is entering the model
s14305 is age 16.0 and blackNH and is entering the model
s14306 is age 16.0 and hispanic and is entering the model
s14307 is age 16.0 and hispanic and is entering the model
s14308 is age 16.0 and otherNH and is entering the model
s14309 is age 16.0 and blackNH and is entering the model
s14310 is age 16.0 and whiteNH and is entering the model
s14311 is age 16.0 and whiteNH and is entering the model
s14312 is age 16.0 and whiteNH and is entering the model
s14313 is age 16.0 and whiteNH and is entering the model
s14314 is age 16.0 and whiteNH and is entering the model
s14315 is age 16.0 and whiteNH and is entering the model

Agents are attending venues and using apps for week 157 in simulation...


Epidemic Simulation
----------------------------
Simulation: 1/1
Timestep: 157/3640
Prevalence: 1987
Population Size: 11725
----------------------------
The ages, hiv status, and relationship status for the agents are being updated...
s00540 is whiteNH, aged 23.119000000000128 in age group 21to29, with relationship status of 0 and is now HIV+.
s04502 is blackNH, aged 22.862000000000126 in age group 21to29, with relationship status of 1 and is now HIV+.
s04564 is blackNH, aged 26.52100000000013 in age group 16to20, with relationship status of 0 and is now HIV+.
s06606 is blackNH, aged 20.267000000000127 in age group 21to29, with relationship status of 0 and is now HIV+.
s06773 is blackNH, aged 19.58500000000013 in age group 21to29, with relationship status of 0 and is now HIV+.
s08075 is hispanic, aged 24.712000000000128 in age group 16to20, with relationship status of 1 and is now HIV+.

Agents are being removed from the simulation...
s00399 is aged 29.985000000000127, whiteNH and is leaving the simulation.
s00433 is aged 29.99500000000013, whiteNH and is leaving the simulation.
s00748 is aged 29.997000000000128, whiteNH and is leaving the simulation.
s02437 is aged 29.98600000000013, whiteNH and is leaving the simulation.
s02596 is aged 29.993000000000126, whiteNH and is leaving the simulation.
s02998 is aged 29.990000000000126, whiteNH and is leaving the simulation.
s04850 is aged 29.99200000000013, blackNH and is leaving the simulation.
s05070 is aged 29.991000000000128, blackNH and is leaving the simulation.
s05510 is aged 29.991000000000128, blackNH and is leaving the simulation.
s06241 is aged 29.987000000000126, blackNH and is leaving the simulation.
s07065 is aged 29.987000000000126, hispanic and is leaving the simulation.
s07132 is aged 29.994000000000128, hispanic and is leaving the simulation.
s07262 is aged 29.993000000000126, hispanic and is leaving the simulation.
s07369 is aged 29.999000000000127, hispanic and is leaving the simulation.
s07827 is aged 29.98400000000013, hispanic and is leaving the simulation.
s08803 is aged 29.99800000000013, hispanic and is leaving the simulation.
s09641 is aged 29.996000000000127, hispanic and is leaving the simulation.
s10501 is aged 29.98900000000013, otherNH and is leaving the simulation.
s10634 is aged 29.99200000000013, otherNH and is leaving the simulation.

Agents who have aged to a new age group are being updated...
s00064 is 21.0022307692309 and has aged to age group 21to29.
s00126 is 21.009230769230896 and has aged to age group 21to29.
s00242 is 21.0052307692309 and has aged to age group 21to29.
s01246 is 21.007230769230897 and has aged to age group 21to29.
s03111 is 21.001230769230897 and has aged to age group 21to29.
s03457 is 21.0022307692309 and has aged to age group 21to29.
s03846 is 21.0172307692309 and has aged to age group 21to29.
s04128 is 21.007230769230897 and has aged to age group 21to29.
s06462 is 21.001230769230897 and has aged to age group 21to29.
s07558 is 21.0112307692309 and has aged to age group 21to29.
s08825 is 21.007230769230897 and has aged to age group 21to29.
s09912 is 21.0172307692309 and has aged to age group 21to29.
s10115 is 21.010230769230898 and has aged to age group 21to29.
s10708 is 21.0172307692309 and has aged to age group 21to29.
s11039 is 21.009230769230896 and has aged to age group 21to29.
s11624 is 21.0002307692309 and has aged to age group 21to29.
s11700 is 21.010230769230898 and has aged to age group 21to29.

New agents are being added to the simulation...
s14316 is age 16.0 and blackNH and is entering the model
s14317 is age 16.0 and otherNH and is entering the model
s14318 is age 16.0 and otherNH and is entering the model
s14319 is age 16.0 and blackNH and is entering the model
s14320 is age 16.0 and blackNH and is entering the model
s14321 is age 16.0 and whiteNH and is entering the model
s14322 is age 16.0 and hispanic and is entering the model
s14323 is age 16.0 and hispanic and is entering the model
s14324 is age 16.0 and blackNH and is entering the model
s14325 is age 16.0 and otherNH and is entering the model
s14326 is age 16.0 and blackNH and is entering the model
s14327 is age 16.0 and blackNH and is entering the model
s14328 is age 16.0 and hispanic and is entering the model
s14329 is age 16.0 and hispanic and is entering the model
s14330 is age 16.0 and blackNH and is entering the model
s14331 is age 16.0 and blackNH and is entering the model
s14332 is age 16.0 and whiteNH and is entering the model
s14333 is age 16.0 and whiteNH and is entering the model
s14334 is age 16.0 and hispanic and is entering the model
s14335 is age 16.0 and blackNH and is entering the model

Agents are attending venues and using apps for week 158 in simulation...


Epidemic Simulation
----------------------------
Simulation: 1/1
Timestep: 158/3640
Prevalence: 1995
Population Size: 11726
----------------------------
The ages, hiv status, and relationship status for the agents are being updated...
s04196 is blackNH, aged 24.309230769230897 in age group 16to20, with relationship status of 0 and is now HIV+.
s04701 is blackNH, aged 20.615230769230898 in age group 16to20, with relationship status of 0 and is now HIV+.
s05104 is blackNH, aged 23.771230769230897 in age group 21to29, with relationship status of 1 and is now HIV+.
s07235 is hispanic, aged 20.1072307692309 in age group 16to20, with relationship status of 1 and is now HIV+.
s07989 is hispanic, aged 24.2842307692309 in age group 16to20, with relationship status of 0 and is now HIV+.
s09080 is hispanic, aged 24.7822307692309 in age group 21to29, with relationship status of 1 and is now HIV+.
s09835 is hispanic, aged 27.977230769230896 in age group 21to29, with relationship status of 1 and is now HIV+.
s11729 is hispanic, aged 18.980769230769358 in age group 16to20, with relationship status of 0 and is now HIV+.
s12423 is blackNH, aged 18.153846153846246 in age group 16to20, with relationship status of 0 and is now HIV+.
s12608 is blackNH, aged 17.961538461538545 in age group 16to20, with relationship status of 0 and is now HIV+.

Agents are being removed from the simulation...
s00674 is aged 29.983230769230897, whiteNH and is leaving the simulation.
s01727 is aged 29.998230769230897, whiteNH and is leaving the simulation.
s03007 is aged 29.998230769230897, whiteNH and is leaving the simulation.
s03465 is aged 29.987230769230898, whiteNH and is leaving the simulation.
s04681 is aged 29.998230769230897, blackNH and is leaving the simulation.
s05607 is aged 29.9992307692309, blackNH and is leaving the simulation.
s06403 is aged 29.995230769230897, blackNH and is leaving the simulation.
s06620 is aged 29.9962307692309, blackNH and is leaving the simulation.
s08069 is aged 29.993230769230898, hispanic and is leaving the simulation.
s08260 is aged 29.9852307692309, hispanic and is leaving the simulation.
s08417 is aged 29.987230769230898, hispanic and is leaving the simulation.
s08455 is aged 29.984230769230898, hispanic and is leaving the simulation.
s08867 is aged 29.983230769230897, hispanic and is leaving the simulation.
s08871 is aged 29.998230769230897, hispanic and is leaving the simulation.
s09125 is aged 29.993230769230898, hispanic and is leaving the simulation.
s09740 is aged 29.9822307692309, hispanic and is leaving the simulation.

Agents who have aged to a new age group are being updated...
s00026 is 21.01846153846167 and has aged to age group 21to29.
s00655 is 21.002461538461667 and has aged to age group 21to29.
s00828 is 21.01346153846167 and has aged to age group 21to29.
s01494 is 21.00746153846167 and has aged to age group 21to29.
s01659 is 21.005461538461667 and has aged to age group 21to29.
s02678 is 21.01346153846167 and has aged to age group 21to29.
s03216 is 21.00446153846167 and has aged to age group 21to29.
s04244 is 21.01546153846167 and has aged to age group 21to29.
s04334 is 21.005461538461667 and has aged to age group 21to29.
s04511 is 21.000461538461668 and has aged to age group 21to29.
s05720 is 21.012461538461668 and has aged to age group 21to29.
s06143 is 21.00746153846167 and has aged to age group 21to29.
s06812 is 21.00446153846167 and has aged to age group 21to29.
s07025 is 21.00146153846167 and has aged to age group 21to29.
s08879 is 21.00146153846167 and has aged to age group 21to29.
s08919 is 21.000461538461668 and has aged to age group 21to29.
s09314 is 21.003461538461668 and has aged to age group 21to29.
s11046 is 21.011461538461667 and has aged to age group 21to29.
s11302 is 21.014461538461667 and has aged to age group 21to29.

New agents are being added to the simulation...
s14336 is age 16.0 and whiteNH and is entering the model
s14337 is age 16.0 and whiteNH and is entering the model
s14338 is age 16.0 and blackNH and is entering the model
s14339 is age 16.0 and hispanic and is entering the model
s14340 is age 16.0 and blackNH and is entering the model
s14341 is age 16.0 and hispanic and is entering the model
s14342 is age 16.0 and blackNH and is entering the model
s14343 is age 16.0 and hispanic and is entering the model
s14344 is age 16.0 and hispanic and is entering the model
s14345 is age 16.0 and whiteNH and is entering the model
s14346 is age 16.0 and hispanic and is entering the model
s14347 is age 16.0 and whiteNH and is entering the model
s14348 is age 16.0 and whiteNH and is entering the model
s14349 is age 16.0 and hispanic and is entering the model
s14350 is age 16.0 and whiteNH and is entering the model
s14351 is age 16.0 and whiteNH and is entering the model
s14352 is age 16.0 and blackNH and is entering the model

Agents are attending venues and using apps for week 159 in simulation...


Epidemic Simulation
----------------------------
Simulation: 1/1
Timestep: 159/3640
Prevalence: 1994
Population Size: 11727
----------------------------
The ages, hiv status, and relationship status for the agents are being updated...
s04880 is blackNH, aged 26.517461538461667 in age group 16to20, with relationship status of 1 and is now HIV+.
s05097 is blackNH, aged 28.163461538461668 in age group 21to29, with relationship status of 1 and is now HIV+.
s06636 is blackNH, aged 19.247461538461668 in age group 21to29, with relationship status of 0 and is now HIV+.
s12220 is blackNH, aged 18.403846153846256 in age group 16to20, with relationship status of 0 and is now HIV+.
s13591 is hispanic, aged 16.884615384615422 in age group 16to20, with relationship status of 0 and is now HIV+.

Agents are being removed from the simulation...
s00972 is aged 29.994461538461668, whiteNH and is leaving the simulation.
s01259 is aged 29.990461538461666, whiteNH and is leaving the simulation.
s03238 is aged 29.98946153846167, whiteNH and is leaving the simulation.
s03474 is aged 29.98646153846167, whiteNH and is leaving the simulation.
s03591 is aged 29.98946153846167, whiteNH and is leaving the simulation.
s04065 is aged 29.98346153846167, blackNH and is leaving the simulation.
s04201 is aged 29.991461538461667, blackNH and is leaving the simulation.
s05024 is aged 29.98446153846167, blackNH and is leaving the simulation.
s05323 is aged 29.993461538461666, blackNH and is leaving the simulation.
s05469 is aged 29.985461538461667, blackNH and is leaving the simulation.
s05747 is aged 29.988461538461667, blackNH and is leaving the simulation.
s05973 is aged 29.990461538461666, blackNH and is leaving the simulation.
s06585 is aged 29.997461538461668, blackNH and is leaving the simulation.
s06700 is aged 29.996461538461666, blackNH and is leaving the simulation.
s06882 is aged 29.996461538461666, hispanic and is leaving the simulation.
s07036 is aged 29.982461538461667, hispanic and is leaving the simulation.
s07419 is aged 29.98746153846167, hispanic and is leaving the simulation.
s09686 is aged 29.991461538461667, hispanic and is leaving the simulation.
s09739 is aged 29.99546153846167, hispanic and is leaving the simulation.
s10107 is aged 29.98746153846167, hispanic and is leaving the simulation.
s10370 is aged 29.98746153846167, hispanic and is leaving the simulation.
s10560 is aged 29.985461538461667, otherNH and is leaving the simulation.
s10666 is aged 29.999461538461667, otherNH and is leaving the simulation.

Agents who have aged to a new age group are being updated...
s00813 is 21.00869230769244 and has aged to age group 21to29.
s00816 is 21.001692307692437 and has aged to age group 21to29.
s01177 is 21.00269230769244 and has aged to age group 21to29.
s01317 is 21.00669230769244 and has aged to age group 21to29.
s01374 is 21.012692307692436 and has aged to age group 21to29.
s01440 is 21.007692307692437 and has aged to age group 21to29.
s01474 is 21.004692307692437 and has aged to age group 21to29.
s02216 is 21.01169230769244 and has aged to age group 21to29.
s02653 is 21.013692307692438 and has aged to age group 21to29.
s02980 is 21.00569230769244 and has aged to age group 21to29.
s02995 is 21.00269230769244 and has aged to age group 21to29.
s03860 is 21.010692307692437 and has aged to age group 21to29.
s04523 is 21.007692307692437 and has aged to age group 21to29.
s05256 is 21.01769230769244 and has aged to age group 21to29.
s05640 is 21.00669230769244 and has aged to age group 21to29.
s05846 is 21.01769230769244 and has aged to age group 21to29.
s07662 is 21.004692307692437 and has aged to age group 21to29.
s07749 is 21.010692307692437 and has aged to age group 21to29.
s07760 is 21.009692307692436 and has aged to age group 21to29.
s08306 is 21.007692307692437 and has aged to age group 21to29.
s09245 is 21.007692307692437 and has aged to age group 21to29.
s10400 is 21.004692307692437 and has aged to age group 21to29.
s10916 is 21.01769230769244 and has aged to age group 21to29.

New agents are being added to the simulation...
s14353 is age 16.0 and blackNH and is entering the model
s14354 is age 16.0 and hispanic and is entering the model
s14355 is age 16.0 and blackNH and is entering the model
s14356 is age 16.0 and blackNH and is entering the model
s14357 is age 16.0 and blackNH and is entering the model
s14358 is age 16.0 and whiteNH and is entering the model
s14359 is age 16.0 and hispanic and is entering the model
s14360 is age 16.0 and hispanic and is entering the model
s14361 is age 16.0 and blackNH and is entering the model
s14362 is age 16.0 and hispanic and is entering the model
s14363 is age 16.0 and otherNH and is entering the model
s14364 is age 16.0 and blackNH and is entering the model
s14365 is age 16.0 and hispanic and is entering the model
s14366 is age 16.0 and hispanic and is entering the model
s14367 is age 16.0 and hispanic and is entering the model
s14368 is age 16.0 and blackNH and is entering the model

Agents are attending venues and using apps for week 160 in simulation...


Epidemic Simulation
----------------------------
Simulation: 1/1
Timestep: 160/3640
Prevalence: 1995
Population Size: 11720
----------------------------
The ages, hiv status, and relationship status for the agents are being updated...
s04811 is blackNH, aged 29.47069230769244 in age group 16to20, with relationship status of 0 and is now HIV+.
s04867 is blackNH, aged 24.001692307692437 in age group 21to29, with relationship status of 0 and is now HIV+.
s09875 is hispanic, aged 23.49769230769244 in age group 21to29, with relationship status of 1 and is now HIV+.
s11503 is otherNH, aged 28.45669230769244 in age group 21to29, with relationship status of 0 and is now HIV+.
s12308 is hispanic, aged 18.326923076923176 in age group 16to20, with relationship status of 1 and is now HIV+.
s13953 is blackNH, aged 16.46153846153848 in age group 16to20, with relationship status of 1 and is now HIV+.

Agents are being removed from the simulation...
s00243 is aged 29.981692307692438, whiteNH and is leaving the simulation.
s01965 is aged 29.996692307692438, whiteNH and is leaving the simulation.
s02502 is aged 29.992692307692437, whiteNH and is leaving the simulation.
s04794 is aged 29.992692307692437, blackNH and is leaving the simulation.
s06269 is aged 29.98569230769244, blackNH and is leaving the simulation.
s06598 is aged 29.984692307692438, blackNH and is leaving the simulation.
s07961 is aged 29.990692307692438, hispanic and is leaving the simulation.
s08102 is aged 29.984692307692438, hispanic and is leaving the simulation.
s09529 is aged 29.99469230769244, hispanic and is leaving the simulation.
s09628 is aged 29.992692307692437, hispanic and is leaving the simulation.
s09779 is aged 29.993692307692438, hispanic and is leaving the simulation.
s09996 is aged 29.996692307692438, hispanic and is leaving the simulation.
s10544 is aged 29.99769230769244, otherNH and is leaving the simulation.
s10686 is aged 29.989692307692437, otherNH and is leaving the simulation.
s11048 is aged 29.98569230769244, otherNH and is leaving the simulation.
s11250 is aged 29.993692307692438, otherNH and is leaving the simulation.

Agents who have aged to a new age group are being updated...
s00639 is 21.014923076923207 and has aged to age group 21to29.
s00767 is 21.00792307692321 and has aged to age group 21to29.
s00807 is 21.002923076923206 and has aged to age group 21to29.
s01498 is 21.00492307692321 and has aged to age group 21to29.
s02334 is 21.014923076923207 and has aged to age group 21to29.
s02619 is 21.009923076923208 and has aged to age group 21to29.
s03948 is 21.00492307692321 and has aged to age group 21to29.
s04403 is 21.008923076923207 and has aged to age group 21to29.
s04436 is 21.015923076923208 and has aged to age group 21to29.
s04501 is 21.005923076923207 and has aged to age group 21to29.
s05350 is 21.01092307692321 and has aged to age group 21to29.
s06865 is 21.005923076923207 and has aged to age group 21to29.
s07049 is 21.014923076923207 and has aged to age group 21to29.
s07652 is 21.008923076923207 and has aged to age group 21to29.
s09747 is 21.00192307692321 and has aged to age group 21to29.
s09774 is 21.012923076923208 and has aged to age group 21to29.
s10454 is 21.000923076923208 and has aged to age group 21to29.
s10999 is 21.00792307692321 and has aged to age group 21to29.
s11518 is 21.014923076923207 and has aged to age group 21to29.

New agents are being added to the simulation...
s14369 is age 16.0 and hispanic and is entering the model
s14370 is age 16.0 and hispanic and is entering the model
s14371 is age 16.0 and whiteNH and is entering the model
s14372 is age 16.0 and whiteNH and is entering the model
s14373 is age 16.0 and blackNH and is entering the model
s14374 is age 16.0 and hispanic and is entering the model
s14375 is age 16.0 and blackNH and is entering the model
s14376 is age 16.0 and whiteNH and is entering the model
s14377 is age 16.0 and blackNH and is entering the model
s14378 is age 16.0 and hispanic and is entering the model
s14379 is age 16.0 and whiteNH and is entering the model
s14380 is age 16.0 and whiteNH and is entering the model
s14381 is age 16.0 and hispanic and is entering the model
s14382 is age 16.0 and hispanic and is entering the model
s14383 is age 16.0 and hispanic and is entering the model

Agents are attending venues and using apps for week 161 in simulation...

