
CommandNotFoundError: Your shell has not been properly configured to use 'conda activate'.
To initialize your shell, run

    $ conda init <SHELL_NAME>

Currently supported shells are:
  - bash
  - fish
  - tcsh
  - xonsh
  - zsh
  - powershell

See 'conda init --help' for more information and options.

IMPORTANT: You may need to close and restart your shell after running 'conda init'.


R version 4.3.2 (2023-10-31) -- "Eye Holes"
Copyright (C) 2023 The R Foundation for Statistical Computing
Platform: x86_64-conda-linux-gnu (64-bit)

R is free software and comes with ABSOLUTELY NO WARRANTY.
You are welcome to redistribute it under the terms of the
GNU General Public License versions 2 or 3.
For more information about these matters see
https://www.gnu.org/licenses/.

1 v1 step4 117 04-model-simulation.yaml
Loading required package: EpiModel
Loading required package: deSolve
Loading required package: networkDynamic
Loading required package: network

‘network’ 1.18.1 (2023-01-24), part of the Statnet Project
* ‘news(package="network")’ for changes since last version
* ‘citation("network")’ for citation information
* ‘https://statnet.org’ for help, support, and other information


‘networkDynamic’ 0.11.4 (2023-12-10?), part of the Statnet Project
* ‘news(package="networkDynamic")’ for changes since last version
* ‘citation("networkDynamic")’ for citation information
* ‘https://statnet.org’ for help, support, and other information

Loading required package: tergm
Loading required package: ergm

‘ergm’ 4.4.0 (2023-01-26), part of the Statnet Project
* ‘news(package="ergm")’ for changes since last version
* ‘citation("ergm")’ for citation information
* ‘https://statnet.org’ for help, support, and other information

‘ergm’ 4 is a major update that introduces some backwards-incompatible
changes. Please type ‘news(package="ergm")’ for a list of major
changes.

Registered S3 method overwritten by 'tergm':
  method                   from
  simulate_formula.network ergm

‘tergm’ 4.1.1 (2022-11-07), part of the Statnet Project
* ‘news(package="tergm")’ for changes since last version
* ‘citation("tergm")’ for citation information
* ‘https://statnet.org’ for help, support, and other information


Attaching package: ‘tergm’

The following object is masked from ‘package:ergm’:

    snctrl

Loading required package: statnet.common

Attaching package: ‘statnet.common’

The following object is masked from ‘package:ergm’:

    snctrl

The following objects are masked from ‘package:base’:

    attr, order


Attaching package: ‘EpiModelHIV’

The following objects are masked from ‘package:chiSTIGmodules’:

    edges_correct_msm, init_status_msm, init_sti_msm, reallocate_pcp,
    reinit_msm, riskhist_msm

Warning message:
package ‘reticulate’ was built under R version 4.3.3 
[1] 1
[1] "v"

Agents are attending venues and using apps for week 1 in simulation...


Attaching package: ‘dplyr’

The following objects are masked from ‘package:stats’:

    filter, lag

The following objects are masked from ‘package:base’:

    intersect, setdiff, setequal, union

Rows: 182 Columns: 4
── Column specification ────────────────────────────────────────────────────────
Delimiter: ","
chr (4): param, value, type, source

ℹ Use `spec()` to retrieve the full column specification for this data.
ℹ Specify the column types or set `show_col_types = FALSE` to quiet this message.
Fixed Parameters
---------------------------
hiv.test.rate = 0.004052745 0.004265129 0.004668849 0.005370771
hiv.test.late.prob = 0 0 0 0
test.window.int = 3
tt.partial.supp.prob = 0 0 0 0
tt.full.supp.prob = 1 1 1 1
tt.durable.supp.prob = 0 0 0 0
tx.init.rate = 0.3589051 0.399814 0.4093571 0.5031471
tx.halt.partial.rate = 0.004825257 0.00453566 0.003050059 0.003050059
tx.halt.full.or = 0.9220912 0.6431206 1.415046 1.237048
tx.halt.durable.or = 0.45 0.45 0.45 0.45
tx.reinit.partial.rate = 0.00255 0.00255 0.00255 0.00255
tx.reinit.full.or = 1 1 1 1
tx.reinit.durable.or = 1 1 1 1
max.time.off.tx.full.int = 780
max.time.on.tx.partial.int = 520
max.time.off.tx.partial.int = 520
vl.acute.rise.int = 3
vl.acute.peak = 6.886
vl.acute.fall.int = 3
vl.set.point = 4.5
vl.aids.onset.int = 520
vl.aids.int = 104
vl.aids.peak = 7
vl.full.supp = 1.5
vl.part.supp = 3.5
vl.tx.down.rate = 0.25
vl.tx.aids.down.rate = 0.25
vl.tx.up.rate = 0.25
aids.on.tx.mort.rate = 0
aids.off.tx.mort.rate = 0.000537394
a.rate = 0.001386813
arrival.age = 16
hiv.urai.prob = 0.008938
hiv.uiai.prob = 0.003379
hiv.acute.or = 6
hiv.circ.or = 0.4
hiv.cond.eff.or = 0.95
hiv.cond.fail.or = 0.25 0.25 0.25 0.25
hiv.circ.prob = 0.874 0.874 0.918 0.918
acts.aids.vl = 5.75
acts.scale = 1
cond.scale = 1
rgc.prob = 0.2269585
ugc.prob = 0.1902003
rct.prob = 0.2054959
uct.prob = 0.1714429
rgc.sympt.prob = 0.1
ugc.sympt.prob = 0.9333
rct.sympt.prob = 0.1
uct.sympt.prob = 0.95
rgc.ntx.int = 26
ugc.ntx.int = 26
gc.tx.int = 1
rct.ntx.int = 32
uct.ntx.int = 32
ct.tx.int = 1
gc.sympt.tx.prob = 0.9 0.9 0.9 0.9
ct.sympt.tx.prob = 0.9 0.9 0.9 0.9
gc.asympt.tx.prob = 0.1 0.1 0.1 0.1
ct.asympt.tx.prob = 0.1 0.1 0.1 0.1
sti.cond.eff.or = 0.95
sti.cond.fail.or = 0.39 0.3 0.21 0.21
hiv.trans.scale = 17.5 3.5 2 1
hiv.rgc.or = 2.78
hiv.ugc.or = 1.73
hiv.rct.or = 2.78
hiv.uct.or = 1.73
hiv.dual.rr = 0.2
riskh.start = Inf
prep.start = Inf
prep.start.prob = 0.634375 0.775 0.765625 0.765625
prep.adhr.dist = 0.089 0.127 0.784
prep.adhr.or = 0.69 0.19 0.01
prep.discont.int = 32.06053 32.06053 32.06053 32.06053
prep.tst.int = 12.8571
prep.risk.int = 26
prep.sti.screen.int = 26
prep.sti.tx.prob = 1
prep.risk.reassess.int = 52
prep.require.lnt = TRUE
part.ident.start = Inf
part.index.window.int = 0
part.index.degree = 1
part.index.prob = 0.666
part.ident.main.window.int = 52
part.ident.casl.window.int = 52
part.ident.ooff.window.int = 52
part.ident.main.prob = 0.157
part.ident.casl.prob = 0.08518719
part.ident.ooff.prob = 0.04448852
part.hiv.test.rate = 0.394 0.394 0.394 0.394
part.prep.start.prob = 0 0 0 0
part.tx.init.rate = 0.387 0.387 0.387 0.387
part.tx.reinit.rate = 0 0 0 0
exo.trans.prob.B = 0.4642641
exo.trans.prob.H = 0.2100492
exo.trans.prob.O = 0.1640618
exo.trans.prob.W = 0.08310792
venue.treat = 0
app.treat = 0
netstats = <list>
epistats = <list>
act.rate = 1

Starting Network Simulation...
The ages, hiv status, and relationship status for the agents are being updated...

Agents are being removed from the simulation...
s00940 is aged 20.65205479452055, whiteNH and is leaving the simulation.
s01585 is aged 22.317808219178083, whiteNH and is leaving the simulation.
s02489 is aged 21.76164383561644, whiteNH and is leaving the simulation.
s02748 is aged 24.35890410958904, whiteNH and is leaving the simulation.
s03004 is aged 21.476712328767125, whiteNH and is leaving the simulation.
s03122 is aged 28.372602739726027, whiteNH and is leaving the simulation.
s03715 is aged 27.613698630136987, whiteNH and is leaving the simulation.
s03890 is aged 18.386301369863013, blackNH and is leaving the simulation.
s04259 is aged 19.86027397260274, blackNH and is leaving the simulation.
s04418 is aged 20.44109589041096, blackNH and is leaving the simulation.
s04700 is aged 17.068493150684933, blackNH and is leaving the simulation.
s04798 is aged 19.04383561643836, blackNH and is leaving the simulation.
s05102 is aged 28.367123287671237, blackNH and is leaving the simulation.
s05719 is aged 26.5972602739726, blackNH and is leaving the simulation.
s07178 is aged 16.791780821917808, hispanic and is leaving the simulation.
s08965 is aged 23.78356164383561, hispanic and is leaving the simulation.
s10441 is aged 20.476712328767125, otherNH and is leaving the simulation.
s10687 is aged 18.293150684931508, otherNH and is leaving the simulation.
s10745 is aged 16.731506849315068, otherNH and is leaving the simulation.
s10906 is aged 29.372602739726027, otherNH and is leaving the simulation.
s11663 is aged 21.07945205479452, otherNH and is leaving the simulation.

Agents who have aged to a new age group are being updated...
s02081 is 21.01223076923077 and has aged to age group 21to29.
s02344 is 21.01723076923077 and has aged to age group 21to29.
s03305 is 21.01423076923077 and has aged to age group 21to29.
s03426 is 21.01223076923077 and has aged to age group 21to29.
s03614 is 21.01123076923077 and has aged to age group 21to29.
s03633 is 21.01223076923077 and has aged to age group 21to29.
s03676 is 21.01823076923077 and has aged to age group 21to29.
s04417 is 21.00823076923077 and has aged to age group 21to29.
s04627 is 21.01623076923077 and has aged to age group 21to29.
s05373 is 21.00023076923077 and has aged to age group 21to29.
s05991 is 21.01323076923077 and has aged to age group 21to29.
s06283 is 21.01823076923077 and has aged to age group 21to29.
s06615 is 21.00823076923077 and has aged to age group 21to29.
s07093 is 21.00423076923077 and has aged to age group 21to29.
s08143 is 21.00923076923077 and has aged to age group 21to29.
s09334 is 21.01723076923077 and has aged to age group 21to29.
s10181 is 21.01823076923077 and has aged to age group 21to29.
s10576 is 21.00623076923077 and has aged to age group 21to29.

New agents are being added to the simulation...
s11703 is age 16.0 and whiteNH and is entering the model
s11704 is age 16.0 and hispanic and is entering the model
s11705 is age 16.0 and whiteNH and is entering the model
s11706 is age 16.0 and hispanic and is entering the model
s11707 is age 16.0 and hispanic and is entering the model
s11708 is age 16.0 and whiteNH and is entering the model
s11709 is age 16.0 and otherNH and is entering the model
s11710 is age 16.0 and hispanic and is entering the model
s11711 is age 16.0 and hispanic and is entering the model

Agents are attending venues and using apps for week 2 in simulation...


Epidemic Simulation
----------------------------
Simulation: 1/1
Timestep: 2/3640
Prevalence: 1850
Population Size: 11690
----------------------------
The ages, hiv status, and relationship status for the agents are being updated...
s04191 is blackNH, aged 20.33123076923077 in age group 16to20, with relationship status of 1 and is now HIV+.
s05212 is blackNH, aged 19.94723076923077 in age group 21to29, with relationship status of 1 and is now HIV+.
s05683 is blackNH, aged 16.49923076923077 in age group 21to29, with relationship status of 1 and is now HIV+.
s05882 is blackNH, aged 23.97523076923077 in age group 21to29, with relationship status of 0 and is now HIV+.
s05982 is blackNH, aged 20.37423076923077 in age group 21to29, with relationship status of 0 and is now HIV+.
s08000 is hispanic, aged 20.57723076923077 in age group 16to20, with relationship status of 0 and is now HIV+.
s09069 is hispanic, aged 18.39423076923077 in age group 21to29, with relationship status of 0 and is now HIV+.
s10105 is hispanic, aged 22.02423076923077 in age group 21to29, with relationship status of 1 and is now HIV+.
s11001 is otherNH, aged 28.692230769230772 in age group 21to29, with relationship status of 1 and is now HIV+.

Agents are being removed from the simulation...
s00334 is aged 29.99323076923077, whiteNH and is leaving the simulation.
s01808 is aged 29.99323076923077, whiteNH and is leaving the simulation.
s01898 is aged 29.98623076923077, whiteNH and is leaving the simulation.
s02277 is aged 29.98423076923077, whiteNH and is leaving the simulation.
s02901 is aged 29.98423076923077, whiteNH and is leaving the simulation.
s06997 is aged 29.98323076923077, hispanic and is leaving the simulation.
s07366 is aged 29.99323076923077, hispanic and is leaving the simulation.
s07834 is aged 29.98523076923077, hispanic and is leaving the simulation.
s09547 is aged 29.99223076923077, hispanic and is leaving the simulation.
s09884 is aged 29.99923076923077, hispanic and is leaving the simulation.
s10108 is aged 29.99823076923077, hispanic and is leaving the simulation.

Agents who have aged to a new age group are being updated...
s00078 is 21.01246153846154 and has aged to age group 21to29.
s00868 is 21.01746153846154 and has aged to age group 21to29.
s01201 is 21.01546153846154 and has aged to age group 21to29.
s02134 is 21.01846153846154 and has aged to age group 21to29.
s02595 is 21.00646153846154 and has aged to age group 21to29.
s03407 is 21.00946153846154 and has aged to age group 21to29.
s04069 is 21.00146153846154 and has aged to age group 21to29.
s05456 is 21.01046153846154 and has aged to age group 21to29.
s06351 is 21.01046153846154 and has aged to age group 21to29.
s06386 is 21.01646153846154 and has aged to age group 21to29.
s06476 is 21.00146153846154 and has aged to age group 21to29.
s06821 is 21.01246153846154 and has aged to age group 21to29.
s07437 is 21.00246153846154 and has aged to age group 21to29.
s07612 is 21.01046153846154 and has aged to age group 21to29.
s08319 is 21.00646153846154 and has aged to age group 21to29.
s08781 is 21.00146153846154 and has aged to age group 21to29.
s09255 is 21.00346153846154 and has aged to age group 21to29.
s11265 is 21.01346153846154 and has aged to age group 21to29.

New agents are being added to the simulation...
s11712 is age 16.0 and whiteNH and is entering the model
s11713 is age 16.0 and blackNH and is entering the model
s11714 is age 16.0 and blackNH and is entering the model
s11715 is age 16.0 and hispanic and is entering the model
s11716 is age 16.0 and blackNH and is entering the model
s11717 is age 16.0 and blackNH and is entering the model
s11718 is age 16.0 and whiteNH and is entering the model
s11719 is age 16.0 and blackNH and is entering the model
s11720 is age 16.0 and hispanic and is entering the model
s11721 is age 16.0 and blackNH and is entering the model
s11722 is age 16.0 and whiteNH and is entering the model
s11723 is age 16.0 and whiteNH and is entering the model
s11724 is age 16.0 and blackNH and is entering the model

Agents are attending venues and using apps for week 3 in simulation...


Epidemic Simulation
----------------------------
Simulation: 1/1
Timestep: 3/3640
Prevalence: 1862
Population Size: 11692
----------------------------
The ages, hiv status, and relationship status for the agents are being updated...
s03014 is whiteNH, aged 24.20046153846154 in age group 21to29, with relationship status of 1 and is now HIV+.
s03986 is blackNH, aged 22.91846153846154 in age group 16to20, with relationship status of 0 and is now HIV+.
s04047 is blackNH, aged 23.94346153846154 in age group 16to20, with relationship status of 1 and is now HIV+.
s04173 is blackNH, aged 22.57946153846154 in age group 16to20, with relationship status of 0 and is now HIV+.
s04213 is blackNH, aged 24.63646153846154 in age group 16to20, with relationship status of 0 and is now HIV+.
s04520 is blackNH, aged 29.60146153846154 in age group 16to20, with relationship status of 1 and is now HIV+.
s04528 is blackNH, aged 25.56646153846154 in age group 16to20, with relationship status of 1 and is now HIV+.
s04621 is blackNH, aged 28.67446153846154 in age group 16to20, with relationship status of 0 and is now HIV+.
s04906 is blackNH, aged 18.16846153846154 in age group 21to29, with relationship status of 1 and is now HIV+.
s05295 is blackNH, aged 17.30946153846154 in age group 21to29, with relationship status of 0 and is now HIV+.
s05517 is blackNH, aged 26.68346153846154 in age group 21to29, with relationship status of 1 and is now HIV+.
s06629 is blackNH, aged 17.79146153846154 in age group 21to29, with relationship status of 1 and is now HIV+.

Agents are being removed from the simulation...
s00065 is aged 29.99046153846154, whiteNH and is leaving the simulation.
s00749 is aged 29.99846153846154, whiteNH and is leaving the simulation.
s02165 is aged 29.99746153846154, whiteNH and is leaving the simulation.
s03095 is aged 29.99546153846154, whiteNH and is leaving the simulation.
s03294 is aged 29.99746153846154, whiteNH and is leaving the simulation.
s04304 is aged 29.98246153846154, blackNH and is leaving the simulation.
s05494 is aged 29.99146153846154, blackNH and is leaving the simulation.
s06228 is aged 29.99446153846154, blackNH and is leaving the simulation.
s06299 is aged 29.98246153846154, blackNH and is leaving the simulation.
s06655 is aged 29.99946153846154, blackNH and is leaving the simulation.
s07570 is aged 29.99146153846154, hispanic and is leaving the simulation.
s08056 is aged 29.98246153846154, hispanic and is leaving the simulation.
s09128 is aged 29.99646153846154, hispanic and is leaving the simulation.
s09789 is aged 29.98746153846154, hispanic and is leaving the simulation.
s09921 is aged 29.99646153846154, hispanic and is leaving the simulation.
s10732 is aged 29.99446153846154, otherNH and is leaving the simulation.
s10882 is aged 29.99546153846154, otherNH and is leaving the simulation.
s10988 is aged 29.99746153846154, otherNH and is leaving the simulation.
s11288 is aged 29.99546153846154, otherNH and is leaving the simulation.

Agents who have aged to a new age group are being updated...
s00361 is 21.01269230769231 and has aged to age group 21to29.
s00614 is 21.01269230769231 and has aged to age group 21to29.
s04703 is 21.01569230769231 and has aged to age group 21to29.
s06735 is 21.00369230769231 and has aged to age group 21to29.
s07628 is 21.00369230769231 and has aged to age group 21to29.
s07630 is 21.00269230769231 and has aged to age group 21to29.
s07778 is 21.01469230769231 and has aged to age group 21to29.
s07873 is 21.01069230769231 and has aged to age group 21to29.
s08497 is 21.01469230769231 and has aged to age group 21to29.
s09800 is 21.00169230769231 and has aged to age group 21to29.
s11255 is 21.00769230769231 and has aged to age group 21to29.

New agents are being added to the simulation...
s11725 is age 16.0 and otherNH and is entering the model
s11726 is age 16.0 and hispanic and is entering the model
s11727 is age 16.0 and whiteNH and is entering the model
s11728 is age 16.0 and hispanic and is entering the model
s11729 is age 16.0 and whiteNH and is entering the model
s11730 is age 16.0 and hispanic and is entering the model
s11731 is age 16.0 and whiteNH and is entering the model
s11732 is age 16.0 and hispanic and is entering the model
s11733 is age 16.0 and blackNH and is entering the model
s11734 is age 16.0 and blackNH and is entering the model
s11735 is age 16.0 and otherNH and is entering the model

Agents are attending venues and using apps for week 4 in simulation...


Epidemic Simulation
----------------------------
Simulation: 1/1
Timestep: 4/3640
Prevalence: 1870
Population Size: 11684
----------------------------
The ages, hiv status, and relationship status for the agents are being updated...
s04087 is blackNH, aged 17.70769230769231 in age group 16to20, with relationship status of 1 and is now HIV+.
s04260 is blackNH, aged 22.40569230769231 in age group 16to20, with relationship status of 1 and is now HIV+.
s04321 is blackNH, aged 24.32869230769231 in age group 16to20, with relationship status of 1 and is now HIV+.
s04350 is blackNH, aged 27.820692307692312 in age group 16to20, with relationship status of 0 and is now HIV+.
s04616 is blackNH, aged 18.82169230769231 in age group 16to20, with relationship status of 1 and is now HIV+.
s04786 is blackNH, aged 21.34769230769231 in age group 16to20, with relationship status of 0 and is now HIV+.
s05062 is blackNH, aged 24.14669230769231 in age group 21to29, with relationship status of 1 and is now HIV+.
s05422 is blackNH, aged 29.73469230769231 in age group 21to29, with relationship status of 1 and is now HIV+.
s06030 is blackNH, aged 27.57969230769231 in age group 21to29, with relationship status of 1 and is now HIV+.
s06266 is blackNH, aged 25.02369230769231 in age group 21to29, with relationship status of 0 and is now HIV+.
s06398 is blackNH, aged 19.80769230769231 in age group 21to29, with relationship status of 0 and is now HIV+.
s06709 is blackNH, aged 25.97569230769231 in age group 21to29, with relationship status of 0 and is now HIV+.
s06767 is blackNH, aged 29.71269230769231 in age group 21to29, with relationship status of 1 and is now HIV+.
s08997 is hispanic, aged 27.21369230769231 in age group 21to29, with relationship status of 0 and is now HIV+.
s11674 is otherNH, aged 26.39669230769231 in age group 21to29, with relationship status of 0 and is now HIV+.

Agents are being removed from the simulation...
s00191 is aged 29.99469230769231, whiteNH and is leaving the simulation.
s00453 is aged 29.98369230769231, whiteNH and is leaving the simulation.
s00673 is aged 29.99269230769231, whiteNH and is leaving the simulation.
s01669 is aged 29.99769230769231, whiteNH and is leaving the simulation.
s02767 is aged 29.99469230769231, whiteNH and is leaving the simulation.
s03050 is aged 29.99569230769231, whiteNH and is leaving the simulation.
s03527 is aged 29.98669230769231, whiteNH and is leaving the simulation.
s04535 is aged 29.98569230769231, blackNH and is leaving the simulation.
s05119 is aged 29.98769230769231, blackNH and is leaving the simulation.
s05258 is aged 29.99969230769231, blackNH and is leaving the simulation.
s06261 is aged 29.99169230769231, blackNH and is leaving the simulation.
s06445 is aged 29.98569230769231, blackNH and is leaving the simulation.
s06817 is aged 29.99069230769231, blackNH and is leaving the simulation.
s07847 is aged 29.99469230769231, hispanic and is leaving the simulation.
s08645 is aged 29.99669230769231, hispanic and is leaving the simulation.
s09029 is aged 29.99969230769231, hispanic and is leaving the simulation.
s09315 is aged 29.99769230769231, hispanic and is leaving the simulation.
s11189 is aged 29.99569230769231, otherNH and is leaving the simulation.

Agents who have aged to a new age group are being updated...
s00064 is 21.01192307692308 and has aged to age group 21to29.
s01448 is 21.00892307692308 and has aged to age group 21to29.
s01863 is 21.01692307692308 and has aged to age group 21to29.
s02143 is 21.01292307692308 and has aged to age group 21to29.
s02282 is 21.00092307692308 and has aged to age group 21to29.
s03179 is 21.00092307692308 and has aged to age group 21to29.
s03649 is 21.00592307692308 and has aged to age group 21to29.
s03732 is 21.01292307692308 and has aged to age group 21to29.
s03786 is 21.01192307692308 and has aged to age group 21to29.
s04130 is 21.00892307692308 and has aged to age group 21to29.
s04294 is 21.00492307692308 and has aged to age group 21to29.
s05484 is 21.00392307692308 and has aged to age group 21to29.
s05506 is 21.00892307692308 and has aged to age group 21to29.
s06873 is 21.00992307692308 and has aged to age group 21to29.
s07220 is 21.01692307692308 and has aged to age group 21to29.
s07652 is 21.01492307692308 and has aged to age group 21to29.
s08465 is 21.01592307692308 and has aged to age group 21to29.
s09171 is 21.01592307692308 and has aged to age group 21to29.
s09637 is 21.00892307692308 and has aged to age group 21to29.
s10563 is 21.01792307692308 and has aged to age group 21to29.
s11129 is 21.00892307692308 and has aged to age group 21to29.
s11237 is 21.01292307692308 and has aged to age group 21to29.
s11256 is 21.01092307692308 and has aged to age group 21to29.
s11658 is 21.00092307692308 and has aged to age group 21to29.

New agents are being added to the simulation...
s11736 is age 16.0 and hispanic and is entering the model
s11737 is age 16.0 and whiteNH and is entering the model
s11738 is age 16.0 and blackNH and is entering the model
s11739 is age 16.0 and hispanic and is entering the model
s11740 is age 16.0 and otherNH and is entering the model
s11741 is age 16.0 and hispanic and is entering the model
s11742 is age 16.0 and otherNH and is entering the model
s11743 is age 16.0 and blackNH and is entering the model
s11744 is age 16.0 and whiteNH and is entering the model
s11745 is age 16.0 and otherNH and is entering the model
s11746 is age 16.0 and whiteNH and is entering the model
s11747 is age 16.0 and hispanic and is entering the model
s11748 is age 16.0 and hispanic and is entering the model

Agents are attending venues and using apps for week 5 in simulation...


Epidemic Simulation
----------------------------
Simulation: 1/1
Timestep: 5/3640
Prevalence: 1870
Population Size: 11679
----------------------------
The ages, hiv status, and relationship status for the agents are being updated...
s04373 is blackNH, aged 24.70192307692308 in age group 16to20, with relationship status of 0 and is now HIV+.
s04598 is blackNH, aged 20.88392307692308 in age group 16to20, with relationship status of 0 and is now HIV+.
s05084 is blackNH, aged 18.97992307692308 in age group 21to29, with relationship status of 1 and is now HIV+.
s05616 is blackNH, aged 16.81892307692308 in age group 21to29, with relationship status of 0 and is now HIV+.

Agents are being removed from the simulation...
s00324 is aged 29.996923076923082, whiteNH and is leaving the simulation.
s00518 is aged 29.99092307692308, whiteNH and is leaving the simulation.
s01805 is aged 29.98192307692308, whiteNH and is leaving the simulation.
s02522 is aged 29.98492307692308, whiteNH and is leaving the simulation.
s02770 is aged 29.98392307692308, whiteNH and is leaving the simulation.
s03969 is aged 29.98292307692308, blackNH and is leaving the simulation.
s05766 is aged 29.99292307692308, blackNH and is leaving the simulation.
s05965 is aged 29.99292307692308, blackNH and is leaving the simulation.
s07286 is aged 29.98192307692308, hispanic and is leaving the simulation.
s07540 is aged 29.98792307692308, hispanic and is leaving the simulation.
s07765 is aged 29.98092307692308, hispanic and is leaving the simulation.
s08151 is aged 29.99192307692308, hispanic and is leaving the simulation.
s08552 is aged 29.98392307692308, hispanic and is leaving the simulation.
s08849 is aged 29.98592307692308, hispanic and is leaving the simulation.
s09335 is aged 29.98992307692308, hispanic and is leaving the simulation.
s09460 is aged 29.98292307692308, hispanic and is leaving the simulation.
s10183 is aged 29.993923076923082, hispanic and is leaving the simulation.

Agents who have aged to a new age group are being updated...
s00153 is 21.00415384615385 and has aged to age group 21to29.
s00636 is 21.00415384615385 and has aged to age group 21to29.
s01492 is 21.00015384615385 and has aged to age group 21to29.
s02396 is 21.00515384615385 and has aged to age group 21to29.
s03536 is 21.00715384615385 and has aged to age group 21to29.
s03544 is 21.00915384615385 and has aged to age group 21to29.
s04072 is 21.01015384615385 and has aged to age group 21to29.
s06519 is 21.00515384615385 and has aged to age group 21to29.
s07402 is 21.013153846153852 and has aged to age group 21to29.
s07576 is 21.01815384615385 and has aged to age group 21to29.
s08876 is 21.00115384615385 and has aged to age group 21to29.
s09700 is 21.01715384615385 and has aged to age group 21to29.
s10699 is 21.01215384615385 and has aged to age group 21to29.

New agents are being added to the simulation...
s11749 is age 16.0 and whiteNH and is entering the model
s11750 is age 16.0 and hispanic and is entering the model
s11751 is age 16.0 and whiteNH and is entering the model
s11752 is age 16.0 and whiteNH and is entering the model
s11753 is age 16.0 and whiteNH and is entering the model
s11754 is age 16.0 and blackNH and is entering the model
s11755 is age 16.0 and hispanic and is entering the model
s11756 is age 16.0 and otherNH and is entering the model
s11757 is age 16.0 and hispanic and is entering the model
s11758 is age 16.0 and hispanic and is entering the model
s11759 is age 16.0 and hispanic and is entering the model
s11760 is age 16.0 and hispanic and is entering the model
s11761 is age 16.0 and whiteNH and is entering the model
s11762 is age 16.0 and whiteNH and is entering the model
s11763 is age 16.0 and hispanic and is entering the model
s11764 is age 16.0 and hispanic and is entering the model

Agents are attending venues and using apps for week 6 in simulation...


Epidemic Simulation
----------------------------
Simulation: 1/1
Timestep: 6/3640
Prevalence: 1872
Population Size: 11678
----------------------------
The ages, hiv status, and relationship status for the agents are being updated...
s04070 is blackNH, aged 25.45715384615385 in age group 16to20, with relationship status of 1 and is now HIV+.
s04846 is blackNH, aged 20.81515384615385 in age group 16to20, with relationship status of 1 and is now HIV+.
s04914 is blackNH, aged 26.44115384615385 in age group 21to29, with relationship status of 1 and is now HIV+.
s05605 is blackNH, aged 26.00315384615385 in age group 21to29, with relationship status of 1 and is now HIV+.
s06336 is blackNH, aged 29.11915384615385 in age group 21to29, with relationship status of 0 and is now HIV+.
s07065 is hispanic, aged 20.83615384615385 in age group 16to20, with relationship status of 1 and is now HIV+.
s09854 is hispanic, aged 19.37515384615385 in age group 21to29, with relationship status of 0 and is now HIV+.

Agents are being removed from the simulation...
s00276 is aged 29.99015384615385, whiteNH and is leaving the simulation.
s01698 is aged 29.98715384615385, whiteNH and is leaving the simulation.
s01751 is aged 29.99115384615385, whiteNH and is leaving the simulation.
s01862 is aged 29.99015384615385, whiteNH and is leaving the simulation.
s01983 is aged 29.98515384615385, whiteNH and is leaving the simulation.
s02293 is aged 29.984153846153852, whiteNH and is leaving the simulation.
s02302 is aged 29.98515384615385, whiteNH and is leaving the simulation.
s03268 is aged 29.99315384615385, whiteNH and is leaving the simulation.
s03606 is aged 29.99715384615385, whiteNH and is leaving the simulation.
s04248 is aged 29.99515384615385, blackNH and is leaving the simulation.
s05098 is aged 29.98715384615385, blackNH and is leaving the simulation.
s06183 is aged 29.99615384615385, blackNH and is leaving the simulation.
s06343 is aged 29.981153846153852, blackNH and is leaving the simulation.
s06344 is aged 29.98915384615385, blackNH and is leaving the simulation.
s06568 is aged 29.98215384615385, blackNH and is leaving the simulation.
s06790 is aged 29.99415384615385, blackNH and is leaving the simulation.
s07354 is aged 29.984153846153852, hispanic and is leaving the simulation.
s08154 is aged 29.984153846153852, hispanic and is leaving the simulation.
s08769 is aged 29.99115384615385, hispanic and is leaving the simulation.
s08818 is aged 29.98915384615385, hispanic and is leaving the simulation.
s08821 is aged 29.99315384615385, hispanic and is leaving the simulation.
s08851 is aged 29.99315384615385, hispanic and is leaving the simulation.
s09625 is aged 29.99615384615385, hispanic and is leaving the simulation.
s10616 is aged 29.98615384615385, otherNH and is leaving the simulation.
s10804 is aged 29.99215384615385, otherNH and is leaving the simulation.
s11012 is aged 22.40815384615385, otherNH and is leaving the simulation.

Agents who have aged to a new age group are being updated...
s01556 is 21.01038461538462 and has aged to age group 21to29.
s02437 is 21.00738461538462 and has aged to age group 21to29.
s03218 is 21.00938461538462 and has aged to age group 21to29.
s03347 is 21.01038461538462 and has aged to age group 21to29.
s03693 is 21.01838461538462 and has aged to age group 21to29.
s04123 is 21.00638461538462 and has aged to age group 21to29.
s04200 is 21.00938461538462 and has aged to age group 21to29.
s04716 is 21.00738461538462 and has aged to age group 21to29.
s05792 is 21.01138461538462 and has aged to age group 21to29.
s05946 is 21.01738461538462 and has aged to age group 21to29.
s06850 is 21.01438461538462 and has aged to age group 21to29.
s09423 is 21.01838461538462 and has aged to age group 21to29.
s11473 is 21.00438461538462 and has aged to age group 21to29.

New agents are being added to the simulation...
s11765 is age 16.0 and whiteNH and is entering the model
s11766 is age 16.0 and otherNH and is entering the model
s11767 is age 16.0 and blackNH and is entering the model
s11768 is age 16.0 and whiteNH and is entering the model
s11769 is age 16.0 and hispanic and is entering the model
s11770 is age 16.0 and whiteNH and is entering the model
s11771 is age 16.0 and whiteNH and is entering the model
s11772 is age 16.0 and otherNH and is entering the model
s11773 is age 16.0 and hispanic and is entering the model
s11774 is age 16.0 and whiteNH and is entering the model
s11775 is age 16.0 and hispanic and is entering the model
s11776 is age 16.0 and whiteNH and is entering the model
s11777 is age 16.0 and whiteNH and is entering the model
s11778 is age 16.0 and whiteNH and is entering the model
s11779 is age 16.0 and hispanic and is entering the model
s11780 is age 16.0 and blackNH and is entering the model
s11781 is age 16.0 and blackNH and is entering the model
s11782 is age 16.0 and hispanic and is entering the model
s11783 is age 16.0 and hispanic and is entering the model
s11784 is age 16.0 and whiteNH and is entering the model
s11785 is age 16.0 and hispanic and is entering the model

Agents are attending venues and using apps for week 7 in simulation...


Epidemic Simulation
----------------------------
Simulation: 1/1
Timestep: 7/3640
Prevalence: 1873
Population Size: 11673
----------------------------
The ages, hiv status, and relationship status for the agents are being updated...
s05179 is blackNH, aged 25.86938461538462 in age group 21to29, with relationship status of 0 and is now HIV+.
s06477 is blackNH, aged 16.18238461538462 in age group 21to29, with relationship status of 0 and is now HIV+.
s06509 is blackNH, aged 27.26638461538462 in age group 21to29, with relationship status of 1 and is now HIV+.
s06763 is blackNH, aged 16.96438461538462 in age group 21to29, with relationship status of 1 and is now HIV+.
s07328 is hispanic, aged 22.753384615384622 in age group 16to20, with relationship status of 1 and is now HIV+.

Agents are being removed from the simulation...
s02360 is aged 29.99638461538462, whiteNH and is leaving the simulation.
s02433 is aged 29.99738461538462, whiteNH and is leaving the simulation.
s03312 is aged 29.99838461538462, whiteNH and is leaving the simulation.
s04837 is aged 29.99538461538462, blackNH and is leaving the simulation.
s06065 is aged 29.98238461538462, blackNH and is leaving the simulation.
s06185 is aged 29.99838461538462, blackNH and is leaving the simulation.
s06630 is aged 29.99738461538462, blackNH and is leaving the simulation.
s06876 is aged 29.98838461538462, hispanic and is leaving the simulation.
s07399 is aged 29.99938461538462, hispanic and is leaving the simulation.
s11234 is aged 29.98438461538462, otherNH and is leaving the simulation.

Agents who have aged to a new age group are being updated...
s00249 is 21.00361538461539 and has aged to age group 21to29.
s00463 is 21.01161538461539 and has aged to age group 21to29.
s00523 is 21.01261538461539 and has aged to age group 21to29.
s02907 is 21.01361538461539 and has aged to age group 21to29.
s03036 is 21.00261538461539 and has aged to age group 21to29.
s04161 is 21.00361538461539 and has aged to age group 21to29.
s05090 is 21.01561538461539 and has aged to age group 21to29.
s05503 is 21.01761538461539 and has aged to age group 21to29.
s05554 is 21.016615384615392 and has aged to age group 21to29.
s05994 is 21.01261538461539 and has aged to age group 21to29.
s06224 is 21.00661538461539 and has aged to age group 21to29.
s06372 is 21.00761538461539 and has aged to age group 21to29.
s07530 is 21.01361538461539 and has aged to age group 21to29.
s07751 is 21.01061538461539 and has aged to age group 21to29.
s08047 is 21.00961538461539 and has aged to age group 21to29.
s10345 is 21.00661538461539 and has aged to age group 21to29.
s11084 is 21.00461538461539 and has aged to age group 21to29.
s11560 is 21.00161538461539 and has aged to age group 21to29.

New agents are being added to the simulation...
s11786 is age 16.0 and whiteNH and is entering the model
s11787 is age 16.0 and blackNH and is entering the model
s11788 is age 16.0 and hispanic and is entering the model
s11789 is age 16.0 and hispanic and is entering the model
s11790 is age 16.0 and hispanic and is entering the model
s11791 is age 16.0 and hispanic and is entering the model
s11792 is age 16.0 and blackNH and is entering the model
s11793 is age 16.0 and whiteNH and is entering the model
s11794 is age 16.0 and whiteNH and is entering the model
s11795 is age 16.0 and whiteNH and is entering the model
s11796 is age 16.0 and hispanic and is entering the model
s11797 is age 16.0 and hispanic and is entering the model
s11798 is age 16.0 and blackNH and is entering the model
s11799 is age 16.0 and hispanic and is entering the model
s11800 is age 16.0 and hispanic and is entering the model
s11801 is age 16.0 and otherNH and is entering the model
s11802 is age 16.0 and whiteNH and is entering the model

Agents are attending venues and using apps for week 8 in simulation...


Epidemic Simulation
----------------------------
Simulation: 1/1
Timestep: 8/3640
Prevalence: 1874
Population Size: 11680
----------------------------
The ages, hiv status, and relationship status for the agents are being updated...
s05501 is blackNH, aged 17.38861538461539 in age group 21to29, with relationship status of 1 and is now HIV+.
s08531 is hispanic, aged 24.37161538461539 in age group 21to29, with relationship status of 1 and is now HIV+.
s08579 is hispanic, aged 17.27461538461539 in age group 21to29, with relationship status of 1 and is now HIV+.

Agents are being removed from the simulation...
s00992 is aged 29.99761538461539, whiteNH and is leaving the simulation.
s01908 is aged 29.99161538461539, whiteNH and is leaving the simulation.
s02405 is aged 29.993615384615392, whiteNH and is leaving the simulation.
s02801 is aged 29.99761538461539, whiteNH and is leaving the simulation.
s02802 is aged 29.98961538461539, whiteNH and is leaving the simulation.
s02823 is aged 29.99261538461539, whiteNH and is leaving the simulation.
s03238 is aged 29.98961538461539, whiteNH and is leaving the simulation.
s03560 is aged 29.99561538461539, whiteNH and is leaving the simulation.
s04293 is aged 29.98961538461539, blackNH and is leaving the simulation.
s04603 is aged 29.98161538461539, blackNH and is leaving the simulation.
s05456 is aged 21.10661538461539, blackNH and is leaving the simulation.
s05814 is aged 29.99561538461539, blackNH and is leaving the simulation.
s06452 is aged 29.993615384615392, blackNH and is leaving the simulation.
s07318 is aged 29.98861538461539, hispanic and is leaving the simulation.
s07578 is aged 29.99761538461539, hispanic and is leaving the simulation.
s08045 is aged 29.99161538461539, hispanic and is leaving the simulation.
s08826 is aged 29.98261538461539, hispanic and is leaving the simulation.
s10636 is aged 29.99561538461539, otherNH and is leaving the simulation.
s11274 is aged 29.98161538461539, otherNH and is leaving the simulation.

Agents who have aged to a new age group are being updated...
s06000 is 21.00884615384616 and has aged to age group 21to29.
s06898 is 21.01484615384616 and has aged to age group 21to29.
s07087 is 21.01084615384616 and has aged to age group 21to29.
s07211 is 21.009846153846162 and has aged to age group 21to29.
s07920 is 21.00284615384616 and has aged to age group 21to29.
s08476 is 21.00084615384616 and has aged to age group 21to29.
s09656 is 21.01684615384616 and has aged to age group 21to29.

New agents are being added to the simulation...
s11803 is age 16.0 and hispanic and is entering the model
s11804 is age 16.0 and otherNH and is entering the model
s11805 is age 16.0 and blackNH and is entering the model
s11806 is age 16.0 and otherNH and is entering the model
s11807 is age 16.0 and whiteNH and is entering the model
s11808 is age 16.0 and whiteNH and is entering the model
s11809 is age 16.0 and hispanic and is entering the model
s11810 is age 16.0 and whiteNH and is entering the model
s11811 is age 16.0 and otherNH and is entering the model
s11812 is age 16.0 and blackNH and is entering the model
s11813 is age 16.0 and whiteNH and is entering the model
s11814 is age 16.0 and hispanic and is entering the model
s11815 is age 16.0 and whiteNH and is entering the model
s11816 is age 16.0 and hispanic and is entering the model
s11817 is age 16.0 and whiteNH and is entering the model
s11818 is age 16.0 and whiteNH and is entering the model

Agents are attending venues and using apps for week 9 in simulation...


Epidemic Simulation
----------------------------
Simulation: 1/1
Timestep: 9/3640
Prevalence: 1875
Population Size: 11677
----------------------------
The ages, hiv status, and relationship status for the agents are being updated...
s02618 is whiteNH, aged 27.977846153846162 in age group 21to29, with relationship status of 1 and is now HIV+.
s03692 is whiteNH, aged 18.96684615384616 in age group 21to29, with relationship status of 0 and is now HIV+.
s05298 is blackNH, aged 18.08484615384616 in age group 21to29, with relationship status of 0 and is now HIV+.
s05868 is blackNH, aged 27.18284615384616 in age group 21to29, with relationship status of 0 and is now HIV+.
s06093 is blackNH, aged 21.32184615384616 in age group 21to29, with relationship status of 1 and is now HIV+.
s06128 is blackNH, aged 23.08684615384616 in age group 21to29, with relationship status of 1 and is now HIV+.

Agents are being removed from the simulation...
s00547 is aged 29.99784615384616, whiteNH and is leaving the simulation.
s01948 is aged 29.98484615384616, whiteNH and is leaving the simulation.
s01970 is aged 29.99984615384616, whiteNH and is leaving the simulation.
s02101 is aged 29.99284615384616, whiteNH and is leaving the simulation.
s02227 is aged 29.98284615384616, whiteNH and is leaving the simulation.
s03857 is aged 29.98984615384616, blackNH and is leaving the simulation.
s04699 is aged 29.98684615384616, blackNH and is leaving the simulation.
s06015 is aged 29.98484615384616, blackNH and is leaving the simulation.
s06626 is aged 29.99484615384616, blackNH and is leaving the simulation.
s07716 is aged 23.69084615384616, hispanic and is leaving the simulation.
s07746 is aged 29.98284615384616, hispanic and is leaving the simulation.
s08166 is aged 29.98284615384616, hispanic and is leaving the simulation.
s09134 is aged 29.99584615384616, hispanic and is leaving the simulation.
s09237 is aged 29.99684615384616, hispanic and is leaving the simulation.
s09861 is aged 29.99884615384616, hispanic and is leaving the simulation.
s10303 is aged 29.98884615384616, hispanic and is leaving the simulation.
s10447 is aged 29.98084615384616, otherNH and is leaving the simulation.

Agents who have aged to a new age group are being updated...
s02894 is 21.00307692307693 and has aged to age group 21to29.
s03679 is 21.01207692307693 and has aged to age group 21to29.
s03733 is 21.00707692307693 and has aged to age group 21to29.
s04152 is 21.01007692307693 and has aged to age group 21to29.
s06348 is 21.01807692307693 and has aged to age group 21to29.
s06854 is 21.01007692307693 and has aged to age group 21to29.
s07264 is 21.01607692307693 and has aged to age group 21to29.
s08109 is 21.01007692307693 and has aged to age group 21to29.
s08505 is 21.01307692307693 and has aged to age group 21to29.
s08863 is 21.01107692307693 and has aged to age group 21to29.
s10019 is 21.00507692307693 and has aged to age group 21to29.
s10865 is 21.00407692307693 and has aged to age group 21to29.

New agents are being added to the simulation...
s11819 is age 16.0 and hispanic and is entering the model
s11820 is age 16.0 and hispanic and is entering the model
s11821 is age 16.0 and blackNH and is entering the model
s11822 is age 16.0 and whiteNH and is entering the model
s11823 is age 16.0 and hispanic and is entering the model
s11824 is age 16.0 and whiteNH and is entering the model
s11825 is age 16.0 and whiteNH and is entering the model
s11826 is age 16.0 and blackNH and is entering the model
s11827 is age 16.0 and hispanic and is entering the model
s11828 is age 16.0 and blackNH and is entering the model
s11829 is age 16.0 and whiteNH and is entering the model
s11830 is age 16.0 and blackNH and is entering the model
s11831 is age 16.0 and hispanic and is entering the model
s11832 is age 16.0 and whiteNH and is entering the model

Agents are attending venues and using apps for week 10 in simulation...


Epidemic Simulation
----------------------------
Simulation: 1/1
Timestep: 10/3640
Prevalence: 1876
Population Size: 11674
----------------------------
The ages, hiv status, and relationship status for the agents are being updated...
s01317 is whiteNH, aged 25.56607692307693 in age group 16to20, with relationship status of 1 and is now HIV+.
s04279 is blackNH, aged 19.40307692307693 in age group 16to20, with relationship status of 1 and is now HIV+.
s05395 is blackNH, aged 16.30307692307693 in age group 21to29, with relationship status of 0 and is now HIV+.
s06573 is blackNH, aged 16.95507692307693 in age group 21to29, with relationship status of 1 and is now HIV+.
s09067 is hispanic, aged 21.27407692307693 in age group 21to29, with relationship status of 0 and is now HIV+.

Agents are being removed from the simulation...
s00913 is aged 29.99507692307693, whiteNH and is leaving the simulation.
s01037 is aged 29.99307692307693, whiteNH and is leaving the simulation.
s03421 is aged 29.99807692307693, whiteNH and is leaving the simulation.
s04068 is aged 29.99907692307693, blackNH and is leaving the simulation.
s06118 is aged 29.98207692307693, blackNH and is leaving the simulation.
s09487 is aged 29.99807692307693, hispanic and is leaving the simulation.
s10395 is aged 29.99307692307693, hispanic and is leaving the simulation.

Agents who have aged to a new age group are being updated...
s01235 is 21.0083076923077 and has aged to age group 21to29.
s02469 is 21.0173076923077 and has aged to age group 21to29.
s02556 is 21.010307692307702 and has aged to age group 21to29.
s03579 is 21.0043076923077 and has aged to age group 21to29.
s03908 is 21.016307692307702 and has aged to age group 21to29.
s05413 is 21.0023076923077 and has aged to age group 21to29.
s06919 is 21.010307692307702 and has aged to age group 21to29.
s06994 is 21.013307692307702 and has aged to age group 21to29.
s07182 is 21.0013076923077 and has aged to age group 21to29.
s07526 is 21.0123076923077 and has aged to age group 21to29.
s08277 is 21.010307692307702 and has aged to age group 21to29.
s08442 is 21.0013076923077 and has aged to age group 21to29.
s08462 is 21.0043076923077 and has aged to age group 21to29.
s08640 is 21.0023076923077 and has aged to age group 21to29.
s10718 is 21.0123076923077 and has aged to age group 21to29.
s10915 is 21.0003076923077 and has aged to age group 21to29.

New agents are being added to the simulation...
s11833 is age 16.0 and whiteNH and is entering the model
s11834 is age 16.0 and blackNH and is entering the model
s11835 is age 16.0 and otherNH and is entering the model
s11836 is age 16.0 and otherNH and is entering the model
s11837 is age 16.0 and blackNH and is entering the model
s11838 is age 16.0 and hispanic and is entering the model
s11839 is age 16.0 and whiteNH and is entering the model
s11840 is age 16.0 and blackNH and is entering the model
s11841 is age 16.0 and hispanic and is entering the model
s11842 is age 16.0 and hispanic and is entering the model
s11843 is age 16.0 and otherNH and is entering the model
s11844 is age 16.0 and blackNH and is entering the model
s11845 is age 16.0 and whiteNH and is entering the model
s11846 is age 16.0 and hispanic and is entering the model
s11847 is age 16.0 and otherNH and is entering the model
s11848 is age 16.0 and hispanic and is entering the model
s11849 is age 16.0 and hispanic and is entering the model
s11850 is age 16.0 and whiteNH and is entering the model
s11851 is age 16.0 and otherNH and is entering the model
s11852 is age 16.0 and blackNH and is entering the model

Agents are attending venues and using apps for week 11 in simulation...


Epidemic Simulation
----------------------------
Simulation: 1/1
Timestep: 11/3640
Prevalence: 1878
Population Size: 11687
----------------------------
The ages, hiv status, and relationship status for the agents are being updated...
s06196 is blackNH, aged 27.8673076923077 in age group 21to29, with relationship status of 1 and is now HIV+.
s08022 is hispanic, aged 21.414307692307702 in age group 16to20, with relationship status of 0 and is now HIV+.
s10754 is otherNH, aged 29.2223076923077 in age group 16to20, with relationship status of 0 and is now HIV+.

Agents are being removed from the simulation...
s01586 is aged 29.9823076923077, whiteNH and is leaving the simulation.
s01725 is aged 29.9893076923077, whiteNH and is leaving the simulation.
s01935 is aged 29.9943076923077, whiteNH and is leaving the simulation.
s03099 is aged 29.9823076923077, whiteNH and is leaving the simulation.
s04057 is aged 29.9893076923077, blackNH and is leaving the simulation.
s04834 is aged 29.9883076923077, blackNH and is leaving the simulation.
s04845 is aged 29.990307692307702, blackNH and is leaving the simulation.
s06022 is aged 29.9823076923077, blackNH and is leaving the simulation.
s06563 is aged 29.9933076923077, blackNH and is leaving the simulation.
s07509 is aged 29.9963076923077, hispanic and is leaving the simulation.
s07740 is aged 29.984307692307702, hispanic and is leaving the simulation.
s08318 is aged 29.984307692307702, hispanic and is leaving the simulation.
s10004 is aged 29.9923076923077, hispanic and is leaving the simulation.
s10324 is aged 29.9923076923077, hispanic and is leaving the simulation.
s10572 is aged 29.9963076923077, otherNH and is leaving the simulation.

Agents who have aged to a new age group are being updated...
s01025 is 21.003538461538472 and has aged to age group 21to29.
s04598 is 21.01853846153847 and has aged to age group 21to29.
s05844 is 21.01753846153847 and has aged to age group 21to29.
s06211 is 21.00453846153847 and has aged to age group 21to29.
s06401 is 21.009538461538472 and has aged to age group 21to29.
s08110 is 21.01253846153847 and has aged to age group 21to29.
s08187 is 21.006538461538472 and has aged to age group 21to29.
s08891 is 21.006538461538472 and has aged to age group 21to29.
s09062 is 21.00753846153847 and has aged to age group 21to29.
s09887 is 21.00753846153847 and has aged to age group 21to29.
s11259 is 21.00253846153847 and has aged to age group 21to29.

New agents are being added to the simulation...
s11853 is age 16.0 and blackNH and is entering the model
s11854 is age 16.0 and whiteNH and is entering the model
s11855 is age 16.0 and whiteNH and is entering the model
s11856 is age 16.0 and blackNH and is entering the model
s11857 is age 16.0 and hispanic and is entering the model
s11858 is age 16.0 and whiteNH and is entering the model
s11859 is age 16.0 and hispanic and is entering the model
s11860 is age 16.0 and whiteNH and is entering the model
s11861 is age 16.0 and hispanic and is entering the model
s11862 is age 16.0 and hispanic and is entering the model
s11863 is age 16.0 and whiteNH and is entering the model
s11864 is age 16.0 and hispanic and is entering the model
s11865 is age 16.0 and blackNH and is entering the model
s11866 is age 16.0 and hispanic and is entering the model
s11867 is age 16.0 and otherNH and is entering the model
s11868 is age 16.0 and otherNH and is entering the model
s11869 is age 16.0 and hispanic and is entering the model
s11870 is age 16.0 and whiteNH and is entering the model
s11871 is age 16.0 and otherNH and is entering the model

Agents are attending venues and using apps for week 12 in simulation...


Epidemic Simulation
----------------------------
Simulation: 1/1
Timestep: 12/3640
Prevalence: 1877
Population Size: 11691
----------------------------
The ages, hiv status, and relationship status for the agents are being updated...
s04343 is blackNH, aged 23.05153846153847 in age group 16to20, with relationship status of 1 and is now HIV+.
s07187 is hispanic, aged 28.95553846153847 in age group 16to20, with relationship status of 0 and is now HIV+.
s08349 is hispanic, aged 29.04453846153847 in age group 21to29, with relationship status of 1 and is now HIV+.
s08505 is hispanic, aged 21.05153846153847 in age group 21to29, with relationship status of 0 and is now HIV+.

Agents are being removed from the simulation...
s00017 is aged 29.997538461538472, whiteNH and is leaving the simulation.
s01573 is aged 29.99853846153847, whiteNH and is leaving the simulation.
s01822 is aged 29.99853846153847, whiteNH and is leaving the simulation.
s02057 is aged 29.997538461538472, whiteNH and is leaving the simulation.
s03582 is aged 29.98353846153847, whiteNH and is leaving the simulation.
s04221 is aged 29.98853846153847, blackNH and is leaving the simulation.
s05280 is aged 29.98853846153847, blackNH and is leaving the simulation.
s05401 is aged 29.98653846153847, blackNH and is leaving the simulation.
s05717 is aged 29.98153846153847, blackNH and is leaving the simulation.
s05854 is aged 29.98553846153847, blackNH and is leaving the simulation.
s06538 is aged 29.98853846153847, blackNH and is leaving the simulation.
s07057 is aged 29.98453846153847, hispanic and is leaving the simulation.
s08706 is aged 25.91653846153847, hispanic and is leaving the simulation.
s10151 is aged 29.99653846153847, hispanic and is leaving the simulation.

Agents who have aged to a new age group are being updated...
s02415 is 21.00076923076924 and has aged to age group 21to29.
s03242 is 21.01776923076924 and has aged to age group 21to29.
s05106 is 21.016769230769242 and has aged to age group 21to29.
s06270 is 21.00076923076924 and has aged to age group 21to29.
s07239 is 21.00476923076924 and has aged to age group 21to29.
s08188 is 21.01476923076924 and has aged to age group 21to29.
s08563 is 21.00876923076924 and has aged to age group 21to29.
s08724 is 21.00076923076924 and has aged to age group 21to29.
s10056 is 21.00576923076924 and has aged to age group 21to29.
s10267 is 21.01276923076924 and has aged to age group 21to29.
s10569 is 21.00876923076924 and has aged to age group 21to29.
s11348 is 21.01776923076924 and has aged to age group 21to29.

New agents are being added to the simulation...
s11872 is age 16.0 and hispanic and is entering the model
s11873 is age 16.0 and hispanic and is entering the model
s11874 is age 16.0 and whiteNH and is entering the model
s11875 is age 16.0 and whiteNH and is entering the model
s11876 is age 16.0 and blackNH and is entering the model
s11877 is age 16.0 and whiteNH and is entering the model
s11878 is age 16.0 and hispanic and is entering the model
s11879 is age 16.0 and hispanic and is entering the model
s11880 is age 16.0 and hispanic and is entering the model
s11881 is age 16.0 and otherNH and is entering the model
s11882 is age 16.0 and whiteNH and is entering the model
s11883 is age 16.0 and whiteNH and is entering the model
s11884 is age 16.0 and hispanic and is entering the model
s11885 is age 16.0 and whiteNH and is entering the model
s11886 is age 16.0 and blackNH and is entering the model
s11887 is age 16.0 and hispanic and is entering the model
s11888 is age 16.0 and hispanic and is entering the model
s11889 is age 16.0 and hispanic and is entering the model
s11890 is age 16.0 and hispanic and is entering the model
s11891 is age 16.0 and hispanic and is entering the model
s11892 is age 16.0 and whiteNH and is entering the model
s11893 is age 16.0 and whiteNH and is entering the model

Agents are attending venues and using apps for week 13 in simulation...


Epidemic Simulation
----------------------------
Simulation: 1/1
Timestep: 13/3640
Prevalence: 1873
Population Size: 11699
----------------------------
The ages, hiv status, and relationship status for the agents are being updated...
s04142 is blackNH, aged 20.304769230769242 in age group 16to20, with relationship status of 1 and is now HIV+.

Agents are being removed from the simulation...
s01031 is aged 29.98876923076924, whiteNH and is leaving the simulation.
s02119 is aged 29.98676923076924, whiteNH and is leaving the simulation.
s02195 is aged 29.987769230769242, whiteNH and is leaving the simulation.
s02511 is aged 29.99576923076924, whiteNH and is leaving the simulation.
s04237 is aged 28.682769230769242, blackNH and is leaving the simulation.
s05093 is aged 29.98376923076924, blackNH and is leaving the simulation.
s05157 is aged 29.99576923076924, blackNH and is leaving the simulation.
s05883 is aged 29.99276923076924, blackNH and is leaving the simulation.
s06003 is aged 29.987769230769242, blackNH and is leaving the simulation.
s06292 is aged 26.14376923076924, blackNH and is leaving the simulation.
s06357 is aged 29.98676923076924, blackNH and is leaving the simulation.
s06858 is aged 29.98076923076924, hispanic and is leaving the simulation.
s06941 is aged 29.993769230769242, hispanic and is leaving the simulation.
s07479 is aged 29.98276923076924, hispanic and is leaving the simulation.
s07546 is aged 29.987769230769242, hispanic and is leaving the simulation.
s07775 is aged 29.987769230769242, hispanic and is leaving the simulation.
s08176 is aged 29.98976923076924, hispanic and is leaving the simulation.
s08364 is aged 29.98576923076924, hispanic and is leaving the simulation.
s08512 is aged 29.99876923076924, hispanic and is leaving the simulation.
s10221 is aged 29.99576923076924, hispanic and is leaving the simulation.
s11281 is aged 29.98676923076924, otherNH and is leaving the simulation.

Agents who have aged to a new age group are being updated...
s00599 is 21.01600000000001 and has aged to age group 21to29.
s00733 is 21.01900000000001 and has aged to age group 21to29.
s01205 is 21.01900000000001 and has aged to age group 21to29.
s02178 is 21.00600000000001 and has aged to age group 21to29.
s02790 is 21.013000000000012 and has aged to age group 21to29.
s03427 is 21.01900000000001 and has aged to age group 21to29.
s03438 is 21.01800000000001 and has aged to age group 21to29.
s04125 is 21.00300000000001 and has aged to age group 21to29.
s04766 is 21.01100000000001 and has aged to age group 21to29.
s04959 is 21.01500000000001 and has aged to age group 21to29.
s05709 is 21.010000000000012 and has aged to age group 21to29.
s05990 is 21.01600000000001 and has aged to age group 21to29.
s06313 is 21.00800000000001 and has aged to age group 21to29.
s07843 is 21.00300000000001 and has aged to age group 21to29.

New agents are being added to the simulation...
s11894 is age 16.0 and hispanic and is entering the model
s11895 is age 16.0 and otherNH and is entering the model
s11896 is age 16.0 and whiteNH and is entering the model
s11897 is age 16.0 and whiteNH and is entering the model
s11898 is age 16.0 and hispanic and is entering the model
s11899 is age 16.0 and whiteNH and is entering the model
s11900 is age 16.0 and blackNH and is entering the model
s11901 is age 16.0 and whiteNH and is entering the model
s11902 is age 16.0 and whiteNH and is entering the model
s11903 is age 16.0 and whiteNH and is entering the model
s11904 is age 16.0 and hispanic and is entering the model
s11905 is age 16.0 and whiteNH and is entering the model
s11906 is age 16.0 and blackNH and is entering the model
s11907 is age 16.0 and hispanic and is entering the model
s11908 is age 16.0 and blackNH and is entering the model
s11909 is age 16.0 and whiteNH and is entering the model
s11910 is age 16.0 and hispanic and is entering the model
s11911 is age 16.0 and whiteNH and is entering the model

Agents are attending venues and using apps for week 14 in simulation...


Epidemic Simulation
----------------------------
Simulation: 1/1
Timestep: 14/3640
Prevalence: 1871
Population Size: 11696
----------------------------
The ages, hiv status, and relationship status for the agents are being updated...
s01500 is whiteNH, aged 22.20300000000001 in age group 21to29, with relationship status of 1 and is now HIV+.
s03772 is whiteNH, aged 27.70900000000001 in age group 21to29, with relationship status of 0 and is now HIV+.
s04385 is blackNH, aged 20.22100000000001 in age group 16to20, with relationship status of 0 and is now HIV+.
s06147 is blackNH, aged 18.882000000000012 in age group 21to29, with relationship status of 0 and is now HIV+.
s06405 is blackNH, aged 19.11700000000001 in age group 21to29, with relationship status of 1 and is now HIV+.

Agents are being removed from the simulation...
s00512 is aged 29.99800000000001, whiteNH and is leaving the simulation.
s01629 is aged 29.98700000000001, whiteNH and is leaving the simulation.
s02528 is aged 29.99200000000001, whiteNH and is leaving the simulation.
s03168 is aged 29.99100000000001, whiteNH and is leaving the simulation.
s04252 is aged 29.984000000000012, blackNH and is leaving the simulation.
s05489 is aged 29.98800000000001, blackNH and is leaving the simulation.
s05561 is aged 29.984000000000012, blackNH and is leaving the simulation.
s05632 is aged 29.98300000000001, blackNH and is leaving the simulation.
s05898 is aged 29.98500000000001, blackNH and is leaving the simulation.
s06388 is aged 29.98800000000001, blackNH and is leaving the simulation.
s08256 is aged 29.99900000000001, hispanic and is leaving the simulation.
s08466 is aged 29.99400000000001, hispanic and is leaving the simulation.
s09305 is aged 29.99700000000001, hispanic and is leaving the simulation.
s11499 is aged 29.984000000000012, otherNH and is leaving the simulation.

Agents who have aged to a new age group are being updated...
s00979 is 21.01323076923078 and has aged to age group 21to29.
s01431 is 21.01523076923078 and has aged to age group 21to29.
s02173 is 21.01523076923078 and has aged to age group 21to29.
s02309 is 21.00923076923078 and has aged to age group 21to29.
s02704 is 21.01823076923078 and has aged to age group 21to29.
s05375 is 21.01423076923078 and has aged to age group 21to29.
s07065 is 21.00923076923078 and has aged to age group 21to29.
s08927 is 21.00523076923078 and has aged to age group 21to29.
s09163 is 21.01023076923078 and has aged to age group 21to29.
s10006 is 21.00723076923078 and has aged to age group 21to29.
s10352 is 21.01523076923078 and has aged to age group 21to29.

New agents are being added to the simulation...
s11912 is age 16.0 and whiteNH and is entering the model
s11913 is age 16.0 and blackNH and is entering the model
s11914 is age 16.0 and hispanic and is entering the model
s11915 is age 16.0 and hispanic and is entering the model
s11916 is age 16.0 and blackNH and is entering the model
s11917 is age 16.0 and whiteNH and is entering the model
s11918 is age 16.0 and blackNH and is entering the model
s11919 is age 16.0 and whiteNH and is entering the model
s11920 is age 16.0 and blackNH and is entering the model
s11921 is age 16.0 and hispanic and is entering the model
s11922 is age 16.0 and whiteNH and is entering the model
s11923 is age 16.0 and whiteNH and is entering the model

Agents are attending venues and using apps for week 15 in simulation...


Epidemic Simulation
----------------------------
Simulation: 1/1
Timestep: 15/3640
Prevalence: 1873
Population Size: 11694
----------------------------
The ages, hiv status, and relationship status for the agents are being updated...
s04307 is blackNH, aged 22.76223076923078 in age group 16to20, with relationship status of 0 and is now HIV+.
s04808 is blackNH, aged 22.65623076923078 in age group 16to20, with relationship status of 0 and is now HIV+.
s05129 is blackNH, aged 29.38323076923078 in age group 21to29, with relationship status of 0 and is now HIV+.
s08052 is hispanic, aged 20.88023076923078 in age group 16to20, with relationship status of 0 and is now HIV+.
s10541 is otherNH, aged 25.962230769230782 in age group 16to20, with relationship status of 0 and is now HIV+.

Agents are being removed from the simulation...
s00828 is aged 29.99223076923078, whiteNH and is leaving the simulation.
s01699 is aged 29.98923076923078, whiteNH and is leaving the simulation.
s02207 is aged 29.98223076923078, whiteNH and is leaving the simulation.
s02550 is aged 29.98323076923078, whiteNH and is leaving the simulation.
s03948 is aged 29.98623076923078, blackNH and is leaving the simulation.
s05963 is aged 29.98423076923078, blackNH and is leaving the simulation.
s06779 is aged 29.985230769230782, blackNH and is leaving the simulation.
s06848 is aged 29.99023076923078, hispanic and is leaving the simulation.
s07536 is aged 29.98423076923078, hispanic and is leaving the simulation.
s08196 is aged 29.98123076923078, hispanic and is leaving the simulation.
s08825 is aged 29.99623076923078, hispanic and is leaving the simulation.
s09662 is aged 29.997230769230782, hispanic and is leaving the simulation.
s10089 is aged 29.985230769230782, hispanic and is leaving the simulation.
s10727 is aged 29.99823076923078, otherNH and is leaving the simulation.
s11254 is aged 29.991230769230782, otherNH and is leaving the simulation.
s11405 is aged 29.99023076923078, otherNH and is leaving the simulation.
s11482 is aged 29.98323076923078, otherNH and is leaving the simulation.

Agents who have aged to a new age group are being updated...
s00957 is 21.00346153846155 and has aged to age group 21to29.
s01360 is 21.01146153846155 and has aged to age group 21to29.
s01439 is 21.007461538461552 and has aged to age group 21to29.
s02700 is 21.00346153846155 and has aged to age group 21to29.
s03264 is 21.00946153846155 and has aged to age group 21to29.
s04437 is 21.00946153846155 and has aged to age group 21to29.
s04846 is 21.007461538461552 and has aged to age group 21to29.
s06008 is 21.00046153846155 and has aged to age group 21to29.
s06897 is 21.01246153846155 and has aged to age group 21to29.
s07686 is 21.00946153846155 and has aged to age group 21to29.
s07971 is 21.00546153846155 and has aged to age group 21to29.
s08180 is 21.00546153846155 and has aged to age group 21to29.
s08283 is 21.007461538461552 and has aged to age group 21to29.
s09726 is 21.01546153846155 and has aged to age group 21to29.
s10195 is 21.00546153846155 and has aged to age group 21to29.

New agents are being added to the simulation...
s11924 is age 16.0 and blackNH and is entering the model
s11925 is age 16.0 and blackNH and is entering the model
s11926 is age 16.0 and whiteNH and is entering the model
s11927 is age 16.0 and blackNH and is entering the model
s11928 is age 16.0 and whiteNH and is entering the model
s11929 is age 16.0 and hispanic and is entering the model
s11930 is age 16.0 and whiteNH and is entering the model
s11931 is age 16.0 and hispanic and is entering the model
s11932 is age 16.0 and whiteNH and is entering the model
s11933 is age 16.0 and whiteNH and is entering the model
s11934 is age 16.0 and otherNH and is entering the model
s11935 is age 16.0 and hispanic and is entering the model
s11936 is age 16.0 and otherNH and is entering the model
s11937 is age 16.0 and hispanic and is entering the model
s11938 is age 16.0 and whiteNH and is entering the model
s11939 is age 16.0 and hispanic and is entering the model
s11940 is age 16.0 and whiteNH and is entering the model
s11941 is age 16.0 and hispanic and is entering the model

Agents are attending venues and using apps for week 16 in simulation...


Epidemic Simulation
----------------------------
Simulation: 1/1
Timestep: 16/3640
Prevalence: 1873
Population Size: 11695
----------------------------
The ages, hiv status, and relationship status for the agents are being updated...
s06483 is blackNH, aged 16.71046153846155 in age group 21to29, with relationship status of 0 and is now HIV+.
s08198 is hispanic, aged 24.62046153846155 in age group 21to29, with relationship status of 0 and is now HIV+.

Agents are being removed from the simulation...
s00327 is aged 29.981461538461552, whiteNH and is leaving the simulation.
s00371 is aged 29.984461538461552, whiteNH and is leaving the simulation.
s00748 is aged 29.98246153846155, whiteNH and is leaving the simulation.
s01910 is aged 29.99546153846155, whiteNH and is leaving the simulation.
s01929 is aged 29.98846153846155, whiteNH and is leaving the simulation.
s02175 is aged 29.98846153846155, whiteNH and is leaving the simulation.
s02624 is aged 29.99846153846155, whiteNH and is leaving the simulation.
s02671 is aged 29.98846153846155, whiteNH and is leaving the simulation.
s03497 is aged 29.99546153846155, whiteNH and is leaving the simulation.
s03678 is aged 29.98846153846155, whiteNH and is leaving the simulation.
s07154 is aged 29.98246153846155, hispanic and is leaving the simulation.
s07276 is aged 29.984461538461552, hispanic and is leaving the simulation.
s07439 is aged 29.987461538461552, hispanic and is leaving the simulation.
s07804 is aged 29.98646153846155, hispanic and is leaving the simulation.
s08874 is aged 29.981461538461552, hispanic and is leaving the simulation.
s09272 is aged 29.98346153846155, hispanic and is leaving the simulation.
s11136 is aged 29.99346153846155, otherNH and is leaving the simulation.
s11424 is aged 29.99946153846155, otherNH and is leaving the simulation.
s11613 is aged 29.99746153846155, otherNH and is leaving the simulation.

Agents who have aged to a new age group are being updated...
s00032 is 21.01069230769232 and has aged to age group 21to29.
s00819 is 21.00569230769232 and has aged to age group 21to29.
s01415 is 21.000692307692322 and has aged to age group 21to29.
s02131 is 21.01569230769232 and has aged to age group 21to29.
s02297 is 21.000692307692322 and has aged to age group 21to29.
s02859 is 21.00969230769232 and has aged to age group 21to29.
s04030 is 21.003692307692322 and has aged to age group 21to29.
s04232 is 21.003692307692322 and has aged to age group 21to29.
s04740 is 21.01069230769232 and has aged to age group 21to29.
s07502 is 21.01069230769232 and has aged to age group 21to29.
s08717 is 21.006692307692322 and has aged to age group 21to29.
s09688 is 21.01469230769232 and has aged to age group 21to29.
s09824 is 21.00569230769232 and has aged to age group 21to29.
s10289 is 21.01069230769232 and has aged to age group 21to29.
s10417 is 21.003692307692322 and has aged to age group 21to29.
s10946 is 21.000692307692322 and has aged to age group 21to29.

New agents are being added to the simulation...
s11942 is age 16.0 and hispanic and is entering the model
s11943 is age 16.0 and blackNH and is entering the model
s11944 is age 16.0 and whiteNH and is entering the model
s11945 is age 16.0 and blackNH and is entering the model
s11946 is age 16.0 and hispanic and is entering the model
s11947 is age 16.0 and hispanic and is entering the model
s11948 is age 16.0 and blackNH and is entering the model
s11949 is age 16.0 and whiteNH and is entering the model
s11950 is age 16.0 and whiteNH and is entering the model
s11951 is age 16.0 and otherNH and is entering the model
s11952 is age 16.0 and blackNH and is entering the model
s11953 is age 16.0 and hispanic and is entering the model
s11954 is age 16.0 and otherNH and is entering the model
s11955 is age 16.0 and otherNH and is entering the model
s11956 is age 16.0 and otherNH and is entering the model
s11957 is age 16.0 and blackNH and is entering the model
s11958 is age 16.0 and whiteNH and is entering the model
s11959 is age 16.0 and blackNH and is entering the model
s11960 is age 16.0 and hispanic and is entering the model
s11961 is age 16.0 and hispanic and is entering the model
s11962 is age 16.0 and whiteNH and is entering the model
s11963 is age 16.0 and blackNH and is entering the model
s11964 is age 16.0 and blackNH and is entering the model
s11965 is age 16.0 and otherNH and is entering the model
s11966 is age 16.0 and blackNH and is entering the model
s11967 is age 16.0 and hispanic and is entering the model

Agents are attending venues and using apps for week 17 in simulation...


Epidemic Simulation
----------------------------
Simulation: 1/1
Timestep: 17/3640
Prevalence: 1873
Population Size: 11702
----------------------------
The ages, hiv status, and relationship status for the agents are being updated...
s04475 is blackNH, aged 18.68269230769232 in age group 16to20, with relationship status of 1 and is now HIV+.
s10861 is otherNH, aged 22.97269230769232 in age group 16to20, with relationship status of 0 and is now HIV+.
s11045 is otherNH, aged 24.95469230769232 in age group 21to29, with relationship status of 1 and is now HIV+.
s11918 is blackNH, aged 16.03846153846154 in age group 16to20, with relationship status of 0 and is now HIV+.

Agents are being removed from the simulation...
s00421 is aged 29.99669230769232, whiteNH and is leaving the simulation.
s00685 is aged 29.991692307692322, whiteNH and is leaving the simulation.
s01563 is aged 29.98869230769232, whiteNH and is leaving the simulation.
s02417 is aged 29.98769230769232, whiteNH and is leaving the simulation.
s02642 is aged 29.994692307692322, whiteNH and is leaving the simulation.
s02677 is aged 29.98169230769232, whiteNH and is leaving the simulation.
s02739 is aged 29.98269230769232, whiteNH and is leaving the simulation.
s03674 is aged 29.99369230769232, whiteNH and is leaving the simulation.
s04608 is aged 29.98969230769232, blackNH and is leaving the simulation.
s05422 is aged 29.98469230769232, blackNH and is leaving the simulation.
s05614 is aged 29.98369230769232, blackNH and is leaving the simulation.
s05750 is aged 29.997692307692322, blackNH and is leaving the simulation.
s06098 is aged 29.99069230769232, blackNH and is leaving the simulation.
s06772 is aged 29.98369230769232, blackNH and is leaving the simulation.
s08042 is aged 29.98469230769232, hispanic and is leaving the simulation.
s08163 is aged 23.60769230769232, hispanic and is leaving the simulation.
s08569 is aged 29.98769230769232, hispanic and is leaving the simulation.
s08805 is aged 29.99569230769232, hispanic and is leaving the simulation.
s08817 is aged 29.98469230769232, hispanic and is leaving the simulation.
s08979 is aged 29.98169230769232, hispanic and is leaving the simulation.
s09943 is aged 29.997692307692322, hispanic and is leaving the simulation.
s09964 is aged 29.98269230769232, hispanic and is leaving the simulation.
s10685 is aged 29.98569230769232, otherNH and is leaving the simulation.
s10851 is aged 29.99069230769232, otherNH and is leaving the simulation.

Agents who have aged to a new age group are being updated...
s02184 is 21.01192307692309 and has aged to age group 21to29.
s02457 is 21.01292307692309 and has aged to age group 21to29.
s02542 is 21.007923076923092 and has aged to age group 21to29.
s03083 is 21.00392307692309 and has aged to age group 21to29.
s04803 is 21.00692307692309 and has aged to age group 21to29.
s04836 is 21.01292307692309 and has aged to age group 21to29.
s04945 is 21.01792307692309 and has aged to age group 21to29.
s06148 is 21.00592307692309 and has aged to age group 21to29.
s06199 is 21.00292307692309 and has aged to age group 21to29.
s08501 is 21.00292307692309 and has aged to age group 21to29.
s09407 is 21.01892307692309 and has aged to age group 21to29.
s09545 is 21.01492307692309 and has aged to age group 21to29.
s09623 is 21.01792307692309 and has aged to age group 21to29.
s09888 is 21.007923076923092 and has aged to age group 21to29.
s09914 is 21.01592307692309 and has aged to age group 21to29.
s10225 is 21.00292307692309 and has aged to age group 21to29.
s10577 is 21.00292307692309 and has aged to age group 21to29.
s10747 is 21.00092307692309 and has aged to age group 21to29.
s11513 is 21.00592307692309 and has aged to age group 21to29.

New agents are being added to the simulation...
s11968 is age 16.0 and whiteNH and is entering the model
s11969 is age 16.0 and whiteNH and is entering the model
s11970 is age 16.0 and hispanic and is entering the model
s11971 is age 16.0 and whiteNH and is entering the model
s11972 is age 16.0 and otherNH and is entering the model
s11973 is age 16.0 and hispanic and is entering the model
s11974 is age 16.0 and hispanic and is entering the model
s11975 is age 16.0 and blackNH and is entering the model
s11976 is age 16.0 and otherNH and is entering the model
s11977 is age 16.0 and hispanic and is entering the model
s11978 is age 16.0 and blackNH and is entering the model
s11979 is age 16.0 and hispanic and is entering the model

Agents are attending venues and using apps for week 18 in simulation...


Epidemic Simulation
----------------------------
Simulation: 1/1
Timestep: 18/3640
Prevalence: 1869
Population Size: 11690
----------------------------
The ages, hiv status, and relationship status for the agents are being updated...
s03853 is blackNH, aged 18.63092307692309 in age group 16to20, with relationship status of 0 and is now HIV+.
s04878 is blackNH, aged 27.62492307692309 in age group 16to20, with relationship status of 0 and is now HIV+.
s11272 is otherNH, aged 27.01192307692309 in age group 21to29, with relationship status of 0 and is now HIV+.

Agents are being removed from the simulation...
s00307 is aged 29.984923076923092, whiteNH and is leaving the simulation.
s00326 is aged 29.996923076923093, whiteNH and is leaving the simulation.
s02261 is aged 29.98592307692309, whiteNH and is leaving the simulation.
s02754 is aged 29.99892307692309, whiteNH and is leaving the simulation.
s03842 is aged 29.993923076923092, blackNH and is leaving the simulation.
s05535 is aged 29.987923076923092, blackNH and is leaving the simulation.
s05867 is aged 29.984923076923092, blackNH and is leaving the simulation.
s06767 is aged 29.981923076923092, blackNH and is leaving the simulation.
s07269 is aged 29.99592307692309, hispanic and is leaving the simulation.
s10313 is aged 29.99292307692309, hispanic and is leaving the simulation.

Agents who have aged to a new age group are being updated...
s00118 is 21.01815384615386 and has aged to age group 21to29.
s00490 is 21.016153846153863 and has aged to age group 21to29.
s00643 is 21.01215384615386 and has aged to age group 21to29.
s03915 is 21.00215384615386 and has aged to age group 21to29.
s04210 is 21.016153846153863 and has aged to age group 21to29.
s04754 is 21.01815384615386 and has aged to age group 21to29.
s05332 is 21.00015384615386 and has aged to age group 21to29.
s06284 is 21.016153846153863 and has aged to age group 21to29.
s07353 is 21.01415384615386 and has aged to age group 21to29.
s07742 is 21.00515384615386 and has aged to age group 21to29.
s08433 is 21.00815384615386 and has aged to age group 21to29.
s09292 is 21.00215384615386 and has aged to age group 21to29.
s10069 is 21.00615384615386 and has aged to age group 21to29.

New agents are being added to the simulation...
s11980 is age 16.0 and hispanic and is entering the model
s11981 is age 16.0 and otherNH and is entering the model
s11982 is age 16.0 and hispanic and is entering the model
s11983 is age 16.0 and blackNH and is entering the model
s11984 is age 16.0 and hispanic and is entering the model
s11985 is age 16.0 and whiteNH and is entering the model
s11986 is age 16.0 and hispanic and is entering the model
s11987 is age 16.0 and whiteNH and is entering the model
s11988 is age 16.0 and whiteNH and is entering the model
s11989 is age 16.0 and hispanic and is entering the model
s11990 is age 16.0 and whiteNH and is entering the model
s11991 is age 16.0 and hispanic and is entering the model
s11992 is age 16.0 and hispanic and is entering the model
s11993 is age 16.0 and blackNH and is entering the model
s11994 is age 16.0 and whiteNH and is entering the model
s11995 is age 16.0 and whiteNH and is entering the model
s11996 is age 16.0 and hispanic and is entering the model
s11997 is age 16.0 and hispanic and is entering the model
s11998 is age 16.0 and whiteNH and is entering the model
s11999 is age 16.0 and whiteNH and is entering the model

Agents are attending venues and using apps for week 19 in simulation...


Epidemic Simulation
----------------------------
Simulation: 1/1
Timestep: 19/3640
Prevalence: 1870
Population Size: 11700
----------------------------
The ages, hiv status, and relationship status for the agents are being updated...
s04149 is blackNH, aged 24.205153846153863 in age group 16to20, with relationship status of 1 and is now HIV+.
s04493 is blackNH, aged 17.22615384615386 in age group 16to20, with relationship status of 1 and is now HIV+.
s06267 is blackNH, aged 25.109153846153863 in age group 21to29, with relationship status of 0 and is now HIV+.

Agents are being removed from the simulation...
s00031 is aged 29.984153846153863, whiteNH and is leaving the simulation.
s00130 is aged 29.98715384615386, whiteNH and is leaving the simulation.
s00658 is aged 29.984153846153863, whiteNH and is leaving the simulation.
s00799 is aged 29.99115384615386, whiteNH and is leaving the simulation.
s01827 is aged 29.99215384615386, whiteNH and is leaving the simulation.
s02039 is aged 29.99415384615386, whiteNH and is leaving the simulation.
s02048 is aged 29.99415384615386, whiteNH and is leaving the simulation.
s02862 is aged 29.99315384615386, whiteNH and is leaving the simulation.
s04472 is aged 29.99115384615386, blackNH and is leaving the simulation.
s04676 is aged 29.981153846153862, blackNH and is leaving the simulation.
s04884 is aged 29.99715384615386, blackNH and is leaving the simulation.
s04931 is aged 29.98515384615386, blackNH and is leaving the simulation.
s05117 is aged 29.99915384615386, blackNH and is leaving the simulation.
s05162 is aged 29.98615384615386, blackNH and is leaving the simulation.
s06576 is aged 29.981153846153862, blackNH and is leaving the simulation.
s07490 is aged 29.981153846153862, hispanic and is leaving the simulation.
s08951 is aged 29.98315384615386, hispanic and is leaving the simulation.
s09483 is aged 29.984153846153863, hispanic and is leaving the simulation.
s10439 is aged 29.99015384615386, otherNH and is leaving the simulation.

Agents who have aged to a new age group are being updated...
s00212 is 21.014384615384632 and has aged to age group 21to29.
s00592 is 21.00638461538463 and has aged to age group 21to29.
s01557 is 21.00738461538463 and has aged to age group 21to29.
s01710 is 21.00938461538463 and has aged to age group 21to29.
s01997 is 21.000384615384633 and has aged to age group 21to29.
s03386 is 21.01838461538463 and has aged to age group 21to29.
s03571 is 21.01238461538463 and has aged to age group 21to29.
s03803 is 21.00438461538463 and has aged to age group 21to29.
s04207 is 21.00138461538463 and has aged to age group 21to29.
s04518 is 21.01838461538463 and has aged to age group 21to29.
s05311 is 21.00638461538463 and has aged to age group 21to29.
s06020 is 21.014384615384632 and has aged to age group 21to29.
s06789 is 21.01538461538463 and has aged to age group 21to29.
s07202 is 21.014384615384632 and has aged to age group 21to29.
s09421 is 21.000384615384633 and has aged to age group 21to29.
s09986 is 21.00738461538463 and has aged to age group 21to29.
s10211 is 21.00138461538463 and has aged to age group 21to29.
s10660 is 21.00238461538463 and has aged to age group 21to29.
s10812 is 21.014384615384632 and has aged to age group 21to29.
s11559 is 21.014384615384632 and has aged to age group 21to29.
s11629 is 21.00738461538463 and has aged to age group 21to29.

New agents are being added to the simulation...
s12000 is age 16.0 and hispanic and is entering the model
s12001 is age 16.0 and whiteNH and is entering the model
s12002 is age 16.0 and whiteNH and is entering the model
s12003 is age 16.0 and blackNH and is entering the model
s12004 is age 16.0 and whiteNH and is entering the model
s12005 is age 16.0 and blackNH and is entering the model
s12006 is age 16.0 and hispanic and is entering the model
s12007 is age 16.0 and hispanic and is entering the model
s12008 is age 16.0 and whiteNH and is entering the model
s12009 is age 16.0 and whiteNH and is entering the model
s12010 is age 16.0 and blackNH and is entering the model
s12011 is age 16.0 and blackNH and is entering the model
s12012 is age 16.0 and whiteNH and is entering the model
s12013 is age 16.0 and hispanic and is entering the model
s12014 is age 16.0 and hispanic and is entering the model
s12015 is age 16.0 and blackNH and is entering the model
s12016 is age 16.0 and blackNH and is entering the model
s12017 is age 16.0 and whiteNH and is entering the model
s12018 is age 16.0 and otherNH and is entering the model

Agents are attending venues and using apps for week 20 in simulation...


Epidemic Simulation
----------------------------
Simulation: 1/1
Timestep: 20/3640
Prevalence: 1872
Population Size: 11700
----------------------------
The ages, hiv status, and relationship status for the agents are being updated...
s04515 is blackNH, aged 19.74938461538463 in age group 16to20, with relationship status of 1 and is now HIV+.
s06096 is blackNH, aged 17.69538461538463 in age group 21to29, with relationship status of 0 and is now HIV+.
s07420 is hispanic, aged 25.32238461538463 in age group 16to20, with relationship status of 1 and is now HIV+.
s09223 is hispanic, aged 27.366384615384632 in age group 21to29, with relationship status of 0 and is now HIV+.

Agents are being removed from the simulation...
s01511 is aged 26.98338461538463, whiteNH and is leaving the simulation.
s01650 is aged 29.991384615384632, whiteNH and is leaving the simulation.
s02792 is aged 29.98438461538463, whiteNH and is leaving the simulation.
s02796 is aged 29.99238461538463, whiteNH and is leaving the simulation.
s03149 is aged 29.98338461538463, whiteNH and is leaving the simulation.
s04938 is aged 29.98338461538463, blackNH and is leaving the simulation.
s05775 is aged 29.982384615384632, blackNH and is leaving the simulation.
s07033 is aged 29.991384615384632, hispanic and is leaving the simulation.
s07756 is aged 29.99638461538463, hispanic and is leaving the simulation.
s08136 is aged 29.982384615384632, hispanic and is leaving the simulation.
s08451 is aged 29.98638461538463, hispanic and is leaving the simulation.
s09493 is aged 29.99538461538463, hispanic and is leaving the simulation.
s09576 is aged 29.98438461538463, hispanic and is leaving the simulation.
s09898 is aged 29.98738461538463, hispanic and is leaving the simulation.
s11192 is aged 29.98938461538463, otherNH and is leaving the simulation.

Agents who have aged to a new age group are being updated...
s01101 is 21.0126153846154 and has aged to age group 21to29.
s02012 is 21.016615384615402 and has aged to age group 21to29.
s02129 is 21.0146153846154 and has aged to age group 21to29.
s02554 is 21.0006153846154 and has aged to age group 21to29.
s02732 is 21.0086153846154 and has aged to age group 21to29.
s03342 is 21.0036153846154 and has aged to age group 21to29.
s03588 is 21.0096153846154 and has aged to age group 21to29.
s04055 is 21.0006153846154 and has aged to age group 21to29.
s05650 is 21.0186153846154 and has aged to age group 21to29.
s06070 is 21.016615384615402 and has aged to age group 21to29.
s06352 is 21.016615384615402 and has aged to age group 21to29.
s07693 is 21.0176153846154 and has aged to age group 21to29.
s10036 is 21.0186153846154 and has aged to age group 21to29.
s10192 is 21.016615384615402 and has aged to age group 21to29.
s10578 is 21.0006153846154 and has aged to age group 21to29.
s11320 is 21.007615384615402 and has aged to age group 21to29.

New agents are being added to the simulation...
s12019 is age 16.0 and whiteNH and is entering the model
s12020 is age 16.0 and whiteNH and is entering the model
s12021 is age 16.0 and hispanic and is entering the model
s12022 is age 16.0 and blackNH and is entering the model
s12023 is age 16.0 and hispanic and is entering the model
s12024 is age 16.0 and whiteNH and is entering the model
s12025 is age 16.0 and whiteNH and is entering the model
s12026 is age 16.0 and blackNH and is entering the model
s12027 is age 16.0 and whiteNH and is entering the model
s12028 is age 16.0 and hispanic and is entering the model
s12029 is age 16.0 and otherNH and is entering the model
s12030 is age 16.0 and whiteNH and is entering the model
s12031 is age 16.0 and hispanic and is entering the model
s12032 is age 16.0 and blackNH and is entering the model
s12033 is age 16.0 and whiteNH and is entering the model
s12034 is age 16.0 and otherNH and is entering the model
s12035 is age 16.0 and hispanic and is entering the model
s12036 is age 16.0 and hispanic and is entering the model
s12037 is age 16.0 and hispanic and is entering the model
s12038 is age 16.0 and otherNH and is entering the model
s12039 is age 16.0 and otherNH and is entering the model

Agents are attending venues and using apps for week 21 in simulation...


Epidemic Simulation
----------------------------
Simulation: 1/1
Timestep: 21/3640
Prevalence: 1871
Population Size: 11706
----------------------------
The ages, hiv status, and relationship status for the agents are being updated...
s04518 is blackNH, aged 21.0376153846154 in age group 21to29, with relationship status of 0 and is now HIV+.
s10608 is otherNH, aged 20.8876153846154 in age group 16to20, with relationship status of 0 and is now HIV+.

Agents are being removed from the simulation...
s00040 is aged 29.9826153846154, whiteNH and is leaving the simulation.
s00115 is aged 29.9916153846154, whiteNH and is leaving the simulation.
s00668 is aged 29.9856153846154, whiteNH and is leaving the simulation.
s01187 is aged 29.9896153846154, whiteNH and is leaving the simulation.
s01902 is aged 29.9926153846154, whiteNH and is leaving the simulation.
s02035 is aged 29.9956153846154, whiteNH and is leaving the simulation.
s02328 is aged 29.9856153846154, whiteNH and is leaving the simulation.
s02979 is aged 29.9946153846154, whiteNH and is leaving the simulation.
s03729 is aged 29.998615384615402, whiteNH and is leaving the simulation.
s04011 is aged 29.9996153846154, blackNH and is leaving the simulation.
s04314 is aged 29.9966153846154, blackNH and is leaving the simulation.
s04730 is aged 29.9836153846154, blackNH and is leaving the simulation.
s05308 is aged 29.9896153846154, blackNH and is leaving the simulation.
s06875 is aged 29.9956153846154, hispanic and is leaving the simulation.
s07128 is aged 29.9896153846154, hispanic and is leaving the simulation.
s07788 is aged 29.9946153846154, hispanic and is leaving the simulation.
s07819 is aged 29.9956153846154, hispanic and is leaving the simulation.
s08917 is aged 29.9836153846154, hispanic and is leaving the simulation.
s08981 is aged 29.9976153846154, hispanic and is leaving the simulation.
s09185 is aged 29.993615384615403, hispanic and is leaving the simulation.
s11323 is aged 29.993615384615403, otherNH and is leaving the simulation.
s11518 is aged 29.9836153846154, otherNH and is leaving the simulation.

Agents who have aged to a new age group are being updated...
s00328 is 21.01584615384617 and has aged to age group 21to29.
s00982 is 21.00484615384617 and has aged to age group 21to29.
s01216 is 21.017846153846172 and has aged to age group 21to29.
s02665 is 21.00184615384617 and has aged to age group 21to29.
s03387 is 21.01184615384617 and has aged to age group 21to29.
s03615 is 21.01084615384617 and has aged to age group 21to29.
s03734 is 21.000846153846172 and has aged to age group 21to29.
s05464 is 21.00784615384617 and has aged to age group 21to29.
s06204 is 21.00284615384617 and has aged to age group 21to29.
s06419 is 21.017846153846172 and has aged to age group 21to29.
s07046 is 21.003846153846172 and has aged to age group 21to29.
s07639 is 21.006846153846173 and has aged to age group 21to29.
s08052 is 21.01484615384617 and has aged to age group 21to29.
s09246 is 21.01584615384617 and has aged to age group 21to29.
s09265 is 21.003846153846172 and has aged to age group 21to29.
s10064 is 21.006846153846173 and has aged to age group 21to29.
s10236 is 21.01484615384617 and has aged to age group 21to29.

New agents are being added to the simulation...
s12040 is age 16.0 and otherNH and is entering the model
s12041 is age 16.0 and hispanic and is entering the model
s12042 is age 16.0 and whiteNH and is entering the model
s12043 is age 16.0 and blackNH and is entering the model
s12044 is age 16.0 and whiteNH and is entering the model
s12045 is age 16.0 and hispanic and is entering the model
s12046 is age 16.0 and whiteNH and is entering the model
s12047 is age 16.0 and otherNH and is entering the model
s12048 is age 16.0 and whiteNH and is entering the model
s12049 is age 16.0 and whiteNH and is entering the model
s12050 is age 16.0 and blackNH and is entering the model
s12051 is age 16.0 and whiteNH and is entering the model
s12052 is age 16.0 and hispanic and is entering the model
s12053 is age 16.0 and blackNH and is entering the model
s12054 is age 16.0 and whiteNH and is entering the model
s12055 is age 16.0 and blackNH and is entering the model

Agents are attending venues and using apps for week 22 in simulation...


Epidemic Simulation
----------------------------
Simulation: 1/1
Timestep: 22/3640
Prevalence: 1871
Population Size: 11700
----------------------------
The ages, hiv status, and relationship status for the agents are being updated...
s08035 is hispanic, aged 23.24684615384617 in age group 16to20, with relationship status of 1 and is now HIV+.
s11856 is blackNH, aged 16.1923076923077 in age group 16to20, with relationship status of 0 and is now HIV+.

Agents are being removed from the simulation...
s01010 is aged 29.98684615384617, whiteNH and is leaving the simulation.
s03260 is aged 29.99984615384617, whiteNH and is leaving the simulation.
s03462 is aged 29.98484615384617, whiteNH and is leaving the simulation.
s03902 is aged 29.98384615384617, blackNH and is leaving the simulation.
s04092 is aged 29.98984615384617, blackNH and is leaving the simulation.
s04150 is aged 29.98484615384617, blackNH and is leaving the simulation.
s05696 is aged 29.98184615384617, blackNH and is leaving the simulation.
s06253 is aged 29.98984615384617, blackNH and is leaving the simulation.
s06337 is aged 29.98184615384617, blackNH and is leaving the simulation.
s06516 is aged 29.99884615384617, blackNH and is leaving the simulation.
s07027 is aged 29.98184615384617, hispanic and is leaving the simulation.
s08164 is aged 29.99984615384617, hispanic and is leaving the simulation.
s08482 is aged 29.991846153846172, hispanic and is leaving the simulation.
s08526 is aged 29.99284615384617, hispanic and is leaving the simulation.
s08588 is aged 29.994846153846172, hispanic and is leaving the simulation.
s10314 is aged 29.99884615384617, hispanic and is leaving the simulation.
s10335 is aged 29.98084615384617, hispanic and is leaving the simulation.

Agents who have aged to a new age group are being updated...
s00349 is 21.00407692307694 and has aged to age group 21to29.
s01392 is 21.01207692307694 and has aged to age group 21to29.
s01610 is 21.00207692307694 and has aged to age group 21to29.
s01720 is 21.01507692307694 and has aged to age group 21to29.
s01790 is 21.00007692307694 and has aged to age group 21to29.
s01847 is 21.00307692307694 and has aged to age group 21to29.
s02065 is 21.014076923076942 and has aged to age group 21to29.
s02533 is 21.01007692307694 and has aged to age group 21to29.
s02771 is 21.00407692307694 and has aged to age group 21to29.
s02918 is 21.00907692307694 and has aged to age group 21to29.
s02952 is 21.00407692307694 and has aged to age group 21to29.
s05412 is 21.01607692307694 and has aged to age group 21to29.
s05584 is 21.00607692307694 and has aged to age group 21to29.
s06394 is 21.01807692307694 and has aged to age group 21to29.
s06647 is 21.01007692307694 and has aged to age group 21to29.
s07507 is 21.011076923076942 and has aged to age group 21to29.
s07593 is 21.008076923076942 and has aged to age group 21to29.
s07624 is 21.01607692307694 and has aged to age group 21to29.
s07986 is 21.01007692307694 and has aged to age group 21to29.
s09330 is 21.00307692307694 and has aged to age group 21to29.
s10961 is 21.01607692307694 and has aged to age group 21to29.
s11095 is 21.005076923076942 and has aged to age group 21to29.
s11510 is 21.00607692307694 and has aged to age group 21to29.

New agents are being added to the simulation...
s12056 is age 16.0 and otherNH and is entering the model
s12057 is age 16.0 and hispanic and is entering the model
s12058 is age 16.0 and blackNH and is entering the model
s12059 is age 16.0 and whiteNH and is entering the model
s12060 is age 16.0 and hispanic and is entering the model
s12061 is age 16.0 and hispanic and is entering the model
s12062 is age 16.0 and hispanic and is entering the model
s12063 is age 16.0 and blackNH and is entering the model
s12064 is age 16.0 and blackNH and is entering the model
s12065 is age 16.0 and whiteNH and is entering the model
s12066 is age 16.0 and whiteNH and is entering the model
s12067 is age 16.0 and otherNH and is entering the model
s12068 is age 16.0 and blackNH and is entering the model
s12069 is age 16.0 and blackNH and is entering the model
s12070 is age 16.0 and hispanic and is entering the model
s12071 is age 16.0 and hispanic and is entering the model
s12072 is age 16.0 and hispanic and is entering the model

Agents are attending venues and using apps for week 23 in simulation...


Epidemic Simulation
----------------------------
Simulation: 1/1
Timestep: 23/3640
Prevalence: 1872
Population Size: 11700
----------------------------
The ages, hiv status, and relationship status for the agents are being updated...
s04188 is blackNH, aged 22.482076923076942 in age group 16to20, with relationship status of 1 and is now HIV+.
s06200 is blackNH, aged 18.82407692307694 in age group 21to29, with relationship status of 1 and is now HIV+.
s06409 is blackNH, aged 21.81807692307694 in age group 21to29, with relationship status of 1 and is now HIV+.
s09770 is hispanic, aged 16.86707692307694 in age group 21to29, with relationship status of 1 and is now HIV+.

Agents are being removed from the simulation...
s00242 is aged 29.99307692307694, whiteNH and is leaving the simulation.
s00312 is aged 29.98107692307694, whiteNH and is leaving the simulation.
s00474 is aged 29.99007692307694, whiteNH and is leaving the simulation.
s00564 is aged 29.994076923076943, whiteNH and is leaving the simulation.
s00728 is aged 29.98707692307694, whiteNH and is leaving the simulation.
s01766 is aged 29.98107692307694, whiteNH and is leaving the simulation.
s01971 is aged 29.994076923076943, whiteNH and is leaving the simulation.
s02036 is aged 29.99607692307694, whiteNH and is leaving the simulation.
s02292 is aged 29.997076923076943, whiteNH and is leaving the simulation.
s02567 is aged 29.997076923076943, whiteNH and is leaving the simulation.
s04474 is aged 29.982076923076942, blackNH and is leaving the simulation.
s04520 is aged 29.98607692307694, blackNH and is leaving the simulation.
s05081 is aged 29.99207692307694, blackNH and is leaving the simulation.
s07010 is aged 29.991076923076943, hispanic and is leaving the simulation.
s08075 is aged 29.98707692307694, hispanic and is leaving the simulation.
s08604 is aged 29.98707692307694, hispanic and is leaving the simulation.
s08984 is aged 29.98707692307694, hispanic and is leaving the simulation.
s10741 is aged 29.99207692307694, otherNH and is leaving the simulation.
s11114 is aged 29.985076923076942, otherNH and is leaving the simulation.
s11290 is aged 29.991076923076943, otherNH and is leaving the simulation.
s11601 is aged 29.991076923076943, otherNH and is leaving the simulation.

Agents who have aged to a new age group are being updated...
s01095 is 21.01730769230771 and has aged to age group 21to29.
s02598 is 21.01530769230771 and has aged to age group 21to29.
s03352 is 21.01430769230771 and has aged to age group 21to29.
s03937 is 21.016307692307713 and has aged to age group 21to29.
s04940 is 21.00630769230771 and has aged to age group 21to29.
s06215 is 21.01430769230771 and has aged to age group 21to29.
s07307 is 21.00330769230771 and has aged to age group 21to29.
s07678 is 21.01830769230771 and has aged to age group 21to29.
s08000 is 21.00030769230771 and has aged to age group 21to29.
s08444 is 21.00930769230771 and has aged to age group 21to29.
s09908 is 21.00230769230771 and has aged to age group 21to29.
s10082 is 21.016307692307713 and has aged to age group 21to29.

New agents are being added to the simulation...
s12073 is age 16.0 and blackNH and is entering the model
s12074 is age 16.0 and whiteNH and is entering the model
s12075 is age 16.0 and hispanic and is entering the model
s12076 is age 16.0 and whiteNH and is entering the model
s12077 is age 16.0 and blackNH and is entering the model
s12078 is age 16.0 and blackNH and is entering the model
s12079 is age 16.0 and blackNH and is entering the model
s12080 is age 16.0 and otherNH and is entering the model
s12081 is age 16.0 and whiteNH and is entering the model
s12082 is age 16.0 and hispanic and is entering the model
s12083 is age 16.0 and hispanic and is entering the model
s12084 is age 16.0 and whiteNH and is entering the model
s12085 is age 16.0 and whiteNH and is entering the model
s12086 is age 16.0 and whiteNH and is entering the model
s12087 is age 16.0 and whiteNH and is entering the model
s12088 is age 16.0 and whiteNH and is entering the model
s12089 is age 16.0 and otherNH and is entering the model
s12090 is age 16.0 and otherNH and is entering the model
s12091 is age 16.0 and whiteNH and is entering the model

Agents are attending venues and using apps for week 24 in simulation...


Epidemic Simulation
----------------------------
Simulation: 1/1
Timestep: 24/3640
Prevalence: 1871
Population Size: 11698
----------------------------
The ages, hiv status, and relationship status for the agents are being updated...
s05931 is blackNH, aged 27.295307692307713 in age group 21to29, with relationship status of 0 and is now HIV+.
s09148 is hispanic, aged 23.57530769230771 in age group 21to29, with relationship status of 1 and is now HIV+.

Agents are being removed from the simulation...
s00233 is aged 29.990307692307713, whiteNH and is leaving the simulation.
s00462 is aged 29.99930769230771, whiteNH and is leaving the simulation.
s01578 is aged 29.998307692307712, whiteNH and is leaving the simulation.
s01594 is aged 29.995307692307712, whiteNH and is leaving the simulation.
s03996 is aged 29.984307692307713, blackNH and is leaving the simulation.
s05647 is aged 20.949307692307713, blackNH and is leaving the simulation.
s05758 is aged 29.992307692307712, blackNH and is leaving the simulation.
s06453 is aged 29.99330769230771, blackNH and is leaving the simulation.
s07132 is aged 29.98830769230771, hispanic and is leaving the simulation.
s07448 is aged 29.99630769230771, hispanic and is leaving the simulation.
s07729 is aged 29.995307692307712, hispanic and is leaving the simulation.
s08237 is aged 29.98930769230771, hispanic and is leaving the simulation.
s08329 is aged 29.990307692307713, hispanic and is leaving the simulation.
s08600 is aged 29.98830769230771, hispanic and is leaving the simulation.
s08792 is aged 29.98530769230771, hispanic and is leaving the simulation.
s09113 is aged 29.98530769230771, hispanic and is leaving the simulation.
s09308 is aged 29.98630769230771, hispanic and is leaving the simulation.
s10295 is aged 29.98930769230771, hispanic and is leaving the simulation.
s11332 is aged 29.992307692307712, otherNH and is leaving the simulation.
s11463 is aged 29.98830769230771, otherNH and is leaving the simulation.

Agents who have aged to a new age group are being updated...
s00410 is 21.008538461538482 and has aged to age group 21to29.
s02138 is 21.008538461538482 and has aged to age group 21to29.
s02150 is 21.01353846153848 and has aged to age group 21to29.
s03107 is 21.017538461538482 and has aged to age group 21to29.
s03311 is 21.000538461538483 and has aged to age group 21to29.
s03419 is 21.00753846153848 and has aged to age group 21to29.
s03616 is 21.01553846153848 and has aged to age group 21to29.
s03868 is 21.000538461538483 and has aged to age group 21to29.
s04169 is 21.017538461538482 and has aged to age group 21to29.
s04555 is 21.006538461538483 and has aged to age group 21to29.
s05224 is 21.01653846153848 and has aged to age group 21to29.
s06933 is 21.008538461538482 and has aged to age group 21to29.
s07472 is 21.01553846153848 and has aged to age group 21to29.
s07825 is 21.011538461538482 and has aged to age group 21to29.
s09429 is 21.006538461538483 and has aged to age group 21to29.
s09457 is 21.00253846153848 and has aged to age group 21to29.
s09558 is 21.01553846153848 and has aged to age group 21to29.
s09682 is 21.01553846153848 and has aged to age group 21to29.
s09940 is 21.00153846153848 and has aged to age group 21to29.
s10088 is 21.00153846153848 and has aged to age group 21to29.
s10107 is 21.017538461538482 and has aged to age group 21to29.
s11436 is 21.014538461538482 and has aged to age group 21to29.
s11443 is 21.01353846153848 and has aged to age group 21to29.
s11700 is 21.01253846153848 and has aged to age group 21to29.

New agents are being added to the simulation...
s12092 is age 16.0 and hispanic and is entering the model
s12093 is age 16.0 and hispanic and is entering the model
s12094 is age 16.0 and hispanic and is entering the model
s12095 is age 16.0 and whiteNH and is entering the model
s12096 is age 16.0 and whiteNH and is entering the model
s12097 is age 16.0 and blackNH and is entering the model
s12098 is age 16.0 and otherNH and is entering the model
s12099 is age 16.0 and whiteNH and is entering the model
s12100 is age 16.0 and blackNH and is entering the model
s12101 is age 16.0 and blackNH and is entering the model
s12102 is age 16.0 and whiteNH and is entering the model
s12103 is age 16.0 and hispanic and is entering the model
s12104 is age 16.0 and whiteNH and is entering the model
s12105 is age 16.0 and whiteNH and is entering the model
s12106 is age 16.0 and hispanic and is entering the model

Agents are attending venues and using apps for week 25 in simulation...


Epidemic Simulation
----------------------------
Simulation: 1/1
Timestep: 25/3640
Prevalence: 1868
Population Size: 11693
----------------------------
The ages, hiv status, and relationship status for the agents are being updated...
s03734 is whiteNH, aged 21.058538461538483 in age group 21to29, with relationship status of 1 and is now HIV+.

Agents are being removed from the simulation...
s01555 is aged 29.997538461538483, whiteNH and is leaving the simulation.
s01866 is aged 29.98653846153848, whiteNH and is leaving the simulation.
s02503 is aged 29.98353846153848, whiteNH and is leaving the simulation.
s03008 is aged 29.99053846153848, whiteNH and is leaving the simulation.
s03594 is aged 29.98453846153848, whiteNH and is leaving the simulation.
s03663 is aged 29.99253846153848, whiteNH and is leaving the simulation.
s04071 is aged 29.99853846153848, blackNH and is leaving the simulation.
s05279 is aged 29.99853846153848, blackNH and is leaving the simulation.
s06124 is aged 29.99653846153848, blackNH and is leaving the simulation.
s06759 is aged 29.99253846153848, blackNH and is leaving the simulation.
s06878 is aged 29.98753846153848, hispanic and is leaving the simulation.
s07566 is aged 29.99353846153848, hispanic and is leaving the simulation.
s07620 is aged 29.994538461538482, hispanic and is leaving the simulation.
s08690 is aged 29.98653846153848, hispanic and is leaving the simulation.
s09864 is aged 29.99053846153848, hispanic and is leaving the simulation.
s10115 is aged 29.988538461538482, hispanic and is leaving the simulation.
s11107 is aged 29.985538461538482, otherNH and is leaving the simulation.
s11127 is aged 29.98153846153848, otherNH and is leaving the simulation.

Agents who have aged to a new age group are being updated...
s00484 is 21.00676923076925 and has aged to age group 21to29.
s00851 is 21.00576923076925 and has aged to age group 21to29.
s01135 is 21.01576923076925 and has aged to age group 21to29.
s02020 is 21.004769230769252 and has aged to age group 21to29.
s02666 is 21.001769230769252 and has aged to age group 21to29.
s03472 is 21.00276923076925 and has aged to age group 21to29.
s04624 is 21.00076923076925 and has aged to age group 21to29.
s04897 is 21.010769230769252 and has aged to age group 21to29.
s06045 is 21.01576923076925 and has aged to age group 21to29.
s07373 is 21.00976923076925 and has aged to age group 21to29.
s08067 is 21.00876923076925 and has aged to age group 21to29.
s10011 is 21.01776923076925 and has aged to age group 21to29.
s10141 is 21.001769230769252 and has aged to age group 21to29.
s11071 is 21.00276923076925 and has aged to age group 21to29.

New agents are being added to the simulation...
s12107 is age 16.0 and hispanic and is entering the model
s12108 is age 16.0 and hispanic and is entering the model
s12109 is age 16.0 and whiteNH and is entering the model
s12110 is age 16.0 and blackNH and is entering the model
s12111 is age 16.0 and whiteNH and is entering the model
s12112 is age 16.0 and hispanic and is entering the model
s12113 is age 16.0 and whiteNH and is entering the model
s12114 is age 16.0 and whiteNH and is entering the model
s12115 is age 16.0 and hispanic and is entering the model
s12116 is age 16.0 and whiteNH and is entering the model
s12117 is age 16.0 and hispanic and is entering the model
s12118 is age 16.0 and otherNH and is entering the model
s12119 is age 16.0 and hispanic and is entering the model
s12120 is age 16.0 and whiteNH and is entering the model
s12121 is age 16.0 and hispanic and is entering the model
s12122 is age 16.0 and whiteNH and is entering the model
s12123 is age 16.0 and otherNH and is entering the model
s12124 is age 16.0 and whiteNH and is entering the model

Agents are attending venues and using apps for week 26 in simulation...


Epidemic Simulation
----------------------------
Simulation: 1/1
Timestep: 26/3640
Prevalence: 1869
Population Size: 11693
----------------------------
The ages, hiv status, and relationship status for the agents are being updated...
s05470 is blackNH, aged 26.309769230769252 in age group 21to29, with relationship status of 1 and is now HIV+.
s06512 is blackNH, aged 17.408769230769252 in age group 21to29, with relationship status of 1 and is now HIV+.
s06635 is blackNH, aged 26.11476923076925 in age group 21to29, with relationship status of 0 and is now HIV+.

Agents are being removed from the simulation...
s03146 is aged 29.99776923076925, whiteNH and is leaving the simulation.
s04357 is aged 29.99976923076925, blackNH and is leaving the simulation.
s04923 is aged 29.98076923076925, blackNH and is leaving the simulation.
s06746 is aged 29.984769230769253, blackNH and is leaving the simulation.
s08942 is aged 29.993769230769253, hispanic and is leaving the simulation.
s10785 is aged 29.993769230769253, otherNH and is leaving the simulation.
s11171 is aged 29.984769230769253, otherNH and is leaving the simulation.
s11486 is aged 29.99476923076925, otherNH and is leaving the simulation.

Agents who have aged to a new age group are being updated...
s00688 is 21.00300000000002 and has aged to age group 21to29.
s01054 is 21.01400000000002 and has aged to age group 21to29.
s01192 is 21.01400000000002 and has aged to age group 21to29.
s02983 is 21.00900000000002 and has aged to age group 21to29.
s03052 is 21.01200000000002 and has aged to age group 21to29.
s04250 is 21.00300000000002 and has aged to age group 21to29.
s04578 is 21.01600000000002 and has aged to age group 21to29.
s05076 is 21.01600000000002 and has aged to age group 21to29.
s09612 is 21.007000000000023 and has aged to age group 21to29.
s09827 is 21.01900000000002 and has aged to age group 21to29.
s10472 is 21.004000000000023 and has aged to age group 21to29.
s10597 is 21.00300000000002 and has aged to age group 21to29.
s10608 is 21.00300000000002 and has aged to age group 21to29.
s11218 is 21.01900000000002 and has aged to age group 21to29.
s11608 is 21.01100000000002 and has aged to age group 21to29.

New agents are being added to the simulation...
s12125 is age 16.0 and hispanic and is entering the model
s12126 is age 16.0 and hispanic and is entering the model
s12127 is age 16.0 and hispanic and is entering the model
s12128 is age 16.0 and hispanic and is entering the model
s12129 is age 16.0 and whiteNH and is entering the model
s12130 is age 16.0 and blackNH and is entering the model
s12131 is age 16.0 and hispanic and is entering the model
s12132 is age 16.0 and whiteNH and is entering the model
s12133 is age 16.0 and hispanic and is entering the model
s12134 is age 16.0 and hispanic and is entering the model
s12135 is age 16.0 and otherNH and is entering the model
s12136 is age 16.0 and blackNH and is entering the model
s12137 is age 16.0 and hispanic and is entering the model
s12138 is age 16.0 and hispanic and is entering the model
s12139 is age 16.0 and hispanic and is entering the model
s12140 is age 16.0 and hispanic and is entering the model
s12141 is age 16.0 and hispanic and is entering the model
s12142 is age 16.0 and hispanic and is entering the model
s12143 is age 16.0 and hispanic and is entering the model
s12144 is age 16.0 and otherNH and is entering the model
s12145 is age 16.0 and whiteNH and is entering the model
s12146 is age 16.0 and whiteNH and is entering the model
s12147 is age 16.0 and hispanic and is entering the model
s12148 is age 16.0 and whiteNH and is entering the model

Agents are attending venues and using apps for week 27 in simulation...


Epidemic Simulation
----------------------------
Simulation: 1/1
Timestep: 27/3640
Prevalence: 1867
Population Size: 11709
----------------------------
The ages, hiv status, and relationship status for the agents are being updated...

Agents are being removed from the simulation...
s00226 is aged 29.98200000000002, whiteNH and is leaving the simulation.
s00381 is aged 29.998000000000022, whiteNH and is leaving the simulation.
s00704 is aged 29.99100000000002, whiteNH and is leaving the simulation.
s01132 is aged 29.98800000000002, whiteNH and is leaving the simulation.
s02889 is aged 29.998000000000022, whiteNH and is leaving the simulation.
s06581 is aged 29.995000000000022, blackNH and is leaving the simulation.
s07784 is aged 29.98800000000002, hispanic and is leaving the simulation.
s09238 is aged 29.98800000000002, hispanic and is leaving the simulation.
s10111 is aged 29.99900000000002, hispanic and is leaving the simulation.
s10991 is aged 29.992000000000022, otherNH and is leaving the simulation.

Agents who have aged to a new age group are being updated...
s00192 is 21.01323076923079 and has aged to age group 21to29.
s00362 is 21.008230769230792 and has aged to age group 21to29.
s01137 is 21.01623076923079 and has aged to age group 21to29.
s02045 is 21.000230769230793 and has aged to age group 21to29.
s03077 is 21.01523076923079 and has aged to age group 21to29.
s04235 is 21.01623076923079 and has aged to age group 21to29.
s05286 is 21.01023076923079 and has aged to age group 21to29.
s06187 is 21.003230769230793 and has aged to age group 21to29.
s06774 is 21.00923076923079 and has aged to age group 21to29.
s11037 is 21.00923076923079 and has aged to age group 21to29.

New agents are being added to the simulation...
s12149 is age 16.0 and whiteNH and is entering the model
s12150 is age 16.0 and blackNH and is entering the model
s12151 is age 16.0 and blackNH and is entering the model
s12152 is age 16.0 and hispanic and is entering the model
s12153 is age 16.0 and whiteNH and is entering the model
s12154 is age 16.0 and whiteNH and is entering the model
s12155 is age 16.0 and hispanic and is entering the model
s12156 is age 16.0 and whiteNH and is entering the model
s12157 is age 16.0 and otherNH and is entering the model
s12158 is age 16.0 and blackNH and is entering the model
s12159 is age 16.0 and hispanic and is entering the model
s12160 is age 16.0 and hispanic and is entering the model
s12161 is age 16.0 and hispanic and is entering the model
s12162 is age 16.0 and otherNH and is entering the model
s12163 is age 16.0 and blackNH and is entering the model

Agents are attending venues and using apps for week 28 in simulation...


Epidemic Simulation
----------------------------
Simulation: 1/1
Timestep: 28/3640
Prevalence: 1869
Population Size: 11714
----------------------------
The ages, hiv status, and relationship status for the agents are being updated...
s00145 is whiteNH, aged 25.69323076923079 in age group 16to20, with relationship status of 0 and is now HIV+.
s02399 is whiteNH, aged 28.49323076923079 in age group 21to29, with relationship status of 0 and is now HIV+.
s04382 is blackNH, aged 28.255230769230792 in age group 16to20, with relationship status of 0 and is now HIV+.

Agents are being removed from the simulation...
s00897 is aged 29.98423076923079, whiteNH and is leaving the simulation.
s01533 is aged 29.98623076923079, whiteNH and is leaving the simulation.
s02299 is aged 29.997230769230793, whiteNH and is leaving the simulation.
s03598 is aged 29.982230769230792, whiteNH and is leaving the simulation.
s04961 is aged 29.997230769230793, blackNH and is leaving the simulation.
s05591 is aged 29.98723076923079, blackNH and is leaving the simulation.
s07218 is aged 29.98423076923079, hispanic and is leaving the simulation.
s09455 is aged 29.98123076923079, hispanic and is leaving the simulation.
s10635 is aged 29.98323076923079, otherNH and is leaving the simulation.
s10881 is aged 29.997230769230793, otherNH and is leaving the simulation.
s11035 is aged 29.999230769230792, otherNH and is leaving the simulation.

Agents who have aged to a new age group are being updated...
s00217 is 21.007461538461563 and has aged to age group 21to29.
s00862 is 21.00546153846156 and has aged to age group 21to29.
s00995 is 21.00646153846156 and has aged to age group 21to29.
s04918 is 21.00246153846156 and has aged to age group 21to29.
s07106 is 21.00946153846156 and has aged to age group 21to29.
s07314 is 21.00046153846156 and has aged to age group 21to29.
s08655 is 21.01246153846156 and has aged to age group 21to29.
s08747 is 21.018461538461562 and has aged to age group 21to29.
s09891 is 21.004461538461562 and has aged to age group 21to29.
s10144 is 21.00846153846156 and has aged to age group 21to29.
s10224 is 21.016461538461563 and has aged to age group 21to29.
s10275 is 21.010461538461563 and has aged to age group 21to29.
s10294 is 21.01446153846156 and has aged to age group 21to29.
s10945 is 21.007461538461563 and has aged to age group 21to29.

New agents are being added to the simulation...
s12164 is age 16.0 and otherNH and is entering the model
s12165 is age 16.0 and whiteNH and is entering the model
s12166 is age 16.0 and whiteNH and is entering the model
s12167 is age 16.0 and otherNH and is entering the model
s12168 is age 16.0 and whiteNH and is entering the model
s12169 is age 16.0 and blackNH and is entering the model
s12170 is age 16.0 and blackNH and is entering the model
s12171 is age 16.0 and blackNH and is entering the model
s12172 is age 16.0 and whiteNH and is entering the model
s12173 is age 16.0 and whiteNH and is entering the model
s12174 is age 16.0 and whiteNH and is entering the model
s12175 is age 16.0 and otherNH and is entering the model
s12176 is age 16.0 and hispanic and is entering the model
s12177 is age 16.0 and whiteNH and is entering the model
s12178 is age 16.0 and blackNH and is entering the model

Agents are attending venues and using apps for week 29 in simulation...


Epidemic Simulation
----------------------------
Simulation: 1/1
Timestep: 29/3640
Prevalence: 1869
Population Size: 11718
----------------------------
The ages, hiv status, and relationship status for the agents are being updated...
s12079 is blackNH, aged 16.09615384615385 in age group 16to20, with relationship status of 0 and is now HIV+.

Agents are being removed from the simulation...
s02364 is aged 29.99146153846156, whiteNH and is leaving the simulation.
s02654 is aged 29.98246153846156, whiteNH and is leaving the simulation.
s03718 is aged 29.984461538461563, whiteNH and is leaving the simulation.
s04684 is aged 24.867461538461562, blackNH and is leaving the simulation.
s05336 is aged 21.78546153846156, blackNH and is leaving the simulation.
s07061 is aged 29.99746153846156, hispanic and is leaving the simulation.
s07208 is aged 29.986461538461562, hispanic and is leaving the simulation.
s07619 is aged 29.998461538461562, hispanic and is leaving the simulation.
s08167 is aged 29.489461538461562, hispanic and is leaving the simulation.
s08289 is aged 29.99646153846156, hispanic and is leaving the simulation.
s08378 is aged 29.990461538461563, hispanic and is leaving the simulation.
s09554 is aged 29.984461538461563, hispanic and is leaving the simulation.
s10524 is aged 29.984461538461563, otherNH and is leaving the simulation.
s11360 is aged 29.99146153846156, otherNH and is leaving the simulation.
s11378 is aged 29.990461538461563, otherNH and is leaving the simulation.
s11556 is aged 29.984461538461563, otherNH and is leaving the simulation.

Agents who have aged to a new age group are being updated...
s02111 is 21.008692307692332 and has aged to age group 21to29.
s05797 is 21.014692307692332 and has aged to age group 21to29.
s05995 is 21.017692307692332 and has aged to age group 21to29.
s08072 is 21.01269230769233 and has aged to age group 21to29.
s08545 is 21.01869230769233 and has aged to age group 21to29.
s09110 is 21.01069230769233 and has aged to age group 21to29.
s09588 is 21.01669230769233 and has aged to age group 21to29.
s09826 is 21.00269230769233 and has aged to age group 21to29.
s10392 is 21.005692307692332 and has aged to age group 21to29.
s11375 is 21.01269230769233 and has aged to age group 21to29.

New agents are being added to the simulation...
s12179 is age 16.0 and otherNH and is entering the model
s12180 is age 16.0 and blackNH and is entering the model
s12181 is age 16.0 and otherNH and is entering the model
s12182 is age 16.0 and hispanic and is entering the model
s12183 is age 16.0 and whiteNH and is entering the model
s12184 is age 16.0 and blackNH and is entering the model
s12185 is age 16.0 and blackNH and is entering the model
s12186 is age 16.0 and whiteNH and is entering the model
s12187 is age 16.0 and blackNH and is entering the model
s12188 is age 16.0 and hispanic and is entering the model
s12189 is age 16.0 and hispanic and is entering the model
s12190 is age 16.0 and whiteNH and is entering the model
s12191 is age 16.0 and otherNH and is entering the model
s12192 is age 16.0 and blackNH and is entering the model
s12193 is age 16.0 and whiteNH and is entering the model
s12194 is age 16.0 and blackNH and is entering the model
s12195 is age 16.0 and hispanic and is entering the model
s12196 is age 16.0 and whiteNH and is entering the model
s12197 is age 16.0 and whiteNH and is entering the model
s12198 is age 16.0 and otherNH and is entering the model

Agents are attending venues and using apps for week 30 in simulation...


Epidemic Simulation
----------------------------
Simulation: 1/1
Timestep: 30/3640
Prevalence: 1871
Population Size: 11722
----------------------------
The ages, hiv status, and relationship status for the agents are being updated...
s04982 is blackNH, aged 21.817692307692333 in age group 21to29, with relationship status of 0 and is now HIV+.
s06117 is blackNH, aged 23.03969230769233 in age group 21to29, with relationship status of 1 and is now HIV+.
s06634 is blackNH, aged 18.76669230769233 in age group 21to29, with relationship status of 1 and is now HIV+.
s07250 is hispanic, aged 25.817692307692333 in age group 16to20, with relationship status of 0 and is now HIV+.
s09215 is hispanic, aged 29.30069230769233 in age group 21to29, with relationship status of 1 and is now HIV+.

Agents are being removed from the simulation...
s00091 is aged 29.98669230769233, whiteNH and is leaving the simulation.
s03366 is aged 29.98369230769233, whiteNH and is leaving the simulation.
s04806 is aged 29.985692307692332, blackNH and is leaving the simulation.
s04851 is aged 29.988692307692332, blackNH and is leaving the simulation.
s05743 is aged 29.994692307692333, blackNH and is leaving the simulation.
s06943 is aged 29.99369230769233, hispanic and is leaving the simulation.
s07214 is aged 29.99269230769233, hispanic and is leaving the simulation.
s08506 is aged 29.985692307692332, hispanic and is leaving the simulation.
s09400 is aged 29.98669230769233, hispanic and is leaving the simulation.
s10320 is aged 29.994692307692333, hispanic and is leaving the simulation.
s10637 is aged 29.99069230769233, otherNH and is leaving the simulation.

Agents who have aged to a new age group are being updated...
s00825 is 21.0159230769231 and has aged to age group 21to29.
s01745 is 21.0159230769231 and has aged to age group 21to29.
s01996 is 21.004923076923102 and has aged to age group 21to29.
s02148 is 21.0059230769231 and has aged to age group 21to29.
s02784 is 21.010923076923103 and has aged to age group 21to29.
s03116 is 21.0129230769231 and has aged to age group 21to29.
s03283 is 21.0119230769231 and has aged to age group 21to29.
s03531 is 21.004923076923102 and has aged to age group 21to29.
s04202 is 21.001923076923102 and has aged to age group 21to29.
s04216 is 21.0069230769231 and has aged to age group 21to29.
s04752 is 21.0189230769231 and has aged to age group 21to29.
s05228 is 21.0129230769231 and has aged to age group 21to29.
s06140 is 21.007923076923102 and has aged to age group 21to29.
s07591 is 21.0119230769231 and has aged to age group 21to29.
s07734 is 21.0009230769231 and has aged to age group 21to29.
s09434 is 21.0149230769231 and has aged to age group 21to29.
s10364 is 21.0129230769231 and has aged to age group 21to29.
s11311 is 21.0189230769231 and has aged to age group 21to29.
s11442 is 21.0009230769231 and has aged to age group 21to29.

New agents are being added to the simulation...
s12199 is age 16.0 and whiteNH and is entering the model
s12200 is age 16.0 and otherNH and is entering the model
s12201 is age 16.0 and blackNH and is entering the model
s12202 is age 16.0 and whiteNH and is entering the model
s12203 is age 16.0 and blackNH and is entering the model
s12204 is age 16.0 and blackNH and is entering the model
s12205 is age 16.0 and hispanic and is entering the model
s12206 is age 16.0 and hispanic and is entering the model
s12207 is age 16.0 and hispanic and is entering the model
s12208 is age 16.0 and whiteNH and is entering the model
s12209 is age 16.0 and blackNH and is entering the model
s12210 is age 16.0 and whiteNH and is entering the model
s12211 is age 16.0 and hispanic and is entering the model
s12212 is age 16.0 and whiteNH and is entering the model
s12213 is age 16.0 and hispanic and is entering the model
s12214 is age 16.0 and otherNH and is entering the model
s12215 is age 16.0 and hispanic and is entering the model
s12216 is age 16.0 and blackNH and is entering the model
s12217 is age 16.0 and whiteNH and is entering the model
s12218 is age 16.0 and otherNH and is entering the model
s12219 is age 16.0 and whiteNH and is entering the model
s12220 is age 16.0 and blackNH and is entering the model
s12221 is age 16.0 and whiteNH and is entering the model
s12222 is age 16.0 and whiteNH and is entering the model

Agents are attending venues and using apps for week 31 in simulation...


Epidemic Simulation
----------------------------
Simulation: 1/1
Timestep: 31/3640
Prevalence: 1872
Population Size: 11735
----------------------------
The ages, hiv status, and relationship status for the agents are being updated...
s04032 is blackNH, aged 20.560923076923103 in age group 16to20, with relationship status of 1 and is now HIV+.
s04760 is blackNH, aged 23.6899230769231 in age group 16to20, with relationship status of 1 and is now HIV+.
s11067 is otherNH, aged 23.4069230769231 in age group 21to29, with relationship status of 0 and is now HIV+.

Agents are being removed from the simulation...
s00607 is aged 29.9999230769231, whiteNH and is leaving the simulation.
s00972 is aged 29.9889230769231, whiteNH and is leaving the simulation.
s01417 is aged 29.9889230769231, whiteNH and is leaving the simulation.
s03029 is aged 29.992923076923102, whiteNH and is leaving the simulation.
s03512 is aged 29.9999230769231, whiteNH and is leaving the simulation.
s03710 is aged 29.984923076923103, whiteNH and is leaving the simulation.
s04080 is aged 29.995923076923102, blackNH and is leaving the simulation.
s04380 is aged 29.9999230769231, blackNH and is leaving the simulation.
s04860 is aged 29.9949230769231, blackNH and is leaving the simulation.
s05060 is aged 29.981923076923103, blackNH and is leaving the simulation.
s05390 is aged 29.9829230769231, blackNH and is leaving the simulation.
s05553 is aged 29.9889230769231, blackNH and is leaving the simulation.
s06307 is aged 29.996923076923103, blackNH and is leaving the simulation.
s06564 is aged 29.9859230769231, blackNH and is leaving the simulation.
s06728 is aged 29.990923076923103, blackNH and is leaving the simulation.
s06743 is aged 29.996923076923103, blackNH and is leaving the simulation.
s07047 is aged 29.981923076923103, hispanic and is leaving the simulation.
s07634 is aged 29.9869230769231, hispanic and is leaving the simulation.
s08113 is aged 29.9869230769231, hispanic and is leaving the simulation.
s09270 is aged 29.981923076923103, hispanic and is leaving the simulation.
s09702 is aged 29.9859230769231, hispanic and is leaving the simulation.
s11013 is aged 29.984923076923103, otherNH and is leaving the simulation.

Agents who have aged to a new age group are being updated...
s00097 is 21.007153846153873 and has aged to age group 21to29.
s00422 is 21.00215384615387 and has aged to age group 21to29.
s00853 is 21.01415384615387 and has aged to age group 21to29.
s01033 is 21.00215384615387 and has aged to age group 21to29.
s01489 is 21.01715384615387 and has aged to age group 21to29.
s03277 is 21.01415384615387 and has aged to age group 21to29.
s03513 is 21.00615384615387 and has aged to age group 21to29.
s03651 is 21.01415384615387 and has aged to age group 21to29.
s08474 is 21.01115384615387 and has aged to age group 21to29.
s08803 is 21.01115384615387 and has aged to age group 21to29.
s08864 is 21.007153846153873 and has aged to age group 21to29.
s10079 is 21.010153846153873 and has aged to age group 21to29.
s10331 is 21.01115384615387 and has aged to age group 21to29.
s10661 is 21.007153846153873 and has aged to age group 21to29.
s11505 is 21.00815384615387 and has aged to age group 21to29.

New agents are being added to the simulation...
s12223 is age 16.0 and whiteNH and is entering the model
s12224 is age 16.0 and whiteNH and is entering the model
s12225 is age 16.0 and blackNH and is entering the model
s12226 is age 16.0 and otherNH and is entering the model
s12227 is age 16.0 and whiteNH and is entering the model
s12228 is age 16.0 and whiteNH and is entering the model
s12229 is age 16.0 and otherNH and is entering the model
s12230 is age 16.0 and whiteNH and is entering the model
s12231 is age 16.0 and whiteNH and is entering the model
s12232 is age 16.0 and whiteNH and is entering the model
s12233 is age 16.0 and blackNH and is entering the model
s12234 is age 16.0 and otherNH and is entering the model
s12235 is age 16.0 and blackNH and is entering the model
s12236 is age 16.0 and hispanic and is entering the model
s12237 is age 16.0 and otherNH and is entering the model
s12238 is age 16.0 and whiteNH and is entering the model
s12239 is age 16.0 and hispanic and is entering the model
s12240 is age 16.0 and otherNH and is entering the model
s12241 is age 16.0 and otherNH and is entering the model
s12242 is age 16.0 and whiteNH and is entering the model
s12243 is age 16.0 and otherNH and is entering the model
s12244 is age 16.0 and whiteNH and is entering the model

Agents are attending venues and using apps for week 32 in simulation...


Epidemic Simulation
----------------------------
Simulation: 1/1
Timestep: 32/3640
Prevalence: 1873
Population Size: 11735
----------------------------
The ages, hiv status, and relationship status for the agents are being updated...
s00159 is whiteNH, aged 27.475153846153873 in age group 16to20, with relationship status of 0 and is now HIV+.
s01789 is whiteNH, aged 20.19515384615387 in age group 21to29, with relationship status of 0 and is now HIV+.
s05724 is blackNH, aged 19.55515384615387 in age group 21to29, with relationship status of 0 and is now HIV+.
s05850 is blackNH, aged 25.78815384615387 in age group 21to29, with relationship status of 0 and is now HIV+.
s06368 is blackNH, aged 25.951153846153872 in age group 21to29, with relationship status of 0 and is now HIV+.
s08347 is hispanic, aged 28.04615384615387 in age group 21to29, with relationship status of 1 and is now HIV+.
s09874 is hispanic, aged 20.74015384615387 in age group 21to29, with relationship status of 1 and is now HIV+.

Agents are being removed from the simulation...
s02246 is aged 29.99715384615387, whiteNH and is leaving the simulation.
s02947 is aged 29.99015384615387, whiteNH and is leaving the simulation.
s03374 is aged 29.998153846153873, whiteNH and is leaving the simulation.
s03807 is aged 29.99915384615387, whiteNH and is leaving the simulation.
s04412 is aged 29.99915384615387, blackNH and is leaving the simulation.
s05136 is aged 29.99115384615387, blackNH and is leaving the simulation.
s07513 is aged 29.984153846153873, hispanic and is leaving the simulation.
s07960 is aged 29.998153846153873, hispanic and is leaving the simulation.
s08193 is aged 29.99315384615387, hispanic and is leaving the simulation.
s08631 is aged 29.99415384615387, hispanic and is leaving the simulation.
s08830 is aged 29.87715384615387, hispanic and is leaving the simulation.
s09298 is aged 29.981153846153873, hispanic and is leaving the simulation.
s10001 is aged 29.98815384615387, hispanic and is leaving the simulation.
s10014 is aged 29.981153846153873, hispanic and is leaving the simulation.
s10492 is aged 29.99115384615387, otherNH and is leaving the simulation.
s11082 is aged 29.98715384615387, otherNH and is leaving the simulation.
s11160 is aged 29.99415384615387, otherNH and is leaving the simulation.
s11594 is aged 29.99115384615387, otherNH and is leaving the simulation.

Agents who have aged to a new age group are being updated...
s00137 is 21.003384615384643 and has aged to age group 21to29.
s01574 is 21.01038461538464 and has aged to age group 21to29.
s01576 is 21.01038461538464 and has aged to age group 21to29.
s01975 is 21.00438461538464 and has aged to age group 21to29.
s03016 is 21.003384615384643 and has aged to age group 21to29.
s04715 is 21.01338461538464 and has aged to age group 21to29.
s05187 is 21.00938461538464 and has aged to age group 21to29.
s06182 is 21.01238461538464 and has aged to age group 21to29.
s06687 is 21.01838461538464 and has aged to age group 21to29.
s07070 is 21.00938461538464 and has aged to age group 21to29.
s08051 is 21.008384615384642 and has aged to age group 21to29.
s09205 is 21.005384615384642 and has aged to age group 21to29.
s09376 is 21.00738461538464 and has aged to age group 21to29.
s10227 is 21.005384615384642 and has aged to age group 21to29.
s10837 is 21.00938461538464 and has aged to age group 21to29.

New agents are being added to the simulation...
s12245 is age 16.0 and blackNH and is entering the model
s12246 is age 16.0 and otherNH and is entering the model
s12247 is age 16.0 and blackNH and is entering the model
s12248 is age 16.0 and hispanic and is entering the model
s12249 is age 16.0 and otherNH and is entering the model
s12250 is age 16.0 and hispanic and is entering the model
s12251 is age 16.0 and whiteNH and is entering the model
s12252 is age 16.0 and hispanic and is entering the model
s12253 is age 16.0 and otherNH and is entering the model
s12254 is age 16.0 and hispanic and is entering the model
s12255 is age 16.0 and blackNH and is entering the model
s12256 is age 16.0 and hispanic and is entering the model
s12257 is age 16.0 and otherNH and is entering the model
s12258 is age 16.0 and hispanic and is entering the model
s12259 is age 16.0 and blackNH and is entering the model

Agents are attending venues and using apps for week 33 in simulation...


Epidemic Simulation
----------------------------
Simulation: 1/1
Timestep: 33/3640
Prevalence: 1874
Population Size: 11732
----------------------------
The ages, hiv status, and relationship status for the agents are being updated...
s04452 is blackNH, aged 19.444384615384642 in age group 16to20, with relationship status of 1 and is now HIV+.
s07767 is hispanic, aged 17.57738461538464 in age group 16to20, with relationship status of 0 and is now HIV+.
s08274 is hispanic, aged 17.587384615384643 in age group 21to29, with relationship status of 1 and is now HIV+.
s11162 is otherNH, aged 24.76838461538464 in age group 21to29, with relationship status of 0 and is now HIV+.

Agents are being removed from the simulation...
s01114 is aged 29.98938461538464, whiteNH and is leaving the simulation.
s02264 is aged 29.999384615384642, whiteNH and is leaving the simulation.
s03197 is aged 29.98638461538464, whiteNH and is leaving the simulation.
s03205 is aged 29.99038461538464, whiteNH and is leaving the simulation.
s05204 is aged 29.988384615384643, blackNH and is leaving the simulation.
s05206 is aged 29.991384615384643, blackNH and is leaving the simulation.
s05415 is aged 29.99238461538464, blackNH and is leaving the simulation.
s05722 is aged 29.99038461538464, blackNH and is leaving the simulation.
s07553 is aged 29.994384615384643, hispanic and is leaving the simulation.
s07791 is aged 29.996384615384642, hispanic and is leaving the simulation.
s08509 is aged 29.988384615384643, hispanic and is leaving the simulation.
s09790 is aged 27.921384615384643, hispanic and is leaving the simulation.
s10454 is aged 29.98338461538464, otherNH and is leaving the simulation.
s10488 is aged 29.99038461538464, otherNH and is leaving the simulation.
s11080 is aged 29.98738461538464, otherNH and is leaving the simulation.

Agents who have aged to a new age group are being updated...
s00167 is 21.016615384615413 and has aged to age group 21to29.
s00606 is 21.007615384615413 and has aged to age group 21to29.
s00996 is 21.015615384615412 and has aged to age group 21to29.
s04548 is 21.00361538461541 and has aged to age group 21to29.
s04921 is 21.001615384615413 and has aged to age group 21to29.
s05926 is 21.016615384615413 and has aged to age group 21to29.
s05973 is 21.00261538461541 and has aged to age group 21to29.
s06248 is 21.00661538461541 and has aged to age group 21to29.
s06739 is 21.001615384615413 and has aged to age group 21to29.
s06907 is 21.015615384615412 and has aged to age group 21to29.
s07629 is 21.00061538461541 and has aged to age group 21to29.
s08426 is 21.001615384615413 and has aged to age group 21to29.
s09353 is 21.001615384615413 and has aged to age group 21to29.
s09465 is 21.00661538461541 and has aged to age group 21to29.
s09722 is 21.01461538461541 and has aged to age group 21to29.
s09928 is 21.004615384615413 and has aged to age group 21to29.
s10710 is 21.00361538461541 and has aged to age group 21to29.
s11122 is 21.00061538461541 and has aged to age group 21to29.
s11208 is 21.010615384615413 and has aged to age group 21to29.
s11577 is 21.016615384615413 and has aged to age group 21to29.

New agents are being added to the simulation...
s12260 is age 16.0 and whiteNH and is entering the model
s12261 is age 16.0 and whiteNH and is entering the model
s12262 is age 16.0 and hispanic and is entering the model
s12263 is age 16.0 and hispanic and is entering the model
s12264 is age 16.0 and blackNH and is entering the model
s12265 is age 16.0 and blackNH and is entering the model
s12266 is age 16.0 and otherNH and is entering the model
s12267 is age 16.0 and whiteNH and is entering the model
s12268 is age 16.0 and otherNH and is entering the model
s12269 is age 16.0 and whiteNH and is entering the model
s12270 is age 16.0 and blackNH and is entering the model
s12271 is age 16.0 and blackNH and is entering the model
s12272 is age 16.0 and hispanic and is entering the model
s12273 is age 16.0 and whiteNH and is entering the model
s12274 is age 16.0 and whiteNH and is entering the model

Agents are attending venues and using apps for week 34 in simulation...


Epidemic Simulation
----------------------------
Simulation: 1/1
Timestep: 34/3640
Prevalence: 1874
Population Size: 11732
----------------------------
The ages, hiv status, and relationship status for the agents are being updated...
s01154 is whiteNH, aged 19.22661538461541 in age group 16to20, with relationship status of 0 and is now HIV+.
s06446 is blackNH, aged 28.46761538461541 in age group 21to29, with relationship status of 1 and is now HIV+.
s10032 is hispanic, aged 27.359615384615413 in age group 21to29, with relationship status of 0 and is now HIV+.

Agents are being removed from the simulation...
s02073 is aged 29.986615384615412, whiteNH and is leaving the simulation.
s02648 is aged 29.987615384615413, whiteNH and is leaving the simulation.
s04564 is aged 29.99761538461541, blackNH and is leaving the simulation.
s05666 is aged 29.990615384615413, blackNH and is leaving the simulation.
s05759 is aged 29.99761538461541, blackNH and is leaving the simulation.
s07256 is aged 29.99661538461541, hispanic and is leaving the simulation.
s07425 is aged 29.99661538461541, hispanic and is leaving the simulation.
s08038 is aged 29.981615384615413, hispanic and is leaving the simulation.
s08105 is aged 29.984615384615413, hispanic and is leaving the simulation.
s10366 is aged 28.05861538461541, hispanic and is leaving the simulation.

Agents who have aged to a new age group are being updated...
s00132 is 21.00784615384618 and has aged to age group 21to29.
s00406 is 21.01584615384618 and has aged to age group 21to29.
s03058 is 21.00784615384618 and has aged to age group 21to29.
s03726 is 21.009846153846183 and has aged to age group 21to29.
s03863 is 21.01884615384618 and has aged to age group 21to29.
s04353 is 21.01084615384618 and has aged to age group 21to29.
s05874 is 21.00484615384618 and has aged to age group 21to29.
s05895 is 21.005846153846182 and has aged to age group 21to29.
s05982 is 21.008846153846182 and has aged to age group 21to29.
s06116 is 21.000846153846183 and has aged to age group 21to29.
s06342 is 21.014846153846182 and has aged to age group 21to29.
s08804 is 21.006846153846183 and has aged to age group 21to29.
s09392 is 21.008846153846182 and has aged to age group 21to29.
s09498 is 21.011846153846182 and has aged to age group 21to29.
s09566 is 21.017846153846182 and has aged to age group 21to29.
s09626 is 21.006846153846183 and has aged to age group 21to29.
s10110 is 21.014846153846182 and has aged to age group 21to29.
s10284 is 21.012846153846183 and has aged to age group 21to29.
s10871 is 21.01384615384618 and has aged to age group 21to29.
s11600 is 21.008846153846182 and has aged to age group 21to29.

New agents are being added to the simulation...
s12275 is age 16.0 and blackNH and is entering the model
s12276 is age 16.0 and whiteNH and is entering the model
s12277 is age 16.0 and hispanic and is entering the model
s12278 is age 16.0 and hispanic and is entering the model
s12279 is age 16.0 and blackNH and is entering the model
s12280 is age 16.0 and hispanic and is entering the model
s12281 is age 16.0 and whiteNH and is entering the model
s12282 is age 16.0 and blackNH and is entering the model
s12283 is age 16.0 and blackNH and is entering the model
s12284 is age 16.0 and blackNH and is entering the model
s12285 is age 16.0 and whiteNH and is entering the model
s12286 is age 16.0 and whiteNH and is entering the model
s12287 is age 16.0 and whiteNH and is entering the model
s12288 is age 16.0 and blackNH and is entering the model
s12289 is age 16.0 and whiteNH and is entering the model

Agents are attending venues and using apps for week 35 in simulation...


Epidemic Simulation
----------------------------
Simulation: 1/1
Timestep: 35/3640
Prevalence: 1875
Population Size: 11737
----------------------------
The ages, hiv status, and relationship status for the agents are being updated...
s05702 is blackNH, aged 26.92984615384618 in age group 21to29, with relationship status of 0 and is now HIV+.
s07265 is hispanic, aged 26.92084615384618 in age group 16to20, with relationship status of 0 and is now HIV+.

Agents are being removed from the simulation...
s00341 is aged 25.909846153846182, whiteNH and is leaving the simulation.
s00923 is aged 29.98784615384618, whiteNH and is leaving the simulation.
s02338 is aged 29.98684615384618, whiteNH and is leaving the simulation.
s02455 is aged 29.98484615384618, whiteNH and is leaving the simulation.
s03195 is aged 29.99584615384618, whiteNH and is leaving the simulation.
s03925 is aged 29.98384615384618, blackNH and is leaving the simulation.
s05853 is aged 29.982846153846182, blackNH and is leaving the simulation.
s07341 is aged 29.980846153846183, hispanic and is leaving the simulation.
s08452 is aged 29.99384615384618, hispanic and is leaving the simulation.
s09057 is aged 29.98984615384618, hispanic and is leaving the simulation.
s09661 is aged 29.980846153846183, hispanic and is leaving the simulation.
s09840 is aged 29.980846153846183, hispanic and is leaving the simulation.
s10849 is aged 29.98484615384618, otherNH and is leaving the simulation.
s11002 is aged 29.98484615384618, otherNH and is leaving the simulation.
s11232 is aged 29.98784615384618, otherNH and is leaving the simulation.
s11435 is aged 29.98784615384618, otherNH and is leaving the simulation.
s11602 is aged 29.997846153846183, otherNH and is leaving the simulation.

Agents who have aged to a new age group are being updated...
s00084 is 21.002076923076952 and has aged to age group 21to29.
s01700 is 21.01507692307695 and has aged to age group 21to29.
s01979 is 21.01807692307695 and has aged to age group 21to29.
s02559 is 21.01307692307695 and has aged to age group 21to29.
s03120 is 21.01507692307695 and has aged to age group 21to29.
s06890 is 21.01207692307695 and has aged to age group 21to29.
s07018 is 21.01007692307695 and has aged to age group 21to29.
s07055 is 21.01207692307695 and has aged to age group 21to29.
s07417 is 21.000076923076954 and has aged to age group 21to29.
s07776 is 21.00707692307695 and has aged to age group 21to29.
s09430 is 21.01607692307695 and has aged to age group 21to29.
s09833 is 21.008076923076953 and has aged to age group 21to29.
s10664 is 21.014076923076953 and has aged to age group 21to29.
s11146 is 21.014076923076953 and has aged to age group 21to29.

New agents are being added to the simulation...
s12290 is age 16.0 and whiteNH and is entering the model
s12291 is age 16.0 and whiteNH and is entering the model
s12292 is age 16.0 and hispanic and is entering the model
s12293 is age 16.0 and blackNH and is entering the model
s12294 is age 16.0 and blackNH and is entering the model
s12295 is age 16.0 and whiteNH and is entering the model
s12296 is age 16.0 and whiteNH and is entering the model
s12297 is age 16.0 and blackNH and is entering the model
s12298 is age 16.0 and otherNH and is entering the model
s12299 is age 16.0 and hispanic and is entering the model
s12300 is age 16.0 and hispanic and is entering the model
s12301 is age 16.0 and blackNH and is entering the model
s12302 is age 16.0 and blackNH and is entering the model
s12303 is age 16.0 and whiteNH and is entering the model
s12304 is age 16.0 and hispanic and is entering the model
s12305 is age 16.0 and hispanic and is entering the model
s12306 is age 16.0 and hispanic and is entering the model
s12307 is age 16.0 and otherNH and is entering the model

Agents are attending venues and using apps for week 36 in simulation...


Epidemic Simulation
----------------------------
Simulation: 1/1
Timestep: 36/3640
Prevalence: 1874
Population Size: 11738
----------------------------
The ages, hiv status, and relationship status for the agents are being updated...
s05762 is blackNH, aged 28.79207692307695 in age group 21to29, with relationship status of 1 and is now HIV+.
s08285 is hispanic, aged 22.17807692307695 in age group 21to29, with relationship status of 0 and is now HIV+.

Agents are being removed from the simulation...
s01090 is aged 29.987076923076952, whiteNH and is leaving the simulation.
s01786 is aged 29.98607692307695, whiteNH and is leaving the simulation.
s02305 is aged 29.994076923076953, whiteNH and is leaving the simulation.
s04217 is aged 29.98107692307695, blackNH and is leaving the simulation.
s04491 is aged 29.990076923076952, blackNH and is leaving the simulation.
s04600 is aged 29.98307692307695, blackNH and is leaving the simulation.
s04711 is aged 29.98607692307695, blackNH and is leaving the simulation.
s05778 is aged 29.988076923076953, blackNH and is leaving the simulation.
s06317 is aged 29.98607692307695, blackNH and is leaving the simulation.
s09553 is aged 29.98407692307695, hispanic and is leaving the simulation.
s10476 is aged 29.982076923076953, otherNH and is leaving the simulation.
s10930 is aged 29.991076923076953, otherNH and is leaving the simulation.
s11003 is aged 29.98607692307695, otherNH and is leaving the simulation.
s11572 is aged 29.98107692307695, otherNH and is leaving the simulation.

Agents who have aged to a new age group are being updated...
s00907 is 21.00830769230772 and has aged to age group 21to29.
s03827 is 21.01430769230772 and has aged to age group 21to29.
s04191 is 21.004307692307723 and has aged to age group 21to29.
s05030 is 21.00830769230772 and has aged to age group 21to29.
s06836 is 21.00530769230772 and has aged to age group 21to29.
s07666 is 21.009307692307722 and has aged to age group 21to29.
s08970 is 21.00330769230772 and has aged to age group 21to29.
s09565 is 21.013307692307723 and has aged to age group 21to29.
s09777 is 21.01430769230772 and has aged to age group 21to29.
s10389 is 21.013307692307723 and has aged to age group 21to29.
s10728 is 21.013307692307723 and has aged to age group 21to29.
s10869 is 21.01430769230772 and has aged to age group 21to29.
s11183 is 21.00530769230772 and has aged to age group 21to29.

New agents are being added to the simulation...
s12308 is age 16.0 and blackNH and is entering the model
s12309 is age 16.0 and otherNH and is entering the model
s12310 is age 16.0 and hispanic and is entering the model
s12311 is age 16.0 and blackNH and is entering the model
s12312 is age 16.0 and blackNH and is entering the model
s12313 is age 16.0 and whiteNH and is entering the model
s12314 is age 16.0 and whiteNH and is entering the model
s12315 is age 16.0 and whiteNH and is entering the model
s12316 is age 16.0 and otherNH and is entering the model
s12317 is age 16.0 and whiteNH and is entering the model
s12318 is age 16.0 and hispanic and is entering the model
s12319 is age 16.0 and hispanic and is entering the model
s12320 is age 16.0 and hispanic and is entering the model
s12321 is age 16.0 and whiteNH and is entering the model
s12322 is age 16.0 and blackNH and is entering the model

Agents are attending venues and using apps for week 37 in simulation...


Epidemic Simulation
----------------------------
Simulation: 1/1
Timestep: 37/3640
Prevalence: 1877
Population Size: 11739
----------------------------
The ages, hiv status, and relationship status for the agents are being updated...
s03956 is blackNH, aged 25.420307692307723 in age group 16to20, with relationship status of 1 and is now HIV+.
s05651 is blackNH, aged 28.04330769230772 in age group 21to29, with relationship status of 1 and is now HIV+.
s07151 is hispanic, aged 23.69730769230772 in age group 16to20, with relationship status of 0 and is now HIV+.
s07629 is hispanic, aged 21.05830769230772 in age group 21to29, with relationship status of 0 and is now HIV+.
s11582 is otherNH, aged 26.55530769230772 in age group 21to29, with relationship status of 0 and is now HIV+.

Agents are being removed from the simulation...
s01230 is aged 29.99030769230772, whiteNH and is leaving the simulation.
s01520 is aged 29.99130769230772, whiteNH and is leaving the simulation.
s01595 is aged 29.99330769230772, whiteNH and is leaving the simulation.
s02217 is aged 29.998307692307723, whiteNH and is leaving the simulation.
s02218 is aged 29.989307692307722, whiteNH and is leaving the simulation.
s04095 is aged 29.987307692307724, blackNH and is leaving the simulation.
s04864 is aged 29.986307692307722, blackNH and is leaving the simulation.
s04908 is aged 29.99330769230772, blackNH and is leaving the simulation.
s05490 is aged 29.99130769230772, blackNH and is leaving the simulation.
s06011 is aged 29.989307692307722, blackNH and is leaving the simulation.
s06866 is aged 29.989307692307722, hispanic and is leaving the simulation.
s08725 is aged 29.98830769230772, hispanic and is leaving the simulation.
s08923 is aged 29.98830769230772, hispanic and is leaving the simulation.
s09233 is aged 29.99930769230772, hispanic and is leaving the simulation.
s09394 is aged 29.99030769230772, hispanic and is leaving the simulation.
s09471 is aged 29.983307692307722, hispanic and is leaving the simulation.
s09970 is aged 29.989307692307722, hispanic and is leaving the simulation.
s10649 is aged 29.99030769230772, otherNH and is leaving the simulation.

Agents who have aged to a new age group are being updated...
s00302 is 21.01653846153849 and has aged to age group 21to29.
s00516 is 21.002538461538492 and has aged to age group 21to29.
s00730 is 21.01553846153849 and has aged to age group 21to29.
s01737 is 21.008538461538492 and has aged to age group 21to29.
s02965 is 21.00453846153849 and has aged to age group 21to29.
s03244 is 21.006538461538494 and has aged to age group 21to29.
s03978 is 21.011538461538493 and has aged to age group 21to29.
s04255 is 21.00953846153849 and has aged to age group 21to29.
s04503 is 21.006538461538494 and has aged to age group 21to29.
s04570 is 21.003538461538493 and has aged to age group 21to29.
s05083 is 21.014538461538493 and has aged to age group 21to29.
s05911 is 21.01253846153849 and has aged to age group 21to29.
s06945 is 21.005538461538492 and has aged to age group 21to29.
s07924 is 21.01853846153849 and has aged to age group 21to29.
s08029 is 21.01653846153849 and has aged to age group 21to29.
s08089 is 21.014538461538493 and has aged to age group 21to29.
s09311 is 21.01853846153849 and has aged to age group 21to29.
s10562 is 21.01253846153849 and has aged to age group 21to29.
s11023 is 21.017538461538493 and has aged to age group 21to29.

New agents are being added to the simulation...
s12323 is age 16.0 and hispanic and is entering the model
s12324 is age 16.0 and hispanic and is entering the model
s12325 is age 16.0 and whiteNH and is entering the model
s12326 is age 16.0 and whiteNH and is entering the model
s12327 is age 16.0 and whiteNH and is entering the model
s12328 is age 16.0 and blackNH and is entering the model
s12329 is age 16.0 and hispanic and is entering the model
s12330 is age 16.0 and whiteNH and is entering the model
s12331 is age 16.0 and blackNH and is entering the model
s12332 is age 16.0 and blackNH and is entering the model
s12333 is age 16.0 and whiteNH and is entering the model
s12334 is age 16.0 and blackNH and is entering the model
s12335 is age 16.0 and hispanic and is entering the model
s12336 is age 16.0 and whiteNH and is entering the model
s12337 is age 16.0 and hispanic and is entering the model
s12338 is age 16.0 and whiteNH and is entering the model
s12339 is age 16.0 and whiteNH and is entering the model
s12340 is age 16.0 and hispanic and is entering the model

Agents are attending venues and using apps for week 38 in simulation...


Epidemic Simulation
----------------------------
Simulation: 1/1
Timestep: 38/3640
Prevalence: 1881
Population Size: 11739
----------------------------
The ages, hiv status, and relationship status for the agents are being updated...
s05256 is blackNH, aged 18.848538461538492 in age group 21to29, with relationship status of 0 and is now HIV+.
s05499 is blackNH, aged 17.65553846153849 in age group 21to29, with relationship status of 0 and is now HIV+.
s07068 is hispanic, aged 20.721538461538493 in age group 16to20, with relationship status of 0 and is now HIV+.
s07246 is hispanic, aged 24.409538461538492 in age group 16to20, with relationship status of 1 and is now HIV+.

Agents are being removed from the simulation...
s00428 is aged 29.98153846153849, whiteNH and is leaving the simulation.
s00455 is aged 29.98953846153849, whiteNH and is leaving the simulation.
s00830 is aged 29.98153846153849, whiteNH and is leaving the simulation.
s01209 is aged 29.98653846153849, whiteNH and is leaving the simulation.
s02797 is aged 29.99253846153849, whiteNH and is leaving the simulation.
s03301 is aged 29.99553846153849, whiteNH and is leaving the simulation.
s03505 is aged 29.988538461538493, whiteNH and is leaving the simulation.
s04512 is aged 29.98653846153849, blackNH and is leaving the simulation.
s04725 is aged 29.98453846153849, blackNH and is leaving the simulation.
s06505 is aged 29.999538461538492, blackNH and is leaving the simulation.
s06711 is aged 29.996538461538492, blackNH and is leaving the simulation.
s09002 is aged 29.985538461538493, hispanic and is leaving the simulation.
s10039 is aged 29.990538461538492, hispanic and is leaving the simulation.
s10676 is aged 29.985538461538493, otherNH and is leaving the simulation.
s11562 is aged 29.99553846153849, otherNH and is leaving the simulation.

Agents who have aged to a new age group are being updated...
s00021 is 21.00876923076926 and has aged to age group 21to29.
s00665 is 21.009769230769262 and has aged to age group 21to29.
s01891 is 21.01176923076926 and has aged to age group 21to29.
s02291 is 21.00576923076926 and has aged to age group 21to29.
s02524 is 21.00376923076926 and has aged to age group 21to29.
s02957 is 21.00276923076926 and has aged to age group 21to29.
s06768 is 21.00876923076926 and has aged to age group 21to29.
s07075 is 21.004769230769263 and has aged to age group 21to29.
s07207 is 21.00276923076926 and has aged to age group 21to29.
s07384 is 21.004769230769263 and has aged to age group 21to29.
s07395 is 21.00376923076926 and has aged to age group 21to29.
s07896 is 21.01176923076926 and has aged to age group 21to29.
s09848 is 21.004769230769263 and has aged to age group 21to29.
s10318 is 21.01776923076926 and has aged to age group 21to29.

New agents are being added to the simulation...
s12341 is age 16.0 and otherNH and is entering the model
s12342 is age 16.0 and blackNH and is entering the model
s12343 is age 16.0 and blackNH and is entering the model
s12344 is age 16.0 and hispanic and is entering the model
s12345 is age 16.0 and hispanic and is entering the model
s12346 is age 16.0 and blackNH and is entering the model
s12347 is age 16.0 and hispanic and is entering the model
s12348 is age 16.0 and blackNH and is entering the model
s12349 is age 16.0 and hispanic and is entering the model
s12350 is age 16.0 and hispanic and is entering the model
s12351 is age 16.0 and whiteNH and is entering the model
s12352 is age 16.0 and blackNH and is entering the model
s12353 is age 16.0 and whiteNH and is entering the model
s12354 is age 16.0 and whiteNH and is entering the model
s12355 is age 16.0 and whiteNH and is entering the model
s12356 is age 16.0 and hispanic and is entering the model
s12357 is age 16.0 and blackNH and is entering the model
s12358 is age 16.0 and blackNH and is entering the model
s12359 is age 16.0 and hispanic and is entering the model
s12360 is age 16.0 and blackNH and is entering the model

Agents are attending venues and using apps for week 39 in simulation...


Epidemic Simulation
----------------------------
Simulation: 1/1
Timestep: 39/3640
Prevalence: 1883
Population Size: 11744
----------------------------
The ages, hiv status, and relationship status for the agents are being updated...
s04486 is blackNH, aged 25.176769230769263 in age group 16to20, with relationship status of 0 and is now HIV+.
s05139 is blackNH, aged 19.76476923076926 in age group 21to29, with relationship status of 1 and is now HIV+.
s05466 is blackNH, aged 24.37476923076926 in age group 21to29, with relationship status of 0 and is now HIV+.
s08538 is hispanic, aged 22.16376923076926 in age group 21to29, with relationship status of 1 and is now HIV+.

Agents are being removed from the simulation...
s02657 is aged 29.98576923076926, whiteNH and is leaving the simulation.
s02674 is aged 29.989769230769262, whiteNH and is leaving the simulation.
s03735 is aged 22.68876923076926, whiteNH and is leaving the simulation.
s03847 is aged 29.995769230769262, blackNH and is leaving the simulation.
s05427 is aged 29.987769230769263, blackNH and is leaving the simulation.
s07648 is aged 29.990769230769263, hispanic and is leaving the simulation.
s07741 is aged 29.99776923076926, hispanic and is leaving the simulation.
s07853 is aged 29.992769230769262, hispanic and is leaving the simulation.
s07901 is aged 29.990769230769263, hispanic and is leaving the simulation.
s08263 is aged 29.98276923076926, hispanic and is leaving the simulation.
s08294 is aged 29.986769230769262, hispanic and is leaving the simulation.
s08323 is aged 29.987769230769263, hispanic and is leaving the simulation.
s08356 is aged 29.99476923076926, hispanic and is leaving the simulation.
s11163 is aged 29.99476923076926, otherNH and is leaving the simulation.

Agents who have aged to a new age group are being updated...
s00229 is 21.018000000000033 and has aged to age group 21to29.
s00932 is 21.003000000000032 and has aged to age group 21to29.
s01017 is 21.006000000000032 and has aged to age group 21to29.
s01077 is 21.009000000000032 and has aged to age group 21to29.
s02321 is 21.006000000000032 and has aged to age group 21to29.
s03485 is 21.01600000000003 and has aged to age group 21to29.
s04033 is 21.015000000000033 and has aged to age group 21to29.
s04165 is 21.001000000000033 and has aged to age group 21to29.
s05408 is 21.003000000000032 and has aged to age group 21to29.
s06181 is 21.010000000000034 and has aged to age group 21to29.
s06315 is 21.013000000000034 and has aged to age group 21to29.
s06440 is 21.01900000000003 and has aged to age group 21to29.
s06967 is 21.01100000000003 and has aged to age group 21to29.
s07355 is 21.000000000000032 and has aged to age group 21to29.
s07409 is 21.013000000000034 and has aged to age group 21to29.
s07525 is 21.00800000000003 and has aged to age group 21to29.
s09631 is 21.01900000000003 and has aged to age group 21to29.
s10473 is 21.01700000000003 and has aged to age group 21to29.
s10965 is 21.00800000000003 and has aged to age group 21to29.

New agents are being added to the simulation...
s12361 is age 16.0 and blackNH and is entering the model
s12362 is age 16.0 and whiteNH and is entering the model
s12363 is age 16.0 and hispanic and is entering the model
s12364 is age 16.0 and blackNH and is entering the model
s12365 is age 16.0 and whiteNH and is entering the model
s12366 is age 16.0 and otherNH and is entering the model
s12367 is age 16.0 and blackNH and is entering the model
s12368 is age 16.0 and whiteNH and is entering the model
s12369 is age 16.0 and whiteNH and is entering the model
s12370 is age 16.0 and hispanic and is entering the model
s12371 is age 16.0 and blackNH and is entering the model
s12372 is age 16.0 and blackNH and is entering the model
s12373 is age 16.0 and otherNH and is entering the model
s12374 is age 16.0 and whiteNH and is entering the model
s12375 is age 16.0 and hispanic and is entering the model
s12376 is age 16.0 and blackNH and is entering the model

Agents are attending venues and using apps for week 40 in simulation...


Epidemic Simulation
----------------------------
Simulation: 1/1
Timestep: 40/3640
Prevalence: 1882
Population Size: 11746
----------------------------
The ages, hiv status, and relationship status for the agents are being updated...
s04156 is blackNH, aged 29.54600000000003 in age group 16to20, with relationship status of 0 and is now HIV+.
s05440 is blackNH, aged 27.25500000000003 in age group 21to29, with relationship status of 1 and is now HIV+.

Agents are being removed from the simulation...
s00470 is aged 29.983000000000033, whiteNH and is leaving the simulation.
s01512 is aged 29.98700000000003, whiteNH and is leaving the simulation.
s01529 is aged 29.98800000000003, whiteNH and is leaving the simulation.
s02133 is aged 29.98500000000003, whiteNH and is leaving the simulation.
s02617 is aged 29.99100000000003, whiteNH and is leaving the simulation.
s04027 is aged 29.995000000000033, blackNH and is leaving the simulation.
s04395 is aged 29.99400000000003, blackNH and is leaving the simulation.
s05132 is aged 29.995000000000033, blackNH and is leaving the simulation.
s05522 is aged 29.992000000000033, blackNH and is leaving the simulation.
s06328 is aged 29.98800000000003, blackNH and is leaving the simulation.
s07311 is aged 29.981000000000034, hispanic and is leaving the simulation.
s08159 is aged 29.99400000000003, hispanic and is leaving the simulation.
s09667 is aged 29.984000000000034, hispanic and is leaving the simulation.
s10791 is aged 29.99300000000003, otherNH and is leaving the simulation.
s11155 is aged 29.995000000000033, otherNH and is leaving the simulation.

Agents who have aged to a new age group are being updated...
s01162 is 21.0182307692308 and has aged to age group 21to29.
s01438 is 21.017230769230803 and has aged to age group 21to29.
s04501 is 21.016230769230802 and has aged to age group 21to29.
s05283 is 21.005230769230803 and has aged to age group 21to29.
s05357 is 21.0092307692308 and has aged to age group 21to29.
s06203 is 21.0062307692308 and has aged to age group 21to29.
s08096 is 21.003230769230804 and has aged to age group 21to29.
s08490 is 21.0182307692308 and has aged to age group 21to29.
s08533 is 21.0072307692308 and has aged to age group 21to29.
s08573 is 21.017230769230803 and has aged to age group 21to29.
s09095 is 21.0102307692308 and has aged to age group 21to29.
s09153 is 21.0092307692308 and has aged to age group 21to29.

New agents are being added to the simulation...
s12377 is age 16.0 and blackNH and is entering the model
s12378 is age 16.0 and hispanic and is entering the model
s12379 is age 16.0 and whiteNH and is entering the model
s12380 is age 16.0 and blackNH and is entering the model
s12381 is age 16.0 and blackNH and is entering the model
s12382 is age 16.0 and blackNH and is entering the model
s12383 is age 16.0 and blackNH and is entering the model
s12384 is age 16.0 and otherNH and is entering the model
s12385 is age 16.0 and otherNH and is entering the model
s12386 is age 16.0 and otherNH and is entering the model
s12387 is age 16.0 and whiteNH and is entering the model

Agents are attending venues and using apps for week 41 in simulation...


Epidemic Simulation
----------------------------
Simulation: 1/1
Timestep: 41/3640
Prevalence: 1889
Population Size: 11742
----------------------------
The ages, hiv status, and relationship status for the agents are being updated...
s00144 is whiteNH, aged 25.244230769230803 in age group 16to20, with relationship status of 1 and is now HIV+.
s03437 is whiteNH, aged 27.8442307692308 in age group 21to29, with relationship status of 1 and is now HIV+.
s05956 is blackNH, aged 24.517230769230803 in age group 21to29, with relationship status of 1 and is now HIV+.
s07870 is hispanic, aged 20.124230769230802 in age group 16to20, with relationship status of 0 and is now HIV+.
s08718 is hispanic, aged 28.150230769230802 in age group 21to29, with relationship status of 0 and is now HIV+.
s09058 is hispanic, aged 18.369230769230803 in age group 21to29, with relationship status of 1 and is now HIV+.
s09226 is hispanic, aged 17.185230769230802 in age group 21to29, with relationship status of 0 and is now HIV+.
s10895 is otherNH, aged 18.7272307692308 in age group 21to29, with relationship status of 1 and is now HIV+.

Agents are being removed from the simulation...
s00136 is aged 29.988230769230803, whiteNH and is leaving the simulation.
s00577 is aged 29.9952307692308, whiteNH and is leaving the simulation.
s01761 is aged 29.985230769230803, whiteNH and is leaving the simulation.
s02059 is aged 29.999230769230802, whiteNH and is leaving the simulation.
s02546 is aged 29.9832307692308, whiteNH and is leaving the simulation.
s04042 is aged 29.987230769230802, blackNH and is leaving the simulation.
s05006 is aged 29.985230769230803, blackNH and is leaving the simulation.
s05520 is aged 29.991230769230803, blackNH and is leaving the simulation.
s06229 is aged 29.994230769230803, blackNH and is leaving the simulation.
s06291 is aged 29.9952307692308, blackNH and is leaving the simulation.
s06911 is aged 29.984230769230802, hispanic and is leaving the simulation.
s08099 is aged 29.990230769230802, hispanic and is leaving the simulation.
s08243 is aged 29.988230769230803, hispanic and is leaving the simulation.
s08642 is aged 29.997230769230804, hispanic and is leaving the simulation.
s09617 is aged 29.9892307692308, hispanic and is leaving the simulation.
s09896 is aged 29.985230769230803, hispanic and is leaving the simulation.

Agents who have aged to a new age group are being updated...
s00396 is 21.009461538461572 and has aged to age group 21to29.
s01776 is 21.001461538461573 and has aged to age group 21to29.
s01890 is 21.00546153846157 and has aged to age group 21to29.
s02090 is 21.012461538461572 and has aged to age group 21to29.
s02799 is 21.00546153846157 and has aged to age group 21to29.
s02822 is 21.01446153846157 and has aged to age group 21to29.
s03916 is 21.015461538461572 and has aged to age group 21to29.
s04506 is 21.006461538461572 and has aged to age group 21to29.
s05259 is 21.004461538461573 and has aged to age group 21to29.
s06867 is 21.004461538461573 and has aged to age group 21to29.
s07313 is 21.015461538461572 and has aged to age group 21to29.
s07913 is 21.006461538461572 and has aged to age group 21to29.
s08173 is 21.00846153846157 and has aged to age group 21to29.
s09079 is 21.015461538461572 and has aged to age group 21to29.
s09584 is 21.01446153846157 and has aged to age group 21to29.
s09801 is 21.00846153846157 and has aged to age group 21to29.
s10691 is 21.000461538461572 and has aged to age group 21to29.
s10822 is 21.00246153846157 and has aged to age group 21to29.
s11088 is 21.01146153846157 and has aged to age group 21to29.
s11202 is 21.018461538461573 and has aged to age group 21to29.

New agents are being added to the simulation...
s12388 is age 16.0 and hispanic and is entering the model
s12389 is age 16.0 and whiteNH and is entering the model
s12390 is age 16.0 and whiteNH and is entering the model
s12391 is age 16.0 and whiteNH and is entering the model
s12392 is age 16.0 and blackNH and is entering the model
s12393 is age 16.0 and hispanic and is entering the model
s12394 is age 16.0 and hispanic and is entering the model
s12395 is age 16.0 and whiteNH and is entering the model
s12396 is age 16.0 and otherNH and is entering the model
s12397 is age 16.0 and otherNH and is entering the model

Agents are attending venues and using apps for week 42 in simulation...


Epidemic Simulation
----------------------------
Simulation: 1/1
Timestep: 42/3640
Prevalence: 1887
Population Size: 11736
----------------------------
The ages, hiv status, and relationship status for the agents are being updated...
s05236 is blackNH, aged 25.367461538461573 in age group 21to29, with relationship status of 0 and is now HIV+.
s08532 is hispanic, aged 19.61846153846157 in age group 21to29, with relationship status of 0 and is now HIV+.

Agents are being removed from the simulation...
s01161 is aged 29.98546153846157, whiteNH and is leaving the simulation.
s01741 is aged 29.98246153846157, whiteNH and is leaving the simulation.
s02189 is aged 29.99446153846157, whiteNH and is leaving the simulation.
s02555 is aged 27.629461538461573, whiteNH and is leaving the simulation.
s02856 is aged 29.99646153846157, whiteNH and is leaving the simulation.
s03214 is aged 29.990461538461574, whiteNH and is leaving the simulation.
s06349 is aged 29.98846153846157, blackNH and is leaving the simulation.
s07177 is aged 29.99446153846157, hispanic and is leaving the simulation.
s07883 is aged 29.99146153846157, hispanic and is leaving the simulation.
s09715 is aged 29.983461538461572, hispanic and is leaving the simulation.
s09843 is aged 29.98546153846157, hispanic and is leaving the simulation.
s09856 is aged 29.990461538461574, hispanic and is leaving the simulation.
s11106 is aged 29.99146153846157, otherNH and is leaving the simulation.
s11402 is aged 29.981461538461573, otherNH and is leaving the simulation.
s11682 is aged 29.99446153846157, otherNH and is leaving the simulation.

Agents who have aged to a new age group are being updated...
s01001 is 21.00169230769234 and has aged to age group 21to29.
s01127 is 21.011692307692343 and has aged to age group 21to29.
s01287 is 21.005692307692343 and has aged to age group 21to29.
s03688 is 21.00769230769234 and has aged to age group 21to29.
s05813 is 21.000692307692344 and has aged to age group 21to29.
s08448 is 21.01069230769234 and has aged to age group 21to29.
s08802 is 21.011692307692343 and has aged to age group 21to29.
s09514 is 21.011692307692343 and has aged to age group 21to29.
s09773 is 21.017692307692343 and has aged to age group 21to29.

New agents are being added to the simulation...
s12398 is age 16.0 and hispanic and is entering the model
s12399 is age 16.0 and blackNH and is entering the model
s12400 is age 16.0 and otherNH and is entering the model
s12401 is age 16.0 and blackNH and is entering the model
s12402 is age 16.0 and whiteNH and is entering the model
s12403 is age 16.0 and whiteNH and is entering the model
s12404 is age 16.0 and otherNH and is entering the model
s12405 is age 16.0 and whiteNH and is entering the model
s12406 is age 16.0 and hispanic and is entering the model
s12407 is age 16.0 and hispanic and is entering the model
s12408 is age 16.0 and otherNH and is entering the model
s12409 is age 16.0 and blackNH and is entering the model
s12410 is age 16.0 and whiteNH and is entering the model
s12411 is age 16.0 and blackNH and is entering the model
s12412 is age 16.0 and otherNH and is entering the model
s12413 is age 16.0 and blackNH and is entering the model
s12414 is age 16.0 and hispanic and is entering the model
s12415 is age 16.0 and hispanic and is entering the model
s12416 is age 16.0 and blackNH and is entering the model

Agents are attending venues and using apps for week 43 in simulation...


Epidemic Simulation
----------------------------
Simulation: 1/1
Timestep: 43/3640
Prevalence: 1892
Population Size: 11740
----------------------------
The ages, hiv status, and relationship status for the agents are being updated...
s00025 is whiteNH, aged 21.90869230769234 in age group 16to20, with relationship status of 1 and is now HIV+.
s04185 is blackNH, aged 24.01869230769234 in age group 16to20, with relationship status of 0 and is now HIV+.
s05513 is blackNH, aged 28.258692307692343 in age group 21to29, with relationship status of 0 and is now HIV+.
s06540 is blackNH, aged 28.14369230769234 in age group 21to29, with relationship status of 0 and is now HIV+.
s07906 is hispanic, aged 21.94069230769234 in age group 16to20, with relationship status of 0 and is now HIV+.

Agents are being removed from the simulation...
s00004 is aged 29.987692307692342, whiteNH and is leaving the simulation.
s01829 is aged 29.987692307692342, whiteNH and is leaving the simulation.
s02365 is aged 29.990692307692342, whiteNH and is leaving the simulation.
s03039 is aged 29.993692307692342, whiteNH and is leaving the simulation.
s03760 is aged 29.988692307692343, whiteNH and is leaving the simulation.
s04926 is aged 29.991692307692343, blackNH and is leaving the simulation.
s08121 is aged 29.98369230769234, hispanic and is leaving the simulation.
s08445 is aged 29.987692307692342, hispanic and is leaving the simulation.
s08858 is aged 29.996692307692342, hispanic and is leaving the simulation.
s09028 is aged 29.993692307692342, hispanic and is leaving the simulation.
s09446 is aged 29.997692307692343, hispanic and is leaving the simulation.
s10458 is aged 20.47569230769234, otherNH and is leaving the simulation.
s11420 is aged 29.99869230769234, otherNH and is leaving the simulation.

Agents who have aged to a new age group are being updated...
s01397 is 21.016923076923113 and has aged to age group 21to29.
s02761 is 21.018923076923112 and has aged to age group 21to29.
s02997 is 21.009923076923112 and has aged to age group 21to29.
s04705 is 21.00892307692311 and has aged to age group 21to29.
s05007 is 21.015923076923112 and has aged to age group 21to29.
s05889 is 21.00092307692311 and has aged to age group 21to29.
s06914 is 21.00892307692311 and has aged to age group 21to29.
s07544 is 21.018923076923112 and has aged to age group 21to29.
s08033 is 21.003923076923112 and has aged to age group 21to29.
s08370 is 21.01792307692311 and has aged to age group 21to29.
s08758 is 21.01792307692311 and has aged to age group 21to29.
s08910 is 21.018923076923112 and has aged to age group 21to29.
s09350 is 21.010923076923113 and has aged to age group 21to29.
s09669 is 21.00292307692311 and has aged to age group 21to29.
s10120 is 21.010923076923113 and has aged to age group 21to29.

New agents are being added to the simulation...
s12417 is age 16.0 and blackNH and is entering the model
s12418 is age 16.0 and otherNH and is entering the model
s12419 is age 16.0 and whiteNH and is entering the model
s12420 is age 16.0 and blackNH and is entering the model
s12421 is age 16.0 and hispanic and is entering the model
s12422 is age 16.0 and blackNH and is entering the model
s12423 is age 16.0 and whiteNH and is entering the model
s12424 is age 16.0 and blackNH and is entering the model
s12425 is age 16.0 and blackNH and is entering the model

Agents are attending venues and using apps for week 44 in simulation...


Epidemic Simulation
----------------------------
Simulation: 1/1
Timestep: 44/3640
Prevalence: 1895
Population Size: 11736
----------------------------
The ages, hiv status, and relationship status for the agents are being updated...
s01759 is whiteNH, aged 28.940923076923113 in age group 21to29, with relationship status of 0 and is now HIV+.
s04192 is blackNH, aged 20.033923076923113 in age group 16to20, with relationship status of 1 and is now HIV+.
s08300 is hispanic, aged 22.978923076923113 in age group 21to29, with relationship status of 1 and is now HIV+.
s09415 is hispanic, aged 29.73292307692311 in age group 21to29, with relationship status of 1 and is now HIV+.

Agents are being removed from the simulation...
s00002 is aged 29.99192307692311, whiteNH and is leaving the simulation.
s00493 is aged 29.998923076923113, whiteNH and is leaving the simulation.
s00701 is aged 29.99992307692311, whiteNH and is leaving the simulation.
s01726 is aged 29.995923076923113, whiteNH and is leaving the simulation.
s02400 is aged 29.980923076923112, whiteNH and is leaving the simulation.
s03573 is aged 29.989923076923112, whiteNH and is leaving the simulation.
s03894 is aged 29.98292307692311, blackNH and is leaving the simulation.
s04058 is aged 29.99492307692311, blackNH and is leaving the simulation.
s04355 is aged 29.98292307692311, blackNH and is leaving the simulation.
s04450 is aged 29.990923076923114, blackNH and is leaving the simulation.
s04708 is aged 29.998923076923113, blackNH and is leaving the simulation.
s04887 is aged 29.980923076923112, blackNH and is leaving the simulation.
s04997 is aged 29.993923076923114, blackNH and is leaving the simulation.
s05101 is aged 29.98292307692311, blackNH and is leaving the simulation.
s05566 is aged 29.98592307692311, blackNH and is leaving the simulation.
s06333 is aged 29.99792307692311, blackNH and is leaving the simulation.
s06506 is aged 29.99192307692311, blackNH and is leaving the simulation.
s07243 is aged 29.992923076923113, hispanic and is leaving the simulation.
s08013 is aged 29.98592307692311, hispanic and is leaving the simulation.
s08065 is aged 29.99992307692311, hispanic and is leaving the simulation.
s08507 is aged 29.983923076923112, hispanic and is leaving the simulation.
s08726 is aged 29.990923076923114, hispanic and is leaving the simulation.
s09070 is aged 29.995923076923113, hispanic and is leaving the simulation.
s10987 is aged 29.995923076923113, otherNH and is leaving the simulation.

Agents who have aged to a new age group are being updated...
s00719 is 21.012153846153883 and has aged to age group 21to29.
s01290 is 21.013153846153884 and has aged to age group 21to29.
s02827 is 21.000153846153882 and has aged to age group 21to29.
s03038 is 21.01415384615388 and has aged to age group 21to29.
s03316 is 21.000153846153882 and has aged to age group 21to29.
s03363 is 21.01415384615388 and has aged to age group 21to29.
s03870 is 21.00815384615388 and has aged to age group 21to29.
s04379 is 21.016153846153884 and has aged to age group 21to29.
s05699 is 21.018153846153883 and has aged to age group 21to29.
s06723 is 21.000153846153882 and has aged to age group 21to29.
s06733 is 21.010153846153884 and has aged to age group 21to29.
s06841 is 21.00515384615388 and has aged to age group 21to29.
s06920 is 21.006153846153882 and has aged to age group 21to29.
s10478 is 21.01915384615388 and has aged to age group 21to29.

New agents are being added to the simulation...
s12426 is age 16.0 and hispanic and is entering the model
s12427 is age 16.0 and whiteNH and is entering the model
s12428 is age 16.0 and whiteNH and is entering the model
s12429 is age 16.0 and hispanic and is entering the model
s12430 is age 16.0 and otherNH and is entering the model
s12431 is age 16.0 and whiteNH and is entering the model
s12432 is age 16.0 and otherNH and is entering the model
s12433 is age 16.0 and whiteNH and is entering the model
s12434 is age 16.0 and blackNH and is entering the model
s12435 is age 16.0 and blackNH and is entering the model
s12436 is age 16.0 and hispanic and is entering the model

Agents are attending venues and using apps for week 45 in simulation...


Epidemic Simulation
----------------------------
Simulation: 1/1
Timestep: 45/3640
Prevalence: 1896
Population Size: 11723
----------------------------
The ages, hiv status, and relationship status for the agents are being updated...
s04946 is blackNH, aged 28.858153846153883 in age group 21to29, with relationship status of 1 and is now HIV+.
s05350 is blackNH, aged 19.56615384615388 in age group 21to29, with relationship status of 1 and is now HIV+.
s05936 is blackNH, aged 19.76115384615388 in age group 21to29, with relationship status of 0 and is now HIV+.
s07518 is hispanic, aged 26.116153846153882 in age group 16to20, with relationship status of 1 and is now HIV+.
s10772 is otherNH, aged 18.480153846153883 in age group 16to20, with relationship status of 0 and is now HIV+.

Agents are being removed from the simulation...
s00738 is aged 29.995153846153883, whiteNH and is leaving the simulation.
s01059 is aged 29.98815384615388, whiteNH and is leaving the simulation.
s01289 is aged 29.983153846153883, whiteNH and is leaving the simulation.
s01495 is aged 29.992153846153883, whiteNH and is leaving the simulation.
s02845 is aged 29.98215384615388, whiteNH and is leaving the simulation.
s05596 is aged 29.984153846153884, blackNH and is leaving the simulation.
s07445 is aged 29.98715384615388, hispanic and is leaving the simulation.
s09448 is aged 29.995153846153883, hispanic and is leaving the simulation.
s09525 is aged 27.006153846153882, hispanic and is leaving the simulation.

Agents who have aged to a new age group are being updated...
s00055 is 21.014384615384653 and has aged to age group 21to29.
s00513 is 21.00738461538465 and has aged to age group 21to29.
s00910 is 21.013384615384652 and has aged to age group 21to29.
s01231 is 21.011384615384653 and has aged to age group 21to29.
s02003 is 21.00638461538465 and has aged to age group 21to29.
s02477 is 21.01838461538465 and has aged to age group 21to29.
s02479 is 21.017384615384653 and has aged to age group 21to29.
s03433 is 21.010384615384652 and has aged to age group 21to29.
s03590 is 21.008384615384653 and has aged to age group 21to29.
s03828 is 21.000384615384654 and has aged to age group 21to29.
s04364 is 21.014384615384653 and has aged to age group 21to29.
s05028 is 21.00738461538465 and has aged to age group 21to29.
s05747 is 21.01238461538465 and has aged to age group 21to29.
s05761 is 21.00438461538465 and has aged to age group 21to29.
s06704 is 21.016384615384652 and has aged to age group 21to29.
s08679 is 21.013384615384652 and has aged to age group 21to29.
s09529 is 21.00638461538465 and has aged to age group 21to29.
s09874 is 21.00938461538465 and has aged to age group 21to29.
s10074 is 21.00738461538465 and has aged to age group 21to29.
s10175 is 21.002384615384653 and has aged to age group 21to29.
s10559 is 21.013384615384652 and has aged to age group 21to29.
s11055 is 21.010384615384652 and has aged to age group 21to29.

New agents are being added to the simulation...
s12437 is age 16.0 and blackNH and is entering the model
s12438 is age 16.0 and otherNH and is entering the model
s12439 is age 16.0 and otherNH and is entering the model
s12440 is age 16.0 and blackNH and is entering the model
s12441 is age 16.0 and hispanic and is entering the model
s12442 is age 16.0 and hispanic and is entering the model
s12443 is age 16.0 and whiteNH and is entering the model
s12444 is age 16.0 and whiteNH and is entering the model
s12445 is age 16.0 and blackNH and is entering the model
s12446 is age 16.0 and blackNH and is entering the model
s12447 is age 16.0 and hispanic and is entering the model
s12448 is age 16.0 and blackNH and is entering the model
s12449 is age 16.0 and blackNH and is entering the model
s12450 is age 16.0 and whiteNH and is entering the model
s12451 is age 16.0 and hispanic and is entering the model
s12452 is age 16.0 and whiteNH and is entering the model
s12453 is age 16.0 and hispanic and is entering the model
s12454 is age 16.0 and blackNH and is entering the model
s12455 is age 16.0 and otherNH and is entering the model

Agents are attending venues and using apps for week 46 in simulation...


Epidemic Simulation
----------------------------
Simulation: 1/1
Timestep: 46/3640
Prevalence: 1896
Population Size: 11733
----------------------------
The ages, hiv status, and relationship status for the agents are being updated...
s05779 is blackNH, aged 28.775384615384652 in age group 21to29, with relationship status of 1 and is now HIV+.
s10327 is hispanic, aged 19.420384615384652 in age group 21to29, with relationship status of 0 and is now HIV+.
s11553 is otherNH, aged 22.555384615384654 in age group 21to29, with relationship status of 0 and is now HIV+.

Agents are being removed from the simulation...
s00465 is aged 29.988384615384653, whiteNH and is leaving the simulation.
s00561 is aged 29.99838461538465, whiteNH and is leaving the simulation.
s01592 is aged 29.99238461538465, whiteNH and is leaving the simulation.
s04240 is aged 29.993384615384652, blackNH and is leaving the simulation.
s04695 is aged 29.981384615384652, blackNH and is leaving the simulation.
s04827 is aged 29.988384615384653, blackNH and is leaving the simulation.
s05715 is aged 29.98338461538465, blackNH and is leaving the simulation.
s06153 is aged 26.810384615384653, blackNH and is leaving the simulation.
s06432 is aged 29.997384615384654, blackNH and is leaving the simulation.
s07581 is aged 29.991384615384654, hispanic and is leaving the simulation.
s08269 is aged 29.984384615384652, hispanic and is leaving the simulation.
s08672 is aged 29.993384615384652, hispanic and is leaving the simulation.
s08832 is aged 29.991384615384654, hispanic and is leaving the simulation.
s09384 is aged 29.997384615384654, hispanic and is leaving the simulation.
s10133 is aged 29.997384615384654, hispanic and is leaving the simulation.
s10218 is aged 29.999384615384653, hispanic and is leaving the simulation.
s10588 is aged 29.984384615384652, otherNH and is leaving the simulation.
s11440 is aged 29.98338461538465, otherNH and is leaving the simulation.
s11603 is aged 29.994384615384654, otherNH and is leaving the simulation.

Agents who have aged to a new age group are being updated...
s00255 is 21.018615384615423 and has aged to age group 21to29.
s01104 is 21.009615384615422 and has aged to age group 21to29.
s01659 is 21.00561538461542 and has aged to age group 21to29.
s01839 is 21.010615384615424 and has aged to age group 21to29.
s02781 is 21.01761538461542 and has aged to age group 21to29.
s03445 is 21.01761538461542 and has aged to age group 21to29.
s03862 is 21.006615384615422 and has aged to age group 21to29.
s04351 is 21.006615384615422 and has aged to age group 21to29.
s04413 is 21.004615384615423 and has aged to age group 21to29.
s04521 is 21.001615384615423 and has aged to age group 21to29.
s04533 is 21.013615384615424 and has aged to age group 21to29.
s05937 is 21.016615384615424 and has aged to age group 21to29.
s09044 is 21.00261538461542 and has aged to age group 21to29.
s09456 is 21.001615384615423 and has aged to age group 21to29.
s09814 is 21.015615384615423 and has aged to age group 21to29.
s10127 is 21.012615384615422 and has aged to age group 21to29.

New agents are being added to the simulation...
s12456 is age 16.0 and whiteNH and is entering the model
s12457 is age 16.0 and blackNH and is entering the model
s12458 is age 16.0 and whiteNH and is entering the model
s12459 is age 16.0 and blackNH and is entering the model
s12460 is age 16.0 and whiteNH and is entering the model
s12461 is age 16.0 and hispanic and is entering the model
s12462 is age 16.0 and blackNH and is entering the model
s12463 is age 16.0 and blackNH and is entering the model
s12464 is age 16.0 and blackNH and is entering the model
s12465 is age 16.0 and blackNH and is entering the model
s12466 is age 16.0 and whiteNH and is entering the model
s12467 is age 16.0 and whiteNH and is entering the model
s12468 is age 16.0 and whiteNH and is entering the model
s12469 is age 16.0 and hispanic and is entering the model
s12470 is age 16.0 and hispanic and is entering the model
s12471 is age 16.0 and hispanic and is entering the model

Agents are attending venues and using apps for week 47 in simulation...


Epidemic Simulation
----------------------------
Simulation: 1/1
Timestep: 47/3640
Prevalence: 1894
Population Size: 11730
----------------------------
The ages, hiv status, and relationship status for the agents are being updated...
s04902 is blackNH, aged 26.664615384615423 in age group 21to29, with relationship status of 0 and is now HIV+.
s05790 is blackNH, aged 17.99461538461542 in age group 21to29, with relationship status of 1 and is now HIV+.
s07956 is hispanic, aged 19.36061538461542 in age group 16to20, with relationship status of 0 and is now HIV+.

Agents are being removed from the simulation...
s00274 is aged 29.981615384615424, whiteNH and is leaving the simulation.
s00651 is aged 29.98861538461542, whiteNH and is leaving the simulation.
s00706 is aged 29.990615384615424, whiteNH and is leaving the simulation.
s00956 is aged 29.98261538461542, whiteNH and is leaving the simulation.
s01039 is aged 29.98861538461542, whiteNH and is leaving the simulation.
s01295 is aged 29.989615384615423, whiteNH and is leaving the simulation.
s04320 is aged 29.993615384615424, blackNH and is leaving the simulation.
s04855 is aged 29.990615384615424, blackNH and is leaving the simulation.
s05129 is aged 29.998615384615423, blackNH and is leaving the simulation.
s05177 is aged 29.987615384615424, blackNH and is leaving the simulation.
s06481 is aged 29.989615384615423, blackNH and is leaving the simulation.
s06588 is aged 29.987615384615424, blackNH and is leaving the simulation.
s06796 is aged 29.98261538461542, blackNH and is leaving the simulation.
s07148 is aged 29.99461538461542, hispanic and is leaving the simulation.
s07893 is aged 29.984615384615424, hispanic and is leaving the simulation.
s08333 is aged 29.992615384615423, hispanic and is leaving the simulation.
s08608 is aged 29.986615384615423, hispanic and is leaving the simulation.
s11052 is aged 29.990615384615424, otherNH and is leaving the simulation.
s11566 is aged 29.989615384615423, otherNH and is leaving the simulation.

Agents who have aged to a new age group are being updated...
s00875 is 21.014846153846193 and has aged to age group 21to29.
s06507 is 21.002846153846193 and has aged to age group 21to29.
s08985 is 21.000846153846194 and has aged to age group 21to29.
s09328 is 21.00784615384619 and has aged to age group 21to29.
s10561 is 21.01584615384619 and has aged to age group 21to29.
s11366 is 21.000846153846194 and has aged to age group 21to29.

New agents are being added to the simulation...
s12472 is age 16.0 and hispanic and is entering the model
s12473 is age 16.0 and hispanic and is entering the model
s12474 is age 16.0 and whiteNH and is entering the model
s12475 is age 16.0 and whiteNH and is entering the model
s12476 is age 16.0 and whiteNH and is entering the model
s12477 is age 16.0 and whiteNH and is entering the model
s12478 is age 16.0 and whiteNH and is entering the model
s12479 is age 16.0 and blackNH and is entering the model
s12480 is age 16.0 and otherNH and is entering the model
s12481 is age 16.0 and hispanic and is entering the model
s12482 is age 16.0 and hispanic and is entering the model
s12483 is age 16.0 and blackNH and is entering the model
s12484 is age 16.0 and hispanic and is entering the model
s12485 is age 16.0 and hispanic and is entering the model
s12486 is age 16.0 and otherNH and is entering the model
s12487 is age 16.0 and whiteNH and is entering the model
s12488 is age 16.0 and hispanic and is entering the model
s12489 is age 16.0 and hispanic and is entering the model
s12490 is age 16.0 and whiteNH and is entering the model
s12491 is age 16.0 and blackNH and is entering the model
s12492 is age 16.0 and blackNH and is entering the model
s12493 is age 16.0 and hispanic and is entering the model

Agents are attending venues and using apps for week 48 in simulation...


Epidemic Simulation
----------------------------
Simulation: 1/1
Timestep: 48/3640
Prevalence: 1894
Population Size: 11733
----------------------------
The ages, hiv status, and relationship status for the agents are being updated...
s03583 is whiteNH, aged 28.075846153846193 in age group 21to29, with relationship status of 0 and is now HIV+.
s06910 is hispanic, aged 25.215846153846194 in age group 16to20, with relationship status of 0 and is now HIV+.
s07712 is hispanic, aged 29.875846153846194 in age group 16to20, with relationship status of 0 and is now HIV+.

Agents are being removed from the simulation...
s00696 is aged 29.997846153846194, whiteNH and is leaving the simulation.
s03310 is aged 29.980846153846194, whiteNH and is leaving the simulation.
s04325 is aged 29.987846153846192, blackNH and is leaving the simulation.
s05036 is aged 29.99284615384619, blackNH and is leaving the simulation.
s05689 is aged 29.997846153846194, blackNH and is leaving the simulation.
s05933 is aged 29.99584615384619, blackNH and is leaving the simulation.
s07998 is aged 29.980846153846194, hispanic and is leaving the simulation.
s08079 is aged 29.987846153846192, hispanic and is leaving the simulation.
s09454 is aged 29.98684615384619, hispanic and is leaving the simulation.
s09809 is aged 29.990846153846192, hispanic and is leaving the simulation.
s10841 is aged 29.98684615384619, otherNH and is leaving the simulation.

Agents who have aged to a new age group are being updated...
s00450 is 21.007076923076962 and has aged to age group 21to29.
s01352 is 21.00607692307696 and has aged to age group 21to29.
s03180 is 21.017076923076964 and has aged to age group 21to29.
s03714 is 21.01807692307696 and has aged to age group 21to29.
s04632 is 21.017076923076964 and has aged to age group 21to29.
s05403 is 21.011076923076963 and has aged to age group 21to29.
s06924 is 21.019076923076963 and has aged to age group 21to29.
s07042 is 21.004076923076962 and has aged to age group 21to29.
s07147 is 21.001076923076962 and has aged to age group 21to29.
s07461 is 21.004076923076962 and has aged to age group 21to29.
s07494 is 21.004076923076962 and has aged to age group 21to29.
s07927 is 21.008076923076963 and has aged to age group 21to29.
s09286 is 21.010076923076962 and has aged to age group 21to29.
s09647 is 21.01207692307696 and has aged to age group 21to29.
s10480 is 21.001076923076962 and has aged to age group 21to29.

New agents are being added to the simulation...
s12494 is age 16.0 and blackNH and is entering the model
s12495 is age 16.0 and hispanic and is entering the model
s12496 is age 16.0 and blackNH and is entering the model
s12497 is age 16.0 and whiteNH and is entering the model
s12498 is age 16.0 and hispanic and is entering the model
s12499 is age 16.0 and hispanic and is entering the model
s12500 is age 16.0 and whiteNH and is entering the model
s12501 is age 16.0 and whiteNH and is entering the model
s12502 is age 16.0 and hispanic and is entering the model
s12503 is age 16.0 and blackNH and is entering the model
s12504 is age 16.0 and blackNH and is entering the model
s12505 is age 16.0 and whiteNH and is entering the model
s12506 is age 16.0 and whiteNH and is entering the model
s12507 is age 16.0 and hispanic and is entering the model
s12508 is age 16.0 and hispanic and is entering the model
s12509 is age 16.0 and whiteNH and is entering the model

Agents are attending venues and using apps for week 49 in simulation...


Epidemic Simulation
----------------------------
Simulation: 1/1
Timestep: 49/3640
Prevalence: 1897
Population Size: 11738
----------------------------
The ages, hiv status, and relationship status for the agents are being updated...
s00264 is whiteNH, aged 20.859076923076962 in age group 16to20, with relationship status of 0 and is now HIV+.
s07023 is hispanic, aged 27.034076923076963 in age group 16to20, with relationship status of 0 and is now HIV+.
s07451 is hispanic, aged 26.61107692307696 in age group 16to20, with relationship status of 1 and is now HIV+.
s11278 is otherNH, aged 27.938076923076963 in age group 21to29, with relationship status of 0 and is now HIV+.

Agents are being removed from the simulation...
s00248 is aged 29.99807692307696, whiteNH and is leaving the simulation.
s00723 is aged 29.98907692307696, whiteNH and is leaving the simulation.
s01561 is aged 29.99207692307696, whiteNH and is leaving the simulation.
s01602 is aged 29.98607692307696, whiteNH and is leaving the simulation.
s03020 is aged 29.984076923076962, whiteNH and is leaving the simulation.
s04144 is aged 29.994076923076964, blackNH and is leaving the simulation.
s04290 is aged 29.985076923076964, blackNH and is leaving the simulation.
s04583 is aged 29.98907692307696, blackNH and is leaving the simulation.
s04862 is aged 29.985076923076964, blackNH and is leaving the simulation.
s05603 is aged 29.982076923076963, blackNH and is leaving the simulation.
s05611 is aged 29.999076923076963, blackNH and is leaving the simulation.
s06120 is aged 29.994076923076964, blackNH and is leaving the simulation.
s06407 is aged 29.99207692307696, blackNH and is leaving the simulation.
s07541 is aged 29.996076923076963, hispanic and is leaving the simulation.
s07560 is aged 29.982076923076963, hispanic and is leaving the simulation.
s10438 is aged 29.994076923076964, otherNH and is leaving the simulation.
s11173 is aged 29.984076923076962, otherNH and is leaving the simulation.

Agents who have aged to a new age group are being updated...
s00036 is 21.012307692307733 and has aged to age group 21to29.
s00158 is 21.001307692307734 and has aged to age group 21to29.
s00744 is 21.009307692307733 and has aged to age group 21to29.
s01248 is 21.010307692307734 and has aged to age group 21to29.
s01967 is 21.01130769230773 and has aged to age group 21to29.
s02080 is 21.01730769230773 and has aged to age group 21to29.
s02621 is 21.018307692307733 and has aged to age group 21to29.
s02782 is 21.00830769230773 and has aged to age group 21to29.
s04142 is 21.016307692307734 and has aged to age group 21to29.
s04363 is 21.003307692307732 and has aged to age group 21to29.
s05125 is 21.010307692307734 and has aged to age group 21to29.
s07029 is 21.012307692307733 and has aged to age group 21to29.
s07339 is 21.004307692307734 and has aged to age group 21to29.
s09296 is 21.000307692307732 and has aged to age group 21to29.
s10410 is 21.003307692307732 and has aged to age group 21to29.

New agents are being added to the simulation...
s12510 is age 16.0 and whiteNH and is entering the model
s12511 is age 16.0 and whiteNH and is entering the model
s12512 is age 16.0 and whiteNH and is entering the model
s12513 is age 16.0 and hispanic and is entering the model
s12514 is age 16.0 and blackNH and is entering the model
s12515 is age 16.0 and blackNH and is entering the model
s12516 is age 16.0 and blackNH and is entering the model
s12517 is age 16.0 and blackNH and is entering the model
s12518 is age 16.0 and hispanic and is entering the model
s12519 is age 16.0 and hispanic and is entering the model
s12520 is age 16.0 and whiteNH and is entering the model
s12521 is age 16.0 and whiteNH and is entering the model
s12522 is age 16.0 and hispanic and is entering the model
s12523 is age 16.0 and whiteNH and is entering the model
s12524 is age 16.0 and hispanic and is entering the model
s12525 is age 16.0 and whiteNH and is entering the model
s12526 is age 16.0 and hispanic and is entering the model
s12527 is age 16.0 and whiteNH and is entering the model
s12528 is age 16.0 and hispanic and is entering the model

Agents are attending venues and using apps for week 50 in simulation...


Epidemic Simulation
----------------------------
Simulation: 1/1
Timestep: 50/3640
Prevalence: 1897
Population Size: 11740
----------------------------
The ages, hiv status, and relationship status for the agents are being updated...
s03964 is blackNH, aged 27.027307692307733 in age group 16to20, with relationship status of 0 and is now HIV+.
s05052 is blackNH, aged 29.36530769230773 in age group 21to29, with relationship status of 0 and is now HIV+.
s06225 is blackNH, aged 25.056307692307733 in age group 21to29, with relationship status of 0 and is now HIV+.
s06636 is blackNH, aged 18.238307692307732 in age group 21to29, with relationship status of 1 and is now HIV+.

Agents are being removed from the simulation...
s00116 is aged 29.988307692307732, whiteNH and is leaving the simulation.
s00452 is aged 29.98230769230773, whiteNH and is leaving the simulation.
s01715 is aged 29.99630769230773, whiteNH and is leaving the simulation.
s01958 is aged 29.99630769230773, whiteNH and is leaving the simulation.
s03111 is aged 29.992307692307733, whiteNH and is leaving the simulation.
s03525 is aged 29.987307692307734, whiteNH and is leaving the simulation.
s04872 is aged 29.99630769230773, blackNH and is leaving the simulation.
s04966 is aged 28.83330769230773, blackNH and is leaving the simulation.
s06736 is aged 29.986307692307733, blackNH and is leaving the simulation.
s07550 is aged 29.984307692307734, hispanic and is leaving the simulation.
s07583 is aged 29.98230769230773, hispanic and is leaving the simulation.
s08677 is aged 22.465307692307732, hispanic and is leaving the simulation.
s08714 is aged 24.73230769230773, hispanic and is leaving the simulation.
s09349 is aged 29.994307692307732, hispanic and is leaving the simulation.
s09386 is aged 29.981307692307734, hispanic and is leaving the simulation.
s10428 is aged 29.995307692307733, otherNH and is leaving the simulation.
s11033 is aged 29.99930769230773, otherNH and is leaving the simulation.

Agents who have aged to a new age group are being updated...
s00320 is 21.011538461538503 and has aged to age group 21to29.
s01838 is 21.014538461538503 and has aged to age group 21to29.
s02345 is 21.0015384615385 and has aged to age group 21to29.
s03776 is 21.007538461538502 and has aged to age group 21to29.
s03815 is 21.014538461538503 and has aged to age group 21to29.
s05124 is 21.0155384615385 and has aged to age group 21to29.
s06389 is 21.0185384615385 and has aged to age group 21to29.
s06520 is 21.0015384615385 and has aged to age group 21to29.
s06558 is 21.008538461538503 and has aged to age group 21to29.
s06580 is 21.000538461538504 and has aged to age group 21to29.
s07051 is 21.017538461538503 and has aged to age group 21to29.
s08843 is 21.014538461538503 and has aged to age group 21to29.
s09332 is 21.014538461538503 and has aged to age group 21to29.
s11086 is 21.011538461538503 and has aged to age group 21to29.

New agents are being added to the simulation...
s12529 is age 16.0 and whiteNH and is entering the model
s12530 is age 16.0 and whiteNH and is entering the model
s12531 is age 16.0 and blackNH and is entering the model
s12532 is age 16.0 and blackNH and is entering the model
s12533 is age 16.0 and whiteNH and is entering the model
s12534 is age 16.0 and hispanic and is entering the model
s12535 is age 16.0 and hispanic and is entering the model
s12536 is age 16.0 and blackNH and is entering the model
s12537 is age 16.0 and blackNH and is entering the model
s12538 is age 16.0 and hispanic and is entering the model
s12539 is age 16.0 and whiteNH and is entering the model
s12540 is age 16.0 and otherNH and is entering the model
s12541 is age 16.0 and whiteNH and is entering the model
s12542 is age 16.0 and whiteNH and is entering the model
s12543 is age 16.0 and whiteNH and is entering the model
s12544 is age 16.0 and whiteNH and is entering the model
s12545 is age 16.0 and hispanic and is entering the model
s12546 is age 16.0 and hispanic and is entering the model
s12547 is age 16.0 and blackNH and is entering the model
s12548 is age 16.0 and otherNH and is entering the model

Agents are attending venues and using apps for week 51 in simulation...


Epidemic Simulation
----------------------------
Simulation: 1/1
Timestep: 51/3640
Prevalence: 1896
Population Size: 11743
----------------------------
The ages, hiv status, and relationship status for the agents are being updated...
s00425 is whiteNH, aged 28.8035384615385 in age group 16to20, with relationship status of 0 and is now HIV+.
s03957 is blackNH, aged 22.9635384615385 in age group 16to20, with relationship status of 0 and is now HIV+.

Agents are being removed from the simulation...
s00138 is aged 29.9895384615385, whiteNH and is leaving the simulation.
s00494 is aged 29.9955384615385, whiteNH and is leaving the simulation.
s00752 is aged 29.9835384615385, whiteNH and is leaving the simulation.
s00922 is aged 29.9835384615385, whiteNH and is leaving the simulation.
s01087 is aged 29.991538461538504, whiteNH and is leaving the simulation.
s01140 is aged 29.9835384615385, whiteNH and is leaving the simulation.
s01200 is aged 29.999538461538503, whiteNH and is leaving the simulation.
s01622 is aged 29.990538461538502, whiteNH and is leaving the simulation.
s03134 is aged 29.9895384615385, whiteNH and is leaving the simulation.
s05305 is aged 29.985538461538503, blackNH and is leaving the simulation.
s05820 is aged 29.999538461538503, blackNH and is leaving the simulation.
s05986 is aged 29.997538461538504, blackNH and is leaving the simulation.
s06336 is aged 29.984538461538502, blackNH and is leaving the simulation.
s10754 is aged 29.991538461538504, otherNH and is leaving the simulation.
s10860 is aged 29.990538461538502, otherNH and is leaving the simulation.
s11081 is aged 29.9895384615385, otherNH and is leaving the simulation.
s11410 is aged 29.9925384615385, otherNH and is leaving the simulation.

Agents who have aged to a new age group are being updated...
s02543 is 21.004769230769273 and has aged to age group 21to29.
s03181 is 21.001769230769273 and has aged to age group 21to29.
s03263 is 21.015769230769273 and has aged to age group 21to29.
s03495 is 21.003769230769272 and has aged to age group 21to29.
s03799 is 21.009769230769272 and has aged to age group 21to29.
s04407 is 21.010769230769274 and has aged to age group 21to29.
s04727 is 21.00876923076927 and has aged to age group 21to29.
s04994 is 21.01476923076927 and has aged to age group 21to29.
s05952 is 21.00576923076927 and has aged to age group 21to29.
s06125 is 21.01776923076927 and has aged to age group 21to29.
s06742 is 21.001769230769273 and has aged to age group 21to29.
s06951 is 21.00576923076927 and has aged to age group 21to29.
s07358 is 21.010769230769274 and has aged to age group 21to29.
s07567 is 21.006769230769272 and has aged to age group 21to29.
s08012 is 21.01776923076927 and has aged to age group 21to29.
s08298 is 21.007769230769274 and has aged to age group 21to29.
s08901 is 21.001769230769273 and has aged to age group 21to29.
s09356 is 21.00276923076927 and has aged to age group 21to29.
s09830 is 21.003769230769272 and has aged to age group 21to29.
s10049 is 21.000769230769272 and has aged to age group 21to29.
s10145 is 21.01476923076927 and has aged to age group 21to29.
s10463 is 21.001769230769273 and has aged to age group 21to29.
s10704 is 21.01176923076927 and has aged to age group 21to29.
s11124 is 21.007769230769274 and has aged to age group 21to29.
s11687 is 21.001769230769273 and has aged to age group 21to29.

New agents are being added to the simulation...
s12549 is age 16.0 and whiteNH and is entering the model
s12550 is age 16.0 and blackNH and is entering the model
s12551 is age 16.0 and otherNH and is entering the model
s12552 is age 16.0 and otherNH and is entering the model
s12553 is age 16.0 and blackNH and is entering the model
s12554 is age 16.0 and whiteNH and is entering the model
s12555 is age 16.0 and hispanic and is entering the model
s12556 is age 16.0 and whiteNH and is entering the model
s12557 is age 16.0 and hispanic and is entering the model
s12558 is age 16.0 and whiteNH and is entering the model
s12559 is age 16.0 and blackNH and is entering the model
s12560 is age 16.0 and whiteNH and is entering the model
s12561 is age 16.0 and whiteNH and is entering the model
s12562 is age 16.0 and hispanic and is entering the model
s12563 is age 16.0 and hispanic and is entering the model
s12564 is age 16.0 and blackNH and is entering the model
s12565 is age 16.0 and whiteNH and is entering the model
s12566 is age 16.0 and hispanic and is entering the model
s12567 is age 16.0 and blackNH and is entering the model
s12568 is age 16.0 and blackNH and is entering the model
s12569 is age 16.0 and otherNH and is entering the model
s12570 is age 16.0 and blackNH and is entering the model
s12571 is age 16.0 and hispanic and is entering the model
s12572 is age 16.0 and hispanic and is entering the model
s12573 is age 16.0 and whiteNH and is entering the model

Agents are attending venues and using apps for week 52 in simulation...


Epidemic Simulation
----------------------------
Simulation: 1/1
Timestep: 52/3640
Prevalence: 1895
Population Size: 11751
----------------------------
The ages, hiv status, and relationship status for the agents are being updated...
s04281 is blackNH, aged 17.87176923076927 in age group 16to20, with relationship status of 1 and is now HIV+.
s05863 is blackNH, aged 22.05276923076927 in age group 21to29, with relationship status of 1 and is now HIV+.
s08652 is hispanic, aged 29.611769230769273 in age group 21to29, with relationship status of 1 and is now HIV+.

Agents are being removed from the simulation...
s00219 is aged 29.991769230769272, whiteNH and is leaving the simulation.
s00595 is aged 29.990769230769274, whiteNH and is leaving the simulation.
s00635 is aged 29.987769230769274, whiteNH and is leaving the simulation.
s00796 is aged 29.99676923076927, whiteNH and is leaving the simulation.
s01053 is aged 29.997769230769272, whiteNH and is leaving the simulation.
s01152 is aged 29.994769230769272, whiteNH and is leaving the simulation.
s03132 is aged 29.992769230769273, whiteNH and is leaving the simulation.
s03596 is aged 29.99676923076927, whiteNH and is leaving the simulation.
s05320 is aged 29.99976923076927, blackNH and is leaving the simulation.
s05914 is aged 29.997769230769272, blackNH and is leaving the simulation.
s06948 is aged 29.983769230769273, hispanic and is leaving the simulation.
s07085 is aged 29.980769230769273, hispanic and is leaving the simulation.
s07298 is aged 29.998769230769273, hispanic and is leaving the simulation.
s07846 is aged 29.99976923076927, hispanic and is leaving the simulation.
s08612 is aged 29.984769230769274, hispanic and is leaving the simulation.
s08662 is aged 29.995769230769273, hispanic and is leaving the simulation.
s08684 is aged 22.115769230769274, hispanic and is leaving the simulation.
s08771 is aged 29.994769230769272, hispanic and is leaving the simulation.
s09239 is aged 29.989769230769273, hispanic and is leaving the simulation.
s10451 is aged 29.99976923076927, otherNH and is leaving the simulation.
s10575 is aged 29.994769230769272, otherNH and is leaving the simulation.
s10717 is aged 29.98576923076927, otherNH and is leaving the simulation.
s10820 is aged 29.994769230769272, otherNH and is leaving the simulation.
s10839 is aged 29.995769230769273, otherNH and is leaving the simulation.
s11248 is aged 29.99676923076927, otherNH and is leaving the simulation.
s11555 is aged 29.992769230769273, otherNH and is leaving the simulation.

Agents who have aged to a new age group are being updated...
s00380 is 21.00500000000004 and has aged to age group 21to29.
s00503 is 21.000000000000043 and has aged to age group 21to29.
s02772 is 21.00200000000004 and has aged to age group 21to29.
s05804 is 21.009000000000043 and has aged to age group 21to29.
s06238 is 21.018000000000043 and has aged to age group 21to29.
s06548 is 21.011000000000042 and has aged to age group 21to29.
s07068 is 21.010000000000044 and has aged to age group 21to29.
s07738 is 21.001000000000044 and has aged to age group 21to29.
s08334 is 21.006000000000043 and has aged to age group 21to29.
s08514 is 21.009000000000043 and has aged to age group 21to29.
s08540 is 21.013000000000044 and has aged to age group 21to29.
s09208 is 21.004000000000044 and has aged to age group 21to29.
s09846 is 21.010000000000044 and has aged to age group 21to29.
s10077 is 21.003000000000043 and has aged to age group 21to29.
s10396 is 21.018000000000043 and has aged to age group 21to29.
s11269 is 21.017000000000042 and has aged to age group 21to29.

New agents are being added to the simulation...
s12574 is age 16.0 and whiteNH and is entering the model
s12575 is age 16.0 and hispanic and is entering the model
s12576 is age 16.0 and whiteNH and is entering the model
s12577 is age 16.0 and hispanic and is entering the model
s12578 is age 16.0 and otherNH and is entering the model
s12579 is age 16.0 and blackNH and is entering the model
s12580 is age 16.0 and hispanic and is entering the model
s12581 is age 16.0 and hispanic and is entering the model
s12582 is age 16.0 and blackNH and is entering the model
s12583 is age 16.0 and hispanic and is entering the model
s12584 is age 16.0 and blackNH and is entering the model

Agents are attending venues and using apps for week 53 in simulation...


Epidemic Simulation
----------------------------
Simulation: 1/1
Timestep: 53/3640
Prevalence: 1896
Population Size: 11736
----------------------------
The ages, hiv status, and relationship status for the agents are being updated...
s04995 is blackNH, aged 25.197000000000042 in age group 21to29, with relationship status of 1 and is now HIV+.
s06706 is blackNH, aged 29.210000000000043 in age group 21to29, with relationship status of 0 and is now HIV+.
s12003 is blackNH, aged 16.63461538461541 in age group 16to20, with relationship status of 0 and is now HIV+.

Agents are being removed from the simulation...
s00660 is aged 20.079000000000043, whiteNH and is leaving the simulation.
s02272 is aged 29.991000000000042, whiteNH and is leaving the simulation.
s03414 is aged 29.994000000000042, whiteNH and is leaving the simulation.
s04847 is aged 29.992000000000044, blackNH and is leaving the simulation.
s05068 is aged 29.99000000000004, blackNH and is leaving the simulation.
s06459 is aged 29.99900000000004, blackNH and is leaving the simulation.
s08134 is aged 29.99900000000004, hispanic and is leaving the simulation.
s08835 is aged 29.99000000000004, hispanic and is leaving the simulation.
s09072 is aged 29.98700000000004, hispanic and is leaving the simulation.
s09968 is aged 29.983000000000043, hispanic and is leaving the simulation.
s09994 is aged 29.997000000000043, hispanic and is leaving the simulation.
s10172 is aged 29.992000000000044, hispanic and is leaving the simulation.
s10897 is aged 29.998000000000044, otherNH and is leaving the simulation.
s11553 is aged 22.690000000000044, otherNH and is leaving the simulation.

Agents who have aged to a new age group are being updated...
s00772 is 21.000230769230814 and has aged to age group 21to29.
s03802 is 21.000230769230814 and has aged to age group 21to29.
s04032 is 21.003230769230814 and has aged to age group 21to29.
s04127 is 21.011230769230814 and has aged to age group 21to29.
s04222 is 21.00923076923081 and has aged to age group 21to29.
s04251 is 21.014230769230814 and has aged to age group 21to29.
s04392 is 21.014230769230814 and has aged to age group 21to29.
s04647 is 21.00923076923081 and has aged to age group 21to29.
s05872 is 21.00923076923081 and has aged to age group 21to29.
s06384 is 21.00923076923081 and has aged to age group 21to29.
s07456 is 21.008230769230813 and has aged to age group 21to29.
s07952 is 21.01823076923081 and has aged to age group 21to29.
s08070 is 21.016230769230813 and has aged to age group 21to29.
s08303 is 21.004230769230812 and has aged to age group 21to29.
s09347 is 21.01223076923081 and has aged to age group 21to29.
s09500 is 21.016230769230813 and has aged to age group 21to29.
s11616 is 21.011230769230814 and has aged to age group 21to29.

New agents are being added to the simulation...
s12585 is age 16.0 and hispanic and is entering the model
s12586 is age 16.0 and otherNH and is entering the model
s12587 is age 16.0 and hispanic and is entering the model
s12588 is age 16.0 and hispanic and is entering the model
s12589 is age 16.0 and hispanic and is entering the model
s12590 is age 16.0 and whiteNH and is entering the model
s12591 is age 16.0 and hispanic and is entering the model
s12592 is age 16.0 and hispanic and is entering the model
s12593 is age 16.0 and whiteNH and is entering the model
s12594 is age 16.0 and otherNH and is entering the model
s12595 is age 16.0 and whiteNH and is entering the model
s12596 is age 16.0 and hispanic and is entering the model
s12597 is age 16.0 and blackNH and is entering the model
s12598 is age 16.0 and whiteNH and is entering the model
s12599 is age 16.0 and blackNH and is entering the model
s12600 is age 16.0 and blackNH and is entering the model
s12601 is age 16.0 and hispanic and is entering the model
s12602 is age 16.0 and whiteNH and is entering the model
s12603 is age 16.0 and hispanic and is entering the model
s12604 is age 16.0 and blackNH and is entering the model
s12605 is age 16.0 and whiteNH and is entering the model
s12606 is age 16.0 and blackNH and is entering the model

Agents are attending venues and using apps for week 54 in simulation...


Epidemic Simulation
----------------------------
Simulation: 1/1
Timestep: 54/3640
Prevalence: 1897
Population Size: 11744
----------------------------
The ages, hiv status, and relationship status for the agents are being updated...
s04123 is blackNH, aged 21.91023076923081 in age group 21to29, with relationship status of 1 and is now HIV+.
s05202 is blackNH, aged 24.292230769230812 in age group 21to29, with relationship status of 0 and is now HIV+.
s05601 is blackNH, aged 25.52123076923081 in age group 21to29, with relationship status of 1 and is now HIV+.
s06643 is blackNH, aged 24.525230769230813 in age group 21to29, with relationship status of 0 and is now HIV+.

Agents are being removed from the simulation...
s00068 is aged 29.998230769230812, whiteNH and is leaving the simulation.
s00299 is aged 29.987230769230813, whiteNH and is leaving the simulation.
s00702 is aged 29.98623076923081, whiteNH and is leaving the simulation.
s00798 is aged 29.993230769230813, whiteNH and is leaving the simulation.
s00919 is aged 29.994230769230814, whiteNH and is leaving the simulation.
s02431 is aged 29.982230769230814, whiteNH and is leaving the simulation.
s02991 is aged 29.984230769230813, whiteNH and is leaving the simulation.
s04133 is aged 29.981230769230812, blackNH and is leaving the simulation.
s05471 is aged 29.988230769230814, blackNH and is leaving the simulation.
s05786 is aged 29.987230769230813, blackNH and is leaving the simulation.
s06382 is aged 29.98923076923081, blackNH and is leaving the simulation.
s06447 is aged 29.98323076923081, blackNH and is leaving the simulation.
s06607 is aged 29.98323076923081, blackNH and is leaving the simulation.
s07025 is aged 29.993230769230813, hispanic and is leaving the simulation.
s07712 is aged 29.991230769230814, hispanic and is leaving the simulation.
s07951 is aged 29.990230769230813, hispanic and is leaving the simulation.

Agents who have aged to a new age group are being updated...
s00404 is 21.015461538461583 and has aged to age group 21to29.
s01463 is 21.00546153846158 and has aged to age group 21to29.
s01617 is 21.007461538461584 and has aged to age group 21to29.
s03705 is 21.016461538461584 and has aged to age group 21to29.
s03896 is 21.01146153846158 and has aged to age group 21to29.
s04385 is 21.009461538461583 and has aged to age group 21to29.
s04813 is 21.000461538461582 and has aged to age group 21to29.
s05806 is 21.006461538461583 and has aged to age group 21to29.
s07242 is 21.012461538461583 and has aged to age group 21to29.
s07902 is 21.006461538461583 and has aged to age group 21to29.
s08409 is 21.006461538461583 and has aged to age group 21to29.
s10512 is 21.00846153846158 and has aged to age group 21to29.
s10570 is 21.007461538461584 and has aged to age group 21to29.
s10999 is 21.018461538461583 and has aged to age group 21to29.
s11112 is 21.006461538461583 and has aged to age group 21to29.
s11542 is 21.004461538461584 and has aged to age group 21to29.
s11653 is 21.016461538461584 and has aged to age group 21to29.

New agents are being added to the simulation...
s12607 is age 16.0 and whiteNH and is entering the model
s12608 is age 16.0 and blackNH and is entering the model
s12609 is age 16.0 and otherNH and is entering the model
s12610 is age 16.0 and hispanic and is entering the model
s12611 is age 16.0 and blackNH and is entering the model
s12612 is age 16.0 and blackNH and is entering the model
s12613 is age 16.0 and whiteNH and is entering the model
s12614 is age 16.0 and whiteNH and is entering the model
s12615 is age 16.0 and whiteNH and is entering the model
s12616 is age 16.0 and whiteNH and is entering the model
s12617 is age 16.0 and otherNH and is entering the model
s12618 is age 16.0 and whiteNH and is entering the model
s12619 is age 16.0 and blackNH and is entering the model
s12620 is age 16.0 and whiteNH and is entering the model
s12621 is age 16.0 and whiteNH and is entering the model
s12622 is age 16.0 and hispanic and is entering the model
s12623 is age 16.0 and blackNH and is entering the model

Agents are attending venues and using apps for week 55 in simulation...


Epidemic Simulation
----------------------------
Simulation: 1/1
Timestep: 55/3640
Prevalence: 1897
Population Size: 11745
----------------------------
The ages, hiv status, and relationship status for the agents are being updated...
s04892 is blackNH, aged 29.227461538461583 in age group 16to20, with relationship status of 1 and is now HIV+.
s05078 is blackNH, aged 22.87446153846158 in age group 21to29, with relationship status of 1 and is now HIV+.
s07467 is hispanic, aged 27.663461538461583 in age group 16to20, with relationship status of 0 and is now HIV+.
s10459 is otherNH, aged 18.248461538461584 in age group 16to20, with relationship status of 1 and is now HIV+.

Agents are being removed from the simulation...
s00018 is aged 29.994461538461582, whiteNH and is leaving the simulation.
s00442 is aged 29.983461538461583, whiteNH and is leaving the simulation.
s01335 is aged 29.991461538461582, whiteNH and is leaving the simulation.
s01549 is aged 29.998461538461584, whiteNH and is leaving the simulation.
s02887 is aged 29.99646153846158, whiteNH and is leaving the simulation.
s04653 is aged 29.99346153846158, blackNH and is leaving the simulation.
s04737 is aged 29.981461538461584, blackNH and is leaving the simulation.
s05487 is aged 29.99946153846158, blackNH and is leaving the simulation.
s08250 is aged 29.995461538461583, hispanic and is leaving the simulation.
s08831 is aged 29.997461538461582, hispanic and is leaving the simulation.
s10394 is aged 29.989461538461583, hispanic and is leaving the simulation.
s11383 is aged 29.994461538461582, otherNH and is leaving the simulation.
s11452 is aged 29.99346153846158, otherNH and is leaving the simulation.

Agents who have aged to a new age group are being updated...
s02275 is 21.016692307692352 and has aged to age group 21to29.
s03157 is 21.000692307692354 and has aged to age group 21to29.
s05281 is 21.001692307692352 and has aged to age group 21to29.
s05681 is 21.003692307692354 and has aged to age group 21to29.
s08224 is 21.005692307692353 and has aged to age group 21to29.
s09216 is 21.000692307692354 and has aged to age group 21to29.
s09360 is 21.014692307692354 and has aged to age group 21to29.
s09486 is 21.003692307692354 and has aged to age group 21to29.
s09794 is 21.004692307692352 and has aged to age group 21to29.
s11152 is 21.001692307692352 and has aged to age group 21to29.
s11291 is 21.006692307692354 and has aged to age group 21to29.
s11606 is 21.004692307692352 and has aged to age group 21to29.

New agents are being added to the simulation...
s12624 is age 16.0 and whiteNH and is entering the model
s12625 is age 16.0 and whiteNH and is entering the model
s12626 is age 16.0 and blackNH and is entering the model
s12627 is age 16.0 and whiteNH and is entering the model
s12628 is age 16.0 and whiteNH and is entering the model
s12629 is age 16.0 and blackNH and is entering the model
s12630 is age 16.0 and whiteNH and is entering the model
s12631 is age 16.0 and whiteNH and is entering the model
s12632 is age 16.0 and whiteNH and is entering the model
s12633 is age 16.0 and whiteNH and is entering the model
s12634 is age 16.0 and whiteNH and is entering the model
s12635 is age 16.0 and blackNH and is entering the model
s12636 is age 16.0 and whiteNH and is entering the model
s12637 is age 16.0 and otherNH and is entering the model

Agents are attending venues and using apps for week 56 in simulation...


Epidemic Simulation
----------------------------
Simulation: 1/1
Timestep: 56/3640
Prevalence: 1898
Population Size: 11746
----------------------------
The ages, hiv status, and relationship status for the agents are being updated...
s06215 is blackNH, aged 21.629692307692352 in age group 21to29, with relationship status of 0 and is now HIV+.
s12100 is blackNH, aged 16.59615384615387 in age group 16to20, with relationship status of 0 and is now HIV+.
s12479 is blackNH, aged 16.15384615384616 in age group 16to20, with relationship status of 0 and is now HIV+.

Agents are being removed from the simulation...
s00552 is aged 29.99569230769235, whiteNH and is leaving the simulation.
s00764 is aged 29.984692307692352, whiteNH and is leaving the simulation.
s01150 is aged 29.997692307692354, whiteNH and is leaving the simulation.
s01186 is aged 29.996692307692353, whiteNH and is leaving the simulation.
s01956 is aged 29.994692307692354, whiteNH and is leaving the simulation.
s03450 is aged 29.984692307692352, whiteNH and is leaving the simulation.
s03457 is aged 29.98969230769235, whiteNH and is leaving the simulation.
s04794 is aged 29.991692307692354, blackNH and is leaving the simulation.
s05235 is aged 29.981692307692352, blackNH and is leaving the simulation.
s05367 is aged 29.987692307692353, blackNH and is leaving the simulation.
s06330 is aged 29.99269230769235, blackNH and is leaving the simulation.
s08844 is aged 29.999692307692353, hispanic and is leaving the simulation.
s09990 is aged 29.993692307692353, hispanic and is leaving the simulation.
s10526 is aged 29.98669230769235, otherNH and is leaving the simulation.
s10805 is aged 29.990692307692353, otherNH and is leaving the simulation.
s11161 is aged 29.996692307692353, otherNH and is leaving the simulation.

Agents who have aged to a new age group are being updated...
s00264 is 21.012923076923123 and has aged to age group 21to29.
s00397 is 21.007923076923124 and has aged to age group 21to29.
s00691 is 21.013923076923124 and has aged to age group 21to29.
s00811 is 21.00892307692312 and has aged to age group 21to29.
s01418 is 21.015923076923123 and has aged to age group 21to29.
s01821 is 21.018923076923123 and has aged to age group 21to29.
s02636 is 21.010923076923124 and has aged to age group 21to29.
s04121 is 21.012923076923123 and has aged to age group 21to29.
s05012 is 21.00892307692312 and has aged to age group 21to29.
s05131 is 21.015923076923123 and has aged to age group 21to29.
s05212 is 21.004923076923124 and has aged to age group 21to29.
s05343 is 21.006923076923123 and has aged to age group 21to29.
s07663 is 21.01192307692312 and has aged to age group 21to29.
s08005 is 21.001923076923124 and has aged to age group 21to29.
s10094 is 21.006923076923123 and has aged to age group 21to29.
s10556 is 21.009923076923123 and has aged to age group 21to29.
s10708 is 21.016923076923124 and has aged to age group 21to29.
s10786 is 21.007923076923124 and has aged to age group 21to29.

New agents are being added to the simulation...
s12638 is age 16.0 and hispanic and is entering the model
s12639 is age 16.0 and hispanic and is entering the model
s12640 is age 16.0 and whiteNH and is entering the model
s12641 is age 16.0 and whiteNH and is entering the model
s12642 is age 16.0 and blackNH and is entering the model
s12643 is age 16.0 and blackNH and is entering the model
s12644 is age 16.0 and otherNH and is entering the model
s12645 is age 16.0 and whiteNH and is entering the model
s12646 is age 16.0 and hispanic and is entering the model
s12647 is age 16.0 and blackNH and is entering the model
s12648 is age 16.0 and hispanic and is entering the model
s12649 is age 16.0 and whiteNH and is entering the model
s12650 is age 16.0 and hispanic and is entering the model
s12651 is age 16.0 and hispanic and is entering the model
s12652 is age 16.0 and whiteNH and is entering the model
s12653 is age 16.0 and hispanic and is entering the model
s12654 is age 16.0 and whiteNH and is entering the model

Agents are attending venues and using apps for week 57 in simulation...


Epidemic Simulation
----------------------------
Simulation: 1/1
Timestep: 57/3640
Prevalence: 1902
Population Size: 11747
----------------------------
The ages, hiv status, and relationship status for the agents are being updated...
s01368 is whiteNH, aged 17.78192307692312 in age group 16to20, with relationship status of 1 and is now HIV+.
s02516 is whiteNH, aged 19.155923076923123 in age group 21to29, with relationship status of 0 and is now HIV+.
s04322 is blackNH, aged 29.869923076923122 in age group 16to20, with relationship status of 1 and is now HIV+.
s05165 is blackNH, aged 23.802923076923122 in age group 21to29, with relationship status of 1 and is now HIV+.
s05524 is blackNH, aged 19.56992307692312 in age group 21to29, with relationship status of 0 and is now HIV+.

Agents are being removed from the simulation...
s00056 is aged 29.984923076923124, whiteNH and is leaving the simulation.
s01089 is aged 29.991923076923122, whiteNH and is leaving the simulation.
s02201 is aged 29.989923076923123, whiteNH and is leaving the simulation.
s02326 is aged 29.990923076923124, whiteNH and is leaving the simulation.
s04295 is aged 29.98592307692312, blackNH and is leaving the simulation.
s04334 is aged 29.997923076923122, blackNH and is leaving the simulation.
s06528 is aged 29.994923076923122, blackNH and is leaving the simulation.
s09415 is aged 29.98292307692312, hispanic and is leaving the simulation.
s09779 is aged 29.989923076923123, hispanic and is leaving the simulation.
s10858 is aged 29.998923076923123, otherNH and is leaving the simulation.
s11340 is aged 29.987923076923124, otherNH and is leaving the simulation.
s11357 is aged 29.993923076923124, otherNH and is leaving the simulation.

Agents who have aged to a new age group are being updated...
s00443 is 21.015153846153893 and has aged to age group 21to29.
s04063 is 21.008153846153892 and has aged to age group 21to29.
s04239 is 21.00215384615389 and has aged to age group 21to29.
s05480 is 21.019153846153895 and has aged to age group 21to29.
s05711 is 21.008153846153892 and has aged to age group 21to29.
s06738 is 21.018153846153893 and has aged to age group 21to29.
s07012 is 21.014153846153892 and has aged to age group 21to29.
s07824 is 21.010153846153894 and has aged to age group 21to29.
s07945 is 21.006153846153893 and has aged to age group 21to29.
s08687 is 21.011153846153892 and has aged to age group 21to29.
s09917 is 21.00215384615389 and has aged to age group 21to29.
s10346 is 21.013153846153894 and has aged to age group 21to29.
s10422 is 21.009153846153893 and has aged to age group 21to29.
s10579 is 21.009153846153893 and has aged to age group 21to29.
s11059 is 21.00215384615389 and has aged to age group 21to29.
s11576 is 21.016153846153895 and has aged to age group 21to29.

New agents are being added to the simulation...
s12655 is age 16.0 and whiteNH and is entering the model
s12656 is age 16.0 and whiteNH and is entering the model
s12657 is age 16.0 and whiteNH and is entering the model
s12658 is age 16.0 and whiteNH and is entering the model
s12659 is age 16.0 and blackNH and is entering the model
s12660 is age 16.0 and blackNH and is entering the model
s12661 is age 16.0 and hispanic and is entering the model
s12662 is age 16.0 and blackNH and is entering the model
s12663 is age 16.0 and whiteNH and is entering the model
s12664 is age 16.0 and whiteNH and is entering the model

Agents are attending venues and using apps for week 58 in simulation...


Epidemic Simulation
----------------------------
Simulation: 1/1
Timestep: 58/3640
Prevalence: 1904
Population Size: 11745
----------------------------
The ages, hiv status, and relationship status for the agents are being updated...
s04012 is blackNH, aged 18.505153846153892 in age group 16to20, with relationship status of 1 and is now HIV+.
s12106 is hispanic, aged 16.63461538461541 in age group 16to20, with relationship status of 0 and is now HIV+.
s12209 is blackNH, aged 16.51923076923079 in age group 16to20, with relationship status of 0 and is now HIV+.

Agents are being removed from the simulation...
s00366 is aged 29.995153846153894, whiteNH and is leaving the simulation.
s01226 is aged 29.997153846153893, whiteNH and is leaving the simulation.
s01945 is aged 29.99015384615389, whiteNH and is leaving the simulation.
s02669 is aged 29.98715384615389, whiteNH and is leaving the simulation.
s02919 is aged 29.992153846153894, whiteNH and is leaving the simulation.
s02926 is aged 29.989153846153894, whiteNH and is leaving the simulation.
s06907 is aged 21.477153846153893, hispanic and is leaving the simulation.
s07393 is aged 29.986153846153893, hispanic and is leaving the simulation.
s07611 is aged 29.992153846153894, hispanic and is leaving the simulation.
s08360 is aged 29.992153846153894, hispanic and is leaving the simulation.
s09651 is aged 29.98715384615389, hispanic and is leaving the simulation.
s09988 is aged 29.997153846153893, hispanic and is leaving the simulation.
s11165 is aged 29.994153846153893, otherNH and is leaving the simulation.
s11574 is aged 29.99615384615389, otherNH and is leaving the simulation.

Agents who have aged to a new age group are being updated...
s00150 is 21.014384615384664 and has aged to age group 21to29.
s00354 is 21.003384615384665 and has aged to age group 21to29.
s01312 is 21.000384615384664 and has aged to age group 21to29.
s01336 is 21.004384615384662 and has aged to age group 21to29.
s02248 is 21.01238461538466 and has aged to age group 21to29.
s02288 is 21.008384615384664 and has aged to age group 21to29.
s02842 is 21.00638461538466 and has aged to age group 21to29.
s03139 is 21.003384615384665 and has aged to age group 21to29.
s03302 is 21.017384615384664 and has aged to age group 21to29.
s03408 is 21.008384615384664 and has aged to age group 21to29.
s03878 is 21.013384615384663 and has aged to age group 21to29.
s04345 is 21.003384615384665 and has aged to age group 21to29.
s04401 is 21.003384615384665 and has aged to age group 21to29.
s05018 is 21.004384615384662 and has aged to age group 21to29.
s05458 is 21.005384615384664 and has aged to age group 21to29.
s07614 is 21.010384615384663 and has aged to age group 21to29.
s08026 is 21.000384615384664 and has aged to age group 21to29.
s08430 is 21.007384615384662 and has aged to age group 21to29.
s09162 is 21.01538461538466 and has aged to age group 21to29.
s09428 is 21.004384615384662 and has aged to age group 21to29.
s09788 is 21.000384615384664 and has aged to age group 21to29.
s09836 is 21.011384615384664 and has aged to age group 21to29.
s11063 is 21.007384615384662 and has aged to age group 21to29.
s11472 is 21.01538461538466 and has aged to age group 21to29.

New agents are being added to the simulation...
s12665 is age 16.0 and hispanic and is entering the model
s12666 is age 16.0 and whiteNH and is entering the model
s12667 is age 16.0 and whiteNH and is entering the model
s12668 is age 16.0 and blackNH and is entering the model

Agents are attending venues and using apps for week 59 in simulation...


Epidemic Simulation
----------------------------
Simulation: 1/1
Timestep: 59/3640
Prevalence: 1908
Population Size: 11735
----------------------------
The ages, hiv status, and relationship status for the agents are being updated...
s04098 is blackNH, aged 28.026384615384664 in age group 16to20, with relationship status of 0 and is now HIV+.
s04453 is blackNH, aged 28.966384615384662 in age group 16to20, with relationship status of 1 and is now HIV+.
s07107 is hispanic, aged 25.79138461538466 in age group 16to20, with relationship status of 0 and is now HIV+.
s07394 is hispanic, aged 27.057384615384663 in age group 16to20, with relationship status of 0 and is now HIV+.

Agents are being removed from the simulation...
s00119 is aged 29.98638461538466, whiteNH and is leaving the simulation.
s00865 is aged 29.988384615384664, whiteNH and is leaving the simulation.
s03603 is aged 29.991384615384664, whiteNH and is leaving the simulation.
s03787 is aged 29.998384615384662, whiteNH and is leaving the simulation.
s04831 is aged 29.985384615384664, blackNH and is leaving the simulation.
s04957 is aged 29.996384615384663, blackNH and is leaving the simulation.
s07662 is aged 29.990384615384663, hispanic and is leaving the simulation.
s07943 is aged 29.998384615384662, hispanic and is leaving the simulation.
s10749 is aged 29.990384615384663, otherNH and is leaving the simulation.
s11209 is aged 29.98938461538466, otherNH and is leaving the simulation.

Agents who have aged to a new age group are being updated...
s00317 is 21.009615384615433 and has aged to age group 21to29.
s02432 is 21.007615384615434 and has aged to age group 21to29.
s06974 is 21.010615384615434 and has aged to age group 21to29.
s08153 is 21.016615384615434 and has aged to age group 21to29.
s08278 is 21.017615384615432 and has aged to age group 21to29.
s08885 is 21.010615384615434 and has aged to age group 21to29.
s09383 is 21.015615384615433 and has aged to age group 21to29.
s09791 is 21.012615384615433 and has aged to age group 21to29.
s10516 is 21.000615384615433 and has aged to age group 21to29.
s10904 is 21.017615384615432 and has aged to age group 21to29.
s11157 is 21.003615384615433 and has aged to age group 21to29.

New agents are being added to the simulation...
s12669 is age 16.0 and hispanic and is entering the model
s12670 is age 16.0 and otherNH and is entering the model
s12671 is age 16.0 and whiteNH and is entering the model
s12672 is age 16.0 and whiteNH and is entering the model
s12673 is age 16.0 and hispanic and is entering the model
s12674 is age 16.0 and hispanic and is entering the model
s12675 is age 16.0 and whiteNH and is entering the model
s12676 is age 16.0 and whiteNH and is entering the model
s12677 is age 16.0 and whiteNH and is entering the model
s12678 is age 16.0 and whiteNH and is entering the model
s12679 is age 16.0 and blackNH and is entering the model
s12680 is age 16.0 and whiteNH and is entering the model
s12681 is age 16.0 and blackNH and is entering the model
s12682 is age 16.0 and hispanic and is entering the model
s12683 is age 16.0 and whiteNH and is entering the model

Agents are attending venues and using apps for week 60 in simulation...


Epidemic Simulation
----------------------------
Simulation: 1/1
Timestep: 60/3640
Prevalence: 1910
Population Size: 11740
----------------------------
The ages, hiv status, and relationship status for the agents are being updated...
s03900 is blackNH, aged 29.541615384615433 in age group 16to20, with relationship status of 0 and is now HIV+.
s05573 is blackNH, aged 25.054615384615435 in age group 21to29, with relationship status of 1 and is now HIV+.
s07871 is hispanic, aged 29.295615384615434 in age group 16to20, with relationship status of 0 and is now HIV+.

Agents are being removed from the simulation...
s00824 is aged 29.985615384615432, whiteNH and is leaving the simulation.
s01279 is aged 29.998615384615434, whiteNH and is leaving the simulation.
s01901 is aged 29.998615384615434, whiteNH and is leaving the simulation.
s04205 is aged 29.984615384615434, blackNH and is leaving the simulation.
s05628 is aged 29.993615384615435, blackNH and is leaving the simulation.
s06818 is aged 29.99661538461543, blackNH and is leaving the simulation.
s07238 is aged 29.982615384615432, hispanic and is leaving the simulation.
s07646 is aged 29.985615384615432, hispanic and is leaving the simulation.
s08372 is aged 29.997615384615433, hispanic and is leaving the simulation.
s10974 is aged 29.988615384615432, otherNH and is leaving the simulation.

Agents who have aged to a new age group are being updated...
s00521 is 21.003846153846204 and has aged to age group 21to29.
s02271 is 21.000846153846204 and has aged to age group 21to29.
s03315 is 21.004846153846202 and has aged to age group 21to29.
s03429 is 21.001846153846202 and has aged to age group 21to29.
s04625 is 21.008846153846203 and has aged to age group 21to29.
s06598 is 21.0158461538462 and has aged to age group 21to29.
s07527 is 21.016846153846203 and has aged to age group 21to29.
s07894 is 21.009846153846205 and has aged to age group 21to29.
s08331 is 21.007846153846202 and has aged to age group 21to29.
s08517 is 21.0188461538462 and has aged to age group 21to29.
s08746 is 21.016846153846203 and has aged to age group 21to29.
s08913 is 21.008846153846203 and has aged to age group 21to29.
s08969 is 21.005846153846203 and has aged to age group 21to29.
s09187 is 21.0158461538462 and has aged to age group 21to29.
s09477 is 21.001846153846202 and has aged to age group 21to29.
s09670 is 21.009846153846205 and has aged to age group 21to29.

New agents are being added to the simulation...
s12684 is age 16.0 and blackNH and is entering the model
s12685 is age 16.0 and whiteNH and is entering the model
s12686 is age 16.0 and whiteNH and is entering the model
s12687 is age 16.0 and hispanic and is entering the model
s12688 is age 16.0 and hispanic and is entering the model
s12689 is age 16.0 and otherNH and is entering the model
s12690 is age 16.0 and whiteNH and is entering the model
s12691 is age 16.0 and hispanic and is entering the model
s12692 is age 16.0 and whiteNH and is entering the model
s12693 is age 16.0 and hispanic and is entering the model
s12694 is age 16.0 and otherNH and is entering the model
s12695 is age 16.0 and blackNH and is entering the model
s12696 is age 16.0 and whiteNH and is entering the model
s12697 is age 16.0 and whiteNH and is entering the model
s12698 is age 16.0 and otherNH and is entering the model
s12699 is age 16.0 and whiteNH and is entering the model
s12700 is age 16.0 and whiteNH and is entering the model

Agents are attending venues and using apps for week 61 in simulation...


Epidemic Simulation
----------------------------
Simulation: 1/1
Timestep: 61/3640
Prevalence: 1914
Population Size: 11747
----------------------------
The ages, hiv status, and relationship status for the agents are being updated...
s00055 is whiteNH, aged 21.302846153846204 in age group 21to29, with relationship status of 0 and is now HIV+.
s01616 is whiteNH, aged 22.412846153846203 in age group 21to29, with relationship status of 1 and is now HIV+.
s07149 is hispanic, aged 28.296846153846204 in age group 16to20, with relationship status of 0 and is now HIV+.
s07639 is hispanic, aged 21.756846153846205 in age group 21to29, with relationship status of 1 and is now HIV+.
s11640 is otherNH, aged 24.624846153846203 in age group 21to29, with relationship status of 1 and is now HIV+.

Agents are being removed from the simulation...
s00027 is aged 29.9928461538462, whiteNH and is leaving the simulation.
s00671 is aged 29.997846153846204, whiteNH and is leaving the simulation.
s00808 is aged 29.988846153846204, whiteNH and is leaving the simulation.
s01047 is aged 29.994846153846204, whiteNH and is leaving the simulation.
s01204 is aged 29.994846153846204, whiteNH and is leaving the simulation.
s02030 is aged 29.999846153846203, whiteNH and is leaving the simulation.
s02458 is aged 29.981846153846202, whiteNH and is leaving the simulation.
s02670 is aged 29.985846153846204, whiteNH and is leaving the simulation.
s03382 is aged 29.997846153846204, whiteNH and is leaving the simulation.
s03754 is aged 29.998846153846202, whiteNH and is leaving the simulation.
s04341 is aged 29.981846153846202, blackNH and is leaving the simulation.
s05659 is aged 29.9838461538462, blackNH and is leaving the simulation.
s05977 is aged 29.9808461538462, blackNH and is leaving the simulation.
s06250 is aged 29.998846153846202, blackNH and is leaving the simulation.
s06332 is aged 29.9808461538462, blackNH and is leaving the simulation.
s06584 is aged 29.982846153846204, blackNH and is leaving the simulation.
s07704 is aged 29.9928461538462, hispanic and is leaving the simulation.
s08349 is aged 29.9868461538462, hispanic and is leaving the simulation.
s08930 is aged 29.9838461538462, hispanic and is leaving the simulation.
s09640 is aged 29.999846153846203, hispanic and is leaving the simulation.
s09930 is aged 29.998846153846202, hispanic and is leaving the simulation.

Agents who have aged to a new age group are being updated...
s00352 is 21.013076923076973 and has aged to age group 21to29.
s02879 is 21.016076923076973 and has aged to age group 21to29.
s03159 is 21.017076923076974 and has aged to age group 21to29.
s03652 is 21.008076923076974 and has aged to age group 21to29.
s03955 is 21.00907692307697 and has aged to age group 21to29.
s04879 is 21.00307692307697 and has aged to age group 21to29.
s06198 is 21.01207692307697 and has aged to age group 21to29.
s07636 is 21.00907692307697 and has aged to age group 21to29.
s08132 is 21.00007692307697 and has aged to age group 21to29.
s09342 is 21.007076923076973 and has aged to age group 21to29.
s09372 is 21.00007692307697 and has aged to age group 21to29.
s10760 is 21.00307692307697 and has aged to age group 21to29.
s11048 is 21.015076923076972 and has aged to age group 21to29.

New agents are being added to the simulation...
s12701 is age 16.0 and whiteNH and is entering the model
s12702 is age 16.0 and whiteNH and is entering the model
s12703 is age 16.0 and hispanic and is entering the model
s12704 is age 16.0 and hispanic and is entering the model
s12705 is age 16.0 and blackNH and is entering the model
s12706 is age 16.0 and whiteNH and is entering the model
s12707 is age 16.0 and whiteNH and is entering the model
s12708 is age 16.0 and hispanic and is entering the model
s12709 is age 16.0 and hispanic and is entering the model
s12710 is age 16.0 and hispanic and is entering the model
s12711 is age 16.0 and hispanic and is entering the model
s12712 is age 16.0 and hispanic and is entering the model
s12713 is age 16.0 and hispanic and is entering the model

Agents are attending venues and using apps for week 62 in simulation...


Epidemic Simulation
----------------------------
Simulation: 1/1
Timestep: 62/3640
Prevalence: 1915
Population Size: 11739
----------------------------
The ages, hiv status, and relationship status for the agents are being updated...
s04244 is blackNH, aged 24.673076923076973 in age group 16to20, with relationship status of 0 and is now HIV+.
s05127 is blackNH, aged 19.82007692307697 in age group 21to29, with relationship status of 1 and is now HIV+.
s06270 is blackNH, aged 21.943076923076973 in age group 21to29, with relationship status of 0 and is now HIV+.
s11767 is blackNH, aged 17.057692307692353 in age group 16to20, with relationship status of 0 and is now HIV+.

Agents are being removed from the simulation...
s01174 is aged 29.984076923076973, whiteNH and is leaving the simulation.
s01256 is aged 29.982076923076974, whiteNH and is leaving the simulation.
s01466 is aged 29.988076923076974, whiteNH and is leaving the simulation.
s01961 is aged 29.995076923076972, whiteNH and is leaving the simulation.
s02530 is aged 29.994076923076975, whiteNH and is leaving the simulation.
s02975 is aged 29.990076923076973, whiteNH and is leaving the simulation.
s03118 is aged 29.986076923076972, whiteNH and is leaving the simulation.
s03334 is aged 29.992076923076972, whiteNH and is leaving the simulation.
s03458 is aged 29.999076923076974, whiteNH and is leaving the simulation.
s03813 is aged 29.993076923076973, whiteNH and is leaving the simulation.
s04059 is aged 29.990076923076973, blackNH and is leaving the simulation.
s04324 is aged 29.987076923076973, blackNH and is leaving the simulation.
s05746 is aged 29.986076923076972, blackNH and is leaving the simulation.
s06212 is aged 29.990076923076973, blackNH and is leaving the simulation.
s06489 is aged 29.995076923076972, blackNH and is leaving the simulation.
s07249 is aged 29.981076923076973, hispanic and is leaving the simulation.
s07275 is aged 29.996076923076973, hispanic and is leaving the simulation.
s07453 is aged 29.990076923076973, hispanic and is leaving the simulation.
s09320 is aged 29.991076923076974, hispanic and is leaving the simulation.
s09436 is aged 29.991076923076974, hispanic and is leaving the simulation.
s09537 is aged 29.981076923076973, hispanic and is leaving the simulation.
s09778 is aged 29.985076923076974, hispanic and is leaving the simulation.
s10131 is aged 29.998076923076972, hispanic and is leaving the simulation.

Agents who have aged to a new age group are being updated...
s00187 is 21.005307692307742 and has aged to age group 21to29.
s01791 is 21.013307692307745 and has aged to age group 21to29.
s01927 is 21.004307692307744 and has aged to age group 21to29.
s02146 is 21.014307692307742 and has aged to age group 21to29.
s05878 is 21.006307692307743 and has aged to age group 21to29.
s08068 is 21.000307692307743 and has aged to age group 21to29.
s08270 is 21.017307692307742 and has aged to age group 21to29.
s08495 is 21.017307692307742 and has aged to age group 21to29.
s09082 is 21.010307692307745 and has aged to age group 21to29.
s10258 is 21.001307692307744 and has aged to age group 21to29.
s10736 is 21.010307692307745 and has aged to age group 21to29.
s11327 is 21.012307692307743 and has aged to age group 21to29.
s11648 is 21.010307692307745 and has aged to age group 21to29.

New agents are being added to the simulation...
s12714 is age 16.0 and hispanic and is entering the model
s12715 is age 16.0 and hispanic and is entering the model
s12716 is age 16.0 and whiteNH and is entering the model
s12717 is age 16.0 and hispanic and is entering the model
s12718 is age 16.0 and whiteNH and is entering the model
s12719 is age 16.0 and whiteNH and is entering the model
s12720 is age 16.0 and hispanic and is entering the model
s12721 is age 16.0 and whiteNH and is entering the model
s12722 is age 16.0 and hispanic and is entering the model
s12723 is age 16.0 and blackNH and is entering the model
s12724 is age 16.0 and hispanic and is entering the model
s12725 is age 16.0 and hispanic and is entering the model
s12726 is age 16.0 and hispanic and is entering the model

Agents are attending venues and using apps for week 63 in simulation...


Epidemic Simulation
----------------------------
Simulation: 1/1
Timestep: 63/3640
Prevalence: 1917
Population Size: 11729
----------------------------
The ages, hiv status, and relationship status for the agents are being updated...
s03040 is whiteNH, aged 29.846307692307743 in age group 21to29, with relationship status of 0 and is now HIV+.
s04524 is blackNH, aged 28.043307692307742 in age group 16to20, with relationship status of 0 and is now HIV+.
s04754 is blackNH, aged 21.864307692307744 in age group 21to29, with relationship status of 0 and is now HIV+.
s05056 is blackNH, aged 20.985307692307742 in age group 21to29, with relationship status of 1 and is now HIV+.
s11858 is whiteNH, aged 16.980769230769273 in age group 16to20, with relationship status of 0 and is now HIV+.

Agents are being removed from the simulation...
s00473 is aged 29.99330769230774, whiteNH and is leaving the simulation.
s00770 is aged 29.99930769230774, whiteNH and is leaving the simulation.
s00781 is aged 29.986307692307744, whiteNH and is leaving the simulation.
s01079 is aged 29.99330769230774, whiteNH and is leaving the simulation.
s01108 is aged 29.989307692307744, whiteNH and is leaving the simulation.
s01868 is aged 29.987307692307745, whiteNH and is leaving the simulation.
s01934 is aged 29.997307692307743, whiteNH and is leaving the simulation.
s02540 is aged 29.992307692307744, whiteNH and is leaving the simulation.
s02641 is aged 29.99930769230774, whiteNH and is leaving the simulation.
s03711 is aged 29.990307692307745, whiteNH and is leaving the simulation.
s03885 is aged 29.99330769230774, blackNH and is leaving the simulation.
s04156 is aged 29.988307692307743, blackNH and is leaving the simulation.
s04305 is aged 29.99930769230774, blackNH and is leaving the simulation.
s04322 is aged 29.985307692307742, blackNH and is leaving the simulation.
s04648 is aged 29.994307692307743, blackNH and is leaving the simulation.
s06221 is aged 29.986307692307744, blackNH and is leaving the simulation.
s06444 is aged 29.998307692307744, blackNH and is leaving the simulation.
s07050 is aged 29.981307692307745, hispanic and is leaving the simulation.
s09225 is aged 29.984307692307745, hispanic and is leaving the simulation.
s09357 is aged 29.985307692307742, hispanic and is leaving the simulation.
s09624 is aged 29.981307692307745, hispanic and is leaving the simulation.
s10626 is aged 29.988307692307743, otherNH and is leaving the simulation.

Agents who have aged to a new age group are being updated...
s00563 is 21.01253846153851 and has aged to age group 21to29.
s01261 is 21.016538461538513 and has aged to age group 21to29.
s02577 is 21.004538461538512 and has aged to age group 21to29.
s04308 is 21.006538461538515 and has aged to age group 21to29.
s05056 is 21.004538461538512 and has aged to age group 21to29.
s05609 is 21.007538461538513 and has aged to age group 21to29.
s06166 is 21.013538461538513 and has aged to age group 21to29.
s06174 is 21.011538461538514 and has aged to age group 21to29.
s06361 is 21.006538461538515 and has aged to age group 21to29.
s09124 is 21.011538461538514 and has aged to age group 21to29.
s09468 is 21.013538461538513 and has aged to age group 21to29.
s09718 is 21.000538461538515 and has aged to age group 21to29.
s09913 is 21.001538461538512 and has aged to age group 21to29.
s11186 is 21.007538461538513 and has aged to age group 21to29.
s11261 is 21.001538461538512 and has aged to age group 21to29.

New agents are being added to the simulation...
s12727 is age 16.0 and blackNH and is entering the model
s12728 is age 16.0 and hispanic and is entering the model
s12729 is age 16.0 and blackNH and is entering the model
s12730 is age 16.0 and whiteNH and is entering the model
s12731 is age 16.0 and hispanic and is entering the model
s12732 is age 16.0 and hispanic and is entering the model
s12733 is age 16.0 and whiteNH and is entering the model
s12734 is age 16.0 and blackNH and is entering the model
s12735 is age 16.0 and hispanic and is entering the model
s12736 is age 16.0 and hispanic and is entering the model
s12737 is age 16.0 and hispanic and is entering the model
s12738 is age 16.0 and hispanic and is entering the model
s12739 is age 16.0 and hispanic and is entering the model
s12740 is age 16.0 and blackNH and is entering the model
s12741 is age 16.0 and hispanic and is entering the model
s12742 is age 16.0 and whiteNH and is entering the model
s12743 is age 16.0 and blackNH and is entering the model
s12744 is age 16.0 and whiteNH and is entering the model
s12745 is age 16.0 and whiteNH and is entering the model

Agents are attending venues and using apps for week 64 in simulation...


Epidemic Simulation
----------------------------
Simulation: 1/1
Timestep: 64/3640
Prevalence: 1914
Population Size: 11726
----------------------------
The ages, hiv status, and relationship status for the agents are being updated...
s04764 is blackNH, aged 28.684538461538512 in age group 16to20, with relationship status of 0 and is now HIV+.

Agents are being removed from the simulation...
s00143 is aged 29.98653846153851, whiteNH and is leaving the simulation.
s00208 is aged 29.982538461538514, whiteNH and is leaving the simulation.
s00971 is aged 29.990538461538513, whiteNH and is leaving the simulation.
s01657 is aged 29.996538461538513, whiteNH and is leaving the simulation.
s04383 is aged 29.994538461538514, blackNH and is leaving the simulation.
s05046 is aged 29.982538461538514, blackNH and is leaving the simulation.
s05260 is aged 29.996538461538513, blackNH and is leaving the simulation.
s05335 is aged 26.999538461538513, blackNH and is leaving the simulation.
s05469 is aged 29.998538461538512, blackNH and is leaving the simulation.
s07352 is aged 29.991538461538514, hispanic and is leaving the simulation.
s08680 is aged 29.999538461538513, hispanic and is leaving the simulation.
s09748 is aged 29.994538461538514, hispanic and is leaving the simulation.
s10450 is aged 29.985538461538514, otherNH and is leaving the simulation.
s10751 is aged 29.988538461538514, otherNH and is leaving the simulation.
s10951 is aged 29.98353846153851, otherNH and is leaving the simulation.

Agents who have aged to a new age group are being updated...
s00810 is 21.013769230769284 and has aged to age group 21to29.
s00921 is 21.016769230769285 and has aged to age group 21to29.
s01566 is 21.015769230769283 and has aged to age group 21to29.
s01637 is 21.017769230769282 and has aged to age group 21to29.
s02158 is 21.007769230769284 and has aged to age group 21to29.
s02383 is 21.013769230769284 and has aged to age group 21to29.
s02813 is 21.001769230769284 and has aged to age group 21to29.
s03073 is 21.00276923076928 and has aged to age group 21to29.
s03660 is 21.005769230769282 and has aged to age group 21to29.
s04460 is 21.013769230769284 and has aged to age group 21to29.
s04656 is 21.011769230769282 and has aged to age group 21to29.
s04797 is 21.018769230769283 and has aged to age group 21to29.
s07124 is 21.008769230769282 and has aged to age group 21to29.
s07303 is 21.009769230769283 and has aged to age group 21to29.
s08605 is 21.014769230769282 and has aged to age group 21to29.
s08995 is 21.012769230769283 and has aged to age group 21to29.
s09528 is 21.00276923076928 and has aged to age group 21to29.
s09543 is 21.012769230769283 and has aged to age group 21to29.
s09652 is 21.007769230769284 and has aged to age group 21to29.
s10405 is 21.000769230769283 and has aged to age group 21to29.
s11429 is 21.011769230769282 and has aged to age group 21to29.
s11527 is 21.00276923076928 and has aged to age group 21to29.

New agents are being added to the simulation...
s12746 is age 16.0 and blackNH and is entering the model
s12747 is age 16.0 and whiteNH and is entering the model
s12748 is age 16.0 and hispanic and is entering the model
s12749 is age 16.0 and blackNH and is entering the model
s12750 is age 16.0 and whiteNH and is entering the model
s12751 is age 16.0 and hispanic and is entering the model
s12752 is age 16.0 and blackNH and is entering the model
s12753 is age 16.0 and otherNH and is entering the model
s12754 is age 16.0 and whiteNH and is entering the model
s12755 is age 16.0 and otherNH and is entering the model
s12756 is age 16.0 and otherNH and is entering the model
s12757 is age 16.0 and hispanic and is entering the model
s12758 is age 16.0 and hispanic and is entering the model
s12759 is age 16.0 and hispanic and is entering the model

Agents are attending venues and using apps for week 65 in simulation...


Epidemic Simulation
----------------------------
Simulation: 1/1
Timestep: 65/3640
Prevalence: 1916
Population Size: 11725
----------------------------
The ages, hiv status, and relationship status for the agents are being updated...
s00861 is whiteNH, aged 20.088769230769284 in age group 16to20, with relationship status of 1 and is now HIV+.
s04340 is blackNH, aged 18.834769230769282 in age group 16to20, with relationship status of 1 and is now HIV+.
s07253 is hispanic, aged 19.475769230769284 in age group 16to20, with relationship status of 0 and is now HIV+.
s10558 is otherNH, aged 28.52876923076928 in age group 16to20, with relationship status of 1 and is now HIV+.

Agents are being removed from the simulation...
s01402 is aged 29.99676923076928, whiteNH and is leaving the simulation.
s01437 is aged 29.995769230769284, whiteNH and is leaving the simulation.
s03003 is aged 29.985769230769282, whiteNH and is leaving the simulation.
s03832 is aged 29.995769230769284, whiteNH and is leaving the simulation.
s06834 is aged 29.982769230769282, hispanic and is leaving the simulation.
s07153 is aged 29.992769230769284, hispanic and is leaving the simulation.
s08342 is aged 29.987769230769285, hispanic and is leaving the simulation.
s08503 is aged 29.993769230769285, hispanic and is leaving the simulation.
s09006 is aged 29.985769230769282, hispanic and is leaving the simulation.
s09453 is aged 29.99976923076928, hispanic and is leaving the simulation.
s09673 is aged 29.993769230769285, hispanic and is leaving the simulation.
s10208 is aged 29.980769230769283, hispanic and is leaving the simulation.
s10654 is aged 29.982769230769282, otherNH and is leaving the simulation.
s10922 is aged 29.987769230769285, otherNH and is leaving the simulation.
s11673 is aged 29.99976923076928, otherNH and is leaving the simulation.

Agents who have aged to a new age group are being updated...
s00125 is 21.001000000000055 and has aged to age group 21to29.
s03825 is 21.007000000000055 and has aged to age group 21to29.
s04317 is 21.007000000000055 and has aged to age group 21to29.
s05059 is 21.013000000000055 and has aged to age group 21to29.
s05323 is 21.000000000000053 and has aged to age group 21to29.
s05378 is 21.007000000000055 and has aged to age group 21to29.
s05691 is 21.01900000000005 and has aged to age group 21to29.
s06038 is 21.01600000000005 and has aged to age group 21to29.
s06246 is 21.005000000000052 and has aged to age group 21to29.
s06398 is 21.000000000000053 and has aged to age group 21to29.
s06697 is 21.012000000000054 and has aged to age group 21to29.
s07994 is 21.004000000000055 and has aged to age group 21to29.
s09033 is 21.017000000000053 and has aged to age group 21to29.
s09730 is 21.013000000000055 and has aged to age group 21to29.
s10240 is 21.010000000000055 and has aged to age group 21to29.
s11464 is 21.01900000000005 and has aged to age group 21to29.

New agents are being added to the simulation...
s12760 is age 16.0 and blackNH and is entering the model
s12761 is age 16.0 and blackNH and is entering the model
s12762 is age 16.0 and whiteNH and is entering the model
s12763 is age 16.0 and blackNH and is entering the model
s12764 is age 16.0 and whiteNH and is entering the model
s12765 is age 16.0 and whiteNH and is entering the model
s12766 is age 16.0 and whiteNH and is entering the model
s12767 is age 16.0 and hispanic and is entering the model
s12768 is age 16.0 and whiteNH and is entering the model
s12769 is age 16.0 and whiteNH and is entering the model
s12770 is age 16.0 and whiteNH and is entering the model
s12771 is age 16.0 and hispanic and is entering the model
s12772 is age 16.0 and hispanic and is entering the model

Agents are attending venues and using apps for week 66 in simulation...


Epidemic Simulation
----------------------------
Simulation: 1/1
Timestep: 66/3640
Prevalence: 1923
Population Size: 11723
----------------------------
The ages, hiv status, and relationship status for the agents are being updated...
s00637 is whiteNH, aged 29.219000000000054 in age group 16to20, with relationship status of 1 and is now HIV+.
s00854 is whiteNH, aged 26.803000000000054 in age group 16to20, with relationship status of 0 and is now HIV+.
s02939 is whiteNH, aged 23.659000000000052 in age group 21to29, with relationship status of 0 and is now HIV+.
s03855 is blackNH, aged 24.764000000000053 in age group 16to20, with relationship status of 0 and is now HIV+.
s06871 is hispanic, aged 28.674000000000053 in age group 16to20, with relationship status of 1 and is now HIV+.
s07262 is hispanic, aged 26.632000000000055 in age group 16to20, with relationship status of 1 and is now HIV+.
s08186 is hispanic, aged 25.923000000000055 in age group 21to29, with relationship status of 1 and is now HIV+.
s10203 is hispanic, aged 27.889000000000053 in age group 21to29, with relationship status of 0 and is now HIV+.
s11399 is otherNH, aged 27.729000000000052 in age group 21to29, with relationship status of 0 and is now HIV+.

Agents are being removed from the simulation...
s00269 is aged 29.98700000000005, whiteNH and is leaving the simulation.
s02199 is aged 29.989000000000054, whiteNH and is leaving the simulation.
s03918 is aged 29.995000000000054, blackNH and is leaving the simulation.
s05072 is aged 29.993000000000052, blackNH and is leaving the simulation.
s06845 is aged 29.993000000000052, hispanic and is leaving the simulation.
s07187 is aged 29.994000000000053, hispanic and is leaving the simulation.
s07306 is aged 29.998000000000054, hispanic and is leaving the simulation.
s08395 is aged 29.985000000000053, hispanic and is leaving the simulation.
s08581 is aged 29.996000000000052, hispanic and is leaving the simulation.
s09215 is aged 29.993000000000052, hispanic and is leaving the simulation.
s10573 is aged 29.997000000000053, otherNH and is leaving the simulation.
s10835 is aged 29.991000000000053, otherNH and is leaving the simulation.

Agents who have aged to a new age group are being updated...
s01568 is 21.018230769230822 and has aged to age group 21to29.
s02468 is 21.003230769230825 and has aged to age group 21to29.
s02494 is 21.010230769230823 and has aged to age group 21to29.
s02692 is 21.008230769230824 and has aged to age group 21to29.
s03147 is 21.017230769230824 and has aged to age group 21to29.
s03770 is 21.005230769230824 and has aged to age group 21to29.
s03954 is 21.00623076923082 and has aged to age group 21to29.
s05218 is 21.010230769230823 and has aged to age group 21to29.
s05630 is 21.007230769230823 and has aged to age group 21to29.
s07316 is 21.015230769230822 and has aged to age group 21to29.
s08500 is 21.016230769230823 and has aged to age group 21to29.
s08678 is 21.015230769230822 and has aged to age group 21to29.
s08896 is 21.001230769230823 and has aged to age group 21to29.
s09031 is 21.009230769230822 and has aged to age group 21to29.
s09288 is 21.018230769230822 and has aged to age group 21to29.
s10317 is 21.016230769230823 and has aged to age group 21to29.
s10337 is 21.000230769230825 and has aged to age group 21to29.
s11134 is 21.013230769230823 and has aged to age group 21to29.

New agents are being added to the simulation...
s12773 is age 16.0 and blackNH and is entering the model
s12774 is age 16.0 and otherNH and is entering the model
s12775 is age 16.0 and blackNH and is entering the model
s12776 is age 16.0 and whiteNH and is entering the model
s12777 is age 16.0 and whiteNH and is entering the model
s12778 is age 16.0 and whiteNH and is entering the model
s12779 is age 16.0 and blackNH and is entering the model
s12780 is age 16.0 and hispanic and is entering the model
s12781 is age 16.0 and hispanic and is entering the model
s12782 is age 16.0 and whiteNH and is entering the model
s12783 is age 16.0 and hispanic and is entering the model
s12784 is age 16.0 and otherNH and is entering the model
s12785 is age 16.0 and whiteNH and is entering the model
s12786 is age 16.0 and hispanic and is entering the model

Agents are attending venues and using apps for week 67 in simulation...


Epidemic Simulation
----------------------------
Simulation: 1/1
Timestep: 67/3640
Prevalence: 1924
Population Size: 11725
----------------------------
The ages, hiv status, and relationship status for the agents are being updated...
s05463 is blackNH, aged 27.079230769230822 in age group 21to29, with relationship status of 1 and is now HIV+.
s09670 is hispanic, aged 21.125230769230825 in age group 21to29, with relationship status of 1 and is now HIV+.
s11344 is otherNH, aged 19.730230769230822 in age group 21to29, with relationship status of 1 and is now HIV+.
s11528 is otherNH, aged 17.814230769230825 in age group 21to29, with relationship status of 0 and is now HIV+.

Agents are being removed from the simulation...
s00013 is aged 25.44223076923082, whiteNH and is leaving the simulation.
s00915 is aged 29.997230769230825, whiteNH and is leaving the simulation.
s04043 is aged 29.998230769230823, blackNH and is leaving the simulation.
s04451 is aged 29.982230769230824, blackNH and is leaving the simulation.
s05317 is aged 29.985230769230824, blackNH and is leaving the simulation.
s06484 is aged 29.990230769230823, blackNH and is leaving the simulation.
s08358 is aged 29.996230769230824, hispanic and is leaving the simulation.
s08385 is aged 29.983230769230822, hispanic and is leaving the simulation.
s08397 is aged 29.983230769230822, hispanic and is leaving the simulation.
s09897 is aged 29.994230769230825, hispanic and is leaving the simulation.
s10523 is aged 29.984230769230823, otherNH and is leaving the simulation.
s10593 is aged 29.982230769230824, otherNH and is leaving the simulation.

Agents who have aged to a new age group are being updated...
s00074 is 21.007461538461595 and has aged to age group 21to29.
s00358 is 21.009461538461593 and has aged to age group 21to29.
s00497 is 21.006461538461593 and has aged to age group 21to29.
s01381 is 21.005461538461592 and has aged to age group 21to29.
s01383 is 21.013461538461595 and has aged to age group 21to29.
s02251 is 21.004461538461594 and has aged to age group 21to29.
s02710 is 21.009461538461593 and has aged to age group 21to29.
s02915 is 21.004461538461594 and has aged to age group 21to29.
s03403 is 21.001461538461594 and has aged to age group 21to29.
s03738 is 21.003461538461593 and has aged to age group 21to29.
s03762 is 21.018461538461594 and has aged to age group 21to29.
s04274 is 21.004461538461594 and has aged to age group 21to29.
s04717 is 21.013461538461595 and has aged to age group 21to29.
s05174 is 21.007461538461595 and has aged to age group 21to29.
s07175 is 21.004461538461594 and has aged to age group 21to29.
s08254 is 21.003461538461593 and has aged to age group 21to29.
s08447 is 21.001461538461594 and has aged to age group 21to29.
s09122 is 21.017461538461593 and has aged to age group 21to29.
s10808 is 21.003461538461593 and has aged to age group 21to29.

New agents are being added to the simulation...
s12787 is age 16.0 and whiteNH and is entering the model
s12788 is age 16.0 and blackNH and is entering the model
s12789 is age 16.0 and hispanic and is entering the model
s12790 is age 16.0 and blackNH and is entering the model
s12791 is age 16.0 and whiteNH and is entering the model
s12792 is age 16.0 and whiteNH and is entering the model
s12793 is age 16.0 and whiteNH and is entering the model
s12794 is age 16.0 and whiteNH and is entering the model
s12795 is age 16.0 and hispanic and is entering the model
s12796 is age 16.0 and hispanic and is entering the model
s12797 is age 16.0 and blackNH and is entering the model
s12798 is age 16.0 and whiteNH and is entering the model
s12799 is age 16.0 and blackNH and is entering the model
s12800 is age 16.0 and whiteNH and is entering the model

Agents are attending venues and using apps for week 68 in simulation...


Epidemic Simulation
----------------------------
Simulation: 1/1
Timestep: 68/3640
Prevalence: 1926
Population Size: 11727
----------------------------
The ages, hiv status, and relationship status for the agents are being updated...
s03067 is whiteNH, aged 20.056461538461594 in age group 21to29, with relationship status of 1 and is now HIV+.
s04135 is blackNH, aged 28.108461538461594 in age group 16to20, with relationship status of 1 and is now HIV+.
s04402 is blackNH, aged 26.27546153846159 in age group 16to20, with relationship status of 0 and is now HIV+.
s05292 is blackNH, aged 23.857461538461592 in age group 21to29, with relationship status of 0 and is now HIV+.
s06583 is blackNH, aged 24.332461538461594 in age group 21to29, with relationship status of 0 and is now HIV+.
s10665 is otherNH, aged 24.24346153846159 in age group 16to20, with relationship status of 0 and is now HIV+.

Agents are being removed from the simulation...
s01995 is aged 29.981461538461595, whiteNH and is leaving the simulation.
s02050 is aged 29.997461538461593, whiteNH and is leaving the simulation.
s02465 is aged 29.99046153846159, whiteNH and is leaving the simulation.
s03199 is aged 29.996461538461592, whiteNH and is leaving the simulation.
s03574 is aged 29.999461538461592, whiteNH and is leaving the simulation.
s04291 is aged 29.994461538461593, blackNH and is leaving the simulation.
s04449 is aged 29.994461538461593, blackNH and is leaving the simulation.
s05289 is aged 29.994461538461593, blackNH and is leaving the simulation.
s05748 is aged 29.985461538461593, blackNH and is leaving the simulation.
s07016 is aged 29.997461538461593, hispanic and is leaving the simulation.
s07072 is aged 29.99046153846159, hispanic and is leaving the simulation.
s07158 is aged 29.997461538461593, hispanic and is leaving the simulation.
s07905 is aged 29.982461538461592, hispanic and is leaving the simulation.
s09174 is aged 29.997461538461593, hispanic and is leaving the simulation.
s10452 is aged 29.991461538461593, otherNH and is leaving the simulation.
s10782 is aged 29.99346153846159, otherNH and is leaving the simulation.

Agents who have aged to a new age group are being updated...
s00105 is 21.011692307692364 and has aged to age group 21to29.
s00611 is 21.010692307692363 and has aged to age group 21to29.
s02011 is 21.002692307692364 and has aged to age group 21to29.
s03451 is 21.004692307692363 and has aged to age group 21to29.
s03794 is 21.016692307692363 and has aged to age group 21to29.
s06051 is 21.004692307692363 and has aged to age group 21to29.
s06109 is 21.000692307692365 and has aged to age group 21to29.
s06137 is 21.000692307692365 and has aged to age group 21to29.
s06165 is 21.006692307692365 and has aged to age group 21to29.
s06260 is 21.00969230769236 and has aged to age group 21to29.
s07321 is 21.014692307692364 and has aged to age group 21to29.
s09557 is 21.002692307692364 and has aged to age group 21to29.
s10268 is 21.004692307692363 and has aged to age group 21to29.
s10550 is 21.016692307692363 and has aged to age group 21to29.

New agents are being added to the simulation...
s12801 is age 16.0 and whiteNH and is entering the model
s12802 is age 16.0 and blackNH and is entering the model
s12803 is age 16.0 and whiteNH and is entering the model
s12804 is age 16.0 and blackNH and is entering the model
s12805 is age 16.0 and whiteNH and is entering the model
s12806 is age 16.0 and blackNH and is entering the model
s12807 is age 16.0 and blackNH and is entering the model
s12808 is age 16.0 and blackNH and is entering the model
s12809 is age 16.0 and blackNH and is entering the model
s12810 is age 16.0 and whiteNH and is entering the model
s12811 is age 16.0 and otherNH and is entering the model
s12812 is age 16.0 and whiteNH and is entering the model
s12813 is age 16.0 and whiteNH and is entering the model
s12814 is age 16.0 and whiteNH and is entering the model

Agents are attending venues and using apps for week 69 in simulation...


Epidemic Simulation
----------------------------
Simulation: 1/1
Timestep: 69/3640
Prevalence: 1927
Population Size: 11725
----------------------------
The ages, hiv status, and relationship status for the agents are being updated...
s06782 is blackNH, aged 23.205692307692363 in age group 21to29, with relationship status of 1 and is now HIV+.
s10006 is hispanic, aged 22.045692307692363 in age group 21to29, with relationship status of 1 and is now HIV+.

Agents are being removed from the simulation...
s00277 is aged 29.982692307692364, whiteNH and is leaving the simulation.
s00759 is aged 29.996692307692363, whiteNH and is leaving the simulation.
s01266 is aged 29.994692307692365, whiteNH and is leaving the simulation.
s02125 is aged 29.987692307692363, whiteNH and is leaving the simulation.
s03657 is aged 29.981692307692363, whiteNH and is leaving the simulation.
s04360 is aged 29.994692307692365, blackNH and is leaving the simulation.
s06725 is aged 29.984692307692363, blackNH and is leaving the simulation.
s08230 is aged 29.994692307692365, hispanic and is leaving the simulation.
s08312 is aged 29.998692307692362, hispanic and is leaving the simulation.
s09059 is aged 19.26269230769236, hispanic and is leaving the simulation.
s09736 is aged 29.998692307692362, hispanic and is leaving the simulation.
s10278 is aged 29.987692307692363, hispanic and is leaving the simulation.

Agents who have aged to a new age group are being updated...
s00944 is 21.004923076923134 and has aged to age group 21to29.
s03961 is 21.018923076923134 and has aged to age group 21to29.
s05021 is 21.007923076923134 and has aged to age group 21to29.
s05282 is 21.016923076923135 and has aged to age group 21to29.
s06619 is 21.005923076923132 and has aged to age group 21to29.
s07356 is 21.009923076923133 and has aged to age group 21to29.
s09036 is 21.007923076923134 and has aged to age group 21to29.
s09159 is 21.007923076923134 and has aged to age group 21to29.
s09302 is 21.011923076923132 and has aged to age group 21to29.
s10027 is 21.007923076923134 and has aged to age group 21to29.
s10658 is 21.005923076923132 and has aged to age group 21to29.
s11143 is 21.018923076923134 and has aged to age group 21to29.
s11364 is 21.013923076923135 and has aged to age group 21to29.

New agents are being added to the simulation...
s12815 is age 16.0 and blackNH and is entering the model
s12816 is age 16.0 and hispanic and is entering the model
s12817 is age 16.0 and whiteNH and is entering the model
s12818 is age 16.0 and blackNH and is entering the model
s12819 is age 16.0 and blackNH and is entering the model
s12820 is age 16.0 and hispanic and is entering the model
s12821 is age 16.0 and hispanic and is entering the model
s12822 is age 16.0 and hispanic and is entering the model
s12823 is age 16.0 and whiteNH and is entering the model
s12824 is age 16.0 and hispanic and is entering the model
s12825 is age 16.0 and otherNH and is entering the model
s12826 is age 16.0 and whiteNH and is entering the model
s12827 is age 16.0 and blackNH and is entering the model

Agents are attending venues and using apps for week 70 in simulation...


Epidemic Simulation
----------------------------
Simulation: 1/1
Timestep: 70/3640
Prevalence: 1929
Population Size: 11726
----------------------------
The ages, hiv status, and relationship status for the agents are being updated...
s02141 is whiteNH, aged 20.610923076923132 in age group 21to29, with relationship status of 0 and is now HIV+.
s03053 is whiteNH, aged 28.421923076923132 in age group 21to29, with relationship status of 0 and is now HIV+.
s05652 is blackNH, aged 17.812923076923134 in age group 21to29, with relationship status of 1 and is now HIV+.

Agents are being removed from the simulation...
s01112 is aged 29.984923076923135, whiteNH and is leaving the simulation.
s02290 is aged 29.982923076923132, whiteNH and is leaving the simulation.
s02501 is aged 29.997923076923133, whiteNH and is leaving the simulation.
s02852 is aged 29.992923076923134, whiteNH and is leaving the simulation.
s03040 is aged 29.980923076923133, whiteNH and is leaving the simulation.
s03357 is aged 29.993923076923135, whiteNH and is leaving the simulation.
s03980 is aged 29.995923076923134, blackNH and is leaving the simulation.
s03992 is aged 29.991923076923133, blackNH and is leaving the simulation.
s04146 is aged 29.991923076923133, blackNH and is leaving the simulation.
s04500 is aged 29.991923076923133, blackNH and is leaving the simulation.
s05658 is aged 29.995923076923134, blackNH and is leaving the simulation.
s05839 is aged 29.996923076923135, blackNH and is leaving the simulation.
s05921 is aged 29.989923076923134, blackNH and is leaving the simulation.
s06206 is aged 29.982923076923132, blackNH and is leaving the simulation.
s08790 is aged 29.987923076923135, hispanic and is leaving the simulation.
s08908 is aged 29.986923076923134, hispanic and is leaving the simulation.
s08961 is aged 29.996923076923135, hispanic and is leaving the simulation.
s10647 is aged 29.983923076923134, otherNH and is leaving the simulation.
s11001 is aged 29.999923076923135, otherNH and is leaving the simulation.

Agents who have aged to a new age group are being updated...
s00502 is 21.013153846153905 and has aged to age group 21to29.
s00551 is 21.009153846153904 and has aged to age group 21to29.
s01412 is 21.005153846153902 and has aged to age group 21to29.
s01718 is 21.013153846153905 and has aged to age group 21to29.
s03530 is 21.000153846153903 and has aged to age group 21to29.
s04230 is 21.007153846153905 and has aged to age group 21to29.
s05518 is 21.009153846153904 and has aged to age group 21to29.
s06144 is 21.017153846153903 and has aged to age group 21to29.
s08702 is 21.017153846153903 and has aged to age group 21to29.
s08865 is 21.010153846153905 and has aged to age group 21to29.
s09733 is 21.009153846153904 and has aged to age group 21to29.
s10206 is 21.015153846153904 and has aged to age group 21to29.
s10701 is 21.001153846153905 and has aged to age group 21to29.

New agents are being added to the simulation...
s12828 is age 16.0 and hispanic and is entering the model
s12829 is age 16.0 and hispanic and is entering the model
s12830 is age 16.0 and blackNH and is entering the model
s12831 is age 16.0 and hispanic and is entering the model
s12832 is age 16.0 and hispanic and is entering the model
s12833 is age 16.0 and otherNH and is entering the model
s12834 is age 16.0 and blackNH and is entering the model
s12835 is age 16.0 and whiteNH and is entering the model
s12836 is age 16.0 and hispanic and is entering the model
s12837 is age 16.0 and hispanic and is entering the model
s12838 is age 16.0 and whiteNH and is entering the model
s12839 is age 16.0 and whiteNH and is entering the model
s12840 is age 16.0 and hispanic and is entering the model
s12841 is age 16.0 and hispanic and is entering the model

Agents are attending venues and using apps for week 71 in simulation...


Epidemic Simulation
----------------------------
Simulation: 1/1
Timestep: 71/3640
Prevalence: 1928
Population Size: 11721
----------------------------
The ages, hiv status, and relationship status for the agents are being updated...
s00236 is whiteNH, aged 22.361153846153904 in age group 16to20, with relationship status of 0 and is now HIV+.
s00282 is whiteNH, aged 24.032153846153903 in age group 16to20, with relationship status of 0 and is now HIV+.
s05146 is blackNH, aged 24.836153846153902 in age group 21to29, with relationship status of 1 and is now HIV+.
s11305 is otherNH, aged 28.570153846153904 in age group 21to29, with relationship status of 0 and is now HIV+.

Agents are being removed from the simulation...
s00186 is aged 29.983153846153904, whiteNH and is leaving the simulation.
s00621 is aged 29.998153846153905, whiteNH and is leaving the simulation.
s00679 is aged 29.986153846153904, whiteNH and is leaving the simulation.
s01905 is aged 29.996153846153902, whiteNH and is leaving the simulation.
s02029 is aged 29.985153846153903, whiteNH and is leaving the simulation.
s02380 is aged 29.983153846153904, whiteNH and is leaving the simulation.
s03930 is aged 29.984153846153905, blackNH and is leaving the simulation.
s03963 is aged 29.985153846153903, blackNH and is leaving the simulation.
s04621 is aged 29.982153846153903, blackNH and is leaving the simulation.
s04769 is aged 29.988153846153903, blackNH and is leaving the simulation.
s05578 is aged 29.985153846153903, blackNH and is leaving the simulation.
s07812 is aged 29.992153846153904, hispanic and is leaving the simulation.
s07827 is aged 29.992153846153904, hispanic and is leaving the simulation.
s08957 is aged 29.995153846153904, hispanic and is leaving the simulation.
s10437 is aged 29.986153846153904, otherNH and is leaving the simulation.
s10449 is aged 29.983153846153904, otherNH and is leaving the simulation.
s10537 is aged 29.992153846153904, otherNH and is leaving the simulation.

Agents who have aged to a new age group are being updated...
s00104 is 21.008384615384674 and has aged to age group 21to29.
s00178 is 21.015384615384672 and has aged to age group 21to29.
s00920 is 21.013384615384673 and has aged to age group 21to29.
s01193 is 21.002384615384674 and has aged to age group 21to29.
s02898 is 21.001384615384673 and has aged to age group 21to29.
s03062 is 21.015384615384672 and has aged to age group 21to29.
s03446 is 21.006384615384672 and has aged to age group 21to29.
s03812 is 21.003384615384675 and has aged to age group 21to29.
s05692 is 21.001384615384673 and has aged to age group 21to29.
s06501 is 21.008384615384674 and has aged to age group 21to29.
s07152 is 21.011384615384674 and has aged to age group 21to29.
s07196 is 21.006384615384672 and has aged to age group 21to29.
s07710 is 21.010384615384673 and has aged to age group 21to29.
s07790 is 21.013384615384673 and has aged to age group 21to29.
s09086 is 21.008384615384674 and has aged to age group 21to29.
s09403 is 21.004384615384673 and has aged to age group 21to29.
s10850 is 21.014384615384675 and has aged to age group 21to29.
s11319 is 21.003384615384675 and has aged to age group 21to29.

New agents are being added to the simulation...
s12842 is age 16.0 and hispanic and is entering the model
s12843 is age 16.0 and otherNH and is entering the model
s12844 is age 16.0 and blackNH and is entering the model
s12845 is age 16.0 and whiteNH and is entering the model
s12846 is age 16.0 and blackNH and is entering the model
s12847 is age 16.0 and whiteNH and is entering the model
s12848 is age 16.0 and whiteNH and is entering the model
s12849 is age 16.0 and hispanic and is entering the model
s12850 is age 16.0 and blackNH and is entering the model
s12851 is age 16.0 and hispanic and is entering the model
s12852 is age 16.0 and hispanic and is entering the model

Agents are attending venues and using apps for week 72 in simulation...


Epidemic Simulation
----------------------------
Simulation: 1/1
Timestep: 72/3640
Prevalence: 1930
Population Size: 11715
----------------------------
The ages, hiv status, and relationship status for the agents are being updated...
s02701 is whiteNH, aged 27.363384615384675 in age group 21to29, with relationship status of 0 and is now HIV+.
s04423 is blackNH, aged 25.064384615384675 in age group 16to20, with relationship status of 0 and is now HIV+.
s06673 is blackNH, aged 29.687384615384673 in age group 21to29, with relationship status of 0 and is now HIV+.
s11286 is otherNH, aged 28.175384615384672 in age group 21to29, with relationship status of 0 and is now HIV+.

Agents are being removed from the simulation...
s00140 is aged 29.998384615384673, whiteNH and is leaving the simulation.
s02966 is aged 29.987384615384673, whiteNH and is leaving the simulation.
s03034 is aged 29.990384615384674, whiteNH and is leaving the simulation.
s03313 is aged 29.991384615384675, whiteNH and is leaving the simulation.
s03647 is aged 29.983384615384672, whiteNH and is leaving the simulation.
s03669 is aged 29.986384615384672, whiteNH and is leaving the simulation.
s04297 is aged 29.985384615384675, blackNH and is leaving the simulation.
s05344 is aged 29.997384615384675, blackNH and is leaving the simulation.
s05887 is aged 29.984384615384673, blackNH and is leaving the simulation.
s06436 is aged 29.995384615384673, blackNH and is leaving the simulation.
s08652 is aged 29.996384615384674, hispanic and is leaving the simulation.
s08709 is aged 29.996384615384674, hispanic and is leaving the simulation.
s08861 is aged 29.981384615384673, hispanic and is leaving the simulation.
s10955 is aged 29.987384615384673, otherNH and is leaving the simulation.
s11214 is aged 29.633384615384674, otherNH and is leaving the simulation.

Agents who have aged to a new age group are being updated...
s02228 is 21.011615384615443 and has aged to age group 21to29.
s02633 is 21.012615384615444 and has aged to age group 21to29.
s02804 is 21.018615384615444 and has aged to age group 21to29.
s03061 is 21.002615384615442 and has aged to age group 21to29.
s03219 is 21.006615384615444 and has aged to age group 21to29.
s03927 is 21.016615384615445 and has aged to age group 21to29.
s04458 is 21.013615384615445 and has aged to age group 21to29.
s05067 is 21.008615384615442 and has aged to age group 21to29.
s05526 is 21.004615384615445 and has aged to age group 21to29.
s05930 is 21.014615384615443 and has aged to age group 21to29.
s07193 is 21.001615384615445 and has aged to age group 21to29.
s07465 is 21.018615384615444 and has aged to age group 21to29.
s08338 is 21.016615384615445 and has aged to age group 21to29.
s09689 is 21.006615384615444 and has aged to age group 21to29.
s09692 is 21.000615384615443 and has aged to age group 21to29.
s09698 is 21.003615384615443 and has aged to age group 21to29.
s10485 is 21.002615384615442 and has aged to age group 21to29.
s10830 is 21.007615384615445 and has aged to age group 21to29.
s11151 is 21.000615384615443 and has aged to age group 21to29.

New agents are being added to the simulation...
s12853 is age 16.0 and otherNH and is entering the model
s12854 is age 16.0 and hispanic and is entering the model
s12855 is age 16.0 and otherNH and is entering the model
s12856 is age 16.0 and blackNH and is entering the model
s12857 is age 16.0 and whiteNH and is entering the model
s12858 is age 16.0 and blackNH and is entering the model
s12859 is age 16.0 and whiteNH and is entering the model
s12860 is age 16.0 and hispanic and is entering the model
s12861 is age 16.0 and hispanic and is entering the model
s12862 is age 16.0 and otherNH and is entering the model
s12863 is age 16.0 and blackNH and is entering the model
s12864 is age 16.0 and blackNH and is entering the model
s12865 is age 16.0 and whiteNH and is entering the model
s12866 is age 16.0 and blackNH and is entering the model
s12867 is age 16.0 and hispanic and is entering the model
s12868 is age 16.0 and whiteNH and is entering the model
s12869 is age 16.0 and whiteNH and is entering the model
s12870 is age 16.0 and whiteNH and is entering the model
s12871 is age 16.0 and blackNH and is entering the model
s12872 is age 16.0 and hispanic and is entering the model
s12873 is age 16.0 and whiteNH and is entering the model
s12874 is age 16.0 and hispanic and is entering the model
s12875 is age 16.0 and blackNH and is entering the model
s12876 is age 16.0 and hispanic and is entering the model
s12877 is age 16.0 and whiteNH and is entering the model

Agents are attending venues and using apps for week 73 in simulation...


Epidemic Simulation
----------------------------
Simulation: 1/1
Timestep: 73/3640
Prevalence: 1929
Population Size: 11725
----------------------------
The ages, hiv status, and relationship status for the agents are being updated...
s04034 is blackNH, aged 29.679615384615445 in age group 16to20, with relationship status of 0 and is now HIV+.
s05148 is blackNH, aged 25.078615384615443 in age group 21to29, with relationship status of 0 and is now HIV+.
s05794 is blackNH, aged 24.384615384615444 in age group 21to29, with relationship status of 0 and is now HIV+.
s06587 is blackNH, aged 26.088615384615444 in age group 21to29, with relationship status of 1 and is now HIV+.
s12502 is hispanic, aged 16.46153846153848 in age group 16to20, with relationship status of 0 and is now HIV+.

Agents are being removed from the simulation...
s00290 is aged 29.988615384615443, whiteNH and is leaving the simulation.
s00292 is aged 29.998615384615444, whiteNH and is leaving the simulation.
s01220 is aged 29.993615384615445, whiteNH and is leaving the simulation.
s01673 is aged 29.994615384615443, whiteNH and is leaving the simulation.
s03578 is aged 29.998615384615444, whiteNH and is leaving the simulation.
s03920 is aged 29.982615384615443, blackNH and is leaving the simulation.
s04664 is aged 29.998615384615444, blackNH and is leaving the simulation.
s04896 is aged 29.994615384615443, blackNH and is leaving the simulation.
s04999 is aged 29.998615384615444, blackNH and is leaving the simulation.
s05966 is aged 29.987615384615445, blackNH and is leaving the simulation.
s06370 is aged 29.989615384615444, blackNH and is leaving the simulation.
s07932 is aged 29.999615384615442, hispanic and is leaving the simulation.
s09200 is aged 29.986615384615444, hispanic and is leaving the simulation.
s10429 is aged 29.994615384615443, otherNH and is leaving the simulation.
s11331 is aged 29.988615384615443, otherNH and is leaving the simulation.

Agents who have aged to a new age group are being updated...
s00835 is 21.017846153846214 and has aged to age group 21to29.
s01789 is 21.002846153846214 and has aged to age group 21to29.
s01870 is 21.016846153846213 and has aged to age group 21to29.
s01944 is 21.009846153846215 and has aged to age group 21to29.
s03378 is 21.014846153846214 and has aged to age group 21to29.
s04619 is 21.000846153846215 and has aged to age group 21to29.
s04626 is 21.009846153846215 and has aged to age group 21to29.
s04691 is 21.017846153846214 and has aged to age group 21to29.
s05810 is 21.016846153846213 and has aged to age group 21to29.
s06355 is 21.002846153846214 and has aged to age group 21to29.
s07432 is 21.008846153846214 and has aged to age group 21to29.
s08575 is 21.017846153846214 and has aged to age group 21to29.
s08761 is 21.002846153846214 and has aged to age group 21to29.
s10600 is 21.015846153846212 and has aged to age group 21to29.
s11258 is 21.008846153846214 and has aged to age group 21to29.

New agents are being added to the simulation...
s12878 is age 16.0 and hispanic and is entering the model
s12879 is age 16.0 and whiteNH and is entering the model
s12880 is age 16.0 and whiteNH and is entering the model
s12881 is age 16.0 and blackNH and is entering the model
s12882 is age 16.0 and hispanic and is entering the model
s12883 is age 16.0 and whiteNH and is entering the model
s12884 is age 16.0 and hispanic and is entering the model
s12885 is age 16.0 and whiteNH and is entering the model
s12886 is age 16.0 and otherNH and is entering the model
s12887 is age 16.0 and whiteNH and is entering the model
s12888 is age 16.0 and blackNH and is entering the model
s12889 is age 16.0 and hispanic and is entering the model
s12890 is age 16.0 and whiteNH and is entering the model

Agents are attending venues and using apps for week 74 in simulation...


Epidemic Simulation
----------------------------
Simulation: 1/1
Timestep: 74/3640
Prevalence: 1932
Population Size: 11723
----------------------------
The ages, hiv status, and relationship status for the agents are being updated...
s01316 is whiteNH, aged 22.700846153846214 in age group 16to20, with relationship status of 1 and is now HIV+.
s05983 is blackNH, aged 25.054846153846213 in age group 21to29, with relationship status of 0 and is now HIV+.
s06163 is blackNH, aged 28.470846153846214 in age group 21to29, with relationship status of 1 and is now HIV+.
s09080 is hispanic, aged 24.147846153846213 in age group 21to29, with relationship status of 0 and is now HIV+.

Agents are being removed from the simulation...
s01063 is aged 29.996846153846214, whiteNH and is leaving the simulation.
s01221 is aged 29.996846153846214, whiteNH and is leaving the simulation.
s02356 is aged 29.991846153846215, whiteNH and is leaving the simulation.
s02903 is aged 29.980846153846212, whiteNH and is leaving the simulation.
s02942 is aged 29.988846153846215, whiteNH and is leaving the simulation.
s03006 is aged 29.980846153846212, whiteNH and is leaving the simulation.
s04540 is aged 29.992846153846212, blackNH and is leaving the simulation.
s05592 is aged 29.984846153846213, blackNH and is leaving the simulation.
s06210 is aged 29.986846153846212, blackNH and is leaving the simulation.
s06716 is aged 29.986846153846212, blackNH and is leaving the simulation.
s07600 is aged 29.998846153846213, hispanic and is leaving the simulation.
s08251 is aged 29.993846153846214, hispanic and is leaving the simulation.
s09412 is aged 29.991846153846215, hispanic and is leaving the simulation.
s09775 is aged 29.984846153846213, hispanic and is leaving the simulation.
s10265 is aged 29.983846153846212, hispanic and is leaving the simulation.
s10775 is aged 29.990846153846213, otherNH and is leaving the simulation.
s11408 is aged 29.981846153846213, otherNH and is leaving the simulation.

Agents who have aged to a new age group are being updated...
s00193 is 21.001076923076983 and has aged to age group 21to29.
s00314 is 21.000076923076982 and has aged to age group 21to29.
s00589 is 21.003076923076982 and has aged to age group 21to29.
s02487 is 21.006076923076982 and has aged to age group 21to29.
s04983 is 21.002076923076984 and has aged to age group 21to29.
s05826 is 21.003076923076982 and has aged to age group 21to29.
s05894 is 21.007076923076983 and has aged to age group 21to29.
s06929 is 21.008076923076985 and has aged to age group 21to29.
s08750 is 21.016076923076984 and has aged to age group 21to29.
s09501 is 21.010076923076983 and has aged to age group 21to29.

New agents are being added to the simulation...
s12891 is age 16.0 and whiteNH and is entering the model
s12892 is age 16.0 and hispanic and is entering the model
s12893 is age 16.0 and otherNH and is entering the model
s12894 is age 16.0 and blackNH and is entering the model
s12895 is age 16.0 and hispanic and is entering the model
s12896 is age 16.0 and blackNH and is entering the model
s12897 is age 16.0 and blackNH and is entering the model
s12898 is age 16.0 and whiteNH and is entering the model
s12899 is age 16.0 and whiteNH and is entering the model
s12900 is age 16.0 and hispanic and is entering the model
s12901 is age 16.0 and blackNH and is entering the model
s12902 is age 16.0 and blackNH and is entering the model
s12903 is age 16.0 and blackNH and is entering the model
s12904 is age 16.0 and hispanic and is entering the model
s12905 is age 16.0 and otherNH and is entering the model
s12906 is age 16.0 and hispanic and is entering the model
s12907 is age 16.0 and hispanic and is entering the model

Agents are attending venues and using apps for week 75 in simulation...


Epidemic Simulation
----------------------------
Simulation: 1/1
Timestep: 75/3640
Prevalence: 1936
Population Size: 11723
----------------------------
The ages, hiv status, and relationship status for the agents are being updated...
s04055 is blackNH, aged 22.039076923076983 in age group 21to29, with relationship status of 0 and is now HIV+.
s04143 is blackNH, aged 29.538076923076982 in age group 16to20, with relationship status of 1 and is now HIV+.
s05968 is blackNH, aged 26.870076923076983 in age group 21to29, with relationship status of 1 and is now HIV+.
s06517 is blackNH, aged 19.609076923076984 in age group 21to29, with relationship status of 0 and is now HIV+.
s06764 is blackNH, aged 20.533076923076983 in age group 21to29, with relationship status of 1 and is now HIV+.
s08236 is hispanic, aged 18.490076923076984 in age group 21to29, with relationship status of 0 and is now HIV+.
s08698 is hispanic, aged 24.732076923076985 in age group 21to29, with relationship status of 1 and is now HIV+.

Agents are being removed from the simulation...
s00114 is aged 29.997076923076985, whiteNH and is leaving the simulation.
s01399 is aged 29.997076923076985, whiteNH and is leaving the simulation.
s01852 is aged 29.994076923076985, whiteNH and is leaving the simulation.
s03753 is aged 29.987076923076984, whiteNH and is leaving the simulation.
s04422 is aged 29.999076923076984, blackNH and is leaving the simulation.
s06913 is aged 29.999076923076984, hispanic and is leaving the simulation.
s07191 is aged 29.992076923076983, hispanic and is leaving the simulation.
s07996 is aged 29.986076923076983, hispanic and is leaving the simulation.
s10022 is aged 29.982076923076985, hispanic and is leaving the simulation.

Agents who have aged to a new age group are being updated...
s01241 is 21.007307692307755 and has aged to age group 21to29.
s03611 is 21.013307692307755 and has aged to age group 21to29.
s04061 is 21.011307692307753 and has aged to age group 21to29.
s05744 is 21.010307692307755 and has aged to age group 21to29.
s06657 is 21.015307692307754 and has aged to age group 21to29.
s07700 is 21.003307692307754 and has aged to age group 21to29.
s07848 is 21.011307692307753 and has aged to age group 21to29.
s08048 is 21.015307692307754 and has aged to age group 21to29.
s08593 is 21.008307692307753 and has aged to age group 21to29.
s09097 is 21.018307692307754 and has aged to age group 21to29.
s09904 is 21.009307692307754 and has aged to age group 21to29.
s10369 is 21.008307692307753 and has aged to age group 21to29.
s10557 is 21.006307692307754 and has aged to age group 21to29.
s11389 is 21.005307692307753 and has aged to age group 21to29.

New agents are being added to the simulation...
s12908 is age 16.0 and blackNH and is entering the model
s12909 is age 16.0 and otherNH and is entering the model
s12910 is age 16.0 and whiteNH and is entering the model
s12911 is age 16.0 and whiteNH and is entering the model
s12912 is age 16.0 and otherNH and is entering the model
s12913 is age 16.0 and hispanic and is entering the model
s12914 is age 16.0 and whiteNH and is entering the model
s12915 is age 16.0 and blackNH and is entering the model
s12916 is age 16.0 and whiteNH and is entering the model
s12917 is age 16.0 and otherNH and is entering the model
s12918 is age 16.0 and hispanic and is entering the model
s12919 is age 16.0 and hispanic and is entering the model
s12920 is age 16.0 and hispanic and is entering the model
s12921 is age 16.0 and hispanic and is entering the model
s12922 is age 16.0 and whiteNH and is entering the model
s12923 is age 16.0 and blackNH and is entering the model

Agents are attending venues and using apps for week 76 in simulation...


Epidemic Simulation
----------------------------
Simulation: 1/1
Timestep: 76/3640
Prevalence: 1936
Population Size: 11730
----------------------------
The ages, hiv status, and relationship status for the agents are being updated...

Agents are being removed from the simulation...
s00244 is aged 29.992307692307755, whiteNH and is leaving the simulation.
s01428 is aged 29.983307692307754, whiteNH and is leaving the simulation.
s02867 is aged 29.985307692307753, whiteNH and is leaving the simulation.
s03625 is aged 29.989307692307754, whiteNH and is leaving the simulation.
s04922 is aged 29.992307692307755, blackNH and is leaving the simulation.
s05992 is aged 29.983307692307754, blackNH and is leaving the simulation.
s07150 is aged 29.989307692307754, hispanic and is leaving the simulation.
s09445 is aged 29.993307692307752, hispanic and is leaving the simulation.
s09675 is aged 29.981307692307755, hispanic and is leaving the simulation.
s10629 is aged 29.983307692307754, otherNH and is leaving the simulation.
s10790 is aged 29.989307692307754, otherNH and is leaving the simulation.
s10968 is aged 29.999307692307752, otherNH and is leaving the simulation.

Agents who have aged to a new age group are being updated...
s01849 is 21.009538461538526 and has aged to age group 21to29.
s02863 is 21.014538461538525 and has aged to age group 21to29.
s02914 is 21.002538461538524 and has aged to age group 21to29.
s03240 is 21.012538461538522 and has aged to age group 21to29.
s04630 is 21.006538461538526 and has aged to age group 21to29.
s04736 is 21.014538461538525 and has aged to age group 21to29.
s04905 is 21.018538461538522 and has aged to age group 21to29.
s05232 is 21.009538461538526 and has aged to age group 21to29.
s07277 is 21.007538461538523 and has aged to age group 21to29.
s07615 is 21.005538461538524 and has aged to age group 21to29.
s08308 is 21.001538461538523 and has aged to age group 21to29.
s08343 is 21.012538461538522 and has aged to age group 21to29.
s08704 is 21.003538461538525 and has aged to age group 21to29.
s10279 is 21.017538461538525 and has aged to age group 21to29.
s10977 is 21.004538461538523 and has aged to age group 21to29.

New agents are being added to the simulation...
s12924 is age 16.0 and blackNH and is entering the model
s12925 is age 16.0 and otherNH and is entering the model
s12926 is age 16.0 and whiteNH and is entering the model
s12927 is age 16.0 and whiteNH and is entering the model
s12928 is age 16.0 and blackNH and is entering the model
s12929 is age 16.0 and blackNH and is entering the model
s12930 is age 16.0 and hispanic and is entering the model
s12931 is age 16.0 and otherNH and is entering the model
s12932 is age 16.0 and blackNH and is entering the model
s12933 is age 16.0 and hispanic and is entering the model
s12934 is age 16.0 and hispanic and is entering the model
s12935 is age 16.0 and whiteNH and is entering the model
s12936 is age 16.0 and blackNH and is entering the model
s12937 is age 16.0 and hispanic and is entering the model
s12938 is age 16.0 and hispanic and is entering the model

Agents are attending venues and using apps for week 77 in simulation...


Epidemic Simulation
----------------------------
Simulation: 1/1
Timestep: 77/3640
Prevalence: 1937
Population Size: 11733
----------------------------
The ages, hiv status, and relationship status for the agents are being updated...
s06064 is blackNH, aged 29.781538461538524 in age group 21to29, with relationship status of 1 and is now HIV+.
s07534 is hispanic, aged 28.479538461538525 in age group 16to20, with relationship status of 0 and is now HIV+.

Agents are being removed from the simulation...
s00395 is aged 29.982538461538525, whiteNH and is leaving the simulation.
s01974 is aged 29.997538461538525, whiteNH and is leaving the simulation.
s02948 is aged 29.982538461538525, whiteNH and is leaving the simulation.
s02968 is aged 29.999538461538524, whiteNH and is leaving the simulation.
s03156 is aged 29.981538461538523, whiteNH and is leaving the simulation.
s03971 is aged 29.994538461538525, blackNH and is leaving the simulation.
s04912 is aged 29.991538461538525, blackNH and is leaving the simulation.
s05011 is aged 29.987538461538524, blackNH and is leaving the simulation.
s05935 is aged 29.996538461538524, blackNH and is leaving the simulation.
s06740 is aged 29.988538461538525, blackNH and is leaving the simulation.
s06829 is aged 29.992538461538523, hispanic and is leaving the simulation.
s06960 is aged 29.996538461538524, hispanic and is leaving the simulation.
s07130 is aged 29.983538461538522, hispanic and is leaving the simulation.
s07879 is aged 29.994538461538525, hispanic and is leaving the simulation.
s08499 is aged 26.574538461538523, hispanic and is leaving the simulation.
s09424 is aged 29.994538461538525, hispanic and is leaving the simulation.
s09842 is aged 29.996538461538524, hispanic and is leaving the simulation.
s09997 is aged 29.997538461538525, hispanic and is leaving the simulation.
s11139 is aged 29.987538461538524, otherNH and is leaving the simulation.

Agents who have aged to a new age group are being updated...
s00616 is 21.008769230769293 and has aged to age group 21to29.
s01092 is 21.004769230769295 and has aged to age group 21to29.
s01319 is 21.002769230769292 and has aged to age group 21to29.
s03064 is 21.011769230769293 and has aged to age group 21to29.
s03581 is 21.008769230769293 and has aged to age group 21to29.
s06099 is 21.013769230769295 and has aged to age group 21to29.
s06794 is 21.003769230769294 and has aged to age group 21to29.
s07657 is 21.001769230769295 and has aged to age group 21to29.
s08943 is 21.012769230769294 and has aged to age group 21to29.

New agents are being added to the simulation...
s12939 is age 16.0 and otherNH and is entering the model
s12940 is age 16.0 and whiteNH and is entering the model
s12941 is age 16.0 and blackNH and is entering the model
s12942 is age 16.0 and blackNH and is entering the model
s12943 is age 16.0 and whiteNH and is entering the model
s12944 is age 16.0 and blackNH and is entering the model
s12945 is age 16.0 and whiteNH and is entering the model
s12946 is age 16.0 and otherNH and is entering the model
s12947 is age 16.0 and hispanic and is entering the model
s12948 is age 16.0 and blackNH and is entering the model
s12949 is age 16.0 and hispanic and is entering the model
s12950 is age 16.0 and whiteNH and is entering the model
s12951 is age 16.0 and whiteNH and is entering the model
s12952 is age 16.0 and hispanic and is entering the model
s12953 is age 16.0 and whiteNH and is entering the model

Agents are attending venues and using apps for week 78 in simulation...


Epidemic Simulation
----------------------------
Simulation: 1/1
Timestep: 78/3640
Prevalence: 1938
Population Size: 11729
----------------------------
The ages, hiv status, and relationship status for the agents are being updated...
s06429 is blackNH, aged 20.872769230769293 in age group 21to29, with relationship status of 1 and is now HIV+.
s06503 is blackNH, aged 26.543769230769293 in age group 21to29, with relationship status of 1 and is now HIV+.
s06748 is blackNH, aged 27.863769230769293 in age group 21to29, with relationship status of 0 and is now HIV+.
s06946 is hispanic, aged 29.330769230769295 in age group 16to20, with relationship status of 1 and is now HIV+.
s12311 is blackNH, aged 16.788461538461572 in age group 16to20, with relationship status of 1 and is now HIV+.

Agents are being removed from the simulation...
s00278 is aged 29.988769230769293, whiteNH and is leaving the simulation.
s00480 is aged 29.990769230769295, whiteNH and is leaving the simulation.
s01042 is aged 29.988769230769293, whiteNH and is leaving the simulation.
s02421 is aged 29.986769230769294, whiteNH and is leaving the simulation.
s03121 is aged 29.992769230769294, whiteNH and is leaving the simulation.
s04873 is aged 29.995769230769294, blackNH and is leaving the simulation.
s05248 is aged 29.981769230769295, blackNH and is leaving the simulation.
s05997 is aged 29.992769230769294, blackNH and is leaving the simulation.
s06902 is aged 29.980769230769294, hispanic and is leaving the simulation.
s07231 is aged 29.984769230769295, hispanic and is leaving the simulation.
s08392 is aged 29.995769230769294, hispanic and is leaving the simulation.
s11275 is aged 29.992769230769294, otherNH and is leaving the simulation.

Agents who have aged to a new age group are being updated...
s01208 is 21.000000000000064 and has aged to age group 21to29.
s01406 is 21.003000000000064 and has aged to age group 21to29.
s02137 is 21.005000000000063 and has aged to age group 21to29.
s02586 is 21.015000000000065 and has aged to age group 21to29.
s05159 is 21.006000000000064 and has aged to age group 21to29.
s06197 is 21.010000000000066 and has aged to age group 21to29.
s07126 is 21.005000000000063 and has aged to age group 21to29.
s07832 is 21.001000000000065 and has aged to age group 21to29.
s08162 is 21.017000000000063 and has aged to age group 21to29.
s08178 is 21.019000000000062 and has aged to age group 21to29.
s08436 is 21.005000000000063 and has aged to age group 21to29.
s09515 is 21.015000000000065 and has aged to age group 21to29.
s10230 is 21.000000000000064 and has aged to age group 21to29.
s10723 is 21.005000000000063 and has aged to age group 21to29.

New agents are being added to the simulation...
s12954 is age 16.0 and otherNH and is entering the model
s12955 is age 16.0 and hispanic and is entering the model
s12956 is age 16.0 and blackNH and is entering the model
s12957 is age 16.0 and whiteNH and is entering the model
s12958 is age 16.0 and hispanic and is entering the model
s12959 is age 16.0 and hispanic and is entering the model
s12960 is age 16.0 and hispanic and is entering the model
s12961 is age 16.0 and whiteNH and is entering the model
s12962 is age 16.0 and whiteNH and is entering the model
s12963 is age 16.0 and blackNH and is entering the model
s12964 is age 16.0 and whiteNH and is entering the model
s12965 is age 16.0 and otherNH and is entering the model
s12966 is age 16.0 and whiteNH and is entering the model
s12967 is age 16.0 and hispanic and is entering the model
s12968 is age 16.0 and whiteNH and is entering the model
s12969 is age 16.0 and otherNH and is entering the model
s12970 is age 16.0 and whiteNH and is entering the model
s12971 is age 16.0 and blackNH and is entering the model
s12972 is age 16.0 and hispanic and is entering the model
s12973 is age 16.0 and whiteNH and is entering the model
s12974 is age 16.0 and whiteNH and is entering the model
s12975 is age 16.0 and otherNH and is entering the model

Agents are attending venues and using apps for week 79 in simulation...


Epidemic Simulation
----------------------------
Simulation: 1/1
Timestep: 79/3640
Prevalence: 1938
Population Size: 11739
----------------------------
The ages, hiv status, and relationship status for the agents are being updated...
s05572 is blackNH, aged 26.686000000000064 in age group 21to29, with relationship status of 0 and is now HIV+.
s06523 is blackNH, aged 18.556000000000065 in age group 21to29, with relationship status of 0 and is now HIV+.
s11099 is otherNH, aged 27.700000000000063 in age group 21to29, with relationship status of 1 and is now HIV+.

Agents are being removed from the simulation...
s01527 is aged 29.985000000000063, whiteNH and is leaving the simulation.
s01733 is aged 29.989000000000065, whiteNH and is leaving the simulation.
s01784 is aged 29.998000000000065, whiteNH and is leaving the simulation.
s02883 is aged 29.994000000000064, whiteNH and is leaving the simulation.
s03391 is aged 29.990000000000062, whiteNH and is leaving the simulation.
s06037 is aged 29.987000000000062, blackNH and is leaving the simulation.
s10427 is aged 29.986000000000065, otherNH and is leaving the simulation.

Agents who have aged to a new age group are being updated...
s00075 is 21.017230769230835 and has aged to age group 21to29.
s00240 is 21.001230769230833 and has aged to age group 21to29.
s00464 is 21.016230769230834 and has aged to age group 21to29.
s00777 is 21.003230769230836 and has aged to age group 21to29.
s01457 is 21.012230769230833 and has aged to age group 21to29.
s01539 is 21.010230769230834 and has aged to age group 21to29.
s01685 is 21.009230769230832 and has aged to age group 21to29.
s02840 is 21.010230769230834 and has aged to age group 21to29.
s03852 is 21.007230769230834 and has aged to age group 21to29.
s04289 is 21.004230769230833 and has aged to age group 21to29.
s05569 is 21.014230769230835 and has aged to age group 21to29.
s05636 is 21.004230769230833 and has aged to age group 21to29.
s07260 is 21.017230769230835 and has aged to age group 21to29.
s08478 is 21.009230769230832 and has aged to age group 21to29.
s08921 is 21.010230769230834 and has aged to age group 21to29.
s10420 is 21.007230769230834 and has aged to age group 21to29.
s10821 is 21.008230769230835 and has aged to age group 21to29.

New agents are being added to the simulation...
s12976 is age 16.0 and hispanic and is entering the model
s12977 is age 16.0 and hispanic and is entering the model
s12978 is age 16.0 and whiteNH and is entering the model
s12979 is age 16.0 and whiteNH and is entering the model
s12980 is age 16.0 and hispanic and is entering the model
s12981 is age 16.0 and hispanic and is entering the model
s12982 is age 16.0 and whiteNH and is entering the model
s12983 is age 16.0 and whiteNH and is entering the model
s12984 is age 16.0 and blackNH and is entering the model
s12985 is age 16.0 and blackNH and is entering the model
s12986 is age 16.0 and blackNH and is entering the model
s12987 is age 16.0 and hispanic and is entering the model
s12988 is age 16.0 and hispanic and is entering the model
s12989 is age 16.0 and whiteNH and is entering the model
s12990 is age 16.0 and blackNH and is entering the model
s12991 is age 16.0 and blackNH and is entering the model
s12992 is age 16.0 and blackNH and is entering the model
s12993 is age 16.0 and blackNH and is entering the model
s12994 is age 16.0 and blackNH and is entering the model

Agents are attending venues and using apps for week 80 in simulation...


Epidemic Simulation
----------------------------
Simulation: 1/1
Timestep: 80/3640
Prevalence: 1940
Population Size: 11751
----------------------------
The ages, hiv status, and relationship status for the agents are being updated...
s05354 is blackNH, aged 29.280230769230833 in age group 21to29, with relationship status of 0 and is now HIV+.
s06795 is blackNH, aged 26.888230769230834 in age group 21to29, with relationship status of 0 and is now HIV+.
s08377 is hispanic, aged 20.980230769230833 in age group 21to29, with relationship status of 1 and is now HIV+.

Agents are being removed from the simulation...
s00063 is aged 29.994230769230835, whiteNH and is leaving the simulation.
s01176 is aged 29.988230769230835, whiteNH and is leaving the simulation.
s01562 is aged 29.997230769230836, whiteNH and is leaving the simulation.
s02548 is aged 23.846230769230836, whiteNH and is leaving the simulation.
s04421 is aged 29.988230769230835, blackNH and is leaving the simulation.
s04440 is aged 29.995230769230833, blackNH and is leaving the simulation.
s05901 is aged 29.991230769230835, blackNH and is leaving the simulation.
s06025 is aged 29.998230769230833, blackNH and is leaving the simulation.
s07469 is aged 29.993230769230834, hispanic and is leaving the simulation.
s07645 is aged 29.996230769230834, hispanic and is leaving the simulation.
s07983 is aged 29.988230769230835, hispanic and is leaving the simulation.
s08836 is aged 29.991230769230835, hispanic and is leaving the simulation.
s09823 is aged 29.985230769230835, hispanic and is leaving the simulation.
s10836 is aged 29.989230769230833, otherNH and is leaving the simulation.

Agents who have aged to a new age group are being updated...
s01521 is 21.007461538461605 and has aged to age group 21to29.
s01536 is 21.005461538461603 and has aged to age group 21to29.
s02317 is 21.011461538461603 and has aged to age group 21to29.
s02634 is 21.010461538461605 and has aged to age group 21to29.
s02984 is 21.002461538461603 and has aged to age group 21to29.
s04031 is 21.006461538461604 and has aged to age group 21to29.
s04645 is 21.013461538461605 and has aged to age group 21to29.
s04928 is 21.015461538461604 and has aged to age group 21to29.
s06308 is 21.018461538461604 and has aged to age group 21to29.
s06765 is 21.014461538461603 and has aged to age group 21to29.
s07470 is 21.017461538461603 and has aged to age group 21to29.
s08272 is 21.007461538461605 and has aged to age group 21to29.
s08627 is 21.014461538461603 and has aged to age group 21to29.
s10795 is 21.018461538461604 and has aged to age group 21to29.
s11343 is 21.011461538461603 and has aged to age group 21to29.

New agents are being added to the simulation...
s12995 is age 16.0 and hispanic and is entering the model
s12996 is age 16.0 and hispanic and is entering the model
s12997 is age 16.0 and hispanic and is entering the model
s12998 is age 16.0 and hispanic and is entering the model
s12999 is age 16.0 and blackNH and is entering the model
s13000 is age 16.0 and whiteNH and is entering the model
s13001 is age 16.0 and hispanic and is entering the model
s13002 is age 16.0 and whiteNH and is entering the model
s13003 is age 16.0 and blackNH and is entering the model
s13004 is age 16.0 and blackNH and is entering the model
s13005 is age 16.0 and hispanic and is entering the model
s13006 is age 16.0 and hispanic and is entering the model

Agents are attending venues and using apps for week 81 in simulation...


Epidemic Simulation
----------------------------
Simulation: 1/1
Timestep: 81/3640
Prevalence: 1941
Population Size: 11749
----------------------------
The ages, hiv status, and relationship status for the agents are being updated...
s05149 is blackNH, aged 23.900461538461602 in age group 21to29, with relationship status of 1 and is now HIV+.
s12004 is whiteNH, aged 17.173076923076973 in age group 16to20, with relationship status of 0 and is now HIV+.

Agents are being removed from the simulation...
s00251 is aged 29.999461538461603, whiteNH and is leaving the simulation.
s00855 is aged 18.588461538461605, whiteNH and is leaving the simulation.
s02473 is aged 29.998461538461605, whiteNH and is leaving the simulation.
s03085 is aged 29.987461538461606, whiteNH and is leaving the simulation.
s04650 is aged 29.996461538461602, blackNH and is leaving the simulation.
s04870 is aged 29.985461538461603, blackNH and is leaving the simulation.
s05682 is aged 29.988461538461603, blackNH and is leaving the simulation.
s06031 is aged 29.985461538461603, blackNH and is leaving the simulation.
s06274 is aged 29.990461538461606, blackNH and is leaving the simulation.
s06637 is aged 29.995461538461605, blackNH and is leaving the simulation.
s07359 is aged 29.997461538461604, hispanic and is leaving the simulation.
s09417 is aged 29.995461538461605, hispanic and is leaving the simulation.
s09671 is aged 29.989461538461605, hispanic and is leaving the simulation.
s10914 is aged 29.988461538461603, otherNH and is leaving the simulation.
s11309 is aged 29.999461538461603, otherNH and is leaving the simulation.
s11678 is aged 29.984461538461606, otherNH and is leaving the simulation.

Agents who have aged to a new age group are being updated...
s00884 is 21.001692307692373 and has aged to age group 21to29.
s02183 is 21.017692307692375 and has aged to age group 21to29.
s03135 is 21.016692307692374 and has aged to age group 21to29.
s03243 is 21.018692307692373 and has aged to age group 21to29.
s04231 is 21.005692307692374 and has aged to age group 21to29.
s06582 is 21.000692307692375 and has aged to age group 21to29.
s06940 is 21.009692307692376 and has aged to age group 21to29.
s07280 is 21.001692307692373 and has aged to age group 21to29.
s07284 is 21.006692307692376 and has aged to age group 21to29.
s07598 is 21.010692307692374 and has aged to age group 21to29.
s07914 is 21.014692307692375 and has aged to age group 21to29.
s08377 is 21.018692307692373 and has aged to age group 21to29.
s09866 is 21.010692307692374 and has aged to age group 21to29.
s10743 is 21.003692307692376 and has aged to age group 21to29.
s10780 is 21.001692307692373 and has aged to age group 21to29.
s11447 is 21.006692307692376 and has aged to age group 21to29.
s11524 is 21.000692307692375 and has aged to age group 21to29.

New agents are being added to the simulation...
s13007 is age 16.0 and otherNH and is entering the model
s13008 is age 16.0 and hispanic and is entering the model
s13009 is age 16.0 and blackNH and is entering the model
s13010 is age 16.0 and blackNH and is entering the model
s13011 is age 16.0 and whiteNH and is entering the model
s13012 is age 16.0 and whiteNH and is entering the model
s13013 is age 16.0 and blackNH and is entering the model
s13014 is age 16.0 and hispanic and is entering the model
s13015 is age 16.0 and hispanic and is entering the model
s13016 is age 16.0 and otherNH and is entering the model
s13017 is age 16.0 and whiteNH and is entering the model
s13018 is age 16.0 and whiteNH and is entering the model
s13019 is age 16.0 and hispanic and is entering the model
s13020 is age 16.0 and whiteNH and is entering the model

Agents are attending venues and using apps for week 82 in simulation...


Epidemic Simulation
----------------------------
Simulation: 1/1
Timestep: 82/3640
Prevalence: 1941
Population Size: 11747
----------------------------
The ages, hiv status, and relationship status for the agents are being updated...
s05897 is blackNH, aged 26.540692307692375 in age group 21to29, with relationship status of 0 and is now HIV+.
s07649 is hispanic, aged 27.122692307692375 in age group 16to20, with relationship status of 0 and is now HIV+.
s12806 is blackNH, aged 16.25000000000001 in age group 16to20, with relationship status of 1 and is now HIV+.

Agents are being removed from the simulation...
s01020 is aged 29.985692307692375, whiteNH and is leaving the simulation.
s01071 is aged 29.986692307692373, whiteNH and is leaving the simulation.
s01626 is aged 29.982692307692375, whiteNH and is leaving the simulation.
s02445 is aged 29.992692307692373, whiteNH and is leaving the simulation.
s04342 is aged 29.987692307692374, blackNH and is leaving the simulation.
s05893 is aged 29.983692307692372, blackNH and is leaving the simulation.
s06085 is aged 29.990692307692374, blackNH and is leaving the simulation.
s06145 is aged 29.989692307692373, blackNH and is leaving the simulation.
s07726 is aged 29.990692307692374, hispanic and is leaving the simulation.
s08716 is aged 29.990692307692374, hispanic and is leaving the simulation.
s09243 is aged 29.996692307692374, hispanic and is leaving the simulation.
s09279 is aged 29.985692307692375, hispanic and is leaving the simulation.
s09359 is aged 29.982692307692375, hispanic and is leaving the simulation.
s09413 is aged 29.996692307692374, hispanic and is leaving the simulation.
s10373 is aged 29.982692307692375, hispanic and is leaving the simulation.
s10768 is aged 29.987692307692374, otherNH and is leaving the simulation.
s10789 is aged 29.986692307692373, otherNH and is leaving the simulation.
s11121 is aged 29.992692307692373, otherNH and is leaving the simulation.
s11253 is aged 29.990692307692374, otherNH and is leaving the simulation.

Agents who have aged to a new age group are being updated...
s00524 is 21.011923076923143 and has aged to age group 21to29.
s02346 is 21.012923076923144 and has aged to age group 21to29.
s02880 is 21.000923076923144 and has aged to age group 21to29.
s03837 is 21.018923076923144 and has aged to age group 21to29.
s03939 is 21.001923076923145 and has aged to age group 21to29.
s04019 is 21.010923076923145 and has aged to age group 21to29.
s05158 is 21.003923076923144 and has aged to age group 21to29.
s05209 is 21.002923076923143 and has aged to age group 21to29.
s05404 is 21.018923076923144 and has aged to age group 21to29.
s05860 is 21.007923076923145 and has aged to age group 21to29.
s06339 is 21.011923076923143 and has aged to age group 21to29.
s07330 is 21.010923076923145 and has aged to age group 21to29.
s08311 is 21.012923076923144 and has aged to age group 21to29.
s09677 is 21.014923076923143 and has aged to age group 21to29.
s10819 is 21.001923076923145 and has aged to age group 21to29.

New agents are being added to the simulation...
s13021 is age 16.0 and blackNH and is entering the model
s13022 is age 16.0 and whiteNH and is entering the model
s13023 is age 16.0 and hispanic and is entering the model
s13024 is age 16.0 and blackNH and is entering the model
s13025 is age 16.0 and whiteNH and is entering the model
s13026 is age 16.0 and blackNH and is entering the model
s13027 is age 16.0 and otherNH and is entering the model
s13028 is age 16.0 and whiteNH and is entering the model
s13029 is age 16.0 and hispanic and is entering the model
s13030 is age 16.0 and whiteNH and is entering the model
s13031 is age 16.0 and blackNH and is entering the model
s13032 is age 16.0 and otherNH and is entering the model
s13033 is age 16.0 and whiteNH and is entering the model
s13034 is age 16.0 and hispanic and is entering the model
s13035 is age 16.0 and whiteNH and is entering the model
s13036 is age 16.0 and whiteNH and is entering the model
s13037 is age 16.0 and whiteNH and is entering the model
s13038 is age 16.0 and blackNH and is entering the model
s13039 is age 16.0 and whiteNH and is entering the model
s13040 is age 16.0 and otherNH and is entering the model
s13041 is age 16.0 and blackNH and is entering the model
s13042 is age 16.0 and blackNH and is entering the model
s13043 is age 16.0 and blackNH and is entering the model
s13044 is age 16.0 and blackNH and is entering the model
s13045 is age 16.0 and hispanic and is entering the model
s13046 is age 16.0 and hispanic and is entering the model
s13047 is age 16.0 and hispanic and is entering the model

Agents are attending venues and using apps for week 83 in simulation...


Epidemic Simulation
----------------------------
Simulation: 1/1
Timestep: 83/3640
Prevalence: 1944
Population Size: 11755
----------------------------
The ages, hiv status, and relationship status for the agents are being updated...
s02429 is whiteNH, aged 25.509923076923144 in age group 21to29, with relationship status of 0 and is now HIV+.
s04746 is blackNH, aged 19.978923076923145 in age group 16to20, with relationship status of 1 and is now HIV+.
s05013 is blackNH, aged 28.120923076923145 in age group 21to29, with relationship status of 0 and is now HIV+.
s07464 is hispanic, aged 28.080923076923145 in age group 16to20, with relationship status of 1 and is now HIV+.

Agents are being removed from the simulation...
s00079 is aged 29.995923076923145, whiteNH and is leaving the simulation.
s00509 is aged 29.988923076923143, whiteNH and is leaving the simulation.
s00545 is aged 29.980923076923144, whiteNH and is leaving the simulation.
s01270 is aged 29.980923076923144, whiteNH and is leaving the simulation.
s02044 is aged 29.983923076923144, whiteNH and is leaving the simulation.
s02527 is aged 29.980923076923144, whiteNH and is leaving the simulation.
s02759 is aged 29.992923076923145, whiteNH and is leaving the simulation.
s03299 is aged 29.986923076923144, whiteNH and is leaving the simulation.
s03900 is aged 29.983923076923144, blackNH and is leaving the simulation.
s05005 is aged 29.993923076923146, blackNH and is leaving the simulation.
s05052 is aged 29.999923076923142, blackNH and is leaving the simulation.
s05423 is aged 29.987923076923146, blackNH and is leaving the simulation.
s06158 is aged 29.988923076923143, blackNH and is leaving the simulation.
s06285 is aged 29.995923076923145, blackNH and is leaving the simulation.
s06693 is aged 29.987923076923146, blackNH and is leaving the simulation.
s07271 is aged 29.980923076923144, hispanic and is leaving the simulation.
s07766 is aged 29.986923076923144, hispanic and is leaving the simulation.
s08179 is aged 29.997923076923144, hispanic and is leaving the simulation.
s08554 is aged 29.994923076923143, hispanic and is leaving the simulation.
s09780 is aged 29.993923076923146, hispanic and is leaving the simulation.
s10456 is aged 29.990923076923146, otherNH and is leaving the simulation.
s11128 is aged 29.990923076923146, otherNH and is leaving the simulation.
s11474 is aged 29.985923076923143, otherNH and is leaving the simulation.

Agents who have aged to a new age group are being updated...
s00335 is 21.013153846153916 and has aged to age group 21to29.
s00408 is 21.009153846153914 and has aged to age group 21to29.
s00536 is 21.017153846153914 and has aged to age group 21to29.
s01217 is 21.000153846153914 and has aged to age group 21to29.
s01435 is 21.016153846153916 and has aged to age group 21to29.
s01692 is 21.008153846153913 and has aged to age group 21to29.
s02741 is 21.013153846153916 and has aged to age group 21to29.
s05039 is 21.008153846153913 and has aged to age group 21to29.
s05852 is 21.015153846153915 and has aged to age group 21to29.
s07301 is 21.000153846153914 and has aged to age group 21to29.
s07563 is 21.007153846153916 and has aged to age group 21to29.
s11092 is 21.013153846153916 and has aged to age group 21to29.

New agents are being added to the simulation...
s13048 is age 16.0 and whiteNH and is entering the model
s13049 is age 16.0 and blackNH and is entering the model
s13050 is age 16.0 and blackNH and is entering the model
s13051 is age 16.0 and otherNH and is entering the model
s13052 is age 16.0 and hispanic and is entering the model
s13053 is age 16.0 and hispanic and is entering the model
s13054 is age 16.0 and hispanic and is entering the model
s13055 is age 16.0 and blackNH and is entering the model
s13056 is age 16.0 and otherNH and is entering the model
s13057 is age 16.0 and blackNH and is entering the model
s13058 is age 16.0 and otherNH and is entering the model
s13059 is age 16.0 and whiteNH and is entering the model
s13060 is age 16.0 and whiteNH and is entering the model
s13061 is age 16.0 and whiteNH and is entering the model
s13062 is age 16.0 and hispanic and is entering the model
s13063 is age 16.0 and hispanic and is entering the model

Agents are attending venues and using apps for week 84 in simulation...


Epidemic Simulation
----------------------------
Simulation: 1/1
Timestep: 84/3640
Prevalence: 1940
Population Size: 11748
----------------------------
The ages, hiv status, and relationship status for the agents are being updated...
s01286 is whiteNH, aged 22.639153846153913 in age group 16to20, with relationship status of 0 and is now HIV+.
s04441 is blackNH, aged 18.242153846153915 in age group 16to20, with relationship status of 1 and is now HIV+.
s09596 is hispanic, aged 29.039153846153916 in age group 21to29, with relationship status of 0 and is now HIV+.

Agents are being removed from the simulation...
s00123 is aged 29.995153846153915, whiteNH and is leaving the simulation.
s01445 is aged 29.982153846153913, whiteNH and is leaving the simulation.
s02846 is aged 29.983153846153915, whiteNH and is leaving the simulation.
s04547 is aged 29.986153846153915, blackNH and is leaving the simulation.
s05948 is aged 29.981153846153916, blackNH and is leaving the simulation.
s06757 is aged 19.352153846153914, blackNH and is leaving the simulation.
s07831 is aged 29.985153846153914, hispanic and is leaving the simulation.
s09269 is aged 29.982153846153913, hispanic and is leaving the simulation.
s11030 is aged 29.998153846153915, otherNH and is leaving the simulation.
s11519 is aged 29.986153846153915, otherNH and is leaving the simulation.

Agents who have aged to a new age group are being updated...
s00099 is 21.013384615384684 and has aged to age group 21to29.
s00715 is 21.001384615384683 and has aged to age group 21to29.
s00718 is 21.011384615384685 and has aged to age group 21to29.
s02177 is 21.003384615384686 and has aged to age group 21to29.
s02324 is 21.018384615384683 and has aged to age group 21to29.
s02614 is 21.002384615384685 and has aged to age group 21to29.
s02793 is 21.002384615384685 and has aged to age group 21to29.
s05953 is 21.005384615384685 and has aged to age group 21to29.
s06214 is 21.016384615384684 and has aged to age group 21to29.
s06429 is 21.007384615384684 and has aged to age group 21to29.
s06744 is 21.009384615384683 and has aged to age group 21to29.
s06908 is 21.016384615384684 and has aged to age group 21to29.
s07349 is 21.009384615384683 and has aged to age group 21to29.
s07424 is 21.012384615384683 and has aged to age group 21to29.
s08530 is 21.017384615384685 and has aged to age group 21to29.
s08823 is 21.002384615384685 and has aged to age group 21to29.
s09108 is 21.002384615384685 and has aged to age group 21to29.
s09418 is 21.009384615384683 and has aged to age group 21to29.
s09981 is 21.016384615384684 and has aged to age group 21to29.
s10942 is 21.014384615384685 and has aged to age group 21to29.

New agents are being added to the simulation...
s13064 is age 16.0 and blackNH and is entering the model
s13065 is age 16.0 and blackNH and is entering the model
s13066 is age 16.0 and hispanic and is entering the model
s13067 is age 16.0 and hispanic and is entering the model
s13068 is age 16.0 and otherNH and is entering the model
s13069 is age 16.0 and otherNH and is entering the model
s13070 is age 16.0 and blackNH and is entering the model
s13071 is age 16.0 and whiteNH and is entering the model
s13072 is age 16.0 and whiteNH and is entering the model
s13073 is age 16.0 and hispanic and is entering the model
s13074 is age 16.0 and whiteNH and is entering the model
s13075 is age 16.0 and whiteNH and is entering the model
s13076 is age 16.0 and hispanic and is entering the model
s13077 is age 16.0 and blackNH and is entering the model

Agents are attending venues and using apps for week 85 in simulation...


Epidemic Simulation
----------------------------
Simulation: 1/1
Timestep: 85/3640
Prevalence: 1938
Population Size: 11752
----------------------------
The ages, hiv status, and relationship status for the agents are being updated...

Agents are being removed from the simulation...
s01315 is aged 29.983384615384683, whiteNH and is leaving the simulation.
s01832 is aged 29.981384615384684, whiteNH and is leaving the simulation.
s03297 is aged 29.991384615384685, whiteNH and is leaving the simulation.
s03720 is aged 29.998384615384683, whiteNH and is leaving the simulation.
s03822 is aged 29.992384615384683, whiteNH and is leaving the simulation.
s04120 is aged 29.994384615384686, blackNH and is leaving the simulation.
s05582 is aged 29.997384615384686, blackNH and is leaving the simulation.
s08216 is aged 29.981384615384684, hispanic and is leaving the simulation.
s09808 is aged 29.984384615384684, hispanic and is leaving the simulation.
s10085 is aged 29.993384615384684, hispanic and is leaving the simulation.
s10430 is aged 29.984384615384684, otherNH and is leaving the simulation.
s10657 is aged 29.996384615384684, otherNH and is leaving the simulation.
s11593 is aged 29.982384615384685, otherNH and is leaving the simulation.

Agents who have aged to a new age group are being updated...
s01058 is 21.000615384615454 and has aged to age group 21to29.
s01122 is 21.017615384615453 and has aged to age group 21to29.
s01240 is 21.001615384615455 and has aged to age group 21to29.
s02097 is 21.015615384615455 and has aged to age group 21to29.
s03829 is 21.010615384615456 and has aged to age group 21to29.
s04013 is 21.016615384615456 and has aged to age group 21to29.
s04515 is 21.018615384615455 and has aged to age group 21to29.
s04525 is 21.004615384615455 and has aged to age group 21to29.
s04668 is 21.018615384615455 and has aged to age group 21to29.
s05468 is 21.012615384615454 and has aged to age group 21to29.
s05861 is 21.007615384615455 and has aged to age group 21to29.
s06835 is 21.010615384615456 and has aged to age group 21to29.
s08271 is 21.008615384615453 and has aged to age group 21to29.
s10239 is 21.014615384615453 and has aged to age group 21to29.
s10507 is 21.018615384615455 and has aged to age group 21to29.
s10531 is 21.008615384615453 and has aged to age group 21to29.

New agents are being added to the simulation...
s13078 is age 16.0 and whiteNH and is entering the model
s13079 is age 16.0 and blackNH and is entering the model
s13080 is age 16.0 and hispanic and is entering the model
s13081 is age 16.0 and otherNH and is entering the model
s13082 is age 16.0 and whiteNH and is entering the model
s13083 is age 16.0 and hispanic and is entering the model
s13084 is age 16.0 and hispanic and is entering the model
s13085 is age 16.0 and hispanic and is entering the model
s13086 is age 16.0 and blackNH and is entering the model
s13087 is age 16.0 and blackNH and is entering the model
s13088 is age 16.0 and hispanic and is entering the model
s13089 is age 16.0 and hispanic and is entering the model

Agents are attending venues and using apps for week 86 in simulation...


Epidemic Simulation
----------------------------
Simulation: 1/1
Timestep: 86/3640
Prevalence: 1941
Population Size: 11751
----------------------------
The ages, hiv status, and relationship status for the agents are being updated...
s05054 is blackNH, aged 19.704615384615455 in age group 21to29, with relationship status of 0 and is now HIV+.
s07339 is hispanic, aged 21.696615384615455 in age group 21to29, with relationship status of 0 and is now HIV+.
s11684 is otherNH, aged 24.253615384615454 in age group 21to29, with relationship status of 0 and is now HIV+.
s11964 is blackNH, aged 17.326923076923133 in age group 16to20, with relationship status of 0 and is now HIV+.

Agents are being removed from the simulation...
s00657 is aged 29.998615384615455, whiteNH and is leaving the simulation.
s01291 is aged 29.984615384615456, whiteNH and is leaving the simulation.
s03031 is aged 29.994615384615454, whiteNH and is leaving the simulation.
s04744 is aged 29.982615384615453, blackNH and is leaving the simulation.
s04942 is aged 29.988615384615454, blackNH and is leaving the simulation.
s05974 is aged 29.998615384615455, blackNH and is leaving the simulation.
s06717 is aged 29.999615384615453, blackNH and is leaving the simulation.
s06773 is aged 29.987615384615456, blackNH and is leaving the simulation.
s09572 is aged 29.983615384615455, hispanic and is leaving the simulation.
s11377 is aged 29.982615384615453, otherNH and is leaving the simulation.

Agents who have aged to a new age group are being updated...
s01742 is 21.003846153846226 and has aged to age group 21to29.
s01771 is 21.000846153846226 and has aged to age group 21to29.
s02873 is 21.000846153846226 and has aged to age group 21to29.
s04439 is 21.002846153846225 and has aged to age group 21to29.
s05086 is 21.017846153846225 and has aged to age group 21to29.
s05777 is 21.011846153846225 and has aged to age group 21to29.
s05859 is 21.016846153846224 and has aged to age group 21to29.
s06035 is 21.006846153846226 and has aged to age group 21to29.
s07040 is 21.000846153846226 and has aged to age group 21to29.
s07870 is 21.008846153846225 and has aged to age group 21to29.
s08587 is 21.016846153846224 and has aged to age group 21to29.
s10467 is 21.018846153846223 and has aged to age group 21to29.
s11154 is 21.002846153846225 and has aged to age group 21to29.
s11203 is 21.001846153846223 and has aged to age group 21to29.
s11626 is 21.010846153846224 and has aged to age group 21to29.

New agents are being added to the simulation...
s13090 is age 16.0 and whiteNH and is entering the model
s13091 is age 16.0 and hispanic and is entering the model
s13092 is age 16.0 and hispanic and is entering the model
s13093 is age 16.0 and hispanic and is entering the model
s13094 is age 16.0 and blackNH and is entering the model
s13095 is age 16.0 and whiteNH and is entering the model
s13096 is age 16.0 and whiteNH and is entering the model
s13097 is age 16.0 and blackNH and is entering the model
s13098 is age 16.0 and blackNH and is entering the model
s13099 is age 16.0 and whiteNH and is entering the model
s13100 is age 16.0 and hispanic and is entering the model
s13101 is age 16.0 and whiteNH and is entering the model
s13102 is age 16.0 and blackNH and is entering the model

Agents are attending venues and using apps for week 87 in simulation...


Epidemic Simulation
----------------------------
Simulation: 1/1
Timestep: 87/3640
Prevalence: 1947
Population Size: 11754
----------------------------
The ages, hiv status, and relationship status for the agents are being updated...
s02601 is whiteNH, aged 27.855846153846226 in age group 21to29, with relationship status of 1 and is now HIV+.
s03380 is whiteNH, aged 25.032846153846226 in age group 21to29, with relationship status of 1 and is now HIV+.
s05341 is blackNH, aged 24.716846153846223 in age group 21to29, with relationship status of 1 and is now HIV+.
s06601 is blackNH, aged 17.967846153846224 in age group 21to29, with relationship status of 0 and is now HIV+.
s08440 is hispanic, aged 25.275846153846224 in age group 21to29, with relationship status of 1 and is now HIV+.
s09733 is hispanic, aged 21.316846153846225 in age group 21to29, with relationship status of 0 and is now HIV+.
s12203 is blackNH, aged 17.076923076923123 in age group 16to20, with relationship status of 1 and is now HIV+.

Agents are being removed from the simulation...
s00398 is aged 29.988846153846225, whiteNH and is leaving the simulation.
s00712 is aged 29.997846153846226, whiteNH and is leaving the simulation.
s02319 is aged 29.983846153846223, whiteNH and is leaving the simulation.
s03124 is aged 29.980846153846226, whiteNH and is leaving the simulation.
s03742 is aged 29.988846153846225, whiteNH and is leaving the simulation.
s05768 is aged 29.996846153846224, blackNH and is leaving the simulation.
s06309 is aged 29.986846153846223, blackNH and is leaving the simulation.
s07925 is aged 29.986846153846223, hispanic and is leaving the simulation.
s09869 is aged 29.993846153846224, hispanic and is leaving the simulation.
s10084 is aged 29.999846153846224, hispanic and is leaving the simulation.
s10368 is aged 29.989846153846223, hispanic and is leaving the simulation.
s11453 is aged 29.990846153846224, otherNH and is leaving the simulation.
s11584 is aged 29.992846153846223, otherNH and is leaving the simulation.

Agents who have aged to a new age group are being updated...
s00028 is 21.003076923076993 and has aged to age group 21to29.
s01331 is 21.014076923076995 and has aged to age group 21to29.
s01472 is 21.009076923076993 and has aged to age group 21to29.
s03300 is 21.004076923076994 and has aged to age group 21to29.
s03778 is 21.004076923076994 and has aged to age group 21to29.
s04370 is 21.003076923076993 and has aged to age group 21to29.
s05221 is 21.009076923076993 and has aged to age group 21to29.
s06156 is 21.011076923076995 and has aged to age group 21to29.
s06482 is 21.008076923076995 and has aged to age group 21to29.
s06828 is 21.015076923076993 and has aged to age group 21to29.
s07651 is 21.016076923076994 and has aged to age group 21to29.
s08027 is 21.001076923076994 and has aged to age group 21to29.
s08181 is 21.000076923076996 and has aged to age group 21to29.
s08856 is 21.015076923076993 and has aged to age group 21to29.
s09371 is 21.012076923076993 and has aged to age group 21to29.
s11244 is 21.003076923076993 and has aged to age group 21to29.

New agents are being added to the simulation...
s13103 is age 16.0 and hispanic and is entering the model
s13104 is age 16.0 and otherNH and is entering the model
s13105 is age 16.0 and whiteNH and is entering the model
s13106 is age 16.0 and whiteNH and is entering the model
s13107 is age 16.0 and blackNH and is entering the model
s13108 is age 16.0 and hispanic and is entering the model
s13109 is age 16.0 and whiteNH and is entering the model
s13110 is age 16.0 and hispanic and is entering the model
s13111 is age 16.0 and otherNH and is entering the model
s13112 is age 16.0 and hispanic and is entering the model
s13113 is age 16.0 and otherNH and is entering the model
s13114 is age 16.0 and blackNH and is entering the model
s13115 is age 16.0 and whiteNH and is entering the model
s13116 is age 16.0 and blackNH and is entering the model
s13117 is age 16.0 and otherNH and is entering the model
s13118 is age 16.0 and otherNH and is entering the model
s13119 is age 16.0 and blackNH and is entering the model

Agents are attending venues and using apps for week 88 in simulation...


Epidemic Simulation
----------------------------
Simulation: 1/1
Timestep: 88/3640
Prevalence: 1952
Population Size: 11758
----------------------------
The ages, hiv status, and relationship status for the agents are being updated...
s02193 is whiteNH, aged 27.865076923076995 in age group 21to29, with relationship status of 0 and is now HIV+.
s03922 is blackNH, aged 28.197076923076995 in age group 16to20, with relationship status of 1 and is now HIV+.
s03951 is blackNH, aged 23.501076923076994 in age group 16to20, with relationship status of 0 and is now HIV+.
s04198 is blackNH, aged 26.474076923076993 in age group 16to20, with relationship status of 0 and is now HIV+.
s04814 is blackNH, aged 25.076076923076993 in age group 16to20, with relationship status of 0 and is now HIV+.
s04835 is blackNH, aged 24.248076923076994 in age group 16to20, with relationship status of 1 and is now HIV+.
s05465 is blackNH, aged 24.545076923076994 in age group 21to29, with relationship status of 1 and is now HIV+.
s08240 is hispanic, aged 19.506076923076993 in age group 21to29, with relationship status of 0 and is now HIV+.

Agents are being removed from the simulation...
s01465 is aged 29.996076923076995, whiteNH and is leaving the simulation.
s01924 is aged 29.996076923076995, whiteNH and is leaving the simulation.
s02371 is aged 29.995076923076994, whiteNH and is leaving the simulation.
s02454 is aged 29.991076923076996, whiteNH and is leaving the simulation.
s02612 is aged 29.999076923076995, whiteNH and is leaving the simulation.
s05239 is aged 29.997076923076996, blackNH and is leaving the simulation.
s05732 is aged 29.996076923076995, blackNH and is leaving the simulation.
s05771 is aged 29.984076923076994, blackNH and is leaving the simulation.
s06064 is aged 29.993076923076995, blackNH and is leaving the simulation.
s06083 is aged 29.991076923076996, blackNH and is leaving the simulation.
s06479 is aged 29.986076923076993, blackNH and is leaving the simulation.
s06670 is aged 29.988076923076996, blackNH and is leaving the simulation.
s06673 is aged 29.995076923076994, blackNH and is leaving the simulation.
s06680 is aged 29.985076923076996, blackNH and is leaving the simulation.
s07224 is aged 29.993076923076995, hispanic and is leaving the simulation.
s09934 is aged 29.990076923076995, hispanic and is leaving the simulation.
s10112 is aged 29.984076923076994, hispanic and is leaving the simulation.
s10276 is aged 29.994076923076996, hispanic and is leaving the simulation.

Agents who have aged to a new age group are being updated...
s00072 is 21.006307692307765 and has aged to age group 21to29.
s00714 is 21.007307692307766 and has aged to age group 21to29.
s01679 is 21.010307692307766 and has aged to age group 21to29.
s02067 is 21.002307692307763 and has aged to age group 21to29.
s03995 is 21.008307692307763 and has aged to age group 21to29.
s04404 is 21.008307692307763 and has aged to age group 21to29.
s05800 is 21.016307692307766 and has aged to age group 21to29.
s09889 is 21.004307692307766 and has aged to age group 21to29.
s10864 is 21.001307692307766 and has aged to age group 21to29.
s11449 is 21.017307692307764 and has aged to age group 21to29.
s11619 is 21.013307692307766 and has aged to age group 21to29.

New agents are being added to the simulation...
s13120 is age 16.0 and blackNH and is entering the model
s13121 is age 16.0 and whiteNH and is entering the model
s13122 is age 16.0 and hispanic and is entering the model
s13123 is age 16.0 and whiteNH and is entering the model
s13124 is age 16.0 and otherNH and is entering the model
s13125 is age 16.0 and hispanic and is entering the model
s13126 is age 16.0 and hispanic and is entering the model
s13127 is age 16.0 and otherNH and is entering the model
s13128 is age 16.0 and hispanic and is entering the model
s13129 is age 16.0 and hispanic and is entering the model
s13130 is age 16.0 and whiteNH and is entering the model
s13131 is age 16.0 and hispanic and is entering the model
s13132 is age 16.0 and blackNH and is entering the model
s13133 is age 16.0 and blackNH and is entering the model
s13134 is age 16.0 and whiteNH and is entering the model
s13135 is age 16.0 and blackNH and is entering the model
s13136 is age 16.0 and hispanic and is entering the model
s13137 is age 16.0 and hispanic and is entering the model
s13138 is age 16.0 and hispanic and is entering the model

Agents are attending venues and using apps for week 89 in simulation...


Epidemic Simulation
----------------------------
Simulation: 1/1
Timestep: 89/3640
Prevalence: 1950
Population Size: 11759
----------------------------
The ages, hiv status, and relationship status for the agents are being updated...
s05620 is blackNH, aged 20.342307692307763 in age group 21to29, with relationship status of 1 and is now HIV+.
s06624 is blackNH, aged 18.269307692307763 in age group 21to29, with relationship status of 1 and is now HIV+.
s06676 is blackNH, aged 17.752307692307763 in age group 21to29, with relationship status of 0 and is now HIV+.
s08147 is hispanic, aged 24.033307692307766 in age group 21to29, with relationship status of 0 and is now HIV+.
s08366 is hispanic, aged 27.594307692307765 in age group 21to29, with relationship status of 0 and is now HIV+.

Agents are being removed from the simulation...
s00183 is aged 29.992307692307765, whiteNH and is leaving the simulation.
s00896 is aged 29.987307692307766, whiteNH and is leaving the simulation.
s00938 is aged 29.982307692307764, whiteNH and is leaving the simulation.
s01012 is aged 29.996307692307763, whiteNH and is leaving the simulation.
s01213 is aged 29.996307692307763, whiteNH and is leaving the simulation.
s01811 is aged 29.981307692307766, whiteNH and is leaving the simulation.
s02795 is aged 29.990307692307763, whiteNH and is leaving the simulation.
s02961 is aged 29.986307692307765, whiteNH and is leaving the simulation.
s03236 is aged 29.993307692307763, whiteNH and is leaving the simulation.
s03456 is aged 29.989307692307765, whiteNH and is leaving the simulation.
s04034 is aged 29.987307692307766, blackNH and is leaving the simulation.
s05233 is aged 29.997307692307764, blackNH and is leaving the simulation.
s05346 is aged 29.986307692307765, blackNH and is leaving the simulation.
s05869 is aged 29.985307692307764, blackNH and is leaving the simulation.
s06560 is aged 29.986307692307765, blackNH and is leaving the simulation.
s07360 is aged 29.992307692307765, hispanic and is leaving the simulation.
s08069 is aged 29.994307692307764, hispanic and is leaving the simulation.
s09646 is aged 29.989307692307765, hispanic and is leaving the simulation.
s09969 is aged 29.995307692307765, hispanic and is leaving the simulation.
s10585 is aged 29.992307692307765, otherNH and is leaving the simulation.
s11207 is aged 29.984307692307766, otherNH and is leaving the simulation.
s11650 is aged 29.982307692307764, otherNH and is leaving the simulation.

Agents who have aged to a new age group are being updated...
s01081 is 21.005538461538535 and has aged to age group 21to29.
s01212 is 21.016538461538534 and has aged to age group 21to29.
s02632 is 21.000538461538536 and has aged to age group 21to29.
s02742 is 21.010538461538534 and has aged to age group 21to29.
s03493 is 21.018538461538533 and has aged to age group 21to29.
s05257 is 21.007538461538534 and has aged to age group 21to29.
s05764 is 21.000538461538536 and has aged to age group 21to29.
s06391 is 21.005538461538535 and has aged to age group 21to29.
s06822 is 21.014538461538535 and has aged to age group 21to29.
s07569 is 21.018538461538533 and has aged to age group 21to29.
s08050 is 21.012538461538533 and has aged to age group 21to29.
s08582 is 21.011538461538535 and has aged to age group 21to29.
s08694 is 21.012538461538533 and has aged to age group 21to29.
s09589 is 21.011538461538535 and has aged to age group 21to29.
s10184 is 21.012538461538533 and has aged to age group 21to29.
s10947 is 21.000538461538536 and has aged to age group 21to29.
s11133 is 21.010538461538534 and has aged to age group 21to29.
s11427 is 21.014538461538535 and has aged to age group 21to29.

New agents are being added to the simulation...
s13139 is age 16.0 and hispanic and is entering the model
s13140 is age 16.0 and blackNH and is entering the model
s13141 is age 16.0 and whiteNH and is entering the model
s13142 is age 16.0 and whiteNH and is entering the model
s13143 is age 16.0 and hispanic and is entering the model
s13144 is age 16.0 and hispanic and is entering the model
s13145 is age 16.0 and hispanic and is entering the model
s13146 is age 16.0 and hispanic and is entering the model
s13147 is age 16.0 and hispanic and is entering the model
s13148 is age 16.0 and whiteNH and is entering the model
s13149 is age 16.0 and hispanic and is entering the model
s13150 is age 16.0 and hispanic and is entering the model
s13151 is age 16.0 and whiteNH and is entering the model
s13152 is age 16.0 and blackNH and is entering the model
s13153 is age 16.0 and whiteNH and is entering the model
s13154 is age 16.0 and hispanic and is entering the model
s13155 is age 16.0 and hispanic and is entering the model
s13156 is age 16.0 and whiteNH and is entering the model
s13157 is age 16.0 and blackNH and is entering the model

Agents are attending venues and using apps for week 90 in simulation...


Epidemic Simulation
----------------------------
Simulation: 1/1
Timestep: 90/3640
Prevalence: 1948
Population Size: 11756
----------------------------
The ages, hiv status, and relationship status for the agents are being updated...
s04479 is blackNH, aged 18.789538461538534 in age group 16to20, with relationship status of 0 and is now HIV+.
s05723 is blackNH, aged 23.113538461538536 in age group 21to29, with relationship status of 0 and is now HIV+.

Agents are being removed from the simulation...
s01074 is aged 29.998538461538534, whiteNH and is leaving the simulation.
s03791 is aged 29.987538461538534, whiteNH and is leaving the simulation.
s06164 is aged 29.988538461538536, blackNH and is leaving the simulation.
s06375 is aged 29.982538461538535, blackNH and is leaving the simulation.
s06889 is aged 29.995538461538533, hispanic and is leaving the simulation.
s09799 is aged 29.989538461538533, hispanic and is leaving the simulation.
s09956 is aged 29.986538461538533, hispanic and is leaving the simulation.
s10016 is aged 29.991538461538536, hispanic and is leaving the simulation.

Agents who have aged to a new age group are being updated...
s00492 is 21.015769230769305 and has aged to age group 21to29.
s00527 is 21.002769230769303 and has aged to age group 21to29.
s00815 is 21.006769230769304 and has aged to age group 21to29.
s02141 is 21.014769230769303 and has aged to age group 21to29.
s03461 is 21.005769230769303 and has aged to age group 21to29.
s05166 is 21.012769230769305 and has aged to age group 21to29.
s05922 is 21.002769230769303 and has aged to age group 21to29.
s06040 is 21.009769230769304 and has aged to age group 21to29.
s06134 is 21.011769230769303 and has aged to age group 21to29.
s07676 is 21.000769230769304 and has aged to age group 21to29.
s07795 is 21.010769230769306 and has aged to age group 21to29.
s08086 is 21.006769230769304 and has aged to age group 21to29.
s08268 is 21.014769230769303 and has aged to age group 21to29.
s09854 is 21.009769230769304 and has aged to age group 21to29.
s11236 is 21.013769230769306 and has aged to age group 21to29.

New agents are being added to the simulation...
s13158 is age 16.0 and hispanic and is entering the model
s13159 is age 16.0 and whiteNH and is entering the model
s13160 is age 16.0 and whiteNH and is entering the model
s13161 is age 16.0 and whiteNH and is entering the model
s13162 is age 16.0 and whiteNH and is entering the model
s13163 is age 16.0 and blackNH and is entering the model
s13164 is age 16.0 and hispanic and is entering the model
s13165 is age 16.0 and blackNH and is entering the model
s13166 is age 16.0 and hispanic and is entering the model
s13167 is age 16.0 and whiteNH and is entering the model
s13168 is age 16.0 and whiteNH and is entering the model
s13169 is age 16.0 and hispanic and is entering the model
s13170 is age 16.0 and whiteNH and is entering the model
s13171 is age 16.0 and hispanic and is entering the model
s13172 is age 16.0 and hispanic and is entering the model
s13173 is age 16.0 and whiteNH and is entering the model
s13174 is age 16.0 and hispanic and is entering the model
s13175 is age 16.0 and hispanic and is entering the model
s13176 is age 16.0 and otherNH and is entering the model
s13177 is age 16.0 and otherNH and is entering the model
s13178 is age 16.0 and blackNH and is entering the model

Agents are attending venues and using apps for week 91 in simulation...


Epidemic Simulation
----------------------------
Simulation: 1/1
Timestep: 91/3640
Prevalence: 1952
Population Size: 11769
----------------------------
The ages, hiv status, and relationship status for the agents are being updated...
s04159 is blackNH, aged 25.012769230769305 in age group 16to20, with relationship status of 1 and is now HIV+.
s05195 is blackNH, aged 20.345769230769303 in age group 21to29, with relationship status of 1 and is now HIV+.
s08330 is hispanic, aged 25.291769230769304 in age group 21to29, with relationship status of 0 and is now HIV+.
s11773 is hispanic, aged 17.615384615384684 in age group 16to20, with relationship status of 0 and is now HIV+.

Agents are being removed from the simulation...
s02949 is aged 29.999769230769303, whiteNH and is leaving the simulation.
s04802 is aged 29.994769230769304, blackNH and is leaving the simulation.
s05476 is aged 29.995769230769305, blackNH and is leaving the simulation.
s05714 is aged 29.991769230769304, blackNH and is leaving the simulation.
s06138 is aged 29.980769230769305, blackNH and is leaving the simulation.
s07934 is aged 29.984769230769306, hispanic and is leaving the simulation.
s08782 is aged 29.987769230769306, hispanic and is leaving the simulation.
s09026 is aged 29.991769230769304, hispanic and is leaving the simulation.
s10921 is aged 29.990769230769306, otherNH and is leaving the simulation.

Agents who have aged to a new age group are being updated...
s00172 is 21.008000000000074 and has aged to age group 21to29.
s01165 is 21.005000000000074 and has aged to age group 21to29.
s01365 is 21.018000000000075 and has aged to age group 21to29.
s01408 is 21.001000000000076 and has aged to age group 21to29.
s01656 is 21.000000000000075 and has aged to age group 21to29.
s02537 is 21.001000000000076 and has aged to age group 21to29.
s02573 is 21.014000000000074 and has aged to age group 21to29.
s02786 is 21.018000000000075 and has aged to age group 21to29.
s03090 is 21.001000000000076 and has aged to age group 21to29.
s03288 is 21.005000000000074 and has aged to age group 21to29.
s03349 is 21.017000000000074 and has aged to age group 21to29.
s04209 is 21.011000000000074 and has aged to age group 21to29.
s04215 is 21.008000000000074 and has aged to age group 21to29.
s05266 is 21.010000000000076 and has aged to age group 21to29.
s06428 is 21.013000000000076 and has aged to age group 21to29.
s06499 is 21.018000000000075 and has aged to age group 21to29.
s06842 is 21.005000000000074 and has aged to age group 21to29.
s07962 is 21.006000000000075 and has aged to age group 21to29.
s08940 is 21.005000000000074 and has aged to age group 21to29.
s09198 is 21.014000000000074 and has aged to age group 21to29.
s09201 is 21.007000000000076 and has aged to age group 21to29.
s09744 is 21.009000000000075 and has aged to age group 21to29.
s10721 is 21.011000000000074 and has aged to age group 21to29.

New agents are being added to the simulation...
s13179 is age 16.0 and blackNH and is entering the model
s13180 is age 16.0 and whiteNH and is entering the model
s13181 is age 16.0 and whiteNH and is entering the model
s13182 is age 16.0 and whiteNH and is entering the model
s13183 is age 16.0 and blackNH and is entering the model
s13184 is age 16.0 and whiteNH and is entering the model
s13185 is age 16.0 and hispanic and is entering the model
s13186 is age 16.0 and hispanic and is entering the model
s13187 is age 16.0 and hispanic and is entering the model
s13188 is age 16.0 and whiteNH and is entering the model
s13189 is age 16.0 and blackNH and is entering the model
s13190 is age 16.0 and whiteNH and is entering the model
s13191 is age 16.0 and otherNH and is entering the model
s13192 is age 16.0 and whiteNH and is entering the model

Agents are attending venues and using apps for week 92 in simulation...


Epidemic Simulation
----------------------------
Simulation: 1/1
Timestep: 92/3640
Prevalence: 1952
Population Size: 11774
----------------------------
The ages, hiv status, and relationship status for the agents are being updated...
s03960 is blackNH, aged 25.001000000000076 in age group 16to20, with relationship status of 0 and is now HIV+.
s06414 is blackNH, aged 28.648000000000074 in age group 21to29, with relationship status of 0 and is now HIV+.

Agents are being removed from the simulation...
s00149 is aged 29.995000000000076, whiteNH and is leaving the simulation.
s00937 is aged 29.985000000000074, whiteNH and is leaving the simulation.
s02270 is aged 29.986000000000075, whiteNH and is leaving the simulation.
s03354 is aged 29.999000000000073, whiteNH and is leaving the simulation.
s03806 is aged 29.996000000000073, whiteNH and is leaving the simulation.
s04785 is aged 29.993000000000073, blackNH and is leaving the simulation.
s05383 is aged 29.995000000000076, blackNH and is leaving the simulation.
s05389 is aged 29.996000000000073, blackNH and is leaving the simulation.
s06862 is aged 29.994000000000074, hispanic and is leaving the simulation.
s07555 is aged 29.981000000000076, hispanic and is leaving the simulation.
s08345 is aged 29.992000000000075, hispanic and is leaving the simulation.
s08546 is aged 29.997000000000074, hispanic and is leaving the simulation.
s08637 is aged 29.986000000000075, hispanic and is leaving the simulation.
s09249 is aged 29.982000000000074, hispanic and is leaving the simulation.
s10247 is aged 29.989000000000075, hispanic and is leaving the simulation.
s11385 is aged 29.998000000000076, otherNH and is leaving the simulation.

Agents who have aged to a new age group are being updated...
s00061 is 21.016230769230845 and has aged to age group 21to29.
s00629 is 21.016230769230845 and has aged to age group 21to29.
s01223 is 21.014230769230846 and has aged to age group 21to29.
s01474 is 21.006230769230843 and has aged to age group 21to29.
s04076 is 21.012230769230843 and has aged to age group 21to29.
s04366 is 21.015230769230843 and has aged to age group 21to29.
s05173 is 21.010230769230844 and has aged to age group 21to29.
s06073 is 21.009230769230843 and has aged to age group 21to29.
s07295 is 21.010230769230844 and has aged to age group 21to29.
s08228 is 21.005230769230845 and has aged to age group 21to29.
s08978 is 21.008230769230845 and has aged to age group 21to29.
s09352 is 21.014230769230846 and has aged to age group 21to29.
s10263 is 21.011230769230846 and has aged to age group 21to29.
s10538 is 21.016230769230845 and has aged to age group 21to29.
s11396 is 21.014230769230846 and has aged to age group 21to29.

New agents are being added to the simulation...
s13193 is age 16.0 and whiteNH and is entering the model
s13194 is age 16.0 and blackNH and is entering the model
s13195 is age 16.0 and otherNH and is entering the model
s13196 is age 16.0 and hispanic and is entering the model
s13197 is age 16.0 and hispanic and is entering the model
s13198 is age 16.0 and whiteNH and is entering the model
s13199 is age 16.0 and hispanic and is entering the model
s13200 is age 16.0 and whiteNH and is entering the model
s13201 is age 16.0 and whiteNH and is entering the model
s13202 is age 16.0 and blackNH and is entering the model
s13203 is age 16.0 and blackNH and is entering the model
s13204 is age 16.0 and hispanic and is entering the model
s13205 is age 16.0 and whiteNH and is entering the model
s13206 is age 16.0 and hispanic and is entering the model
s13207 is age 16.0 and otherNH and is entering the model
s13208 is age 16.0 and blackNH and is entering the model

Agents are attending venues and using apps for week 93 in simulation...


Epidemic Simulation
----------------------------
Simulation: 1/1
Timestep: 93/3640
Prevalence: 1950
Population Size: 11774
----------------------------
The ages, hiv status, and relationship status for the agents are being updated...
s07955 is hispanic, aged 19.341230769230844 in age group 16to20, with relationship status of 1 and is now HIV+.
s08514 is hispanic, aged 21.778230769230845 in age group 21to29, with relationship status of 0 and is now HIV+.

Agents are being removed from the simulation...
s00883 is aged 29.990230769230845, whiteNH and is leaving the simulation.
s00954 is aged 29.995230769230844, whiteNH and is leaving the simulation.
s02132 is aged 29.983230769230843, whiteNH and is leaving the simulation.
s02206 is aged 29.990230769230845, whiteNH and is leaving the simulation.
s02892 is aged 29.999230769230845, whiteNH and is leaving the simulation.
s02971 is aged 29.996230769230845, whiteNH and is leaving the simulation.
s04102 is aged 29.984230769230845, blackNH and is leaving the simulation.
s05398 is aged 29.995230769230844, blackNH and is leaving the simulation.
s05624 is aged 29.986230769230843, blackNH and is leaving the simulation.
s06044 is aged 29.982230769230846, blackNH and is leaving the simulation.
s06570 is aged 29.985230769230846, blackNH and is leaving the simulation.
s06572 is aged 29.989230769230844, blackNH and is leaving the simulation.
s06666 is aged 29.994230769230846, blackNH and is leaving the simulation.
s06749 is aged 29.997230769230846, blackNH and is leaving the simulation.
s06999 is aged 29.982230769230846, hispanic and is leaving the simulation.
s07500 is aged 29.994230769230846, hispanic and is leaving the simulation.
s07929 is aged 29.986230769230843, hispanic and is leaving the simulation.
s08267 is aged 29.992230769230844, hispanic and is leaving the simulation.
s09505 is aged 29.996230769230845, hispanic and is leaving the simulation.
s09812 is aged 29.995230769230844, hispanic and is leaving the simulation.
s10030 is aged 29.990230769230845, hispanic and is leaving the simulation.
s10769 is aged 29.991230769230846, otherNH and is leaving the simulation.
s11391 is aged 29.998230769230844, otherNH and is leaving the simulation.

Agents who have aged to a new age group are being updated...
s03690 is 21.010461538461616 and has aged to age group 21to29.
s04279 is 21.018461538461615 and has aged to age group 21to29.
s06139 is 21.017461538461614 and has aged to age group 21to29.
s07580 is 21.005461538461613 and has aged to age group 21to29.
s07702 is 21.008461538461614 and has aged to age group 21to29.
s09410 is 21.011461538461614 and has aged to age group 21to29.
s09871 is 21.003461538461615 and has aged to age group 21to29.
s10070 is 21.014461538461614 and has aged to age group 21to29.
s10599 is 21.003461538461615 and has aged to age group 21to29.
s11153 is 21.005461538461613 and has aged to age group 21to29.
s11469 is 21.012461538461615 and has aged to age group 21to29.
s11595 is 21.014461538461614 and has aged to age group 21to29.

New agents are being added to the simulation...
s13209 is age 16.0 and hispanic and is entering the model
s13210 is age 16.0 and blackNH and is entering the model
s13211 is age 16.0 and blackNH and is entering the model
s13212 is age 16.0 and hispanic and is entering the model
s13213 is age 16.0 and blackNH and is entering the model
s13214 is age 16.0 and whiteNH and is entering the model
s13215 is age 16.0 and whiteNH and is entering the model
s13216 is age 16.0 and hispanic and is entering the model
s13217 is age 16.0 and hispanic and is entering the model
s13218 is age 16.0 and whiteNH and is entering the model
s13219 is age 16.0 and whiteNH and is entering the model
s13220 is age 16.0 and otherNH and is entering the model
s13221 is age 16.0 and whiteNH and is entering the model
s13222 is age 16.0 and hispanic and is entering the model
s13223 is age 16.0 and whiteNH and is entering the model
s13224 is age 16.0 and otherNH and is entering the model
s13225 is age 16.0 and whiteNH and is entering the model
s13226 is age 16.0 and otherNH and is entering the model
s13227 is age 16.0 and hispanic and is entering the model
s13228 is age 16.0 and blackNH and is entering the model
s13229 is age 16.0 and hispanic and is entering the model
s13230 is age 16.0 and hispanic and is entering the model
s13231 is age 16.0 and blackNH and is entering the model

Agents are attending venues and using apps for week 94 in simulation...


Epidemic Simulation
----------------------------
Simulation: 1/1
Timestep: 94/3640
Prevalence: 1949
Population Size: 11774
----------------------------
The ages, hiv status, and relationship status for the agents are being updated...
s04004 is blackNH, aged 23.466461538461616 in age group 16to20, with relationship status of 1 and is now HIV+.
s04788 is blackNH, aged 26.012461538461615 in age group 16to20, with relationship status of 0 and is now HIV+.
s08172 is hispanic, aged 29.561461538461614 in age group 21to29, with relationship status of 0 and is now HIV+.
s10383 is hispanic, aged 24.115461538461616 in age group 21to29, with relationship status of 1 and is now HIV+.

Agents are being removed from the simulation...
s01546 is aged 29.990461538461616, whiteNH and is leaving the simulation.
s02590 is aged 29.992461538461615, whiteNH and is leaving the simulation.
s03435 is aged 29.994461538461614, whiteNH and is leaving the simulation.
s04214 is aged 29.998461538461616, blackNH and is leaving the simulation.
s05268 is aged 29.989461538461615, blackNH and is leaving the simulation.
s05436 is aged 29.983461538461615, blackNH and is leaving the simulation.
s06450 is aged 29.989461538461615, blackNH and is leaving the simulation.
s06706 is aged 29.998461538461616, blackNH and is leaving the simulation.
s06936 is aged 29.990461538461616, hispanic and is leaving the simulation.
s07909 is aged 29.981461538461616, hispanic and is leaving the simulation.
s08720 is aged 29.994461538461614, hispanic and is leaving the simulation.
s09918 is aged 29.997461538461614, hispanic and is leaving the simulation.
s10412 is aged 29.999461538461613, hispanic and is leaving the simulation.
s10913 is aged 29.984461538461616, otherNH and is leaving the simulation.

Agents who have aged to a new age group are being updated...
s00667 is 21.001692307692384 and has aged to age group 21to29.
s01313 is 21.015692307692383 and has aged to age group 21to29.
s01914 is 21.012692307692383 and has aged to age group 21to29.
s02844 is 21.007692307692384 and has aged to age group 21to29.
s03840 is 21.003692307692386 and has aged to age group 21to29.
s04155 is 21.016692307692384 and has aged to age group 21to29.
s04192 is 21.014692307692385 and has aged to age group 21to29.
s06279 is 21.010692307692384 and has aged to age group 21to29.
s06475 is 21.001692307692384 and has aged to age group 21to29.
s06640 is 21.007692307692384 and has aged to age group 21to29.
s06715 is 21.006692307692386 and has aged to age group 21to29.
s06806 is 21.006692307692386 and has aged to age group 21to29.
s07416 is 21.017692307692386 and has aged to age group 21to29.
s07997 is 21.014692307692385 and has aged to age group 21to29.
s09251 is 21.013692307692384 and has aged to age group 21to29.
s09575 is 21.009692307692386 and has aged to age group 21to29.
s10081 is 21.006692307692386 and has aged to age group 21to29.

New agents are being added to the simulation...
s13232 is age 16.0 and hispanic and is entering the model
s13233 is age 16.0 and whiteNH and is entering the model
s13234 is age 16.0 and hispanic and is entering the model
s13235 is age 16.0 and whiteNH and is entering the model
s13236 is age 16.0 and hispanic and is entering the model
s13237 is age 16.0 and otherNH and is entering the model
s13238 is age 16.0 and whiteNH and is entering the model
s13239 is age 16.0 and hispanic and is entering the model
s13240 is age 16.0 and hispanic and is entering the model
s13241 is age 16.0 and blackNH and is entering the model
s13242 is age 16.0 and whiteNH and is entering the model
s13243 is age 16.0 and blackNH and is entering the model
s13244 is age 16.0 and whiteNH and is entering the model
s13245 is age 16.0 and blackNH and is entering the model

Agents are attending venues and using apps for week 95 in simulation...


Epidemic Simulation
----------------------------
Simulation: 1/1
Timestep: 95/3640
Prevalence: 1947
Population Size: 11774
----------------------------
The ages, hiv status, and relationship status for the agents are being updated...
s04662 is blackNH, aged 19.717692307692385 in age group 16to20, with relationship status of 0 and is now HIV+.
s09552 is hispanic, aged 27.018692307692383 in age group 21to29, with relationship status of 0 and is now HIV+.
s10660 is otherNH, aged 22.444692307692385 in age group 21to29, with relationship status of 0 and is now HIV+.

Agents are being removed from the simulation...
s00504 is aged 29.984692307692384, whiteNH and is leaving the simulation.
s01507 is aged 29.997692307692386, whiteNH and is leaving the simulation.
s02348 is aged 29.984692307692384, whiteNH and is leaving the simulation.
s03547 is aged 29.996692307692385, whiteNH and is leaving the simulation.
s03599 is aged 29.982692307692385, whiteNH and is leaving the simulation.
s04613 is aged 29.982692307692385, blackNH and is leaving the simulation.
s04722 is aged 29.983692307692383, blackNH and is leaving the simulation.
s04892 is aged 29.996692307692385, blackNH and is leaving the simulation.
s05670 is aged 29.996692307692385, blackNH and is leaving the simulation.
s05716 is aged 29.990692307692385, blackNH and is leaving the simulation.
s06255 is aged 29.983692307692383, blackNH and is leaving the simulation.
s06325 is aged 29.988692307692386, blackNH and is leaving the simulation.
s07020 is aged 29.993692307692385, hispanic and is leaving the simulation.
s07454 is aged 29.985692307692386, hispanic and is leaving the simulation.
s07818 is aged 29.981692307692384, hispanic and is leaving the simulation.
s08002 is aged 29.992692307692383, hispanic and is leaving the simulation.
s08496 is aged 29.981692307692384, hispanic and is leaving the simulation.
s08755 is aged 29.998692307692384, hispanic and is leaving the simulation.
s08759 is aged 29.986692307692383, hispanic and is leaving the simulation.
s10232 is aged 29.989692307692383, hispanic and is leaving the simulation.
s10755 is aged 29.990692307692385, otherNH and is leaving the simulation.
s10888 is aged 29.997692307692386, otherNH and is leaving the simulation.
s11490 is aged 29.990692307692385, otherNH and is leaving the simulation.

Agents who have aged to a new age group are being updated...
s00291 is 21.017923076923154 and has aged to age group 21to29.
s01131 is 21.012923076923155 and has aged to age group 21to29.
s01250 is 21.014923076923154 and has aged to age group 21to29.
s01311 is 21.007923076923156 and has aged to age group 21to29.
s01654 is 21.013923076923156 and has aged to age group 21to29.
s01705 is 21.002923076923153 and has aged to age group 21to29.
s01912 is 21.017923076923154 and has aged to age group 21to29.
s03255 is 21.013923076923156 and has aged to age group 21to29.
s04480 is 21.014923076923154 and has aged to age group 21to29.
s04579 is 21.016923076923156 and has aged to age group 21to29.
s07090 is 21.009923076923155 and has aged to age group 21to29.
s07851 is 21.008923076923153 and has aged to age group 21to29.
s07864 is 21.000923076923154 and has aged to age group 21to29.
s09228 is 21.013923076923156 and has aged to age group 21to29.
s09526 is 21.008923076923153 and has aged to age group 21to29.
s09676 is 21.013923076923156 and has aged to age group 21to29.
s11047 is 21.013923076923156 and has aged to age group 21to29.
s11483 is 21.003923076923154 and has aged to age group 21to29.

New agents are being added to the simulation...
s13246 is age 16.0 and whiteNH and is entering the model
s13247 is age 16.0 and whiteNH and is entering the model
s13248 is age 16.0 and hispanic and is entering the model
s13249 is age 16.0 and hispanic and is entering the model
s13250 is age 16.0 and blackNH and is entering the model
s13251 is age 16.0 and whiteNH and is entering the model
s13252 is age 16.0 and whiteNH and is entering the model
s13253 is age 16.0 and whiteNH and is entering the model
s13254 is age 16.0 and whiteNH and is entering the model
s13255 is age 16.0 and otherNH and is entering the model
s13256 is age 16.0 and whiteNH and is entering the model
s13257 is age 16.0 and hispanic and is entering the model

Agents are attending venues and using apps for week 96 in simulation...


Epidemic Simulation
----------------------------
Simulation: 1/1
Timestep: 96/3640
Prevalence: 1946
Population Size: 11763
----------------------------
The ages, hiv status, and relationship status for the agents are being updated...
s06166 is blackNH, aged 21.628923076923154 in age group 21to29, with relationship status of 0 and is now HIV+.
s06713 is blackNH, aged 25.793923076923154 in age group 21to29, with relationship status of 0 and is now HIV+.
s06805 is blackNH, aged 24.585923076923155 in age group 21to29, with relationship status of 1 and is now HIV+.
s09019 is hispanic, aged 19.824923076923156 in age group 21to29, with relationship status of 1 and is now HIV+.

Agents are being removed from the simulation...
s00168 is aged 29.982923076923154, whiteNH and is leaving the simulation.
s00179 is aged 29.995923076923155, whiteNH and is leaving the simulation.
s00839 is aged 29.982923076923154, whiteNH and is leaving the simulation.
s01296 is aged 29.987923076923156, whiteNH and is leaving the simulation.
s01486 is aged 29.989923076923155, whiteNH and is leaving the simulation.
s02502 is aged 29.988923076923154, whiteNH and is leaving the simulation.
s03839 is aged 29.996923076923157, blackNH and is leaving the simulation.
s04051 is aged 29.990923076923156, blackNH and is leaving the simulation.
s04546 is aged 29.984923076923156, blackNH and is leaving the simulation.
s04679 is aged 29.999923076923153, blackNH and is leaving the simulation.
s05207 is aged 24.165923076923153, blackNH and is leaving the simulation.
s06465 is aged 29.983923076923155, blackNH and is leaving the simulation.
s06726 is aged 29.982923076923154, blackNH and is leaving the simulation.
s07816 is aged 29.994923076923154, hispanic and is leaving the simulation.
s07871 is aged 29.987923076923156, hispanic and is leaving the simulation.
s07962 is aged 21.082923076923155, hispanic and is leaving the simulation.
s08676 is aged 29.980923076923155, hispanic and is leaving the simulation.
s08766 is aged 29.998923076923155, hispanic and is leaving the simulation.
s08767 is aged 29.986923076923155, hispanic and is leaving the simulation.
s10892 is aged 29.993923076923156, otherNH and is leaving the simulation.
s11210 is aged 29.982923076923154, otherNH and is leaving the simulation.

Agents who have aged to a new age group are being updated...
s00267 is 21.019153846153923 and has aged to age group 21to29.
s01263 is 21.001153846153926 and has aged to age group 21to29.
s01285 is 21.009153846153925 and has aged to age group 21to29.
s01962 is 21.002153846153924 and has aged to age group 21to29.
s03848 is 21.018153846153925 and has aged to age group 21to29.
s05045 is 21.002153846153924 and has aged to age group 21to29.
s05384 is 21.009153846153925 and has aged to age group 21to29.
s05589 is 21.011153846153924 and has aged to age group 21to29.
s07200 is 21.000153846153925 and has aged to age group 21to29.
s08025 is 21.007153846153926 and has aged to age group 21to29.
s08411 is 21.008153846153924 and has aged to age group 21to29.
s08412 is 21.004153846153926 and has aged to age group 21to29.
s09390 is 21.015153846153925 and has aged to age group 21to29.
s09822 is 21.001153846153926 and has aged to age group 21to29.
s10952 is 21.017153846153924 and has aged to age group 21to29.
s11241 is 21.006153846153925 and has aged to age group 21to29.
s11693 is 21.019153846153923 and has aged to age group 21to29.

New agents are being added to the simulation...
s13258 is age 16.0 and hispanic and is entering the model
s13259 is age 16.0 and whiteNH and is entering the model
s13260 is age 16.0 and hispanic and is entering the model
s13261 is age 16.0 and hispanic and is entering the model
s13262 is age 16.0 and whiteNH and is entering the model
s13263 is age 16.0 and whiteNH and is entering the model
s13264 is age 16.0 and blackNH and is entering the model
s13265 is age 16.0 and otherNH and is entering the model
s13266 is age 16.0 and blackNH and is entering the model
s13267 is age 16.0 and blackNH and is entering the model
s13268 is age 16.0 and hispanic and is entering the model
s13269 is age 16.0 and whiteNH and is entering the model
s13270 is age 16.0 and hispanic and is entering the model
s13271 is age 16.0 and blackNH and is entering the model
s13272 is age 16.0 and whiteNH and is entering the model

Agents are attending venues and using apps for week 97 in simulation...


Epidemic Simulation
----------------------------
Simulation: 1/1
Timestep: 97/3640
Prevalence: 1947
Population Size: 11757
----------------------------
The ages, hiv status, and relationship status for the agents are being updated...
s02415 is whiteNH, aged 22.616153846153924 in age group 21to29, with relationship status of 0 and is now HIV+.
s03617 is whiteNH, aged 25.580153846153927 in age group 21to29, with relationship status of 0 and is now HIV+.
s03861 is blackNH, aged 23.894153846153923 in age group 16to20, with relationship status of 1 and is now HIV+.
s04430 is blackNH, aged 26.991153846153924 in age group 16to20, with relationship status of 1 and is now HIV+.
s11370 is otherNH, aged 28.934153846153926 in age group 21to29, with relationship status of 1 and is now HIV+.

Agents are being removed from the simulation...
s00188 is aged 29.999153846153924, whiteNH and is leaving the simulation.
s00195 is aged 29.999153846153924, whiteNH and is leaving the simulation.
s02812 is aged 29.990153846153923, whiteNH and is leaving the simulation.
s03319 is aged 29.998153846153926, whiteNH and is leaving the simulation.
s04934 is aged 29.985153846153924, blackNH and is leaving the simulation.
s05374 is aged 29.992153846153926, blackNH and is leaving the simulation.
s07004 is aged 29.987153846153923, hispanic and is leaving the simulation.
s07127 is aged 29.999153846153924, hispanic and is leaving the simulation.
s07319 is aged 29.989153846153926, hispanic and is leaving the simulation.
s07606 is aged 29.994153846153925, hispanic and is leaving the simulation.
s08492 is aged 29.993153846153923, hispanic and is leaving the simulation.
s09952 is aged 29.996153846153923, hispanic and is leaving the simulation.

Agents who have aged to a new age group are being updated...
s00070 is 21.008384615384696 and has aged to age group 21to29.
s00199 is 21.012384615384693 and has aged to age group 21to29.
s01145 is 21.008384615384696 and has aged to age group 21to29.
s01664 is 21.008384615384696 and has aged to age group 21to29.
s02107 is 21.006384615384693 and has aged to age group 21to29.
s03032 is 21.012384615384693 and has aged to age group 21to29.
s03926 is 21.016384615384695 and has aged to age group 21to29.
s06007 is 21.008384615384696 and has aged to age group 21to29.
s06561 is 21.018384615384694 and has aged to age group 21to29.
s06721 is 21.001384615384694 and has aged to age group 21to29.
s06837 is 21.003384615384697 and has aged to age group 21to29.
s08145 is 21.003384615384697 and has aged to age group 21to29.
s08700 is 21.002384615384695 and has aged to age group 21to29.
s08779 is 21.009384615384693 and has aged to age group 21to29.
s08783 is 21.000384615384696 and has aged to age group 21to29.
s08798 is 21.007384615384694 and has aged to age group 21to29.
s09023 is 21.012384615384693 and has aged to age group 21to29.
s09137 is 21.008384615384696 and has aged to age group 21to29.
s09451 is 21.002384615384695 and has aged to age group 21to29.
s11038 is 21.017384615384696 and has aged to age group 21to29.
s11064 is 21.001384615384694 and has aged to age group 21to29.

New agents are being added to the simulation...
s13273 is age 16.0 and blackNH and is entering the model
s13274 is age 16.0 and whiteNH and is entering the model
s13275 is age 16.0 and whiteNH and is entering the model
s13276 is age 16.0 and hispanic and is entering the model
s13277 is age 16.0 and whiteNH and is entering the model
s13278 is age 16.0 and whiteNH and is entering the model
s13279 is age 16.0 and hispanic and is entering the model
s13280 is age 16.0 and whiteNH and is entering the model
s13281 is age 16.0 and blackNH and is entering the model
s13282 is age 16.0 and otherNH and is entering the model
s13283 is age 16.0 and hispanic and is entering the model
s13284 is age 16.0 and hispanic and is entering the model
s13285 is age 16.0 and whiteNH and is entering the model

Agents are attending venues and using apps for week 98 in simulation...


Epidemic Simulation
----------------------------
Simulation: 1/1
Timestep: 98/3640
Prevalence: 1953
Population Size: 11758
----------------------------
The ages, hiv status, and relationship status for the agents are being updated...
s01056 is whiteNH, aged 24.727384615384693 in age group 16to20, with relationship status of 1 and is now HIV+.
s04552 is blackNH, aged 24.704384615384694 in age group 16to20, with relationship status of 1 and is now HIV+.
s05735 is blackNH, aged 26.418384615384696 in age group 21to29, with relationship status of 1 and is now HIV+.
s06068 is blackNH, aged 19.827384615384695 in age group 21to29, with relationship status of 1 and is now HIV+.
s09953 is hispanic, aged 29.269384615384695 in age group 21to29, with relationship status of 0 and is now HIV+.
s12597 is blackNH, aged 16.846153846153882 in age group 16to20, with relationship status of 0 and is now HIV+.

Agents are being removed from the simulation...
s01461 is aged 29.993384615384695, whiteNH and is leaving the simulation.
s01502 is aged 29.989384615384694, whiteNH and is leaving the simulation.
s01530 is aged 29.993384615384695, whiteNH and is leaving the simulation.
s01744 is aged 29.988384615384696, whiteNH and is leaving the simulation.
s02788 is aged 29.986384615384694, whiteNH and is leaving the simulation.
s04117 is aged 29.992384615384694, blackNH and is leaving the simulation.
s04278 is aged 29.984384615384695, blackNH and is leaving the simulation.
s04913 is aged 29.992384615384694, blackNH and is leaving the simulation.
s04955 is aged 29.998384615384694, blackNH and is leaving the simulation.
s05695 is aged 29.997384615384696, blackNH and is leaving the simulation.
s05762 is aged 29.984384615384695, blackNH and is leaving the simulation.
s06295 is aged 29.987384615384695, blackNH and is leaving the simulation.
s06567 is aged 29.991384615384696, blackNH and is leaving the simulation.
s07477 is aged 29.985384615384696, hispanic and is leaving the simulation.
s07613 is aged 29.999384615384695, hispanic and is leaving the simulation.
s07695 is aged 29.992384615384694, hispanic and is leaving the simulation.
s07801 is aged 29.981384615384695, hispanic and is leaving the simulation.
s07922 is aged 29.998384615384694, hispanic and is leaving the simulation.
s07995 is aged 29.995384615384694, hispanic and is leaving the simulation.
s09132 is aged 29.983384615384693, hispanic and is leaving the simulation.
s10622 is aged 29.996384615384695, otherNH and is leaving the simulation.
s10879 is aged 29.991384615384696, otherNH and is leaving the simulation.

Agents who have aged to a new age group are being updated...
s00501 is 21.008615384615464 and has aged to age group 21to29.
s00555 is 21.008615384615464 and has aged to age group 21to29.
s00674 is 21.007615384615466 and has aged to age group 21to29.
s01820 is 21.017615384615464 and has aged to age group 21to29.
s02672 is 21.017615384615464 and has aged to age group 21to29.
s03005 is 21.013615384615466 and has aged to age group 21to29.
s04204 is 21.009615384615465 and has aged to age group 21to29.
s04348 is 21.012615384615465 and has aged to age group 21to29.
s04376 is 21.007615384615466 and has aged to age group 21to29.
s05231 is 21.009615384615465 and has aged to age group 21to29.
s05512 is 21.007615384615466 and has aged to age group 21to29.
s07937 is 21.004615384615466 and has aged to age group 21to29.
s09947 is 21.002615384615464 and has aged to age group 21to29.
s10424 is 21.011615384615464 and has aged to age group 21to29.
s10584 is 21.003615384615465 and has aged to age group 21to29.
s10909 is 21.010615384615466 and has aged to age group 21to29.
s11132 is 21.018615384615465 and has aged to age group 21to29.
s11540 is 21.006615384615465 and has aged to age group 21to29.
s11622 is 21.005615384615464 and has aged to age group 21to29.

New agents are being added to the simulation...
s13286 is age 16.0 and whiteNH and is entering the model
s13287 is age 16.0 and blackNH and is entering the model
s13288 is age 16.0 and hispanic and is entering the model
s13289 is age 16.0 and whiteNH and is entering the model
s13290 is age 16.0 and blackNH and is entering the model
s13291 is age 16.0 and otherNH and is entering the model
s13292 is age 16.0 and hispanic and is entering the model
s13293 is age 16.0 and blackNH and is entering the model
s13294 is age 16.0 and hispanic and is entering the model
s13295 is age 16.0 and whiteNH and is entering the model
s13296 is age 16.0 and blackNH and is entering the model
s13297 is age 16.0 and whiteNH and is entering the model
s13298 is age 16.0 and otherNH and is entering the model
s13299 is age 16.0 and hispanic and is entering the model
s13300 is age 16.0 and hispanic and is entering the model
s13301 is age 16.0 and hispanic and is entering the model
s13302 is age 16.0 and hispanic and is entering the model
s13303 is age 16.0 and blackNH and is entering the model
s13304 is age 16.0 and whiteNH and is entering the model
s13305 is age 16.0 and whiteNH and is entering the model
s13306 is age 16.0 and otherNH and is entering the model
s13307 is age 16.0 and hispanic and is entering the model
s13308 is age 16.0 and whiteNH and is entering the model
s13309 is age 16.0 and blackNH and is entering the model
s13310 is age 16.0 and whiteNH and is entering the model
s13311 is age 16.0 and otherNH and is entering the model
s13312 is age 16.0 and whiteNH and is entering the model

Agents are attending venues and using apps for week 99 in simulation...


Epidemic Simulation
----------------------------
Simulation: 1/1
Timestep: 99/3640
Prevalence: 1951
Population Size: 11763
----------------------------
The ages, hiv status, and relationship status for the agents are being updated...
s06419 is blackNH, aged 22.498615384615466 in age group 21to29, with relationship status of 0 and is now HIV+.
s08317 is hispanic, aged 26.585615384615465 in age group 21to29, with relationship status of 1 and is now HIV+.

Agents are being removed from the simulation...
s00007 is aged 29.994615384615464, whiteNH and is leaving the simulation.
s00735 is aged 29.992615384615466, whiteNH and is leaving the simulation.
s00950 is aged 29.995615384615466, whiteNH and is leaving the simulation.
s01432 is aged 29.991615384615464, whiteNH and is leaving the simulation.
s01730 is aged 29.991615384615464, whiteNH and is leaving the simulation.
s01759 is aged 29.998615384615466, whiteNH and is leaving the simulation.
s01806 is aged 29.984615384615466, whiteNH and is leaving the simulation.
s01896 is aged 29.985615384615464, whiteNH and is leaving the simulation.
s03856 is aged 29.998615384615466, blackNH and is leaving the simulation.
s04143 is aged 29.999615384615463, blackNH and is leaving the simulation.
s04195 is aged 29.987615384615466, blackNH and is leaving the simulation.
s06039 is aged 29.993615384615467, blackNH and is leaving the simulation.
s06324 is aged 29.985615384615464, blackNH and is leaving the simulation.
s06756 is aged 29.985615384615464, blackNH and is leaving the simulation.
s07099 is aged 29.994615384615464, hispanic and is leaving the simulation.
s08346 is aged 29.987615384615466, hispanic and is leaving the simulation.
s09152 is aged 29.988615384615464, hispanic and is leaving the simulation.
s09648 is aged 29.991615384615464, hispanic and is leaving the simulation.
s10742 is aged 29.999615384615463, otherNH and is leaving the simulation.
s10896 is aged 29.986615384615465, otherNH and is leaving the simulation.
s11569 is aged 29.983615384615465, otherNH and is leaving the simulation.

Agents who have aged to a new age group are being updated...
s01554 is 21.009846153846237 and has aged to age group 21to29.
s01716 is 21.015846153846233 and has aged to age group 21to29.
s01937 is 21.002846153846235 and has aged to age group 21to29.
s02376 is 21.011846153846236 and has aged to age group 21to29.
s02414 is 21.012846153846237 and has aged to age group 21to29.
s02560 is 21.000846153846236 and has aged to age group 21to29.
s03888 is 21.001846153846234 and has aged to age group 21to29.
s04109 is 21.002846153846235 and has aged to age group 21to29.
s05313 is 21.010846153846234 and has aged to age group 21to29.
s05829 is 21.008846153846235 and has aged to age group 21to29.
s05833 is 21.012846153846237 and has aged to age group 21to29.
s06764 is 21.013846153846234 and has aged to age group 21to29.
s06808 is 21.012846153846237 and has aged to age group 21to29.
s07993 is 21.006846153846237 and has aged to age group 21to29.
s08884 is 21.001846153846234 and has aged to age group 21to29.
s09001 is 21.008846153846235 and has aged to age group 21to29.
s09089 is 21.002846153846235 and has aged to age group 21to29.
s09531 is 21.004846153846234 and has aged to age group 21to29.

New agents are being added to the simulation...
s13313 is age 16.0 and otherNH and is entering the model
s13314 is age 16.0 and otherNH and is entering the model
s13315 is age 16.0 and whiteNH and is entering the model
s13316 is age 16.0 and whiteNH and is entering the model
s13317 is age 16.0 and blackNH and is entering the model
s13318 is age 16.0 and hispanic and is entering the model
s13319 is age 16.0 and otherNH and is entering the model
s13320 is age 16.0 and blackNH and is entering the model
s13321 is age 16.0 and whiteNH and is entering the model
s13322 is age 16.0 and hispanic and is entering the model
s13323 is age 16.0 and whiteNH and is entering the model
s13324 is age 16.0 and whiteNH and is entering the model
s13325 is age 16.0 and hispanic and is entering the model
s13326 is age 16.0 and otherNH and is entering the model
s13327 is age 16.0 and blackNH and is entering the model

Agents are attending venues and using apps for week 100 in simulation...


Epidemic Simulation
----------------------------
Simulation: 1/1
Timestep: 100/3640
Prevalence: 1951
Population Size: 11757
----------------------------
The ages, hiv status, and relationship status for the agents are being updated...
s04374 is blackNH, aged 28.519846153846235 in age group 16to20, with relationship status of 1 and is now HIV+.
s04391 is blackNH, aged 23.591846153846234 in age group 16to20, with relationship status of 0 and is now HIV+.
s05147 is blackNH, aged 23.157846153846236 in age group 21to29, with relationship status of 0 and is now HIV+.
s12473 is hispanic, aged 17.000000000000043 in age group 16to20, with relationship status of 0 and is now HIV+.

Agents are being removed from the simulation...
s00203 is aged 29.993846153846235, whiteNH and is leaving the simulation.
s00338 is aged 29.985846153846236, whiteNH and is leaving the simulation.
s02973 is aged 29.998846153846234, whiteNH and is leaving the simulation.
s03771 is aged 29.999846153846235, whiteNH and is leaving the simulation.
s04115 is aged 29.996846153846235, blackNH and is leaving the simulation.
s04900 is aged 29.991846153846236, blackNH and is leaving the simulation.
s05319 is aged 29.995846153846234, blackNH and is leaving the simulation.
s06264 is aged 29.983846153846233, blackNH and is leaving the simulation.
s08003 is aged 18.623846153846234, hispanic and is leaving the simulation.
s09319 is aged 29.997846153846236, hispanic and is leaving the simulation.
s09817 is aged 20.023846153846236, hispanic and is leaving the simulation.
s10511 is aged 29.986846153846233, otherNH and is leaving the simulation.
s11087 is aged 29.982846153846236, otherNH and is leaving the simulation.

Agents who have aged to a new age group are being updated...
s01581 is 21.011076923077006 and has aged to age group 21to29.
s03526 is 21.000076923077007 and has aged to age group 21to29.
s04510 is 21.008076923077006 and has aged to age group 21to29.
s05240 is 21.018076923077004 and has aged to age group 21to29.
s05772 is 21.016076923077005 and has aged to age group 21to29.
s06498 is 21.015076923077004 and has aged to age group 21to29.
s06502 is 21.009076923077004 and has aged to age group 21to29.
s09207 is 21.000076923077007 and has aged to age group 21to29.
s09439 is 21.005076923077006 and has aged to age group 21to29.
s11239 is 21.011076923077006 and has aged to age group 21to29.
s11515 is 21.000076923077007 and has aged to age group 21to29.

New agents are being added to the simulation...
s13328 is age 16.0 and hispanic and is entering the model
s13329 is age 16.0 and whiteNH and is entering the model
s13330 is age 16.0 and hispanic and is entering the model
s13331 is age 16.0 and whiteNH and is entering the model
s13332 is age 16.0 and hispanic and is entering the model
s13333 is age 16.0 and blackNH and is entering the model
s13334 is age 16.0 and blackNH and is entering the model
s13335 is age 16.0 and whiteNH and is entering the model
s13336 is age 16.0 and whiteNH and is entering the model
s13337 is age 16.0 and whiteNH and is entering the model
s13338 is age 16.0 and blackNH and is entering the model
s13339 is age 16.0 and hispanic and is entering the model
s13340 is age 16.0 and otherNH and is entering the model
s13341 is age 16.0 and otherNH and is entering the model
s13342 is age 16.0 and blackNH and is entering the model

Agents are attending venues and using apps for week 101 in simulation...


Epidemic Simulation
----------------------------
Simulation: 1/1
Timestep: 101/3640
Prevalence: 1954
Population Size: 11759
----------------------------
The ages, hiv status, and relationship status for the agents are being updated...
s01738 is whiteNH, aged 18.767076923077006 in age group 21to29, with relationship status of 0 and is now HIV+.
s04125 is blackNH, aged 22.676076923077005 in age group 21to29, with relationship status of 0 and is now HIV+.
s04812 is blackNH, aged 26.612076923077005 in age group 16to20, with relationship status of 0 and is now HIV+.
s06801 is blackNH, aged 27.998076923077004 in age group 21to29, with relationship status of 0 and is now HIV+.

Agents are being removed from the simulation...
s00166 is aged 29.995076923077004, whiteNH and is leaving the simulation.
s01732 is aged 29.990076923077005, whiteNH and is leaving the simulation.
s02063 is aged 29.995076923077004, whiteNH and is leaving the simulation.
s02650 is aged 29.996076923077005, whiteNH and is leaving the simulation.
s02878 is aged 29.985076923077006, whiteNH and is leaving the simulation.
s03336 is aged 26.270076923077006, whiteNH and is leaving the simulation.
s05830 is aged 29.988076923077006, blackNH and is leaving the simulation.
s06439 is aged 29.986076923077004, blackNH and is leaving the simulation.
s07116 is aged 25.723076923077006, hispanic and is leaving the simulation.
s08204 is aged 29.985076923077006, hispanic and is leaving the simulation.
s09046 is aged 29.996076923077005, hispanic and is leaving the simulation.
s11226 is aged 29.985076923077006, otherNH and is leaving the simulation.
s11238 is aged 29.998076923077004, otherNH and is leaving the simulation.

Agents who have aged to a new age group are being updated...
s00010 is 21.011307692307774 and has aged to age group 21to29.
s01023 is 21.005307692307774 and has aged to age group 21to29.
s01651 is 21.013307692307777 and has aged to age group 21to29.
s04509 is 21.014307692307774 and has aged to age group 21to29.
s04514 is 21.013307692307777 and has aged to age group 21to29.
s04601 is 21.001307692307776 and has aged to age group 21to29.
s05788 is 21.017307692307774 and has aged to age group 21to29.
s06900 is 21.015307692307776 and has aged to age group 21to29.
s07111 is 21.014307692307774 and has aged to age group 21to29.
s07390 is 21.003307692307775 and has aged to age group 21to29.
s07564 is 21.009307692307775 and has aged to age group 21to29.
s08215 is 21.017307692307774 and has aged to age group 21to29.
s08493 is 21.014307692307774 and has aged to age group 21to29.
s09658 is 21.013307692307777 and has aged to age group 21to29.
s09781 is 21.004307692307776 and has aged to age group 21to29.
s10193 is 21.005307692307774 and has aged to age group 21to29.

New agents are being added to the simulation...
s13343 is age 16.0 and hispanic and is entering the model
s13344 is age 16.0 and hispanic and is entering the model
s13345 is age 16.0 and hispanic and is entering the model
s13346 is age 16.0 and whiteNH and is entering the model
s13347 is age 16.0 and whiteNH and is entering the model
s13348 is age 16.0 and whiteNH and is entering the model
s13349 is age 16.0 and blackNH and is entering the model
s13350 is age 16.0 and hispanic and is entering the model
s13351 is age 16.0 and otherNH and is entering the model
s13352 is age 16.0 and hispanic and is entering the model
s13353 is age 16.0 and otherNH and is entering the model
s13354 is age 16.0 and hispanic and is entering the model
s13355 is age 16.0 and hispanic and is entering the model
s13356 is age 16.0 and whiteNH and is entering the model

Agents are attending venues and using apps for week 102 in simulation...


Epidemic Simulation
----------------------------
Simulation: 1/1
Timestep: 102/3640
Prevalence: 1956
Population Size: 11760
----------------------------
The ages, hiv status, and relationship status for the agents are being updated...
s04615 is blackNH, aged 25.157307692307775 in age group 16to20, with relationship status of 0 and is now HIV+.
s05020 is blackNH, aged 23.548307692307777 in age group 21to29, with relationship status of 1 and is now HIV+.
s09164 is hispanic, aged 20.691307692307774 in age group 21to29, with relationship status of 0 and is now HIV+.

Agents are being removed from the simulation...
s00220 is aged 29.989307692307776, whiteNH and is leaving the simulation.
s00357 is aged 29.985307692307774, whiteNH and is leaving the simulation.
s00909 is aged 29.990307692307773, whiteNH and is leaving the simulation.
s05169 is aged 29.993307692307773, blackNH and is leaving the simulation.
s05568 is aged 29.988307692307774, blackNH and is leaving the simulation.
s08302 is aged 29.993307692307773, hispanic and is leaving the simulation.
s08453 is aged 29.998307692307776, hispanic and is leaving the simulation.
s10086 is aged 29.983307692307775, hispanic and is leaving the simulation.
s10521 is aged 29.998307692307776, otherNH and is leaving the simulation.
s10944 is aged 29.997307692307775, otherNH and is leaving the simulation.
s11279 is aged 29.989307692307776, otherNH and is leaving the simulation.
s11296 is aged 29.981307692307777, otherNH and is leaving the simulation.
s11371 is aged 29.991307692307775, otherNH and is leaving the simulation.

Agents who have aged to a new age group are being updated...
s00309 is 21.004538461538544 and has aged to age group 21to29.
s00929 is 21.017538461538546 and has aged to age group 21to29.
s01040 is 21.013538461538545 and has aged to age group 21to29.
s01138 is 21.002538461538546 and has aged to age group 21to29.
s01800 is 21.016538461538545 and has aged to age group 21to29.
s02105 is 21.018538461538544 and has aged to age group 21to29.
s03415 is 21.011538461538546 and has aged to age group 21to29.
s03486 is 21.018538461538544 and has aged to age group 21to29.
s03604 is 21.008538461538546 and has aged to age group 21to29.
s04327 is 21.017538461538546 and has aged to age group 21to29.
s04336 is 21.006538461538547 and has aged to age group 21to29.
s04415 is 21.018538461538544 and has aged to age group 21to29.
s05629 is 21.004538461538544 and has aged to age group 21to29.
s06026 is 21.005538461538546 and has aged to age group 21to29.
s06603 is 21.002538461538546 and has aged to age group 21to29.
s07324 is 21.004538461538544 and has aged to age group 21to29.
s07408 is 21.015538461538544 and has aged to age group 21to29.
s07438 is 21.010538461538545 and has aged to age group 21to29.
s08351 is 21.009538461538543 and has aged to age group 21to29.
s10560 is 21.014538461538546 and has aged to age group 21to29.
s10927 is 21.000538461538547 and has aged to age group 21to29.
s11347 is 21.009538461538543 and has aged to age group 21to29.
s11485 is 21.007538461538545 and has aged to age group 21to29.

New agents are being added to the simulation...
s13357 is age 16.0 and hispanic and is entering the model
s13358 is age 16.0 and hispanic and is entering the model
s13359 is age 16.0 and hispanic and is entering the model
s13360 is age 16.0 and whiteNH and is entering the model
s13361 is age 16.0 and hispanic and is entering the model
s13362 is age 16.0 and hispanic and is entering the model
s13363 is age 16.0 and whiteNH and is entering the model
s13364 is age 16.0 and hispanic and is entering the model
s13365 is age 16.0 and whiteNH and is entering the model
s13366 is age 16.0 and hispanic and is entering the model
s13367 is age 16.0 and blackNH and is entering the model
s13368 is age 16.0 and otherNH and is entering the model
s13369 is age 16.0 and whiteNH and is entering the model

Agents are attending venues and using apps for week 103 in simulation...


Epidemic Simulation
----------------------------
Simulation: 1/1
Timestep: 103/3640
Prevalence: 1956
Population Size: 11760
----------------------------
The ages, hiv status, and relationship status for the agents are being updated...
s05369 is blackNH, aged 25.447538461538546 in age group 21to29, with relationship status of 0 and is now HIV+.
s10639 is otherNH, aged 20.986538461538544 in age group 16to20, with relationship status of 0 and is now HIV+.

Agents are being removed from the simulation...
s00363 is aged 29.992538461538544, whiteNH and is leaving the simulation.
s00943 is aged 29.994538461538546, whiteNH and is leaving the simulation.
s01407 is aged 29.987538461538545, whiteNH and is leaving the simulation.
s02411 is aged 29.991538461538546, whiteNH and is leaving the simulation.
s02439 is aged 29.984538461538545, whiteNH and is leaving the simulation.
s02602 is aged 29.992538461538544, whiteNH and is leaving the simulation.
s02631 is aged 29.989538461538544, whiteNH and is leaving the simulation.
s03274 is aged 29.990538461538545, whiteNH and is leaving the simulation.
s04025 is aged 29.998538461538544, blackNH and is leaving the simulation.
s04761 is aged 29.997538461538547, blackNH and is leaving the simulation.
s05316 is aged 29.994538461538546, blackNH and is leaving the simulation.
s05547 is aged 29.989538461538544, blackNH and is leaving the simulation.
s06092 is aged 29.994538461538546, blackNH and is leaving the simulation.
s07969 is aged 29.984538461538545, hispanic and is leaving the simulation.
s08118 is aged 29.999538461538545, hispanic and is leaving the simulation.
s08258 is aged 29.999538461538545, hispanic and is leaving the simulation.
s08931 is aged 29.991538461538546, hispanic and is leaving the simulation.
s10282 is aged 29.987538461538545, hispanic and is leaving the simulation.
s10359 is aged 29.999538461538545, hispanic and is leaving the simulation.
s10697 is aged 29.983538461538544, otherNH and is leaving the simulation.
s10712 is aged 29.983538461538544, otherNH and is leaving the simulation.

Agents who have aged to a new age group are being updated...
s01027 is 21.006769230769315 and has aged to age group 21to29.
s01393 is 21.015769230769315 and has aged to age group 21to29.
s01660 is 21.012769230769315 and has aged to age group 21to29.
s01706 is 21.007769230769316 and has aged to age group 21to29.
s02194 is 21.011769230769314 and has aged to age group 21to29.
s03737 is 21.008769230769314 and has aged to age group 21to29.
s04093 is 21.014769230769314 and has aged to age group 21to29.
s04538 is 21.014769230769314 and has aged to age group 21to29.
s05139 is 21.014769230769314 and has aged to age group 21to29.
s05215 is 21.010769230769316 and has aged to age group 21to29.
s06023 is 21.011769230769314 and has aged to age group 21to29.
s06633 is 21.000769230769315 and has aged to age group 21to29.
s07062 is 21.013769230769316 and has aged to age group 21to29.
s07528 is 21.017769230769314 and has aged to age group 21to29.
s08523 is 21.009769230769315 and has aged to age group 21to29.
s08675 is 21.014769230769314 and has aged to age group 21to29.
s08936 is 21.007769230769316 and has aged to age group 21to29.
s09599 is 21.014769230769314 and has aged to age group 21to29.
s09883 is 21.011769230769314 and has aged to age group 21to29.
s10504 is 21.009769230769315 and has aged to age group 21to29.
s10639 is 21.005769230769314 and has aged to age group 21to29.
s10903 is 21.007769230769316 and has aged to age group 21to29.

New agents are being added to the simulation...
s13370 is age 16.0 and blackNH and is entering the model
s13371 is age 16.0 and otherNH and is entering the model
s13372 is age 16.0 and hispanic and is entering the model
s13373 is age 16.0 and whiteNH and is entering the model
s13374 is age 16.0 and blackNH and is entering the model
s13375 is age 16.0 and whiteNH and is entering the model

Agents are attending venues and using apps for week 104 in simulation...


Epidemic Simulation
----------------------------
Simulation: 1/1
Timestep: 104/3640
Prevalence: 1952
Population Size: 11745
----------------------------
The ages, hiv status, and relationship status for the agents are being updated...
s04559 is blackNH, aged 25.417769230769316 in age group 16to20, with relationship status of 0 and is now HIV+.
s11699 is otherNH, aged 18.664769230769316 in age group 21to29, with relationship status of 0 and is now HIV+.

Agents are being removed from the simulation...
s00466 is aged 29.993769230769317, whiteNH and is leaving the simulation.
s00699 is aged 29.980769230769315, whiteNH and is leaving the simulation.
s01189 is aged 29.988769230769314, whiteNH and is leaving the simulation.
s01943 is aged 29.982769230769314, whiteNH and is leaving the simulation.
s02526 is aged 29.981769230769316, whiteNH and is leaving the simulation.
s03224 is aged 29.998769230769316, whiteNH and is leaving the simulation.
s03545 is aged 29.985769230769314, whiteNH and is leaving the simulation.
s04859 is aged 29.997769230769315, blackNH and is leaving the simulation.
s04946 is aged 29.992769230769316, blackNH and is leaving the simulation.
s05058 is aged 29.989769230769316, blackNH and is leaving the simulation.
s05330 is aged 29.993769230769317, blackNH and is leaving the simulation.
s05845 is aged 29.996769230769313, blackNH and is leaving the simulation.
s06646 is aged 29.991769230769314, blackNH and is leaving the simulation.
s07054 is aged 29.991769230769314, hispanic and is leaving the simulation.
s07274 is aged 29.985769230769314, hispanic and is leaving the simulation.
s07732 is aged 29.995769230769316, hispanic and is leaving the simulation.
s08653 is aged 29.990769230769317, hispanic and is leaving the simulation.
s09212 is aged 29.982769230769314, hispanic and is leaving the simulation.
s09312 is aged 29.980769230769315, hispanic and is leaving the simulation.
s10883 is aged 29.982769230769314, otherNH and is leaving the simulation.

Agents who have aged to a new age group are being updated...
s00736 is 21.012000000000086 and has aged to age group 21to29.
s01076 is 21.017000000000085 and has aged to age group 21to29.
s03221 is 21.001000000000086 and has aged to age group 21to29.
s03759 is 21.018000000000086 and has aged to age group 21to29.
s04403 is 21.001000000000086 and has aged to age group 21to29.
s04823 is 21.005000000000084 and has aged to age group 21to29.
s04857 is 21.016000000000084 and has aged to age group 21to29.
s05890 is 21.015000000000086 and has aged to age group 21to29.
s06282 is 21.010000000000087 and has aged to age group 21to29.
s06654 is 21.007000000000087 and has aged to age group 21to29.
s07080 is 21.011000000000084 and has aged to age group 21to29.
s07672 is 21.004000000000087 and has aged to age group 21to29.
s07709 is 21.010000000000087 and has aged to age group 21to29.
s07718 is 21.009000000000086 and has aged to age group 21to29.
s08486 is 21.013000000000087 and has aged to age group 21to29.
s08708 is 21.011000000000084 and has aged to age group 21to29.
s08756 is 21.006000000000085 and has aged to age group 21to29.
s10365 is 21.009000000000086 and has aged to age group 21to29.

New agents are being added to the simulation...
s13376 is age 16.0 and whiteNH and is entering the model
s13377 is age 16.0 and blackNH and is entering the model
s13378 is age 16.0 and otherNH and is entering the model
s13379 is age 16.0 and hispanic and is entering the model
s13380 is age 16.0 and otherNH and is entering the model
s13381 is age 16.0 and hispanic and is entering the model
s13382 is age 16.0 and blackNH and is entering the model
s13383 is age 16.0 and blackNH and is entering the model
s13384 is age 16.0 and whiteNH and is entering the model
s13385 is age 16.0 and hispanic and is entering the model
s13386 is age 16.0 and hispanic and is entering the model
s13387 is age 16.0 and whiteNH and is entering the model
s13388 is age 16.0 and hispanic and is entering the model
s13389 is age 16.0 and hispanic and is entering the model

Agents are attending venues and using apps for week 105 in simulation...


Epidemic Simulation
----------------------------
Simulation: 1/1
Timestep: 105/3640
Prevalence: 1951
Population Size: 11739
----------------------------
The ages, hiv status, and relationship status for the agents are being updated...
s04049 is blackNH, aged 19.211000000000084 in age group 16to20, with relationship status of 1 and is now HIV+.
s04345 is blackNH, aged 21.888000000000087 in age group 21to29, with relationship status of 0 and is now HIV+.
s04410 is blackNH, aged 20.725000000000087 in age group 16to20, with relationship status of 0 and is now HIV+.
s06593 is blackNH, aged 20.639000000000085 in age group 21to29, with relationship status of 0 and is now HIV+.
s10027 is hispanic, aged 21.681000000000086 in age group 21to29, with relationship status of 1 and is now HIV+.

Agents are being removed from the simulation...
s00184 is aged 29.982000000000085, whiteNH and is leaving the simulation.
s00642 is aged 29.993000000000084, whiteNH and is leaving the simulation.
s00889 is aged 29.989000000000086, whiteNH and is leaving the simulation.
s00931 is aged 29.988000000000085, whiteNH and is leaving the simulation.
s01244 is aged 29.992000000000086, whiteNH and is leaving the simulation.
s01464 is aged 29.985000000000085, whiteNH and is leaving the simulation.
s01558 is aged 29.984000000000087, whiteNH and is leaving the simulation.
s01795 is aged 29.985000000000085, whiteNH and is leaving the simulation.
s02514 is aged 29.999000000000084, whiteNH and is leaving the simulation.
s03372 is aged 29.988000000000085, whiteNH and is leaving the simulation.
s03542 is aged 29.982000000000085, whiteNH and is leaving the simulation.
s03661 is aged 29.996000000000084, whiteNH and is leaving the simulation.
s04384 is aged 29.985000000000085, blackNH and is leaving the simulation.
s05698 is aged 29.990000000000084, blackNH and is leaving the simulation.
s05713 is aged 29.982000000000085, blackNH and is leaving the simulation.
s06014 is aged 29.998000000000086, blackNH and is leaving the simulation.
s06935 is aged 29.987000000000084, hispanic and is leaving the simulation.
s07400 is aged 29.997000000000085, hispanic and is leaving the simulation.
s07836 is aged 29.983000000000086, hispanic and is leaving the simulation.
s08715 is aged 29.988000000000085, hispanic and is leaving the simulation.
s10037 is aged 29.999000000000084, hispanic and is leaving the simulation.
s10166 is aged 29.996000000000084, hispanic and is leaving the simulation.

Agents who have aged to a new age group are being updated...
s00029 is 21.006230769230854 and has aged to age group 21to29.
s00194 is 21.008230769230856 and has aged to age group 21to29.
s00445 is 21.003230769230857 and has aged to age group 21to29.
s02623 is 21.001230769230855 and has aged to age group 21to29.
s02687 is 21.014230769230856 and has aged to age group 21to29.
s03284 is 21.008230769230856 and has aged to age group 21to29.
s04218 is 21.014230769230856 and has aged to age group 21to29.
s04312 is 21.001230769230855 and has aged to age group 21to29.
s04468 is 21.013230769230855 and has aged to age group 21to29.
s05141 is 21.003230769230857 and has aged to age group 21to29.
s07081 is 21.006230769230854 and has aged to age group 21to29.
s07215 is 21.014230769230856 and has aged to age group 21to29.
s07886 is 21.016230769230855 and has aged to age group 21to29.
s08860 is 21.000230769230857 and has aged to age group 21to29.
s09851 is 21.001230769230855 and has aged to age group 21to29.
s09893 is 21.002230769230856 and has aged to age group 21to29.
s10758 is 21.007230769230855 and has aged to age group 21to29.
s10831 is 21.011230769230856 and has aged to age group 21to29.
s11558 is 21.013230769230855 and has aged to age group 21to29.

New agents are being added to the simulation...
s13390 is age 16.0 and whiteNH and is entering the model
s13391 is age 16.0 and hispanic and is entering the model
s13392 is age 16.0 and hispanic and is entering the model
s13393 is age 16.0 and hispanic and is entering the model
s13394 is age 16.0 and blackNH and is entering the model
s13395 is age 16.0 and whiteNH and is entering the model
s13396 is age 16.0 and whiteNH and is entering the model
s13397 is age 16.0 and hispanic and is entering the model
s13398 is age 16.0 and hispanic and is entering the model
s13399 is age 16.0 and blackNH and is entering the model
s13400 is age 16.0 and hispanic and is entering the model
s13401 is age 16.0 and blackNH and is entering the model
s13402 is age 16.0 and otherNH and is entering the model
s13403 is age 16.0 and hispanic and is entering the model
s13404 is age 16.0 and hispanic and is entering the model
s13405 is age 16.0 and whiteNH and is entering the model
s13406 is age 16.0 and blackNH and is entering the model
s13407 is age 16.0 and blackNH and is entering the model
s13408 is age 16.0 and whiteNH and is entering the model
s13409 is age 16.0 and hispanic and is entering the model
s13410 is age 16.0 and whiteNH and is entering the model
s13411 is age 16.0 and hispanic and is entering the model
s13412 is age 16.0 and blackNH and is entering the model
s13413 is age 16.0 and blackNH and is entering the model

Agents are attending venues and using apps for week 106 in simulation...


Epidemic Simulation
----------------------------
Simulation: 1/1
Timestep: 106/3640
Prevalence: 1948
Population Size: 11741
----------------------------
The ages, hiv status, and relationship status for the agents are being updated...

Agents are being removed from the simulation...
s00218 is aged 29.993230769230856, whiteNH and is leaving the simulation.
s00637 is aged 29.988230769230857, whiteNH and is leaving the simulation.
s01649 is aged 29.989230769230854, whiteNH and is leaving the simulation.
s01663 is aged 29.982230769230856, whiteNH and is leaving the simulation.
s02399 is aged 29.993230769230856, whiteNH and is leaving the simulation.
s02810 is aged 29.992230769230854, whiteNH and is leaving the simulation.
s04119 is aged 29.994230769230857, blackNH and is leaving the simulation.
s04702 is aged 29.983230769230854, blackNH and is leaving the simulation.
s05270 is aged 29.987230769230855, blackNH and is leaving the simulation.
s05557 is aged 29.989230769230854, blackNH and is leaving the simulation.
s05979 is aged 29.997230769230857, blackNH and is leaving the simulation.
s06100 is aged 29.998230769230855, blackNH and is leaving the simulation.
s06478 is aged 29.988230769230857, blackNH and is leaving the simulation.
s06533 is aged 29.992230769230854, blackNH and is leaving the simulation.
s07113 is aged 29.991230769230857, hispanic and is leaving the simulation.
s07792 is aged 29.991230769230857, hispanic and is leaving the simulation.
s08812 is aged 29.993230769230856, hispanic and is leaving the simulation.
s08827 is aged 29.998230769230855, hispanic and is leaving the simulation.
s08960 is aged 29.997230769230857, hispanic and is leaving the simulation.
s10114 is aged 29.983230769230854, hispanic and is leaving the simulation.
s10972 is aged 29.990230769230855, otherNH and is leaving the simulation.
s10989 is aged 29.994230769230857, otherNH and is leaving the simulation.

Agents who have aged to a new age group are being updated...
s00732 is 21.008461538461624 and has aged to age group 21to29.
s01388 is 21.009461538461625 and has aged to age group 21to29.
s03023 is 21.013461538461627 and has aged to age group 21to29.
s03385 is 21.016461538461627 and has aged to age group 21to29.
s03518 is 21.005461538461624 and has aged to age group 21to29.
s06320 is 21.007461538461627 and has aged to age group 21to29.
s06705 is 21.002461538461624 and has aged to age group 21to29.
s06927 is 21.008461538461624 and has aged to age group 21to29.
s07290 is 21.007461538461627 and has aged to age group 21to29.
s07396 is 21.014461538461624 and has aged to age group 21to29.
s07637 is 21.009461538461625 and has aged to age group 21to29.
s08222 is 21.009461538461625 and has aged to age group 21to29.
s08935 is 21.015461538461626 and has aged to age group 21to29.
s09380 is 21.003461538461625 and has aged to age group 21to29.
s09472 is 21.006461538461625 and has aged to age group 21to29.
s09654 is 21.010461538461627 and has aged to age group 21to29.
s10435 is 21.004461538461626 and has aged to age group 21to29.
s10638 is 21.013461538461627 and has aged to age group 21to29.

New agents are being added to the simulation...
s13414 is age 16.0 and otherNH and is entering the model
s13415 is age 16.0 and hispanic and is entering the model
s13416 is age 16.0 and whiteNH and is entering the model
s13417 is age 16.0 and whiteNH and is entering the model
s13418 is age 16.0 and blackNH and is entering the model
s13419 is age 16.0 and hispanic and is entering the model
s13420 is age 16.0 and blackNH and is entering the model
s13421 is age 16.0 and blackNH and is entering the model
s13422 is age 16.0 and blackNH and is entering the model
s13423 is age 16.0 and whiteNH and is entering the model
s13424 is age 16.0 and blackNH and is entering the model
s13425 is age 16.0 and blackNH and is entering the model
s13426 is age 16.0 and whiteNH and is entering the model
s13427 is age 16.0 and hispanic and is entering the model
s13428 is age 16.0 and hispanic and is entering the model

Agents are attending venues and using apps for week 107 in simulation...


Epidemic Simulation
----------------------------
Simulation: 1/1
Timestep: 107/3640
Prevalence: 1947
Population Size: 11734
----------------------------
The ages, hiv status, and relationship status for the agents are being updated...
s00286 is whiteNH, aged 25.957461538461626 in age group 16to20, with relationship status of 0 and is now HIV+.
s07423 is hispanic, aged 20.919461538461626 in age group 16to20, with relationship status of 1 and is now HIV+.
s07698 is hispanic, aged 25.096461538461625 in age group 16to20, with relationship status of 1 and is now HIV+.
s08110 is hispanic, aged 22.839461538461624 in age group 21to29, with relationship status of 1 and is now HIV+.
s10255 is hispanic, aged 25.439461538461625 in age group 21to29, with relationship status of 0 and is now HIV+.

Agents are being removed from the simulation...
s00488 is aged 29.992461538461626, whiteNH and is leaving the simulation.
s00856 is aged 29.989461538461626, whiteNH and is leaving the simulation.
s01000 is aged 29.986461538461626, whiteNH and is leaving the simulation.
s01070 is aged 29.992461538461626, whiteNH and is leaving the simulation.
s02367 is aged 29.994461538461625, whiteNH and is leaving the simulation.
s02868 is aged 29.996461538461624, whiteNH and is leaving the simulation.
s03088 is aged 29.986461538461626, whiteNH and is leaving the simulation.
s03814 is aged 29.991461538461625, whiteNH and is leaving the simulation.
s04199 is aged 29.995461538461626, blackNH and is leaving the simulation.
s04635 is aged 29.992461538461626, blackNH and is leaving the simulation.
s04750 is aged 29.990461538461624, blackNH and is leaving the simulation.
s07252 is aged 29.986461538461626, hispanic and is leaving the simulation.
s08616 is aged 29.984461538461627, hispanic and is leaving the simulation.
s08723 is aged 29.992461538461626, hispanic and is leaving the simulation.
s08996 is aged 29.983461538461626, hispanic and is leaving the simulation.
s09402 is aged 29.987461538461627, hispanic and is leaving the simulation.
s09469 is aged 29.985461538461625, hispanic and is leaving the simulation.
s09834 is aged 29.989461538461626, hispanic and is leaving the simulation.

Agents who have aged to a new age group are being updated...
s00374 is 21.018692307692394 and has aged to age group 21to29.
s00847 is 21.002692307692396 and has aged to age group 21to29.
s01051 is 21.017692307692396 and has aged to age group 21to29.
s01168 is 21.014692307692396 and has aged to age group 21to29.
s01320 is 21.001692307692394 and has aged to age group 21to29.
s01372 is 21.012692307692394 and has aged to age group 21to29.
s01390 is 21.015692307692394 and has aged to age group 21to29.
s02051 is 21.012692307692394 and has aged to age group 21to29.
s02390 is 21.000692307692397 and has aged to age group 21to29.
s05103 is 21.003692307692397 and has aged to age group 21to29.
s05175 is 21.009692307692394 and has aged to age group 21to29.
s05694 is 21.004692307692395 and has aged to age group 21to29.
s05724 is 21.016692307692395 and has aged to age group 21to29.
s06529 is 21.004692307692395 and has aged to age group 21to29.
s07462 is 21.016692307692395 and has aged to age group 21to29.
s08745 is 21.006692307692397 and has aged to age group 21to29.
s09098 is 21.016692307692395 and has aged to age group 21to29.
s09570 is 21.014692307692396 and has aged to age group 21to29.
s10040 is 21.001692307692394 and has aged to age group 21to29.
s10167 is 21.013692307692395 and has aged to age group 21to29.
s10705 is 21.001692307692394 and has aged to age group 21to29.
s10953 is 21.005692307692396 and has aged to age group 21to29.

New agents are being added to the simulation...
s13429 is age 16.0 and blackNH and is entering the model
s13430 is age 16.0 and whiteNH and is entering the model
s13431 is age 16.0 and otherNH and is entering the model
s13432 is age 16.0 and whiteNH and is entering the model
s13433 is age 16.0 and blackNH and is entering the model
s13434 is age 16.0 and whiteNH and is entering the model
s13435 is age 16.0 and whiteNH and is entering the model
s13436 is age 16.0 and blackNH and is entering the model

Agents are attending venues and using apps for week 108 in simulation...


Epidemic Simulation
----------------------------
Simulation: 1/1
Timestep: 108/3640
Prevalence: 1948
Population Size: 11724
----------------------------
The ages, hiv status, and relationship status for the agents are being updated...
s04655 is blackNH, aged 26.131692307692397 in age group 16to20, with relationship status of 0 and is now HIV+.
s06384 is blackNH, aged 22.047692307692394 in age group 21to29, with relationship status of 0 and is now HIV+.

Agents are being removed from the simulation...
s00400 is aged 29.995692307692394, whiteNH and is leaving the simulation.
s01281 is aged 29.991692307692396, whiteNH and is leaving the simulation.
s02763 is aged 29.982692307692396, whiteNH and is leaving the simulation.
s02912 is aged 29.992692307692394, whiteNH and is leaving the simulation.
s03115 is aged 29.985692307692396, whiteNH and is leaving the simulation.
s03169 is aged 29.987692307692395, whiteNH and is leaving the simulation.
s03469 is aged 29.984692307692395, whiteNH and is leaving the simulation.
s04574 is aged 29.991692307692396, blackNH and is leaving the simulation.
s05225 is aged 29.997692307692397, blackNH and is leaving the simulation.
s05443 is aged 19.320692307692397, blackNH and is leaving the simulation.
s05734 is aged 29.999692307692396, blackNH and is leaving the simulation.
s05754 is aged 29.985692307692396, blackNH and is leaving the simulation.
s05801 is aged 29.997692307692397, blackNH and is leaving the simulation.
s07515 is aged 29.992692307692394, hispanic and is leaving the simulation.
s08355 is aged 29.997692307692397, hispanic and is leaving the simulation.
s08871 is aged 29.986692307692394, hispanic and is leaving the simulation.
s09150 is aged 29.983692307692394, hispanic and is leaving the simulation.
s09442 is aged 29.988692307692396, hispanic and is leaving the simulation.
s10292 is aged 29.989692307692394, hispanic and is leaving the simulation.
s11393 is aged 29.981692307692395, otherNH and is leaving the simulation.

Agents who have aged to a new age group are being updated...
s02381 is 21.007923076923166 and has aged to age group 21to29.
s06021 is 21.012923076923165 and has aged to age group 21to29.
s06886 is 21.009923076923165 and has aged to age group 21to29.
s06971 is 21.000923076923165 and has aged to age group 21to29.
s08414 is 21.013923076923167 and has aged to age group 21to29.
s09142 is 21.002923076923164 and has aged to age group 21to29.
s09571 is 21.008923076923164 and has aged to age group 21to29.
s09751 is 21.007923076923166 and has aged to age group 21to29.
s10568 is 21.017923076923164 and has aged to age group 21to29.
s11056 is 21.012923076923165 and has aged to age group 21to29.
s11100 is 21.009923076923165 and has aged to age group 21to29.

New agents are being added to the simulation...
s13437 is age 16.0 and blackNH and is entering the model
s13438 is age 16.0 and hispanic and is entering the model
s13439 is age 16.0 and whiteNH and is entering the model
s13440 is age 16.0 and otherNH and is entering the model
s13441 is age 16.0 and blackNH and is entering the model
s13442 is age 16.0 and whiteNH and is entering the model
s13443 is age 16.0 and blackNH and is entering the model
s13444 is age 16.0 and whiteNH and is entering the model
s13445 is age 16.0 and blackNH and is entering the model
s13446 is age 16.0 and blackNH and is entering the model
s13447 is age 16.0 and hispanic and is entering the model
s13448 is age 16.0 and whiteNH and is entering the model
s13449 is age 16.0 and hispanic and is entering the model
s13450 is age 16.0 and hispanic and is entering the model
s13451 is age 16.0 and hispanic and is entering the model
s13452 is age 16.0 and blackNH and is entering the model

Agents are attending venues and using apps for week 109 in simulation...


Epidemic Simulation
----------------------------
Simulation: 1/1
Timestep: 109/3640
Prevalence: 1947
Population Size: 11720
----------------------------
The ages, hiv status, and relationship status for the agents are being updated...
s04231 is blackNH, aged 21.524923076923166 in age group 21to29, with relationship status of 0 and is now HIV+.
s08391 is hispanic, aged 28.329923076923166 in age group 21to29, with relationship status of 1 and is now HIV+.
s09749 is hispanic, aged 20.716923076923166 in age group 21to29, with relationship status of 0 and is now HIV+.
s11336 is otherNH, aged 19.078923076923164 in age group 21to29, with relationship status of 0 and is now HIV+.
s11719 is blackNH, aged 18.038461538461625 in age group 16to20, with relationship status of 1 and is now HIV+.

Agents are being removed from the simulation...
s00460 is aged 29.998923076923166, whiteNH and is leaving the simulation.
s00594 is aged 29.984923076923167, whiteNH and is leaving the simulation.
s01326 is aged 29.993923076923167, whiteNH and is leaving the simulation.
s02127 is aged 29.991923076923165, whiteNH and is leaving the simulation.
s02260 is aged 29.984923076923167, whiteNH and is leaving the simulation.
s02497 is aged 29.999923076923167, whiteNH and is leaving the simulation.
s03443 is aged 29.987923076923167, whiteNH and is leaving the simulation.
s04263 is aged 29.989923076923166, blackNH and is leaving the simulation.
s04292 is aged 29.981923076923167, blackNH and is leaving the simulation.
s05581 is aged 29.998923076923166, blackNH and is leaving the simulation.
s05779 is aged 29.986923076923166, blackNH and is leaving the simulation.
s07455 is aged 29.993923076923167, hispanic and is leaving the simulation.
s07912 is aged 29.987923076923167, hispanic and is leaving the simulation.
s08040 is aged 29.991923076923165, hispanic and is leaving the simulation.
s08320 is aged 29.994923076923165, hispanic and is leaving the simulation.
s08551 is aged 29.998923076923166, hispanic and is leaving the simulation.
s09168 is aged 29.985923076923164, hispanic and is leaving the simulation.
s10425 is aged 29.984923076923167, otherNH and is leaving the simulation.
s10777 is aged 29.983923076923165, otherNH and is leaving the simulation.

Agents who have aged to a new age group are being updated...
s00812 is 21.007153846153937 and has aged to age group 21to29.
s01612 is 21.005153846153934 and has aged to age group 21to29.
s02266 is 21.001153846153937 and has aged to age group 21to29.
s02394 is 21.002153846153934 and has aged to age group 21to29.
s02697 is 21.019153846153937 and has aged to age group 21to29.
s03145 is 21.013153846153937 and has aged to age group 21to29.
s03348 is 21.012153846153936 and has aged to age group 21to29.
s04809 is 21.006153846153936 and has aged to age group 21to29.
s04885 is 21.004153846153937 and has aged to age group 21to29.
s05936 is 21.011153846153935 and has aged to age group 21to29.
s06590 is 21.006153846153936 and has aged to age group 21to29.
s08822 is 21.010153846153937 and has aged to age group 21to29.
s10080 is 21.003153846153936 and has aged to age group 21to29.
s10620 is 21.015153846153936 and has aged to age group 21to29.
s10898 is 21.019153846153937 and has aged to age group 21to29.
s11445 is 21.016153846153937 and has aged to age group 21to29.

New agents are being added to the simulation...
s13453 is age 16.0 and blackNH and is entering the model
s13454 is age 16.0 and blackNH and is entering the model
s13455 is age 16.0 and hispanic and is entering the model
s13456 is age 16.0 and hispanic and is entering the model
s13457 is age 16.0 and hispanic and is entering the model
s13458 is age 16.0 and hispanic and is entering the model
s13459 is age 16.0 and whiteNH and is entering the model
s13460 is age 16.0 and otherNH and is entering the model
s13461 is age 16.0 and hispanic and is entering the model
s13462 is age 16.0 and whiteNH and is entering the model
s13463 is age 16.0 and blackNH and is entering the model
s13464 is age 16.0 and otherNH and is entering the model
s13465 is age 16.0 and otherNH and is entering the model
s13466 is age 16.0 and whiteNH and is entering the model
s13467 is age 16.0 and hispanic and is entering the model
s13468 is age 16.0 and blackNH and is entering the model

Agents are attending venues and using apps for week 110 in simulation...


Epidemic Simulation
----------------------------
Simulation: 1/1
Timestep: 110/3640
Prevalence: 1948
Population Size: 11717
----------------------------
The ages, hiv status, and relationship status for the agents are being updated...
s05133 is blackNH, aged 25.222153846153937 in age group 21to29, with relationship status of 1 and is now HIV+.
s06780 is blackNH, aged 27.187153846153937 in age group 21to29, with relationship status of 0 and is now HIV+.
s08736 is hispanic, aged 18.177153846153935 in age group 21to29, with relationship status of 0 and is now HIV+.

Agents are being removed from the simulation...
s02703 is aged 29.998153846153937, whiteNH and is leaving the simulation.
s03409 is aged 29.993153846153934, whiteNH and is leaving the simulation.
s03528 is aged 29.993153846153934, whiteNH and is leaving the simulation.
s03755 is aged 29.986153846153936, whiteNH and is leaving the simulation.
s06089 is aged 29.994153846153935, blackNH and is leaving the simulation.
s11109 is aged 29.993153846153934, otherNH and is leaving the simulation.
s11354 is aged 29.981153846153937, otherNH and is leaving the simulation.
s11466 is aged 28.921153846153935, otherNH and is leaving the simulation.

Agents who have aged to a new age group are being updated...
s00090 is 21.018384615384704 and has aged to age group 21to29.
s00498 is 21.014384615384706 and has aged to age group 21to29.
s01875 is 21.017384615384707 and has aged to age group 21to29.
s02597 is 21.005384615384706 and has aged to age group 21to29.
s02716 is 21.002384615384706 and has aged to age group 21to29.
s02851 is 21.009384615384704 and has aged to age group 21to29.
s03763 is 21.006384615384704 and has aged to age group 21to29.
s04196 is 21.016384615384705 and has aged to age group 21to29.
s04318 is 21.016384615384705 and has aged to age group 21to29.
s05084 is 21.018384615384704 and has aged to age group 21to29.
s05955 is 21.018384615384704 and has aged to age group 21to29.
s06730 is 21.006384615384704 and has aged to age group 21to29.
s07024 is 21.014384615384706 and has aged to age group 21to29.
s09012 is 21.016384615384705 and has aged to age group 21to29.
s09271 is 21.003384615384707 and has aged to age group 21to29.
s10216 is 21.015384615384704 and has aged to age group 21to29.
s11698 is 21.016384615384705 and has aged to age group 21to29.

New agents are being added to the simulation...
s13469 is age 16.0 and hispanic and is entering the model
s13470 is age 16.0 and hispanic and is entering the model
s13471 is age 16.0 and whiteNH and is entering the model
s13472 is age 16.0 and whiteNH and is entering the model
s13473 is age 16.0 and whiteNH and is entering the model
s13474 is age 16.0 and hispanic and is entering the model
s13475 is age 16.0 and hispanic and is entering the model
s13476 is age 16.0 and hispanic and is entering the model
s13477 is age 16.0 and whiteNH and is entering the model
s13478 is age 16.0 and whiteNH and is entering the model
s13479 is age 16.0 and blackNH and is entering the model
s13480 is age 16.0 and otherNH and is entering the model
s13481 is age 16.0 and hispanic and is entering the model
s13482 is age 16.0 and hispanic and is entering the model
s13483 is age 16.0 and whiteNH and is entering the model
s13484 is age 16.0 and otherNH and is entering the model
s13485 is age 16.0 and blackNH and is entering the model

Agents are attending venues and using apps for week 111 in simulation...


Epidemic Simulation
----------------------------
Simulation: 1/1
Timestep: 111/3640
Prevalence: 1953
Population Size: 11726
----------------------------
The ages, hiv status, and relationship status for the agents are being updated...
s00446 is whiteNH, aged 26.946384615384705 in age group 16to20, with relationship status of 0 and is now HIV+.
s04673 is blackNH, aged 26.693384615384705 in age group 16to20, with relationship status of 0 and is now HIV+.
s04929 is blackNH, aged 26.545384615384705 in age group 21to29, with relationship status of 0 and is now HIV+.
s05342 is blackNH, aged 23.849384615384707 in age group 21to29, with relationship status of 0 and is now HIV+.
s09208 is hispanic, aged 22.119384615384707 in age group 21to29, with relationship status of 0 and is now HIV+.
s12386 is otherNH, aged 17.346153846153904 in age group 16to20, with relationship status of 0 and is now HIV+.

Agents are being removed from the simulation...
s00758 is aged 29.991384615384707, whiteNH and is leaving the simulation.
s00926 is aged 29.991384615384707, whiteNH and is leaving the simulation.
s00935 is aged 29.988384615384707, whiteNH and is leaving the simulation.
s02521 is aged 29.985384615384707, whiteNH and is leaving the simulation.
s02627 is aged 29.986384615384704, whiteNH and is leaving the simulation.
s05194 is aged 29.999384615384706, blackNH and is leaving the simulation.
s07772 is aged 29.987384615384705, hispanic and is leaving the simulation.
s08359 is aged 29.998384615384705, hispanic and is leaving the simulation.
s09649 is aged 29.998384615384705, hispanic and is leaving the simulation.
s10146 is aged 29.983384615384704, hispanic and is leaving the simulation.
s10709 is aged 29.994384615384707, otherNH and is leaving the simulation.
s10788 is aged 29.992384615384704, otherNH and is leaving the simulation.

Agents who have aged to a new age group are being updated...
s00209 is 21.005615384615474 and has aged to age group 21to29.
s00570 is 21.011615384615475 and has aged to age group 21to29.
s00591 is 21.011615384615475 and has aged to age group 21to29.
s00984 is 21.005615384615474 and has aged to age group 21to29.
s01844 is 21.012615384615476 and has aged to age group 21to29.
s02002 is 21.004615384615477 and has aged to age group 21to29.
s02135 is 21.008615384615474 and has aged to age group 21to29.
s03253 is 21.000615384615475 and has aged to age group 21to29.
s04153 is 21.008615384615474 and has aged to age group 21to29.
s06405 is 21.001615384615477 and has aged to age group 21to29.
s07423 is 21.015615384615476 and has aged to age group 21to29.
s07557 is 21.001615384615477 and has aged to age group 21to29.
s09078 is 21.004615384615477 and has aged to age group 21to29.
s10506 is 21.015615384615476 and has aged to age group 21to29.
s11585 is 21.001615384615477 and has aged to age group 21to29.

New agents are being added to the simulation...
s13486 is age 16.0 and blackNH and is entering the model
s13487 is age 16.0 and blackNH and is entering the model
s13488 is age 16.0 and otherNH and is entering the model
s13489 is age 16.0 and blackNH and is entering the model
s13490 is age 16.0 and whiteNH and is entering the model
s13491 is age 16.0 and hispanic and is entering the model
s13492 is age 16.0 and blackNH and is entering the model
s13493 is age 16.0 and whiteNH and is entering the model
s13494 is age 16.0 and whiteNH and is entering the model
s13495 is age 16.0 and blackNH and is entering the model
s13496 is age 16.0 and hispanic and is entering the model
s13497 is age 16.0 and blackNH and is entering the model
s13498 is age 16.0 and otherNH and is entering the model
s13499 is age 16.0 and blackNH and is entering the model
s13500 is age 16.0 and blackNH and is entering the model
s13501 is age 16.0 and whiteNH and is entering the model
s13502 is age 16.0 and hispanic and is entering the model
s13503 is age 16.0 and hispanic and is entering the model
s13504 is age 16.0 and whiteNH and is entering the model
s13505 is age 16.0 and blackNH and is entering the model
s13506 is age 16.0 and whiteNH and is entering the model
s13507 is age 16.0 and hispanic and is entering the model
s13508 is age 16.0 and blackNH and is entering the model
s13509 is age 16.0 and blackNH and is entering the model

Agents are attending venues and using apps for week 112 in simulation...


Epidemic Simulation
----------------------------
Simulation: 1/1
Timestep: 112/3640
Prevalence: 1958
Population Size: 11738
----------------------------
The ages, hiv status, and relationship status for the agents are being updated...
s03891 is blackNH, aged 20.499615384615474 in age group 16to20, with relationship status of 0 and is now HIV+.
s04526 is blackNH, aged 19.997615384615475 in age group 16to20, with relationship status of 1 and is now HIV+.
s04810 is blackNH, aged 29.248615384615476 in age group 16to20, with relationship status of 1 and is now HIV+.
s07447 is hispanic, aged 25.294615384615476 in age group 16to20, with relationship status of 0 and is now HIV+.
s08220 is hispanic, aged 27.038615384615476 in age group 21to29, with relationship status of 1 and is now HIV+.
s08924 is hispanic, aged 29.023615384615475 in age group 21to29, with relationship status of 0 and is now HIV+.
s09094 is hispanic, aged 24.369615384615475 in age group 21to29, with relationship status of 0 and is now HIV+.

Agents are being removed from the simulation...
s01246 is aged 29.994615384615475, whiteNH and is leaving the simulation.
s01575 is aged 29.993615384615477, whiteNH and is leaving the simulation.
s02145 is aged 29.982615384615475, whiteNH and is leaving the simulation.
s02508 is aged 29.984615384615477, whiteNH and is leaving the simulation.
s03741 is aged 29.991615384615475, whiteNH and is leaving the simulation.
s03910 is aged 29.991615384615475, blackNH and is leaving the simulation.
s04453 is aged 29.985615384615475, blackNH and is leaving the simulation.
s04473 is aged 29.983615384615476, blackNH and is leaving the simulation.
s05252 is aged 29.996615384615474, blackNH and is leaving the simulation.
s05610 is aged 29.995615384615476, blackNH and is leaving the simulation.
s05831 is aged 29.995615384615476, blackNH and is leaving the simulation.
s06491 is aged 24.052615384615475, blackNH and is leaving the simulation.
s06946 is aged 29.984615384615477, hispanic and is leaving the simulation.
s06995 is aged 29.995615384615476, hispanic and is leaving the simulation.
s09879 is aged 29.999615384615474, hispanic and is leaving the simulation.
s11130 is aged 29.999615384615474, otherNH and is leaving the simulation.
s11156 is aged 29.987615384615477, otherNH and is leaving the simulation.

Agents who have aged to a new age group are being updated...
s00447 is 21.010846153846245 and has aged to age group 21to29.
s00861 is 21.011846153846246 and has aged to age group 21to29.
s03019 is 21.006846153846247 and has aged to age group 21to29.
s04114 is 21.003846153846247 and has aged to age group 21to29.
s04593 is 21.011846153846246 and has aged to age group 21to29.
s04637 is 21.008846153846246 and has aged to age group 21to29.
s05099 is 21.014846153846246 and has aged to age group 21to29.
s06663 is 21.007846153846245 and has aged to age group 21to29.
s07985 is 21.000846153846247 and has aged to age group 21to29.
s08916 is 21.013846153846245 and has aged to age group 21to29.
s09138 is 21.018846153846244 and has aged to age group 21to29.
s09895 is 21.012846153846247 and has aged to age group 21to29.
s10156 is 21.012846153846247 and has aged to age group 21to29.
s10220 is 21.002846153846246 and has aged to age group 21to29.

New agents are being added to the simulation...
s13510 is age 16.0 and blackNH and is entering the model
s13511 is age 16.0 and blackNH and is entering the model
s13512 is age 16.0 and blackNH and is entering the model
s13513 is age 16.0 and otherNH and is entering the model
s13514 is age 16.0 and hispanic and is entering the model
s13515 is age 16.0 and whiteNH and is entering the model
s13516 is age 16.0 and blackNH and is entering the model
s13517 is age 16.0 and hispanic and is entering the model
s13518 is age 16.0 and whiteNH and is entering the model
s13519 is age 16.0 and whiteNH and is entering the model
s13520 is age 16.0 and whiteNH and is entering the model
s13521 is age 16.0 and blackNH and is entering the model
s13522 is age 16.0 and blackNH and is entering the model
s13523 is age 16.0 and whiteNH and is entering the model
s13524 is age 16.0 and whiteNH and is entering the model
s13525 is age 16.0 and otherNH and is entering the model
s13526 is age 16.0 and whiteNH and is entering the model
s13527 is age 16.0 and whiteNH and is entering the model

Agents are attending venues and using apps for week 113 in simulation...


Epidemic Simulation
----------------------------
Simulation: 1/1
Timestep: 113/3640
Prevalence: 1956
Population Size: 11739
----------------------------
The ages, hiv status, and relationship status for the agents are being updated...
s03911 is blackNH, aged 29.961846153846245 in age group 16to20, with relationship status of 1 and is now HIV+.
s08695 is hispanic, aged 28.504846153846245 in age group 21to29, with relationship status of 0 and is now HIV+.
s09337 is hispanic, aged 24.030846153846245 in age group 21to29, with relationship status of 1 and is now HIV+.
s10078 is hispanic, aged 23.910846153846247 in age group 21to29, with relationship status of 0 and is now HIV+.
s11945 is blackNH, aged 17.846153846153925 in age group 16to20, with relationship status of 0 and is now HIV+.

Agents are being removed from the simulation...
s00062 is aged 29.990846153846245, whiteNH and is leaving the simulation.
s00073 is aged 29.983846153846244, whiteNH and is leaving the simulation.
s00124 is aged 29.997846153846247, whiteNH and is leaving the simulation.
s00425 is aged 29.995846153846244, whiteNH and is leaving the simulation.
s01942 is aged 29.990846153846245, whiteNH and is leaving the simulation.
s02474 is aged 29.980846153846244, whiteNH and is leaving the simulation.
s02821 is aged 29.987846153846245, whiteNH and is leaving the simulation.
s05109 is aged 29.980846153846244, blackNH and is leaving the simulation.
s05947 is aged 29.987846153846245, blackNH and is leaving the simulation.
s06446 is aged 29.986846153846244, blackNH and is leaving the simulation.
s08595 is aged 29.990846153846245, hispanic and is leaving the simulation.
s09996 is aged 29.999846153846246, hispanic and is leaving the simulation.
s10154 is aged 29.988846153846247, hispanic and is leaving the simulation.
s10590 is aged 29.989846153846244, otherNH and is leaving the simulation.
s11026 is aged 29.995846153846244, otherNH and is leaving the simulation.
s11257 is aged 29.994846153846247, otherNH and is leaving the simulation.

Agents who have aged to a new age group are being updated...
s00280 is 21.010076923077015 and has aged to age group 21to29.
s00587 is 21.010076923077015 and has aged to age group 21to29.
s01450 is 21.011076923077017 and has aged to age group 21to29.
s02847 is 21.003076923077014 and has aged to age group 21to29.
s03656 is 21.016076923077016 and has aged to age group 21to29.
s03824 is 21.006076923077014 and has aged to age group 21to29.
s03947 is 21.006076923077014 and has aged to age group 21to29.
s04129 is 21.014076923077017 and has aged to age group 21to29.
s04452 is 21.002076923077016 and has aged to age group 21to29.
s04986 is 21.015076923077014 and has aged to age group 21to29.
s04988 is 21.014076923077017 and has aged to age group 21to29.
s06346 is 21.011076923077017 and has aged to age group 21to29.
s06532 is 21.018076923077015 and has aged to age group 21to29.
s08353 is 21.003076923077014 and has aged to age group 21to29.
s08398 is 21.003076923077014 and has aged to age group 21to29.
s08532 is 21.003076923077014 and has aged to age group 21to29.
s09227 is 21.019076923077016 and has aged to age group 21to29.
s09810 is 21.008076923077017 and has aged to age group 21to29.
s10489 is 21.017076923077017 and has aged to age group 21to29.
s10574 is 21.019076923077016 and has aged to age group 21to29.
s11695 is 21.012076923077014 and has aged to age group 21to29.

New agents are being added to the simulation...
s13528 is age 16.0 and whiteNH and is entering the model
s13529 is age 16.0 and whiteNH and is entering the model
s13530 is age 16.0 and hispanic and is entering the model
s13531 is age 16.0 and whiteNH and is entering the model
s13532 is age 16.0 and hispanic and is entering the model
s13533 is age 16.0 and blackNH and is entering the model
s13534 is age 16.0 and hispanic and is entering the model
s13535 is age 16.0 and hispanic and is entering the model
s13536 is age 16.0 and whiteNH and is entering the model
s13537 is age 16.0 and whiteNH and is entering the model
s13538 is age 16.0 and hispanic and is entering the model
s13539 is age 16.0 and hispanic and is entering the model

Agents are attending venues and using apps for week 114 in simulation...


Epidemic Simulation
----------------------------
Simulation: 1/1
Timestep: 114/3640
Prevalence: 1956
Population Size: 11735
----------------------------
The ages, hiv status, and relationship status for the agents are being updated...
s03843 is blackNH, aged 18.921076923077017 in age group 16to20, with relationship status of 1 and is now HIV+.
s05737 is blackNH, aged 26.618076923077016 in age group 21to29, with relationship status of 1 and is now HIV+.
s08999 is hispanic, aged 28.766076923077016 in age group 21to29, with relationship status of 1 and is now HIV+.
s09004 is hispanic, aged 20.025076923077016 in age group 21to29, with relationship status of 0 and is now HIV+.
s09871 is hispanic, aged 21.388076923077016 in age group 21to29, with relationship status of 0 and is now HIV+.

Agents are being removed from the simulation...
s00700 is aged 29.984076923077016, whiteNH and is leaving the simulation.
s01473 is aged 29.987076923077016, whiteNH and is leaving the simulation.
s02618 is aged 29.997076923077017, whiteNH and is leaving the simulation.
s03234 is aged 29.994076923077017, whiteNH and is leaving the simulation.
s03654 is aged 29.981076923077016, whiteNH and is leaving the simulation.
s03911 is aged 29.981076923077016, blackNH and is leaving the simulation.
s04056 is aged 29.999076923077016, blackNH and is leaving the simulation.
s05050 is aged 29.988076923077017, blackNH and is leaving the simulation.
s05477 is aged 29.982076923077017, blackNH and is leaving the simulation.
s05726 is aged 29.986076923077015, blackNH and is leaving the simulation.
s05912 is aged 29.985076923077017, blackNH and is leaving the simulation.
s06648 is aged 29.988076923077017, blackNH and is leaving the simulation.
s07048 is aged 29.998076923077015, hispanic and is leaving the simulation.
s11110 is aged 29.982076923077017, otherNH and is leaving the simulation.
s11404 is aged 29.998076923077015, otherNH and is leaving the simulation.

Agents who have aged to a new age group are being updated...
s00164 is 21.003307692307786 and has aged to age group 21to29.
s00608 is 21.009307692307786 and has aged to age group 21to29.
s00823 is 21.017307692307785 and has aged to age group 21to29.
s00826 is 21.016307692307787 and has aged to age group 21to29.
s01097 is 21.013307692307787 and has aged to age group 21to29.
s03533 is 21.003307692307786 and has aged to age group 21to29.
s03692 is 21.005307692307785 and has aged to age group 21to29.
s03764 is 21.014307692307785 and has aged to age group 21to29.
s04046 is 21.004307692307787 and has aged to age group 21to29.
s06631 is 21.011307692307785 and has aged to age group 21to29.
s09949 is 21.000307692307786 and has aged to age group 21to29.
s10119 is 21.002307692307784 and has aged to age group 21to29.
s10596 is 21.006307692307786 and has aged to age group 21to29.
s11216 is 21.002307692307784 and has aged to age group 21to29.

New agents are being added to the simulation...
s13540 is age 16.0 and otherNH and is entering the model
s13541 is age 16.0 and hispanic and is entering the model
s13542 is age 16.0 and hispanic and is entering the model
s13543 is age 16.0 and whiteNH and is entering the model
s13544 is age 16.0 and hispanic and is entering the model
s13545 is age 16.0 and hispanic and is entering the model
s13546 is age 16.0 and hispanic and is entering the model
s13547 is age 16.0 and hispanic and is entering the model
s13548 is age 16.0 and blackNH and is entering the model
s13549 is age 16.0 and whiteNH and is entering the model
s13550 is age 16.0 and whiteNH and is entering the model
s13551 is age 16.0 and whiteNH and is entering the model
s13552 is age 16.0 and blackNH and is entering the model
s13553 is age 16.0 and hispanic and is entering the model
s13554 is age 16.0 and blackNH and is entering the model
s13555 is age 16.0 and whiteNH and is entering the model
s13556 is age 16.0 and blackNH and is entering the model
s13557 is age 16.0 and otherNH and is entering the model
s13558 is age 16.0 and otherNH and is entering the model
s13559 is age 16.0 and blackNH and is entering the model
s13560 is age 16.0 and hispanic and is entering the model
s13561 is age 16.0 and hispanic and is entering the model
s13562 is age 16.0 and hispanic and is entering the model

Agents are attending venues and using apps for week 115 in simulation...


Epidemic Simulation
----------------------------
Simulation: 1/1
Timestep: 115/3640
Prevalence: 1955
Population Size: 11743
----------------------------
The ages, hiv status, and relationship status for the agents are being updated...
s04137 is blackNH, aged 25.895307692307785 in age group 16to20, with relationship status of 0 and is now HIV+.
s04241 is blackNH, aged 19.692307692307786 in age group 16to20, with relationship status of 0 and is now HIV+.
s04881 is blackNH, aged 18.206307692307785 in age group 16to20, with relationship status of 1 and is now HIV+.
s05753 is blackNH, aged 20.338307692307787 in age group 21to29, with relationship status of 0 and is now HIV+.

Agents are being removed from the simulation...
s00495 is aged 29.999307692307784, whiteNH and is leaving the simulation.
s01215 is aged 29.983307692307786, whiteNH and is leaving the simulation.
s01577 is aged 29.986307692307786, whiteNH and is leaving the simulation.
s01881 is aged 29.986307692307786, whiteNH and is leaving the simulation.
s02295 is aged 29.996307692307784, whiteNH and is leaving the simulation.
s02644 is aged 29.981307692307787, whiteNH and is leaving the simulation.
s03171 is aged 29.990307692307788, whiteNH and is leaving the simulation.
s04592 is aged 29.986307692307786, blackNH and is leaving the simulation.
s05219 is aged 29.982307692307785, blackNH and is leaving the simulation.
s05223 is aged 29.986307692307786, blackNH and is leaving the simulation.
s05701 is aged 29.992307692307786, blackNH and is leaving the simulation.
s07315 is aged 29.983307692307786, hispanic and is leaving the simulation.
s07333 is aged 29.986307692307786, hispanic and is leaving the simulation.
s08373 is aged 29.990307692307788, hispanic and is leaving the simulation.
s09038 is aged 29.995307692307787, hispanic and is leaving the simulation.
s09716 is aged 29.996307692307784, hispanic and is leaving the simulation.
s10328 is aged 29.988307692307785, hispanic and is leaving the simulation.
s11068 is aged 29.993307692307784, otherNH and is leaving the simulation.

Agents who have aged to a new age group are being updated...
s00111 is 21.006538461538558 and has aged to age group 21to29.
s00558 is 21.010538461538555 and has aged to age group 21to29.
s03009 is 21.005538461538556 and has aged to age group 21to29.
s03522 is 21.011538461538557 and has aged to age group 21to29.
s04003 is 21.006538461538558 and has aged to age group 21to29.
s04298 is 21.004538461538555 and has aged to age group 21to29.
s05434 is 21.014538461538557 and has aged to age group 21to29.
s05984 is 21.004538461538555 and has aged to age group 21to29.
s05989 is 21.003538461538557 and has aged to age group 21to29.
s06129 is 21.006538461538558 and has aged to age group 21to29.
s06271 is 21.017538461538557 and has aged to age group 21to29.
s06594 is 21.016538461538556 and has aged to age group 21to29.
s06895 is 21.000538461538557 and has aged to age group 21to29.
s07067 is 21.006538461538558 and has aged to age group 21to29.
s07343 is 21.018538461538554 and has aged to age group 21to29.
s07554 is 21.004538461538555 and has aged to age group 21to29.
s07640 is 21.004538461538555 and has aged to age group 21to29.
s07744 is 21.005538461538556 and has aged to age group 21to29.
s10204 is 21.007538461538555 and has aged to age group 21to29.
s10899 is 21.018538461538554 and has aged to age group 21to29.
s10985 is 21.011538461538557 and has aged to age group 21to29.

New agents are being added to the simulation...
s13563 is age 16.0 and hispanic and is entering the model
s13564 is age 16.0 and whiteNH and is entering the model
s13565 is age 16.0 and whiteNH and is entering the model
s13566 is age 16.0 and whiteNH and is entering the model
s13567 is age 16.0 and blackNH and is entering the model
s13568 is age 16.0 and blackNH and is entering the model
s13569 is age 16.0 and whiteNH and is entering the model
s13570 is age 16.0 and whiteNH and is entering the model
s13571 is age 16.0 and blackNH and is entering the model
s13572 is age 16.0 and blackNH and is entering the model
s13573 is age 16.0 and whiteNH and is entering the model
s13574 is age 16.0 and hispanic and is entering the model
s13575 is age 16.0 and hispanic and is entering the model
s13576 is age 16.0 and hispanic and is entering the model
s13577 is age 16.0 and whiteNH and is entering the model
s13578 is age 16.0 and blackNH and is entering the model
s13579 is age 16.0 and whiteNH and is entering the model
s13580 is age 16.0 and whiteNH and is entering the model

Agents are attending venues and using apps for week 116 in simulation...


Epidemic Simulation
----------------------------
Simulation: 1/1
Timestep: 116/3640
Prevalence: 1961
Population Size: 11743
----------------------------
The ages, hiv status, and relationship status for the agents are being updated...
s00106 is whiteNH, aged 23.508538461538556 in age group 16to20, with relationship status of 1 and is now HIV+.
s03934 is blackNH, aged 20.567538461538557 in age group 16to20, with relationship status of 0 and is now HIV+.
s04437 is blackNH, aged 22.932538461538556 in age group 21to29, with relationship status of 0 and is now HIV+.
s04461 is blackNH, aged 29.041538461538554 in age group 16to20, with relationship status of 1 and is now HIV+.
s05792 is blackNH, aged 23.107538461538557 in age group 21to29, with relationship status of 1 and is now HIV+.
s07245 is hispanic, aged 25.443538461538555 in age group 16to20, with relationship status of 1 and is now HIV+.
s07610 is hispanic, aged 20.337538461538557 in age group 16to20, with relationship status of 1 and is now HIV+.

Agents are being removed from the simulation...
s01188 is aged 29.984538461538556, whiteNH and is leaving the simulation.
s01371 is aged 29.988538461538557, whiteNH and is leaving the simulation.
s01599 is aged 29.985538461538557, whiteNH and is leaving the simulation.
s04568 is aged 29.987538461538556, blackNH and is leaving the simulation.
s04685 is aged 29.989538461538555, blackNH and is leaving the simulation.
s04765 is aged 29.987538461538556, blackNH and is leaving the simulation.
s06494 is aged 29.989538461538555, blackNH and is leaving the simulation.
s06887 is aged 29.986538461538554, hispanic and is leaving the simulation.
s06904 is aged 29.999538461538556, hispanic and is leaving the simulation.
s08172 is aged 29.984538461538556, hispanic and is leaving the simulation.
s09045 is aged 29.982538461538557, hispanic and is leaving the simulation.
s09195 is aged 29.982538461538557, hispanic and is leaving the simulation.
s09316 is aged 29.983538461538554, hispanic and is leaving the simulation.
s09983 is aged 29.990538461538556, hispanic and is leaving the simulation.
s10226 is aged 29.990538461538556, hispanic and is leaving the simulation.
s10623 is aged 29.991538461538557, otherNH and is leaving the simulation.
s10625 is aged 29.999538461538556, otherNH and is leaving the simulation.
s10840 is aged 28.808538461538557, otherNH and is leaving the simulation.

Agents who have aged to a new age group are being updated...
s01425 is 21.013769230769327 and has aged to age group 21to29.
s02013 is 21.006769230769326 and has aged to age group 21to29.
s02153 is 21.004769230769327 and has aged to age group 21to29.
s02203 is 21.011769230769325 and has aged to age group 21to29.
s02937 is 21.011769230769325 and has aged to age group 21to29.
s03245 is 21.011769230769325 and has aged to age group 21to29.
s03364 is 21.015769230769326 and has aged to age group 21to29.
s03498 is 21.003769230769326 and has aged to age group 21to29.
s03746 is 21.013769230769327 and has aged to age group 21to29.
s04753 is 21.012769230769326 and has aged to age group 21to29.
s05928 is 21.007769230769327 and has aged to age group 21to29.
s06262 is 21.007769230769327 and has aged to age group 21to29.
s06692 is 21.015769230769326 and has aged to age group 21to29.
s07757 is 21.009769230769326 and has aged to age group 21to29.
s08383 is 21.015769230769326 and has aged to age group 21to29.
s09492 is 21.007769230769327 and has aged to age group 21to29.
s09820 is 21.011769230769325 and has aged to age group 21to29.
s09868 is 21.007769230769327 and has aged to age group 21to29.
s10147 is 21.000769230769325 and has aged to age group 21to29.
s10326 is 21.012769230769326 and has aged to age group 21to29.
s11310 is 21.003769230769326 and has aged to age group 21to29.

New agents are being added to the simulation...
s13581 is age 16.0 and whiteNH and is entering the model
s13582 is age 16.0 and hispanic and is entering the model
s13583 is age 16.0 and whiteNH and is entering the model
s13584 is age 16.0 and otherNH and is entering the model
s13585 is age 16.0 and blackNH and is entering the model
s13586 is age 16.0 and whiteNH and is entering the model
s13587 is age 16.0 and blackNH and is entering the model
s13588 is age 16.0 and whiteNH and is entering the model
s13589 is age 16.0 and whiteNH and is entering the model
s13590 is age 16.0 and otherNH and is entering the model
s13591 is age 16.0 and whiteNH and is entering the model
s13592 is age 16.0 and hispanic and is entering the model
s13593 is age 16.0 and whiteNH and is entering the model
s13594 is age 16.0 and blackNH and is entering the model
s13595 is age 16.0 and blackNH and is entering the model
s13596 is age 16.0 and hispanic and is entering the model
s13597 is age 16.0 and hispanic and is entering the model
s13598 is age 16.0 and whiteNH and is entering the model
s13599 is age 16.0 and blackNH and is entering the model
s13600 is age 16.0 and hispanic and is entering the model
s13601 is age 16.0 and hispanic and is entering the model

Agents are attending venues and using apps for week 117 in simulation...


Epidemic Simulation
----------------------------
Simulation: 1/1
Timestep: 117/3640
Prevalence: 1963
Population Size: 11746
----------------------------
The ages, hiv status, and relationship status for the agents are being updated...
s01199 is whiteNH, aged 24.477769230769326 in age group 16to20, with relationship status of 1 and is now HIV+.
s03311 is whiteNH, aged 22.769769230769327 in age group 21to29, with relationship status of 0 and is now HIV+.
s04239 is blackNH, aged 22.136769230769325 in age group 21to29, with relationship status of 0 and is now HIV+.
s05865 is blackNH, aged 18.911769230769327 in age group 21to29, with relationship status of 0 and is now HIV+.
s11670 is otherNH, aged 23.745769230769326 in age group 21to29, with relationship status of 0 and is now HIV+.
s11925 is blackNH, aged 17.942307692307775 in age group 16to20, with relationship status of 0 and is now HIV+.

Agents are being removed from the simulation...
s00491 is aged 29.982769230769325, whiteNH and is leaving the simulation.
s01254 is aged 29.993769230769328, whiteNH and is leaving the simulation.
s01280 is aged 29.998769230769327, whiteNH and is leaving the simulation.
s01528 is aged 29.998769230769327, whiteNH and is leaving the simulation.
s01639 is aged 29.997769230769325, whiteNH and is leaving the simulation.
s02705 is aged 29.999769230769324, whiteNH and is leaving the simulation.
s03696 is aged 29.980769230769326, whiteNH and is leaving the simulation.
s04350 is aged 29.993769230769328, blackNH and is leaving the simulation.
s05354 is aged 29.991769230769325, blackNH and is leaving the simulation.
s05454 is aged 29.987769230769327, blackNH and is leaving the simulation.
s06485 is aged 29.992769230769326, blackNH and is leaving the simulation.
s06950 is aged 29.991769230769325, hispanic and is leaving the simulation.
s06980 is aged 29.998769230769327, hispanic and is leaving the simulation.
s07294 is aged 29.995769230769326, hispanic and is leaving the simulation.
s07498 is aged 29.982769230769325, hispanic and is leaving the simulation.
s08446 is aged 29.992769230769326, hispanic and is leaving the simulation.
s08591 is aged 29.989769230769326, hispanic and is leaving the simulation.
s09287 is aged 29.985769230769325, hispanic and is leaving the simulation.
s11166 is aged 29.987769230769327, otherNH and is leaving the simulation.
s11571 is aged 29.995769230769326, otherNH and is leaving the simulation.

Agents who have aged to a new age group are being updated...
s00231 is 21.008000000000095 and has aged to age group 21to29.
s02118 is 21.005000000000095 and has aged to age group 21to29.
s02675 is 21.015000000000096 and has aged to age group 21to29.
s03067 is 21.018000000000097 and has aged to age group 21to29.
s04595 is 21.001000000000097 and has aged to age group 21to29.
s04616 is 21.014000000000095 and has aged to age group 21to29.
s05431 is 21.003000000000096 and has aged to age group 21to29.
s05442 is 21.011000000000095 and has aged to age group 21to29.
s06979 is 21.000000000000096 and has aged to age group 21to29.
s09183 is 21.003000000000096 and has aged to age group 21to29.
s09401 is 21.004000000000097 and has aged to age group 21to29.
s09786 is 21.002000000000095 and has aged to age group 21to29.

New agents are being added to the simulation...
s13602 is age 16.0 and whiteNH and is entering the model
s13603 is age 16.0 and whiteNH and is entering the model
s13604 is age 16.0 and blackNH and is entering the model
s13605 is age 16.0 and whiteNH and is entering the model
s13606 is age 16.0 and otherNH and is entering the model
s13607 is age 16.0 and blackNH and is entering the model
s13608 is age 16.0 and blackNH and is entering the model
s13609 is age 16.0 and whiteNH and is entering the model
s13610 is age 16.0 and whiteNH and is entering the model
s13611 is age 16.0 and whiteNH and is entering the model
s13612 is age 16.0 and whiteNH and is entering the model
s13613 is age 16.0 and hispanic and is entering the model
s13614 is age 16.0 and otherNH and is entering the model
s13615 is age 16.0 and whiteNH and is entering the model
s13616 is age 16.0 and blackNH and is entering the model
s13617 is age 16.0 and blackNH and is entering the model
s13618 is age 16.0 and hispanic and is entering the model
s13619 is age 16.0 and blackNH and is entering the model
s13620 is age 16.0 and whiteNH and is entering the model
s13621 is age 16.0 and whiteNH and is entering the model
s13622 is age 16.0 and blackNH and is entering the model
s13623 is age 16.0 and whiteNH and is entering the model
s13624 is age 16.0 and whiteNH and is entering the model
s13625 is age 16.0 and hispanic and is entering the model

Agents are attending venues and using apps for week 118 in simulation...


Epidemic Simulation
----------------------------
Simulation: 1/1
Timestep: 118/3640
Prevalence: 1964
Population Size: 11750
----------------------------
The ages, hiv status, and relationship status for the agents are being updated...
s06468 is blackNH, aged 23.796000000000095 in age group 21to29, with relationship status of 1 and is now HIV+.
s08431 is hispanic, aged 28.791000000000096 in age group 21to29, with relationship status of 0 and is now HIV+.
s11346 is otherNH, aged 20.224000000000096 in age group 21to29, with relationship status of 0 and is now HIV+.
s11809 is hispanic, aged 18.096153846153936 in age group 16to20, with relationship status of 0 and is now HIV+.

Agents are being removed from the simulation...
s02964 is aged 29.985000000000095, whiteNH and is leaving the simulation.
s03568 is aged 29.996000000000095, whiteNH and is leaving the simulation.
s04073 is aged 29.995000000000097, blackNH and is leaving the simulation.
s04382 is aged 29.986000000000097, blackNH and is leaving the simulation.
s04606 is aged 29.981000000000098, blackNH and is leaving the simulation.
s05742 is aged 29.982000000000095, blackNH and is leaving the simulation.
s06281 is aged 29.994000000000096, blackNH and is leaving the simulation.
s07209 is aged 29.998000000000097, hispanic and is leaving the simulation.
s07618 is aged 29.995000000000097, hispanic and is leaving the simulation.
s07670 is aged 29.990000000000094, hispanic and is leaving the simulation.
s08592 is aged 29.983000000000096, hispanic and is leaving the simulation.
s11240 is aged 29.990000000000094, otherNH and is leaving the simulation.

Agents who have aged to a new age group are being updated...
s00946 is 21.000230769230868 and has aged to age group 21to29.
s01149 is 21.002230769230867 and has aged to age group 21to29.
s01222 is 21.005230769230867 and has aged to age group 21to29.
s02485 is 21.014230769230867 and has aged to age group 21to29.
s03648 is 21.000230769230868 and has aged to age group 21to29.
s04483 is 21.004230769230865 and has aged to age group 21to29.
s04531 is 21.004230769230865 and has aged to age group 21to29.
s05680 is 21.004230769230865 and has aged to age group 21to29.
s06367 is 21.017230769230867 and has aged to age group 21to29.
s07112 is 21.000230769230868 and has aged to age group 21to29.
s07375 is 21.006230769230864 and has aged to age group 21to29.
s07724 is 21.018230769230865 and has aged to age group 21to29.
s08590 is 21.016230769230866 and has aged to age group 21to29.
s08789 is 21.013230769230866 and has aged to age group 21to29.
s09164 is 21.018230769230865 and has aged to age group 21to29.
s09473 is 21.008230769230867 and has aged to age group 21to29.
s09987 is 21.016230769230866 and has aged to age group 21to29.
s10196 is 21.011230769230867 and has aged to age group 21to29.

New agents are being added to the simulation...
s13626 is age 16.0 and blackNH and is entering the model
s13627 is age 16.0 and whiteNH and is entering the model
s13628 is age 16.0 and whiteNH and is entering the model
s13629 is age 16.0 and whiteNH and is entering the model
s13630 is age 16.0 and blackNH and is entering the model
s13631 is age 16.0 and hispanic and is entering the model
s13632 is age 16.0 and otherNH and is entering the model

Agents are attending venues and using apps for week 119 in simulation...


Epidemic Simulation
----------------------------
Simulation: 1/1
Timestep: 119/3640
Prevalence: 1966
Population Size: 11745
----------------------------
The ages, hiv status, and relationship status for the agents are being updated...
s06425 is blackNH, aged 28.062230769230865 in age group 21to29, with relationship status of 0 and is now HIV+.
s06476 is blackNH, aged 23.232230769230867 in age group 21to29, with relationship status of 0 and is now HIV+.
s08477 is hispanic, aged 26.615230769230866 in age group 21to29, with relationship status of 0 and is now HIV+.
s10145 is hispanic, aged 22.303230769230865 in age group 21to29, with relationship status of 1 and is now HIV+.

Agents are being removed from the simulation...
s00850 is aged 29.991230769230867, whiteNH and is leaving the simulation.
s01034 is aged 29.981230769230866, whiteNH and is leaving the simulation.
s02162 is aged 29.991230769230867, whiteNH and is leaving the simulation.
s02722 is aged 29.987230769230866, whiteNH and is leaving the simulation.
s03144 is aged 29.999230769230866, whiteNH and is leaving the simulation.
s03226 is aged 29.991230769230867, whiteNH and is leaving the simulation.
s04301 is aged 29.985230769230867, blackNH and is leaving the simulation.
s05430 is aged 29.981230769230866, blackNH and is leaving the simulation.
s06280 is aged 29.993230769230866, blackNH and is leaving the simulation.
s06329 is aged 29.999230769230866, blackNH and is leaving the simulation.
s07807 is aged 29.995230769230865, hispanic and is leaving the simulation.
s08705 is aged 29.983230769230865, hispanic and is leaving the simulation.
s09140 is aged 29.984230769230866, hispanic and is leaving the simulation.
s09165 is aged 29.982230769230867, hispanic and is leaving the simulation.
s10555 is aged 29.984230769230866, otherNH and is leaving the simulation.
s11036 is aged 29.984230769230866, otherNH and is leaving the simulation.

Agents who have aged to a new age group are being updated...
s00051 is 21.002461538461635 and has aged to age group 21to29.
s01598 is 21.017461538461635 and has aged to age group 21to29.
s01722 is 21.003461538461636 and has aged to age group 21to29.
s01830 is 21.013461538461637 and has aged to age group 21to29.
s02102 is 21.003461538461636 and has aged to age group 21to29.
s02535 is 21.010461538461637 and has aged to age group 21to29.
s02579 is 21.017461538461635 and has aged to age group 21to29.
s03133 is 21.003461538461636 and has aged to age group 21to29.
s03935 is 21.018461538461636 and has aged to age group 21to29.
s04124 is 21.011461538461635 and has aged to age group 21to29.
s04330 is 21.012461538461636 and has aged to age group 21to29.
s04410 is 21.013461538461637 and has aged to age group 21to29.
s05104 is 21.004461538461637 and has aged to age group 21to29.
s05350 is 21.008461538461635 and has aged to age group 21to29.
s05707 is 21.010461538461637 and has aged to age group 21to29.
s05812 is 21.010461538461637 and has aged to age group 21to29.
s05988 is 21.018461538461636 and has aged to age group 21to29.
s07517 is 21.017461538461635 and has aged to age group 21to29.
s07936 is 21.009461538461636 and has aged to age group 21to29.
s08286 is 21.017461538461635 and has aged to age group 21to29.
s09941 is 21.012461538461636 and has aged to age group 21to29.
s10035 is 21.001461538461637 and has aged to age group 21to29.
s10045 is 21.001461538461637 and has aged to age group 21to29.
s10384 is 21.002461538461635 and has aged to age group 21to29.

New agents are being added to the simulation...
s13633 is age 16.0 and hispanic and is entering the model
s13634 is age 16.0 and whiteNH and is entering the model
s13635 is age 16.0 and hispanic and is entering the model
s13636 is age 16.0 and otherNH and is entering the model
s13637 is age 16.0 and hispanic and is entering the model
s13638 is age 16.0 and blackNH and is entering the model
s13639 is age 16.0 and otherNH and is entering the model
s13640 is age 16.0 and blackNH and is entering the model
s13641 is age 16.0 and whiteNH and is entering the model
s13642 is age 16.0 and hispanic and is entering the model
s13643 is age 16.0 and whiteNH and is entering the model
s13644 is age 16.0 and whiteNH and is entering the model
s13645 is age 16.0 and whiteNH and is entering the model
s13646 is age 16.0 and hispanic and is entering the model
s13647 is age 16.0 and otherNH and is entering the model
s13648 is age 16.0 and blackNH and is entering the model
s13649 is age 16.0 and whiteNH and is entering the model
s13650 is age 16.0 and blackNH and is entering the model

Agents are attending venues and using apps for week 120 in simulation...


Epidemic Simulation
----------------------------
Simulation: 1/1
Timestep: 120/3640
Prevalence: 1966
Population Size: 11747
----------------------------
The ages, hiv status, and relationship status for the agents are being updated...
s02693 is whiteNH, aged 26.014461538461635 in age group 21to29, with relationship status of 1 and is now HIV+.
s07421 is hispanic, aged 27.453461538461635 in age group 16to20, with relationship status of 1 and is now HIV+.

Agents are being removed from the simulation...
s00554 is aged 29.984461538461638, whiteNH and is leaving the simulation.
s01041 is aged 29.995461538461637, whiteNH and is leaving the simulation.
s01712 is aged 29.991461538461635, whiteNH and is leaving the simulation.
s02179 is aged 29.987461538461638, whiteNH and is leaving the simulation.
s02764 is aged 29.990461538461634, whiteNH and is leaving the simulation.
s03973 is aged 29.987461538461638, blackNH and is leaving the simulation.
s04658 is aged 29.982461538461635, blackNH and is leaving the simulation.
s04972 is aged 29.994461538461636, blackNH and is leaving the simulation.
s06063 is aged 29.989461538461637, blackNH and is leaving the simulation.
s06797 is aged 29.982461538461635, blackNH and is leaving the simulation.
s07221 is aged 29.987461538461638, hispanic and is leaving the simulation.
s07225 is aged 29.982461538461635, hispanic and is leaving the simulation.
s08735 is aged 29.992461538461637, hispanic and is leaving the simulation.
s09178 is aged 29.982461538461635, hispanic and is leaving the simulation.
s09221 is aged 29.992461538461637, hispanic and is leaving the simulation.
s09513 is aged 29.988461538461635, hispanic and is leaving the simulation.
s10311 is aged 29.996461538461634, hispanic and is leaving the simulation.
s10763 is aged 29.985461538461635, otherNH and is leaving the simulation.
s11502 is aged 29.999461538461635, otherNH and is leaving the simulation.

Agents who have aged to a new age group are being updated...
s00993 is 21.010692307692405 and has aged to age group 21to29.
s01166 is 21.001692307692405 and has aged to age group 21to29.
s01480 is 21.018692307692405 and has aged to age group 21to29.
s02630 is 21.005692307692406 and has aged to age group 21to29.
s05015 is 21.014692307692407 and has aged to age group 21to29.
s05186 is 21.007692307692405 and has aged to age group 21to29.
s05250 is 21.002692307692406 and has aged to age group 21to29.
s07699 is 21.013692307692406 and has aged to age group 21to29.
s07841 is 21.004692307692405 and has aged to age group 21to29.
s09771 is 21.015692307692404 and has aged to age group 21to29.
s09821 is 21.000692307692407 and has aged to age group 21to29.
s10174 is 21.018692307692405 and has aged to age group 21to29.
s10491 is 21.003692307692408 and has aged to age group 21to29.
s11609 is 21.003692307692408 and has aged to age group 21to29.

New agents are being added to the simulation...
s13651 is age 16.0 and whiteNH and is entering the model
s13652 is age 16.0 and blackNH and is entering the model
s13653 is age 16.0 and hispanic and is entering the model
s13654 is age 16.0 and hispanic and is entering the model
s13655 is age 16.0 and hispanic and is entering the model
s13656 is age 16.0 and hispanic and is entering the model
s13657 is age 16.0 and whiteNH and is entering the model
s13658 is age 16.0 and hispanic and is entering the model
s13659 is age 16.0 and whiteNH and is entering the model
s13660 is age 16.0 and blackNH and is entering the model
s13661 is age 16.0 and whiteNH and is entering the model
s13662 is age 16.0 and whiteNH and is entering the model
s13663 is age 16.0 and blackNH and is entering the model
s13664 is age 16.0 and blackNH and is entering the model

Agents are attending venues and using apps for week 121 in simulation...


Epidemic Simulation
----------------------------
Simulation: 1/1
Timestep: 121/3640
Prevalence: 1967
Population Size: 11742
----------------------------
The ages, hiv status, and relationship status for the agents are being updated...
s03977 is blackNH, aged 19.184692307692405 in age group 16to20, with relationship status of 1 and is now HIV+.
s04031 is blackNH, aged 21.775692307692406 in age group 21to29, with relationship status of 0 and is now HIV+.
s04033 is blackNH, aged 22.572692307692407 in age group 21to29, with relationship status of 0 and is now HIV+.
s04770 is blackNH, aged 26.848692307692406 in age group 16to20, with relationship status of 0 and is now HIV+.
s07284 is hispanic, aged 21.756692307692408 in age group 21to29, with relationship status of 0 and is now HIV+.

Agents are being removed from the simulation...
s00483 is aged 29.996692307692406, whiteNH and is leaving the simulation.
s00999 is aged 29.987692307692406, whiteNH and is leaving the simulation.
s01197 is aged 29.984692307692406, whiteNH and is leaving the simulation.
s01501 is aged 29.992692307692405, whiteNH and is leaving the simulation.
s02464 is aged 29.994692307692407, whiteNH and is leaving the simulation.
s03102 is aged 29.999692307692406, whiteNH and is leaving the simulation.
s03215 is aged 29.992692307692405, whiteNH and is leaving the simulation.
s04103 is aged 29.988692307692407, blackNH and is leaving the simulation.
s06196 is aged 29.982692307692407, blackNH and is leaving the simulation.
s07285 is aged 29.981692307692406, hispanic and is leaving the simulation.
s07345 is aged 29.998692307692405, hispanic and is leaving the simulation.
s08020 is aged 29.995692307692405, hispanic and is leaving the simulation.
s08245 is aged 29.994692307692407, hispanic and is leaving the simulation.
s09191 is aged 29.999692307692406, hispanic and is leaving the simulation.
s10669 is aged 29.986692307692405, otherNH and is leaving the simulation.
s11187 is aged 29.982692307692407, otherNH and is leaving the simulation.

Agents who have aged to a new age group are being updated...
s00206 is 21.001923076923177 and has aged to age group 21to29.
s01160 is 21.014923076923175 and has aged to age group 21to29.
s02049 is 21.008923076923175 and has aged to age group 21to29.
s02263 is 21.014923076923175 and has aged to age group 21to29.
s03871 is 21.006923076923176 and has aged to age group 21to29.
s06378 is 21.016923076923177 and has aged to age group 21to29.
s06422 is 21.012923076923176 and has aged to age group 21to29.
s07418 is 21.009923076923176 and has aged to age group 21to29.
s09203 is 21.011923076923175 and has aged to age group 21to29.
s10099 is 21.010923076923177 and has aged to age group 21to29.
s10125 is 21.014923076923175 and has aged to age group 21to29.
s11180 is 21.013923076923177 and has aged to age group 21to29.
s11412 is 21.017923076923175 and has aged to age group 21to29.

New agents are being added to the simulation...
s13665 is age 16.0 and whiteNH and is entering the model
s13666 is age 16.0 and blackNH and is entering the model
s13667 is age 16.0 and whiteNH and is entering the model
s13668 is age 16.0 and whiteNH and is entering the model
s13669 is age 16.0 and whiteNH and is entering the model
s13670 is age 16.0 and whiteNH and is entering the model
s13671 is age 16.0 and whiteNH and is entering the model
s13672 is age 16.0 and blackNH and is entering the model
s13673 is age 16.0 and hispanic and is entering the model
s13674 is age 16.0 and hispanic and is entering the model
s13675 is age 16.0 and whiteNH and is entering the model
s13676 is age 16.0 and blackNH and is entering the model
s13677 is age 16.0 and whiteNH and is entering the model
s13678 is age 16.0 and hispanic and is entering the model
s13679 is age 16.0 and whiteNH and is entering the model

Agents are attending venues and using apps for week 122 in simulation...


Epidemic Simulation
----------------------------
Simulation: 1/1
Timestep: 122/3640
Prevalence: 1968
Population Size: 11741
----------------------------
The ages, hiv status, and relationship status for the agents are being updated...
s05787 is blackNH, aged 23.832923076923176 in age group 21to29, with relationship status of 1 and is now HIV+.
s06152 is blackNH, aged 19.354923076923175 in age group 21to29, with relationship status of 1 and is now HIV+.
s09265 is hispanic, aged 22.926923076923178 in age group 21to29, with relationship status of 0 and is now HIV+.
s10048 is hispanic, aged 24.598923076923175 in age group 21to29, with relationship status of 0 and is now HIV+.

Agents are being removed from the simulation...
s01695 is aged 29.986923076923176, whiteNH and is leaving the simulation.
s02932 is aged 29.982923076923175, whiteNH and is leaving the simulation.
s03393 is aged 29.984923076923177, whiteNH and is leaving the simulation.
s04157 is aged 29.997923076923176, blackNH and is leaving the simulation.
s04589 is aged 29.987923076923177, blackNH and is leaving the simulation.
s06358 is aged 29.989923076923176, blackNH and is leaving the simulation.
s06373 is aged 29.998923076923177, blackNH and is leaving the simulation.
s06838 is aged 29.987923076923177, hispanic and is leaving the simulation.
s07537 is aged 29.997923076923176, hispanic and is leaving the simulation.
s08291 is aged 29.992923076923176, hispanic and is leaving the simulation.
s08455 is aged 29.984923076923177, hispanic and is leaving the simulation.
s09317 is aged 29.996923076923178, hispanic and is leaving the simulation.
s11228 is aged 29.986923076923176, otherNH and is leaving the simulation.
s11264 is aged 29.982923076923175, otherNH and is leaving the simulation.

Agents who have aged to a new age group are being updated...
s00364 is 21.014153846153945 and has aged to age group 21to29.
s02312 is 21.005153846153945 and has aged to age group 21to29.
s02974 is 21.016153846153948 and has aged to age group 21to29.
s05445 is 21.001153846153947 and has aged to age group 21to29.
s08458 is 21.014153846153945 and has aged to age group 21to29.
s08658 is 21.005153846153945 and has aged to age group 21to29.
s08734 is 21.007153846153948 and has aged to age group 21to29.
s11031 is 21.014153846153945 and has aged to age group 21to29.

New agents are being added to the simulation...
s13680 is age 16.0 and whiteNH and is entering the model
s13681 is age 16.0 and otherNH and is entering the model
s13682 is age 16.0 and blackNH and is entering the model
s13683 is age 16.0 and whiteNH and is entering the model
s13684 is age 16.0 and whiteNH and is entering the model
s13685 is age 16.0 and blackNH and is entering the model
s13686 is age 16.0 and whiteNH and is entering the model
s13687 is age 16.0 and whiteNH and is entering the model
s13688 is age 16.0 and otherNH and is entering the model
s13689 is age 16.0 and whiteNH and is entering the model
s13690 is age 16.0 and whiteNH and is entering the model
s13691 is age 16.0 and hispanic and is entering the model
s13692 is age 16.0 and otherNH and is entering the model
s13693 is age 16.0 and hispanic and is entering the model
s13694 is age 16.0 and hispanic and is entering the model
s13695 is age 16.0 and blackNH and is entering the model

Agents are attending venues and using apps for week 123 in simulation...


Epidemic Simulation
----------------------------
Simulation: 1/1
Timestep: 123/3640
Prevalence: 1970
Population Size: 11743
----------------------------
The ages, hiv status, and relationship status for the agents are being updated...
s04499 is blackNH, aged 25.435153846153945 in age group 16to20, with relationship status of 1 and is now HIV+.
s07239 is hispanic, aged 23.120153846153947 in age group 21to29, with relationship status of 1 and is now HIV+.
s09056 is hispanic, aged 25.663153846153946 in age group 21to29, with relationship status of 0 and is now HIV+.
s11298 is otherNH, aged 20.134153846153946 in age group 21to29, with relationship status of 0 and is now HIV+.

Agents are being removed from the simulation...
s00096 is aged 29.994153846153946, whiteNH and is leaving the simulation.
s01799 is aged 29.986153846153947, whiteNH and is leaving the simulation.
s02438 is aged 29.993153846153945, whiteNH and is leaving the simulation.
s02730 is aged 29.989153846153947, whiteNH and is leaving the simulation.
s03232 is aged 29.999153846153945, whiteNH and is leaving the simulation.
s03388 is aged 29.985153846153946, whiteNH and is leaving the simulation.
s04282 is aged 29.994153846153946, blackNH and is leaving the simulation.
s04659 is aged 29.999153846153945, blackNH and is leaving the simulation.
s06832 is aged 29.982153846153945, hispanic and is leaving the simulation.
s07783 is aged 29.991153846153946, hispanic and is leaving the simulation.
s07915 is aged 29.987153846153944, hispanic and is leaving the simulation.
s08877 is aged 29.994153846153946, hispanic and is leaving the simulation.
s09687 is aged 29.991153846153946, hispanic and is leaving the simulation.
s10231 is aged 29.990153846153945, hispanic and is leaving the simulation.
s10413 is aged 29.983153846153947, hispanic and is leaving the simulation.
s11686 is aged 29.984153846153948, otherNH and is leaving the simulation.

Agents who have aged to a new age group are being updated...
s00411 is 21.006384615384714 and has aged to age group 21to29.
s00720 is 21.009384615384715 and has aged to age group 21to29.
s00864 is 21.018384615384715 and has aged to age group 21to29.
s02638 is 21.003384615384718 and has aged to age group 21to29.
s04040 is 21.008384615384717 and has aged to age group 21to29.
s04428 is 21.004384615384716 and has aged to age group 21to29.
s05127 is 21.012384615384715 and has aged to age group 21to29.
s05620 is 21.015384615384715 and has aged to age group 21to29.
s06593 is 21.004384615384716 and has aged to age group 21to29.
s07100 is 21.005384615384717 and has aged to age group 21to29.
s07674 is 21.009384615384715 and has aged to age group 21to29.
s08064 is 21.005384615384717 and has aged to age group 21to29.
s09616 is 21.010384615384716 and has aged to age group 21to29.
s09749 is 21.005384615384717 and has aged to age group 21to29.
s10689 is 21.007384615384716 and has aged to age group 21to29.

New agents are being added to the simulation...
s13696 is age 16.0 and hispanic and is entering the model
s13697 is age 16.0 and hispanic and is entering the model
s13698 is age 16.0 and otherNH and is entering the model
s13699 is age 16.0 and hispanic and is entering the model
s13700 is age 16.0 and whiteNH and is entering the model
s13701 is age 16.0 and hispanic and is entering the model
s13702 is age 16.0 and hispanic and is entering the model
s13703 is age 16.0 and hispanic and is entering the model
s13704 is age 16.0 and hispanic and is entering the model
s13705 is age 16.0 and whiteNH and is entering the model
s13706 is age 16.0 and blackNH and is entering the model
s13707 is age 16.0 and hispanic and is entering the model
s13708 is age 16.0 and whiteNH and is entering the model

Agents are attending venues and using apps for week 124 in simulation...


Epidemic Simulation
----------------------------
Simulation: 1/1
Timestep: 124/3640
Prevalence: 1975
Population Size: 11740
----------------------------
The ages, hiv status, and relationship status for the agents are being updated...
s01717 is whiteNH, aged 29.845384615384717 in age group 21to29, with relationship status of 0 and is now HIV+.
s04880 is blackNH, aged 24.613384615384717 in age group 16to20, with relationship status of 0 and is now HIV+.
s09730 is hispanic, aged 22.128384615384718 in age group 21to29, with relationship status of 1 and is now HIV+.
s11761 is whiteNH, aged 18.269230769230866 in age group 16to20, with relationship status of 1 and is now HIV+.
s11983 is blackNH, aged 18.019230769230855 in age group 16to20, with relationship status of 1 and is now HIV+.
s13556 is blackNH, aged 16.17307692307693 in age group 16to20, with relationship status of 0 and is now HIV+.

Agents are being removed from the simulation...
s00092 is aged 29.985384615384717, whiteNH and is leaving the simulation.
s00163 is aged 29.987384615384716, whiteNH and is leaving the simulation.
s00848 is aged 29.989384615384715, whiteNH and is leaving the simulation.
s01277 is aged 29.995384615384715, whiteNH and is leaving the simulation.
s01628 is aged 29.994384615384718, whiteNH and is leaving the simulation.
s02509 is aged 29.997384615384718, whiteNH and is leaving the simulation.
s04411 is aged 29.990384615384716, blackNH and is leaving the simulation.
s04464 is aged 29.994384615384718, blackNH and is leaving the simulation.
s04550 is aged 29.989384615384715, blackNH and is leaving the simulation.
s04792 is aged 29.984384615384716, blackNH and is leaving the simulation.
s05665 is aged 29.994384615384718, blackNH and is leaving the simulation.
s09016 is aged 29.993384615384716, hispanic and is leaving the simulation.
s10794 is aged 29.993384615384716, otherNH and is leaving the simulation.
s10990 is aged 29.999384615384717, otherNH and is leaving the simulation.

Agents who have aged to a new age group are being updated...
s00287 is 21.008615384615485 and has aged to age group 21to29.
s00970 is 21.018615384615487 and has aged to age group 21to29.
s01857 is 21.010615384615487 and has aged to age group 21to29.
s01952 is 21.012615384615486 and has aged to age group 21to29.
s01980 is 21.015615384615487 and has aged to age group 21to29.
s02274 is 21.008615384615485 and has aged to age group 21to29.
s03548 is 21.015615384615487 and has aged to age group 21to29.
s04236 is 21.008615384615485 and has aged to age group 21to29.
s04511 is 21.000615384615486 and has aged to age group 21to29.
s05299 is 21.014615384615485 and has aged to age group 21to29.
s06147 is 21.016615384615488 and has aged to age group 21to29.
s06192 is 21.000615384615486 and has aged to age group 21to29.
s06417 is 21.004615384615487 and has aged to age group 21to29.
s06953 is 21.015615384615487 and has aged to age group 21to29.
s07185 is 21.016615384615488 and has aged to age group 21to29.
s08357 is 21.001615384615487 and has aged to age group 21to29.
s08513 is 21.013615384615488 and has aged to age group 21to29.

New agents are being added to the simulation...
s13709 is age 16.0 and hispanic and is entering the model
s13710 is age 16.0 and whiteNH and is entering the model
s13711 is age 16.0 and otherNH and is entering the model
s13712 is age 16.0 and whiteNH and is entering the model
s13713 is age 16.0 and whiteNH and is entering the model
s13714 is age 16.0 and hispanic and is entering the model
s13715 is age 16.0 and whiteNH and is entering the model
s13716 is age 16.0 and hispanic and is entering the model
s13717 is age 16.0 and hispanic and is entering the model
s13718 is age 16.0 and blackNH and is entering the model
s13719 is age 16.0 and whiteNH and is entering the model
s13720 is age 16.0 and whiteNH and is entering the model
s13721 is age 16.0 and whiteNH and is entering the model
s13722 is age 16.0 and otherNH and is entering the model

Agents are attending venues and using apps for week 125 in simulation...


Epidemic Simulation
----------------------------
Simulation: 1/1
Timestep: 125/3640
Prevalence: 1979
Population Size: 11740
----------------------------
The ages, hiv status, and relationship status for the agents are being updated...
s05645 is blackNH, aged 26.242615384615487 in age group 21to29, with relationship status of 1 and is now HIV+.
s06269 is blackNH, aged 18.935615384615485 in age group 21to29, with relationship status of 0 and is now HIV+.
s06681 is blackNH, aged 27.240615384615488 in age group 21to29, with relationship status of 0 and is now HIV+.
s11570 is otherNH, aged 27.585615384615487 in age group 21to29, with relationship status of 0 and is now HIV+.
s12934 is hispanic, aged 16.923076923076962 in age group 16to20, with relationship status of 0 and is now HIV+.

Agents are being removed from the simulation...
s00499 is aged 29.987615384615488, whiteNH and is leaving the simulation.
s02660 is aged 29.984615384615488, whiteNH and is leaving the simulation.
s03425 is aged 29.988615384615485, whiteNH and is leaving the simulation.
s03483 is aged 29.991615384615486, whiteNH and is leaving the simulation.
s05675 is aged 29.991615384615486, blackNH and is leaving the simulation.
s06019 is aged 29.996615384615485, blackNH and is leaving the simulation.
s06939 is aged 29.992615384615487, hispanic and is leaving the simulation.
s08481 is aged 29.988615384615485, hispanic and is leaving the simulation.
s09521 is aged 29.982615384615485, hispanic and is leaving the simulation.
s11589 is aged 29.982615384615485, otherNH and is leaving the simulation.

Agents who have aged to a new age group are being updated...
s00023 is 21.004846153846255 and has aged to age group 21to29.
s01038 is 21.013846153846256 and has aged to age group 21to29.
s01965 is 21.018846153846255 and has aged to age group 21to29.
s02112 is 21.017846153846257 and has aged to age group 21to29.
s02452 is 21.003846153846258 and has aged to age group 21to29.
s03398 is 21.000846153846258 and has aged to age group 21to29.
s04476 is 21.009846153846258 and has aged to age group 21to29.
s05176 is 21.016846153846256 and has aged to age group 21to29.
s05195 is 21.018846153846255 and has aged to age group 21to29.
s05838 is 21.004846153846255 and has aged to age group 21to29.
s06762 is 21.010846153846256 and has aged to age group 21to29.
s07030 is 21.013846153846256 and has aged to age group 21to29.
s07885 is 21.002846153846257 and has aged to age group 21to29.
s07888 is 21.016846153846256 and has aged to age group 21to29.
s08061 is 21.010846153846256 and has aged to age group 21to29.
s08169 is 21.017846153846257 and has aged to age group 21to29.
s09248 is 21.017846153846257 and has aged to age group 21to29.
s09333 is 21.002846153846257 and has aged to age group 21to29.
s09563 is 21.009846153846258 and has aged to age group 21to29.
s09938 is 21.018846153846255 and has aged to age group 21to29.
s09975 is 21.018846153846255 and has aged to age group 21to29.

New agents are being added to the simulation...
s13723 is age 16.0 and hispanic and is entering the model
s13724 is age 16.0 and whiteNH and is entering the model
s13725 is age 16.0 and whiteNH and is entering the model
s13726 is age 16.0 and hispanic and is entering the model
s13727 is age 16.0 and otherNH and is entering the model
s13728 is age 16.0 and hispanic and is entering the model
s13729 is age 16.0 and blackNH and is entering the model
s13730 is age 16.0 and hispanic and is entering the model
s13731 is age 16.0 and hispanic and is entering the model
s13732 is age 16.0 and blackNH and is entering the model
s13733 is age 16.0 and hispanic and is entering the model
s13734 is age 16.0 and hispanic and is entering the model
s13735 is age 16.0 and whiteNH and is entering the model
s13736 is age 16.0 and whiteNH and is entering the model
s13737 is age 16.0 and blackNH and is entering the model
s13738 is age 16.0 and hispanic and is entering the model
s13739 is age 16.0 and whiteNH and is entering the model

Agents are attending venues and using apps for week 126 in simulation...


Epidemic Simulation
----------------------------
Simulation: 1/1
Timestep: 126/3640
Prevalence: 1980
Population Size: 11747
----------------------------
The ages, hiv status, and relationship status for the agents are being updated...
s04657 is blackNH, aged 29.048846153846256 in age group 16to20, with relationship status of 0 and is now HIV+.
s09463 is hispanic, aged 29.084846153846257 in age group 21to29, with relationship status of 0 and is now HIV+.
s12858 is blackNH, aged 17.019230769230813 in age group 16to20, with relationship status of 0 and is now HIV+.

Agents are being removed from the simulation...
s01394 is aged 29.992846153846255, whiteNH and is leaving the simulation.
s01932 is aged 29.986846153846255, whiteNH and is leaving the simulation.
s02875 is aged 29.980846153846255, whiteNH and is leaving the simulation.
s03070 is aged 29.987846153846256, whiteNH and is leaving the simulation.
s03292 is aged 29.989846153846255, whiteNH and is leaving the simulation.
s07703 is aged 29.994846153846257, hispanic and is leaving the simulation.
s07874 is aged 29.980846153846255, hispanic and is leaving the simulation.
s08066 is aged 29.983846153846255, hispanic and is leaving the simulation.
s08084 is aged 29.981846153846256, hispanic and is leaving the simulation.
s09358 is aged 29.981846153846256, hispanic and is leaving the simulation.
s09449 is aged 27.020846153846257, hispanic and is leaving the simulation.
s10139 is aged 29.999846153846256, hispanic and is leaving the simulation.
s11231 is aged 29.987846153846256, otherNH and is leaving the simulation.
s11645 is aged 29.982846153846257, otherNH and is leaving the simulation.

Agents who have aged to a new age group are being updated...
s00071 is 21.015076923077025 and has aged to age group 21to29.
s01154 is 21.015076923077025 and has aged to age group 21to29.
s01658 is 21.010076923077026 and has aged to age group 21to29.
s01708 is 21.005076923077027 and has aged to age group 21to29.
s02110 is 21.007076923077026 and has aged to age group 21to29.
s02594 is 21.009076923077025 and has aged to age group 21to29.
s03719 is 21.011076923077027 and has aged to age group 21to29.
s04154 is 21.000076923077025 and has aged to age group 21to29.
s04319 is 21.013076923077026 and has aged to age group 21to29.
s04399 is 21.018076923077025 and has aged to age group 21to29.
s04532 is 21.012076923077025 and has aged to age group 21to29.
s05424 is 21.005076923077027 and has aged to age group 21to29.
s05857 is 21.016076923077026 and has aged to age group 21to29.
s07603 is 21.005076923077027 and has aged to age group 21to29.
s09242 is 21.017076923077028 and has aged to age group 21to29.
s09491 is 21.002076923077027 and has aged to age group 21to29.
s11544 is 21.015076923077025 and has aged to age group 21to29.

New agents are being added to the simulation...
s13740 is age 16.0 and whiteNH and is entering the model
s13741 is age 16.0 and hispanic and is entering the model
s13742 is age 16.0 and hispanic and is entering the model
s13743 is age 16.0 and whiteNH and is entering the model
s13744 is age 16.0 and hispanic and is entering the model
s13745 is age 16.0 and hispanic and is entering the model
s13746 is age 16.0 and blackNH and is entering the model
s13747 is age 16.0 and whiteNH and is entering the model
s13748 is age 16.0 and blackNH and is entering the model
s13749 is age 16.0 and blackNH and is entering the model
s13750 is age 16.0 and otherNH and is entering the model
s13751 is age 16.0 and blackNH and is entering the model

Agents are attending venues and using apps for week 127 in simulation...


Epidemic Simulation
----------------------------
Simulation: 1/1
Timestep: 127/3640
Prevalence: 1982
Population Size: 11745
----------------------------
The ages, hiv status, and relationship status for the agents are being updated...
s05210 is blackNH, aged 19.101076923077027 in age group 21to29, with relationship status of 0 and is now HIV+.
s05337 is blackNH, aged 23.554076923077027 in age group 21to29, with relationship status of 1 and is now HIV+.
s09791 is hispanic, aged 22.301076923077026 in age group 21to29, with relationship status of 1 and is now HIV+.
s09961 is hispanic, aged 26.461076923077027 in age group 21to29, with relationship status of 1 and is now HIV+.

Agents are being removed from the simulation...
s00019 is aged 29.997076923077028, whiteNH and is leaving the simulation.
s00379 is aged 29.992076923077025, whiteNH and is leaving the simulation.
s01225 is aged 29.999076923077027, whiteNH and is leaving the simulation.
s01672 is aged 29.991076923077028, whiteNH and is leaving the simulation.
s02719 is aged 29.986076923077025, whiteNH and is leaving the simulation.
s03671 is aged 29.998076923077026, whiteNH and is leaving the simulation.
s04828 is aged 29.983076923077025, blackNH and is leaving the simulation.
s05368 is aged 29.983076923077025, blackNH and is leaving the simulation.
s06287 is aged 29.998076923077026, blackNH and is leaving the simulation.
s06816 is aged 29.985076923077028, blackNH and is leaving the simulation.
s09261 is aged 29.987076923077026, hispanic and is leaving the simulation.
s09480 is aged 29.998076923077026, hispanic and is leaving the simulation.
s10433 is aged 29.987076923077026, otherNH and is leaving the simulation.
s10901 is aged 29.986076923077025, otherNH and is leaving the simulation.
s11046 is aged 29.996076923077027, otherNH and is leaving the simulation.

Agents who have aged to a new age group are being updated...
s00011 is 21.004307692307798 and has aged to age group 21to29.
s00202 is 21.010307692307798 and has aged to age group 21to29.
s00301 is 21.013307692307798 and has aged to age group 21to29.
s00961 is 21.015307692307797 and has aged to age group 21to29.
s01416 is 21.006307692307796 and has aged to age group 21to29.
s01454 is 21.006307692307796 and has aged to age group 21to29.
s02640 is 21.011307692307795 and has aged to age group 21to29.
s03051 is 21.003307692307796 and has aged to age group 21to29.
s03468 is 21.013307692307798 and has aged to age group 21to29.
s04622 is 21.002307692307795 and has aged to age group 21to29.
s05585 is 21.005307692307795 and has aged to age group 21to29.
s05594 is 21.008307692307795 and has aged to age group 21to29.
s08253 is 21.014307692307796 and has aged to age group 21to29.
s08488 is 21.007307692307798 and has aged to age group 21to29.
s08673 is 21.008307692307795 and has aged to age group 21to29.
s09615 is 21.010307692307798 and has aged to age group 21to29.
s09795 is 21.016307692307798 and has aged to age group 21to29.
s09841 is 21.004307692307798 and has aged to age group 21to29.
s09900 is 21.004307692307798 and has aged to age group 21to29.
s11029 is 21.008307692307795 and has aged to age group 21to29.

New agents are being added to the simulation...
s13752 is age 16.0 and hispanic and is entering the model
s13753 is age 16.0 and whiteNH and is entering the model
s13754 is age 16.0 and blackNH and is entering the model
s13755 is age 16.0 and blackNH and is entering the model
s13756 is age 16.0 and blackNH and is entering the model
s13757 is age 16.0 and otherNH and is entering the model
s13758 is age 16.0 and whiteNH and is entering the model
s13759 is age 16.0 and hispanic and is entering the model
s13760 is age 16.0 and blackNH and is entering the model
s13761 is age 16.0 and hispanic and is entering the model
s13762 is age 16.0 and otherNH and is entering the model

Agents are attending venues and using apps for week 128 in simulation...


Epidemic Simulation
----------------------------
Simulation: 1/1
Timestep: 128/3640
Prevalence: 1986
Population Size: 11741
----------------------------
The ages, hiv status, and relationship status for the agents are being updated...
s00605 is whiteNH, aged 25.274307692307797 in age group 16to20, with relationship status of 0 and is now HIV+.
s03747 is whiteNH, aged 23.849307692307796 in age group 21to29, with relationship status of 0 and is now HIV+.
s05493 is blackNH, aged 27.853307692307798 in age group 21to29, with relationship status of 1 and is now HIV+.
s12347 is hispanic, aged 17.711538461538535 in age group 16to20, with relationship status of 0 and is now HIV+.
s13144 is hispanic, aged 16.730769230769262 in age group 16to20, with relationship status of 0 and is now HIV+.
s13183 is blackNH, aged 16.692307692307722 in age group 16to20, with relationship status of 1 and is now HIV+.

Agents are being removed from the simulation...
s00584 is aged 29.9903076923078, whiteNH and is leaving the simulation.
s00593 is aged 29.984307692307798, whiteNH and is leaving the simulation.
s00646 is aged 29.993307692307795, whiteNH and is leaving the simulation.
s00869 is aged 29.597307692307798, whiteNH and is leaving the simulation.
s01091 is aged 29.988307692307796, whiteNH and is leaving the simulation.
s03659 is aged 29.996307692307795, whiteNH and is leaving the simulation.
s04175 is aged 29.983307692307797, blackNH and is leaving the simulation.
s04442 is aged 29.988307692307796, blackNH and is leaving the simulation.
s06188 is aged 29.999307692307795, blackNH and is leaving the simulation.
s06240 is aged 29.994307692307796, blackNH and is leaving the simulation.
s08063 is aged 29.997307692307796, hispanic and is leaving the simulation.
s09432 is aged 29.989307692307797, hispanic and is leaving the simulation.
s09585 is aged 29.998307692307797, hispanic and is leaving the simulation.
s10856 is aged 29.998307692307797, otherNH and is leaving the simulation.
s11005 is aged 29.981307692307798, otherNH and is leaving the simulation.
s11662 is aged 29.9903076923078, otherNH and is leaving the simulation.

Agents who have aged to a new age group are being updated...
s00306 is 21.012538461538565 and has aged to age group 21to29.
s00742 is 21.006538461538568 and has aged to age group 21to29.
s03228 is 21.001538461538566 and has aged to age group 21to29.
s03330 is 21.016538461538566 and has aged to age group 21to29.
s03694 is 21.013538461538566 and has aged to age group 21to29.
s04377 is 21.003538461538568 and has aged to age group 21to29.
s04759 is 21.001538461538566 and has aged to age group 21to29.
s07949 is 21.002538461538567 and has aged to age group 21to29.
s08057 is 21.003538461538568 and has aged to age group 21to29.
s08083 is 21.011538461538567 and has aged to age group 21to29.
s08639 is 21.018538461538565 and has aged to age group 21to29.
s08855 is 21.017538461538567 and has aged to age group 21to29.
s09112 is 21.001538461538566 and has aged to age group 21to29.
s09668 is 21.004538461538566 and has aged to age group 21to29.
s09973 is 21.005538461538567 and has aged to age group 21to29.
s10327 is 21.016538461538566 and has aged to age group 21to29.
s10367 is 21.005538461538567 and has aged to age group 21to29.
s11007 is 21.008538461538567 and has aged to age group 21to29.

New agents are being added to the simulation...
s13763 is age 16.0 and hispanic and is entering the model
s13764 is age 16.0 and otherNH and is entering the model
s13765 is age 16.0 and whiteNH and is entering the model
s13766 is age 16.0 and hispanic and is entering the model
s13767 is age 16.0 and whiteNH and is entering the model
s13768 is age 16.0 and whiteNH and is entering the model
s13769 is age 16.0 and whiteNH and is entering the model
s13770 is age 16.0 and hispanic and is entering the model
s13771 is age 16.0 and blackNH and is entering the model
s13772 is age 16.0 and hispanic and is entering the model

Agents are attending venues and using apps for week 129 in simulation...


Epidemic Simulation
----------------------------
Simulation: 1/1
Timestep: 129/3640
Prevalence: 1990
Population Size: 11735
----------------------------
The ages, hiv status, and relationship status for the agents are being updated...
s02721 is whiteNH, aged 29.656538461538567 in age group 21to29, with relationship status of 1 and is now HIV+.
s04316 is blackNH, aged 19.815538461538566 in age group 16to20, with relationship status of 0 and is now HIV+.
s04390 is blackNH, aged 29.065538461538566 in age group 16to20, with relationship status of 0 and is now HIV+.
s06854 is hispanic, aged 23.298538461538566 in age group 21to29, with relationship status of 0 and is now HIV+.
s08180 is hispanic, aged 23.178538461538565 in age group 21to29, with relationship status of 1 and is now HIV+.
s09242 is hispanic, aged 21.055538461538568 in age group 21to29, with relationship status of 0 and is now HIV+.
s09768 is hispanic, aged 26.778538461538567 in age group 21to29, with relationship status of 0 and is now HIV+.
s12292 is hispanic, aged 17.788461538461615 in age group 16to20, with relationship status of 0 and is now HIV+.

Agents are being removed from the simulation...
s02651 is aged 29.994538461538568, whiteNH and is leaving the simulation.
s05110 is aged 29.991538461538568, blackNH and is leaving the simulation.
s05126 is aged 29.993538461538567, blackNH and is leaving the simulation.
s05438 is aged 29.989538461538565, blackNH and is leaving the simulation.
s06030 is aged 29.983538461538565, blackNH and is leaving the simulation.
s06993 is aged 29.988538461538568, hispanic and is leaving the simulation.
s07475 is aged 29.997538461538568, hispanic and is leaving the simulation.
s09114 is aged 29.985538461538567, hispanic and is leaving the simulation.
s09214 is aged 29.995538461538565, hispanic and is leaving the simulation.
s09948 is aged 29.999538461538567, hispanic and is leaving the simulation.

Agents who have aged to a new age group are being updated...
s01449 is 21.005769230769335 and has aged to age group 21to29.
s01691 is 21.013769230769338 and has aged to age group 21to29.
s02441 is 21.005769230769335 and has aged to age group 21to29.
s02451 is 21.016769230769338 and has aged to age group 21to29.
s02967 is 21.002769230769335 and has aged to age group 21to29.
s04584 is 21.000769230769336 and has aged to age group 21to29.
s05185 is 21.003769230769336 and has aged to age group 21to29.
s05334 is 21.016769230769338 and has aged to age group 21to29.
s06087 is 21.017769230769336 and has aged to age group 21to29.
s06321 is 21.006769230769336 and has aged to age group 21to29.
s08150 is 21.003769230769336 and has aged to age group 21to29.
s08227 is 21.004769230769337 and has aged to age group 21to29.
s10857 is 21.007769230769338 and has aged to age group 21to29.
s11245 is 21.003769230769336 and has aged to age group 21to29.

New agents are being added to the simulation...
s13773 is age 16.0 and hispanic and is entering the model
s13774 is age 16.0 and whiteNH and is entering the model
s13775 is age 16.0 and whiteNH and is entering the model
s13776 is age 16.0 and blackNH and is entering the model
s13777 is age 16.0 and hispanic and is entering the model
s13778 is age 16.0 and hispanic and is entering the model
s13779 is age 16.0 and blackNH and is entering the model
s13780 is age 16.0 and whiteNH and is entering the model
s13781 is age 16.0 and whiteNH and is entering the model
s13782 is age 16.0 and blackNH and is entering the model
s13783 is age 16.0 and otherNH and is entering the model
s13784 is age 16.0 and whiteNH and is entering the model

Agents are attending venues and using apps for week 130 in simulation...


Epidemic Simulation
----------------------------
Simulation: 1/1
Timestep: 130/3640
Prevalence: 1988
Population Size: 11737
----------------------------
The ages, hiv status, and relationship status for the agents are being updated...
s05478 is blackNH, aged 24.299769230769336 in age group 21to29, with relationship status of 0 and is now HIV+.
s09672 is hispanic, aged 26.363769230769336 in age group 21to29, with relationship status of 1 and is now HIV+.

Agents are being removed from the simulation...
s00177 is aged 29.990769230769338, whiteNH and is leaving the simulation.
s01121 is aged 29.990769230769338, whiteNH and is leaving the simulation.
s01302 is aged 29.987769230769338, whiteNH and is leaving the simulation.
s01513 is aged 29.992769230769337, whiteNH and is leaving the simulation.
s02174 is aged 29.999769230769335, whiteNH and is leaving the simulation.
s02588 is aged 29.985769230769336, whiteNH and is leaving the simulation.
s03225 is aged 29.988769230769336, whiteNH and is leaving the simulation.
s04005 is aged 29.986769230769337, blackNH and is leaving the simulation.
s04234 is aged 29.998769230769337, blackNH and is leaving the simulation.
s06131 is aged 29.995769230769337, blackNH and is leaving the simulation.
s06263 is aged 29.999769230769335, blackNH and is leaving the simulation.
s07281 is aged 29.998769230769337, hispanic and is leaving the simulation.
s07391 is aged 29.983769230769337, hispanic and is leaving the simulation.
s08202 is aged 29.985769230769336, hispanic and is leaving the simulation.
s08670 is aged 29.982769230769335, hispanic and is leaving the simulation.
s10087 is aged 29.998769230769337, hispanic and is leaving the simulation.
s10356 is aged 29.999769230769335, hispanic and is leaving the simulation.
s10891 is aged 29.998769230769337, otherNH and is leaving the simulation.

Agents who have aged to a new age group are being updated...
s01713 is 21.008000000000106 and has aged to age group 21to29.
s03514 is 21.017000000000106 and has aged to age group 21to29.
s04719 is 21.018000000000107 and has aged to age group 21to29.
s07052 is 21.000000000000107 and has aged to age group 21to29.
s07954 is 21.001000000000108 and has aged to age group 21to29.
s07963 is 21.000000000000107 and has aged to age group 21to29.
s09935 is 21.005000000000106 and has aged to age group 21to29.
s10482 is 21.001000000000108 and has aged to age group 21to29.
s10602 is 21.016000000000105 and has aged to age group 21to29.

New agents are being added to the simulation...
s13785 is age 16.0 and hispanic and is entering the model
s13786 is age 16.0 and whiteNH and is entering the model
s13787 is age 16.0 and whiteNH and is entering the model
s13788 is age 16.0 and whiteNH and is entering the model
s13789 is age 16.0 and blackNH and is entering the model
s13790 is age 16.0 and blackNH and is entering the model
s13791 is age 16.0 and whiteNH and is entering the model
s13792 is age 16.0 and whiteNH and is entering the model
s13793 is age 16.0 and blackNH and is entering the model
s13794 is age 16.0 and blackNH and is entering the model
s13795 is age 16.0 and hispanic and is entering the model
s13796 is age 16.0 and whiteNH and is entering the model
s13797 is age 16.0 and blackNH and is entering the model
s13798 is age 16.0 and hispanic and is entering the model
s13799 is age 16.0 and blackNH and is entering the model
s13800 is age 16.0 and whiteNH and is entering the model

Agents are attending venues and using apps for week 131 in simulation...


Epidemic Simulation
----------------------------
Simulation: 1/1
Timestep: 131/3640
Prevalence: 1987
Population Size: 11735
----------------------------
The ages, hiv status, and relationship status for the agents are being updated...
s05797 is blackNH, aged 22.957000000000107 in age group 21to29, with relationship status of 1 and is now HIV+.

Agents are being removed from the simulation...
s02377 is aged 29.995000000000108, whiteNH and is leaving the simulation.
s03011 is aged 29.982000000000106, whiteNH and is leaving the simulation.
s03769 is aged 29.996000000000105, whiteNH and is leaving the simulation.
s04805 is aged 29.996000000000105, blackNH and is leaving the simulation.
s05151 is aged 29.995000000000108, blackNH and is leaving the simulation.
s06005 is aged 29.987000000000105, blackNH and is leaving the simulation.
s06091 is aged 29.988000000000106, blackNH and is leaving the simulation.
s08367 is aged 29.991000000000106, hispanic and is leaving the simulation.
s08731 is aged 29.998000000000108, hispanic and is leaving the simulation.
s10910 is aged 29.989000000000107, otherNH and is leaving the simulation.

Agents who have aged to a new age group are being updated...
s00265 is 21.011230769230878 and has aged to age group 21to29.
s01401 is 21.008230769230877 and has aged to age group 21to29.
s01600 is 21.00323076923088 and has aged to age group 21to29.
s01977 is 21.008230769230877 and has aged to age group 21to29.
s02144 is 21.012230769230875 and has aged to age group 21to29.
s03113 is 21.014230769230878 and has aged to age group 21to29.
s04406 is 21.014230769230878 and has aged to age group 21to29.
s04775 is 21.009230769230875 and has aged to age group 21to29.
s05216 is 21.017230769230878 and has aged to age group 21to29.
s05524 is 21.012230769230875 and has aged to age group 21to29.
s05564 is 21.018230769230875 and has aged to age group 21to29.
s06110 is 21.004230769230876 and has aged to age group 21to29.
s06855 is 21.00023076923088 and has aged to age group 21to29.
s07654 is 21.005230769230877 and has aged to age group 21to29.
s08404 is 21.001230769230876 and has aged to age group 21to29.
s09813 is 21.014230769230878 and has aged to age group 21to29.
s10726 is 21.017230769230878 and has aged to age group 21to29.
s10873 is 21.001230769230876 and has aged to age group 21to29.
s11549 is 21.012230769230875 and has aged to age group 21to29.

New agents are being added to the simulation...
s13801 is age 16.0 and blackNH and is entering the model
s13802 is age 16.0 and hispanic and is entering the model
s13803 is age 16.0 and blackNH and is entering the model
s13804 is age 16.0 and whiteNH and is entering the model
s13805 is age 16.0 and otherNH and is entering the model
s13806 is age 16.0 and hispanic and is entering the model
s13807 is age 16.0 and hispanic and is entering the model
s13808 is age 16.0 and hispanic and is entering the model
s13809 is age 16.0 and blackNH and is entering the model
s13810 is age 16.0 and hispanic and is entering the model
s13811 is age 16.0 and whiteNH and is entering the model
s13812 is age 16.0 and hispanic and is entering the model
s13813 is age 16.0 and whiteNH and is entering the model
s13814 is age 16.0 and otherNH and is entering the model
s13815 is age 16.0 and blackNH and is entering the model
s13816 is age 16.0 and blackNH and is entering the model

Agents are attending venues and using apps for week 132 in simulation...


Epidemic Simulation
----------------------------
Simulation: 1/1
Timestep: 132/3640
Prevalence: 1988
Population Size: 11741
----------------------------
The ages, hiv status, and relationship status for the agents are being updated...
s04935 is blackNH, aged 24.912230769230877 in age group 21to29, with relationship status of 1 and is now HIV+.
s06386 is blackNH, aged 23.497230769230878 in age group 21to29, with relationship status of 0 and is now HIV+.
s11376 is otherNH, aged 19.659230769230877 in age group 21to29, with relationship status of 0 and is now HIV+.

Agents are being removed from the simulation...
s00089 is aged 29.984230769230876, whiteNH and is leaving the simulation.
s00141 is aged 29.999230769230877, whiteNH and is leaving the simulation.
s00294 is aged 29.985230769230878, whiteNH and is leaving the simulation.
s00325 is aged 29.992230769230876, whiteNH and is leaving the simulation.
s01717 is aged 29.999230769230877, whiteNH and is leaving the simulation.
s02249 is aged 29.994230769230878, whiteNH and is leaving the simulation.
s02596 is aged 29.981230769230876, whiteNH and is leaving the simulation.
s04527 is aged 29.997230769230878, blackNH and is leaving the simulation.
s04764 is aged 29.992230769230876, blackNH and is leaving the simulation.
s05001 is aged 29.983230769230875, blackNH and is leaving the simulation.
s05091 is aged 29.997230769230878, blackNH and is leaving the simulation.
s05271 is aged 29.986230769230875, blackNH and is leaving the simulation.
s06042 is aged 29.994230769230878, blackNH and is leaving the simulation.
s08014 is aged 29.997230769230878, hispanic and is leaving the simulation.
s09399 is aged 29.990230769230877, hispanic and is leaving the simulation.
s10508 is aged 29.992230769230876, otherNH and is leaving the simulation.
s10829 is aged 29.988230769230878, otherNH and is leaving the simulation.
s11374 is aged 29.982230769230878, otherNH and is leaving the simulation.
s13756 is aged 16.07692307692308, blackNH and is leaving the simulation.

Agents who have aged to a new age group are being updated...
s00066 is 21.010461538461648 and has aged to age group 21to29.
s00345 is 21.017461538461646 and has aged to age group 21to29.
s01597 is 21.007461538461648 and has aged to age group 21to29.
s02541 is 21.009461538461647 and has aged to age group 21to29.
s02649 is 21.012461538461647 and has aged to age group 21to29.
s03015 is 21.003461538461647 and has aged to age group 21to29.
s03018 is 21.001461538461648 and has aged to age group 21to29.
s03399 is 21.005461538461645 and has aged to age group 21to29.
s03637 is 21.009461538461647 and has aged to age group 21to29.
s03774 is 21.001461538461648 and has aged to age group 21to29.
s04485 is 21.003461538461647 and has aged to age group 21to29.
s05488 is 21.018461538461647 and has aged to age group 21to29.
s06379 is 21.004461538461648 and has aged to age group 21to29.
s06793 is 21.010461538461648 and has aged to age group 21to29.
s07427 is 21.004461538461648 and has aged to age group 21to29.
s07521 is 21.010461538461648 and has aged to age group 21to29.
s07750 is 21.014461538461646 and has aged to age group 21to29.
s07855 is 21.005461538461645 and has aged to age group 21to29.
s07956 is 21.014461538461646 and has aged to age group 21to29.
s08326 is 21.006461538461647 and has aged to age group 21to29.
s08880 is 21.011461538461646 and has aged to age group 21to29.
s08977 is 21.010461538461648 and has aged to age group 21to29.
s09574 is 21.010461538461648 and has aged to age group 21to29.
s09657 is 21.008461538461646 and has aged to age group 21to29.
s10180 is 21.013461538461648 and has aged to age group 21to29.
s11409 is 21.015461538461647 and has aged to age group 21to29.

New agents are being added to the simulation...
s13817 is age 16.0 and whiteNH and is entering the model
s13818 is age 16.0 and hispanic and is entering the model
s13819 is age 16.0 and hispanic and is entering the model
s13820 is age 16.0 and hispanic and is entering the model
s13821 is age 16.0 and blackNH and is entering the model
s13822 is age 16.0 and otherNH and is entering the model
s13823 is age 16.0 and whiteNH and is entering the model
s13824 is age 16.0 and whiteNH and is entering the model
s13825 is age 16.0 and blackNH and is entering the model
s13826 is age 16.0 and blackNH and is entering the model
s13827 is age 16.0 and blackNH and is entering the model
s13828 is age 16.0 and hispanic and is entering the model
s13829 is age 16.0 and hispanic and is entering the model
s13830 is age 16.0 and blackNH and is entering the model
s13831 is age 16.0 and hispanic and is entering the model

Agents are attending venues and using apps for week 133 in simulation...


Epidemic Simulation
----------------------------
Simulation: 1/1
Timestep: 133/3640
Prevalence: 1987
Population Size: 11737
----------------------------
The ages, hiv status, and relationship status for the agents are being updated...
s10698 is otherNH, aged 18.822461538461646 in age group 16to20, with relationship status of 0 and is now HIV+.
s11436 is otherNH, aged 23.091461538461648 in age group 21to29, with relationship status of 0 and is now HIV+.
s12097 is blackNH, aged 18.076923076923165 in age group 16to20, with relationship status of 0 and is now HIV+.
s13692 is otherNH, aged 16.1923076923077 in age group 16to20, with relationship status of 0 and is now HIV+.

Agents are being removed from the simulation...
s02149 is aged 29.996461538461645, whiteNH and is leaving the simulation.
s02449 is aged 29.996461538461645, whiteNH and is leaving the simulation.
s02954 is aged 29.993461538461645, whiteNH and is leaving the simulation.
s03153 is aged 29.988461538461646, whiteNH and is leaving the simulation.
s03187 is aged 29.99046153846165, whiteNH and is leaving the simulation.
s03772 is aged 29.997461538461646, whiteNH and is leaving the simulation.
s04118 is aged 29.992461538461647, blackNH and is leaving the simulation.
s04948 is aged 29.994461538461646, blackNH and is leaving the simulation.
s05513 is aged 29.989461538461647, blackNH and is leaving the simulation.
s06566 is aged 29.988461538461646, blackNH and is leaving the simulation.
s06667 is aged 29.984461538461648, blackNH and is leaving the simulation.
s07171 is aged 29.984461538461648, hispanic and is leaving the simulation.
s07862 is aged 29.992461538461647, hispanic and is leaving the simulation.
s08347 is aged 29.988461538461646, hispanic and is leaving the simulation.
s09596 is aged 29.981461538461648, hispanic and is leaving the simulation.

Agents who have aged to a new age group are being updated...
s01981 is 21.016692307692416 and has aged to age group 21to29.
s02204 is 21.012692307692415 and has aged to age group 21to29.
s02993 is 21.005692307692417 and has aged to age group 21to29.
s03216 is 21.010692307692416 and has aged to age group 21to29.
s03730 is 21.00369230769242 and has aged to age group 21to29.
s03997 is 21.018692307692415 and has aged to age group 21to29.
s05303 is 21.016692307692416 and has aged to age group 21to29.
s05439 is 21.00669230769242 and has aged to age group 21to29.
s06497 is 21.00369230769242 and has aged to age group 21to29.
s07105 is 21.005692307692417 and has aged to age group 21to29.
s07283 is 21.000692307692418 and has aged to age group 21to29.
s07588 is 21.001692307692416 and has aged to age group 21to29.
s07842 is 21.015692307692415 and has aged to age group 21to29.
s08141 is 21.015692307692415 and has aged to age group 21to29.
s08656 is 21.008692307692417 and has aged to age group 21to29.
s08816 is 21.00969230769242 and has aged to age group 21to29.
s10117 is 21.001692307692416 and has aged to age group 21to29.
s10595 is 21.00369230769242 and has aged to age group 21to29.
s11344 is 21.018692307692415 and has aged to age group 21to29.
s11484 is 21.015692307692415 and has aged to age group 21to29.
s11545 is 21.002692307692417 and has aged to age group 21to29.
s11643 is 21.012692307692415 and has aged to age group 21to29.

New agents are being added to the simulation...
s13832 is age 16.0 and whiteNH and is entering the model
s13833 is age 16.0 and hispanic and is entering the model
s13834 is age 16.0 and otherNH and is entering the model
s13835 is age 16.0 and hispanic and is entering the model
s13836 is age 16.0 and hispanic and is entering the model
s13837 is age 16.0 and blackNH and is entering the model
s13838 is age 16.0 and hispanic and is entering the model
s13839 is age 16.0 and blackNH and is entering the model
s13840 is age 16.0 and whiteNH and is entering the model
s13841 is age 16.0 and whiteNH and is entering the model
s13842 is age 16.0 and hispanic and is entering the model
s13843 is age 16.0 and otherNH and is entering the model
s13844 is age 16.0 and whiteNH and is entering the model
s13845 is age 16.0 and otherNH and is entering the model
s13846 is age 16.0 and hispanic and is entering the model
s13847 is age 16.0 and otherNH and is entering the model
s13848 is age 16.0 and whiteNH and is entering the model
s13849 is age 16.0 and blackNH and is entering the model

Agents are attending venues and using apps for week 134 in simulation...


Epidemic Simulation
----------------------------
Simulation: 1/1
Timestep: 134/3640
Prevalence: 1986
Population Size: 11740
----------------------------
The ages, hiv status, and relationship status for the agents are being updated...
s00178 is whiteNH, aged 22.207692307692415 in age group 21to29, with relationship status of 0 and is now HIV+.
s04121 is blackNH, aged 22.493692307692417 in age group 21to29, with relationship status of 1 and is now HIV+.
s06921 is hispanic, aged 26.603692307692416 in age group 16to20, with relationship status of 0 and is now HIV+.
s08533 is hispanic, aged 22.795692307692416 in age group 21to29, with relationship status of 0 and is now HIV+.

Agents are being removed from the simulation...
s00129 is aged 29.989692307692415, whiteNH and is leaving the simulation.
s00895 is aged 29.990692307692417, whiteNH and is leaving the simulation.
s02210 is aged 29.998692307692416, whiteNH and is leaving the simulation.
s03043 is aged 29.999692307692417, whiteNH and is leaving the simulation.
s03193 is aged 29.984692307692416, whiteNH and is leaving the simulation.
s04220 is aged 19.098692307692417, blackNH and is leaving the simulation.
s04352 is aged 29.999692307692417, blackNH and is leaving the simulation.
s04706 is aged 29.999692307692417, blackNH and is leaving the simulation.
s05864 is aged 29.982692307692417, blackNH and is leaving the simulation.
s06242 is aged 29.985692307692418, blackNH and is leaving the simulation.
s06298 is aged 29.995692307692416, blackNH and is leaving the simulation.
s06699 is aged 29.983692307692415, blackNH and is leaving the simulation.
s06766 is aged 24.97469230769242, blackNH and is leaving the simulation.
s06871 is aged 29.981692307692416, hispanic and is leaving the simulation.
s10009 is aged 29.984692307692416, hispanic and is leaving the simulation.
s10868 is aged 29.999692307692417, otherNH and is leaving the simulation.
s11057 is aged 29.999692307692417, otherNH and is leaving the simulation.
s11229 is aged 20.874692307692417, otherNH and is leaving the simulation.

Agents who have aged to a new age group are being updated...
s01115 is 21.005923076923185 and has aged to age group 21to29.
s01314 is 21.015923076923187 and has aged to age group 21to29.
s02016 is 21.004923076923188 and has aged to age group 21to29.
s02945 is 21.017923076923186 and has aged to age group 21to29.
s04807 is 21.017923076923186 and has aged to age group 21to29.
s05200 is 21.006923076923186 and has aged to age group 21to29.
s05718 is 21.016923076923188 and has aged to age group 21to29.
s08807 is 21.004923076923188 and has aged to age group 21to29.
s09551 is 21.018923076923187 and has aged to age group 21to29.
s09686 is 21.000923076923186 and has aged to age group 21to29.
s09787 is 21.002923076923185 and has aged to age group 21to29.
s09926 is 21.000923076923186 and has aged to age group 21to29.

New agents are being added to the simulation...
s13850 is age 16.0 and hispanic and is entering the model
s13851 is age 16.0 and whiteNH and is entering the model
s13852 is age 16.0 and whiteNH and is entering the model
s13853 is age 16.0 and whiteNH and is entering the model
s13854 is age 16.0 and hispanic and is entering the model
s13855 is age 16.0 and whiteNH and is entering the model
s13856 is age 16.0 and whiteNH and is entering the model
s13857 is age 16.0 and hispanic and is entering the model
s13858 is age 16.0 and hispanic and is entering the model
s13859 is age 16.0 and blackNH and is entering the model
s13860 is age 16.0 and blackNH and is entering the model
s13861 is age 16.0 and whiteNH and is entering the model
s13862 is age 16.0 and hispanic and is entering the model
s13863 is age 16.0 and blackNH and is entering the model
s13864 is age 16.0 and whiteNH and is entering the model
s13865 is age 16.0 and blackNH and is entering the model
s13866 is age 16.0 and blackNH and is entering the model
s13867 is age 16.0 and blackNH and is entering the model
s13868 is age 16.0 and whiteNH and is entering the model

Agents are attending venues and using apps for week 135 in simulation...


Epidemic Simulation
----------------------------
Simulation: 1/1
Timestep: 135/3640
Prevalence: 1982
Population Size: 11741
----------------------------
The ages, hiv status, and relationship status for the agents are being updated...
s07572 is hispanic, aged 24.80792307692319 in age group 16to20, with relationship status of 1 and is now HIV+.
s09793 is hispanic, aged 18.997923076923186 in age group 21to29, with relationship status of 1 and is now HIV+.
s11781 is blackNH, aged 18.461538461538566 in age group 16to20, with relationship status of 1 and is now HIV+.

Agents are being removed from the simulation...
s01362 is aged 29.988923076923186, whiteNH and is leaving the simulation.
s03509 is aged 29.997923076923186, whiteNH and is leaving the simulation.
s03517 is aged 29.981923076923188, whiteNH and is leaving the simulation.
s04387 is aged 29.99692307692319, blackNH and is leaving the simulation.
s05075 is aged 29.992923076923187, blackNH and is leaving the simulation.
s05842 is aged 29.980923076923187, blackNH and is leaving the simulation.
s05880 is aged 29.99092307692319, blackNH and is leaving the simulation.
s06046 is aged 29.981923076923188, blackNH and is leaving the simulation.
s06885 is aged 29.984923076923188, hispanic and is leaving the simulation.
s06972 is aged 29.998923076923187, hispanic and is leaving the simulation.
s07255 is aged 29.982923076923186, hispanic and is leaving the simulation.
s07786 is aged 29.981923076923188, hispanic and is leaving the simulation.
s07964 is aged 29.986923076923187, hispanic and is leaving the simulation.
s08273 is aged 29.988923076923186, hispanic and is leaving the simulation.
s09953 is aged 29.980923076923187, hispanic and is leaving the simulation.

Agents who have aged to a new age group are being updated...
s01395 is 21.012153846153957 and has aged to age group 21to29.
s01921 is 21.000153846153957 and has aged to age group 21to29.
s02009 is 21.005153846153956 and has aged to age group 21to29.
s02087 is 21.008153846153956 and has aged to age group 21to29.
s02273 is 21.005153846153956 and has aged to age group 21to29.
s02285 is 21.015153846153957 and has aged to age group 21to29.
s03475 is 21.018153846153957 and has aged to age group 21to29.
s03587 is 21.002153846153956 and has aged to age group 21to29.
s03833 is 21.011153846153956 and has aged to age group 21to29.
s05565 is 21.004153846153958 and has aged to age group 21to29.
s07203 is 21.002153846153956 and has aged to age group 21to29.
s07485 is 21.001153846153958 and has aged to age group 21to29.
s08348 is 21.008153846153956 and has aged to age group 21to29.
s08521 is 21.014153846153956 and has aged to age group 21to29.
s10928 is 21.002153846153956 and has aged to age group 21to29.
s11350 is 21.01015384615396 and has aged to age group 21to29.

New agents are being added to the simulation...
s13869 is age 16.0 and hispanic and is entering the model
s13870 is age 16.0 and hispanic and is entering the model
s13871 is age 16.0 and hispanic and is entering the model
s13872 is age 16.0 and whiteNH and is entering the model
s13873 is age 16.0 and hispanic and is entering the model
s13874 is age 16.0 and whiteNH and is entering the model
s13875 is age 16.0 and blackNH and is entering the model
s13876 is age 16.0 and whiteNH and is entering the model
s13877 is age 16.0 and blackNH and is entering the model

Agents are attending venues and using apps for week 136 in simulation...


Epidemic Simulation
----------------------------
Simulation: 1/1
Timestep: 136/3640
Prevalence: 1984
Population Size: 11735
----------------------------
The ages, hiv status, and relationship status for the agents are being updated...
s04393 is blackNH, aged 27.281153846153956 in age group 16to20, with relationship status of 1 and is now HIV+.
s04717 is blackNH, aged 22.32115384615396 in age group 21to29, with relationship status of 1 and is now HIV+.
s13264 is blackNH, aged 16.750000000000032 in age group 16to20, with relationship status of 0 and is now HIV+.
s13394 is blackNH, aged 16.5769230769231 in age group 16to20, with relationship status of 0 and is now HIV+.

Agents are being removed from the simulation...
s00388 is aged 29.994153846153957, whiteNH and is leaving the simulation.
s00640 is aged 29.992153846153958, whiteNH and is leaving the simulation.
s01413 is aged 29.999153846153956, whiteNH and is leaving the simulation.
s01778 is aged 29.989153846153958, whiteNH and is leaving the simulation.
s03303 is aged 29.996153846153955, whiteNH and is leaving the simulation.
s04492 is aged 29.993153846153955, blackNH and is leaving the simulation.
s04689 is aged 29.985153846153956, blackNH and is leaving the simulation.
s06451 is aged 29.996153846153955, blackNH and is leaving the simulation.
s06815 is aged 29.986153846153957, blackNH and is leaving the simulation.
s07088 is aged 29.993153846153955, hispanic and is leaving the simulation.
s07468 is aged 29.997153846153957, hispanic and is leaving the simulation.
s07656 is aged 29.98415384615396, hispanic and is leaving the simulation.
s07990 is aged 29.998153846153958, hispanic and is leaving the simulation.
s08371 is aged 29.986153846153957, hispanic and is leaving the simulation.
s09123 is aged 29.988153846153956, hispanic and is leaving the simulation.
s09232 is aged 29.995153846153958, hispanic and is leaving the simulation.
s10083 is aged 29.997153846153957, hispanic and is leaving the simulation.

Agents who have aged to a new age group are being updated...
s00639 is 21.011384615384728 and has aged to age group 21to29.
s01151 is 21.018384615384726 and has aged to age group 21to29.
s01341 is 21.010384615384726 and has aged to age group 21to29.
s02977 is 21.016384615384727 and has aged to age group 21to29.
s04333 is 21.010384615384726 and has aged to age group 21to29.
s04746 is 21.017384615384728 and has aged to age group 21to29.
s05275 is 21.002384615384727 and has aged to age group 21to29.
s05297 is 21.017384615384728 and has aged to age group 21to29.
s05881 is 21.013384615384727 and has aged to age group 21to29.
s06200 is 21.016384615384727 and has aged to age group 21to29.
s07374 is 21.007384615384726 and has aged to age group 21to29.
s08390 is 21.001384615384726 and has aged to age group 21to29.
s08518 is 21.013384615384727 and has aged to age group 21to29.
s11025 is 21.013384615384727 and has aged to age group 21to29.

New agents are being added to the simulation...
s13878 is age 16.0 and whiteNH and is entering the model
s13879 is age 16.0 and whiteNH and is entering the model
s13880 is age 16.0 and whiteNH and is entering the model
s13881 is age 16.0 and hispanic and is entering the model
s13882 is age 16.0 and blackNH and is entering the model
s13883 is age 16.0 and otherNH and is entering the model
s13884 is age 16.0 and whiteNH and is entering the model
s13885 is age 16.0 and blackNH and is entering the model
s13886 is age 16.0 and whiteNH and is entering the model
s13887 is age 16.0 and blackNH and is entering the model
s13888 is age 16.0 and blackNH and is entering the model

Agents are attending venues and using apps for week 137 in simulation...


Epidemic Simulation
----------------------------
Simulation: 1/1
Timestep: 137/3640
Prevalence: 1983
Population Size: 11729
----------------------------
The ages, hiv status, and relationship status for the agents are being updated...
s04365 is blackNH, aged 27.194384615384728 in age group 16to20, with relationship status of 0 and is now HIV+.
s12960 is hispanic, aged 17.115384615384663 in age group 16to20, with relationship status of 1 and is now HIV+.

Agents are being removed from the simulation...
s00252 is aged 26.352384615384725, whiteNH and is leaving the simulation.
s00471 is aged 29.988384615384728, whiteNH and is leaving the simulation.
s00546 is aged 29.988384615384728, whiteNH and is leaving the simulation.
s01099 is aged 29.987384615384727, whiteNH and is leaving the simulation.
s01125 is aged 29.985384615384728, whiteNH and is leaving the simulation.
s08718 is aged 29.996384615384727, hispanic and is leaving the simulation.
s08780 is aged 29.982384615384728, hispanic and is leaving the simulation.
s08886 is aged 29.990384615384727, hispanic and is leaving the simulation.
s09803 is aged 29.983384615384725, hispanic and is leaving the simulation.

Agents who have aged to a new age group are being updated...
s00717 is 21.018615384615497 and has aged to age group 21to29.
s02562 is 21.004615384615498 and has aged to age group 21to29.
s04475 is 21.009615384615497 and has aged to age group 21to29.
s04826 is 21.011615384615496 and has aged to age group 21to29.
s05111 is 21.012615384615497 and has aged to age group 21to29.
s06750 is 21.008615384615496 and has aged to age group 21to29.
s07302 is 21.009615384615497 and has aged to age group 21to29.
s08321 is 21.014615384615496 and has aged to age group 21to29.
s09069 is 21.009615384615497 and has aged to age group 21to29.

New agents are being added to the simulation...
s13889 is age 16.0 and whiteNH and is entering the model
s13890 is age 16.0 and hispanic and is entering the model
s13891 is age 16.0 and blackNH and is entering the model
s13892 is age 16.0 and whiteNH and is entering the model
s13893 is age 16.0 and whiteNH and is entering the model
s13894 is age 16.0 and whiteNH and is entering the model
s13895 is age 16.0 and blackNH and is entering the model
s13896 is age 16.0 and hispanic and is entering the model
s13897 is age 16.0 and blackNH and is entering the model
s13898 is age 16.0 and blackNH and is entering the model
s13899 is age 16.0 and whiteNH and is entering the model
s13900 is age 16.0 and hispanic and is entering the model
s13901 is age 16.0 and hispanic and is entering the model
s13902 is age 16.0 and blackNH and is entering the model
s13903 is age 16.0 and hispanic and is entering the model
s13904 is age 16.0 and blackNH and is entering the model
s13905 is age 16.0 and hispanic and is entering the model
s13906 is age 16.0 and hispanic and is entering the model
s13907 is age 16.0 and hispanic and is entering the model
s13908 is age 16.0 and hispanic and is entering the model
s13909 is age 16.0 and otherNH and is entering the model

Agents are attending venues and using apps for week 138 in simulation...


Epidemic Simulation
----------------------------
Simulation: 1/1
Timestep: 138/3640
Prevalence: 1983
Population Size: 11741
----------------------------
The ages, hiv status, and relationship status for the agents are being updated...
s00171 is whiteNH, aged 27.878615384615497 in age group 16to20, with relationship status of 1 and is now HIV+.
s02212 is whiteNH, aged 24.7986153846155 in age group 21to29, with relationship status of 1 and is now HIV+.

Agents are being removed from the simulation...
s00227 is aged 29.996615384615495, whiteNH and is leaving the simulation.
s00321 is aged 29.983615384615497, whiteNH and is leaving the simulation.
s01129 is aged 29.997615384615496, whiteNH and is leaving the simulation.
s05651 is aged 29.985615384615496, blackNH and is leaving the simulation.
s05686 is aged 29.998615384615498, blackNH and is leaving the simulation.
s07499 is aged 29.995615384615498, hispanic and is leaving the simulation.
s09754 is aged 29.9906153846155, hispanic and is leaving the simulation.
s10005 is aged 29.998615384615498, hispanic and is leaving the simulation.
s10929 is aged 29.994615384615496, otherNH and is leaving the simulation.
s11069 is aged 29.982615384615496, otherNH and is leaving the simulation.
s11481 is aged 29.992615384615497, otherNH and is leaving the simulation.

Agents who have aged to a new age group are being updated...
s00288 is 21.002846153846267 and has aged to age group 21to29.
s00905 is 21.005846153846267 and has aged to age group 21to29.
s02033 is 21.00684615384627 and has aged to age group 21to29.
s02944 is 21.01284615384627 and has aged to age group 21to29.
s03339 is 21.008846153846267 and has aged to age group 21to29.
s03891 is 21.018846153846265 and has aged to age group 21to29.
s03934 is 21.00984615384627 and has aged to age group 21to29.
s04651 is 21.00684615384627 and has aged to age group 21to29.
s05542 is 21.011846153846268 and has aged to age group 21to29.
s07212 is 21.00684615384627 and has aged to age group 21to29.
s09735 is 21.01284615384627 and has aged to age group 21to29.
s09815 is 21.00984615384627 and has aged to age group 21to29.
s10142 is 21.004846153846266 and has aged to age group 21to29.

New agents are being added to the simulation...
s13910 is age 16.0 and whiteNH and is entering the model
s13911 is age 16.0 and whiteNH and is entering the model
s13912 is age 16.0 and blackNH and is entering the model
s13913 is age 16.0 and otherNH and is entering the model
s13914 is age 16.0 and whiteNH and is entering the model
s13915 is age 16.0 and blackNH and is entering the model
s13916 is age 16.0 and blackNH and is entering the model
s13917 is age 16.0 and blackNH and is entering the model
s13918 is age 16.0 and whiteNH and is entering the model
s13919 is age 16.0 and blackNH and is entering the model
s13920 is age 16.0 and hispanic and is entering the model
s13921 is age 16.0 and otherNH and is entering the model
s13922 is age 16.0 and hispanic and is entering the model
s13923 is age 16.0 and whiteNH and is entering the model
s13924 is age 16.0 and blackNH and is entering the model
s13925 is age 16.0 and otherNH and is entering the model
s13926 is age 16.0 and whiteNH and is entering the model
s13927 is age 16.0 and hispanic and is entering the model
s13928 is age 16.0 and whiteNH and is entering the model

Agents are attending venues and using apps for week 139 in simulation...


Epidemic Simulation
----------------------------
Simulation: 1/1
Timestep: 139/3640
Prevalence: 1983
Population Size: 11749
----------------------------
The ages, hiv status, and relationship status for the agents are being updated...
s04066 is blackNH, aged 26.621846153846267 in age group 16to20, with relationship status of 1 and is now HIV+.
s09333 is hispanic, aged 21.252846153846267 in age group 21to29, with relationship status of 0 and is now HIV+.
s09925 is hispanic, aged 23.927846153846268 in age group 21to29, with relationship status of 0 and is now HIV+.

Agents are being removed from the simulation...
s00256 is aged 29.994846153846268, whiteNH and is leaving the simulation.
s00424 is aged 29.993846153846267, whiteNH and is leaving the simulation.
s00438 is aged 29.992846153846266, whiteNH and is leaving the simulation.
s01887 is aged 29.997846153846268, whiteNH and is leaving the simulation.
s01897 is aged 29.987846153846267, whiteNH and is leaving the simulation.
s01907 is aged 29.03584615384627, whiteNH and is leaving the simulation.
s01984 is aged 29.985846153846268, whiteNH and is leaving the simulation.
s02442 is aged 29.986846153846265, whiteNH and is leaving the simulation.
s02444 is aged 29.985846153846268, whiteNH and is leaving the simulation.
s03541 is aged 29.999846153846267, whiteNH and is leaving the simulation.
s03854 is aged 29.985846153846268, blackNH and is leaving the simulation.
s05154 is aged 29.982846153846268, blackNH and is leaving the simulation.
s06540 is aged 29.989846153846266, blackNH and is leaving the simulation.
s06731 is aged 29.992846153846266, blackNH and is leaving the simulation.
s07754 is aged 29.98084615384627, hispanic and is leaving the simulation.
s07904 is aged 29.990846153846267, hispanic and is leaving the simulation.
s08406 is aged 29.982846153846268, hispanic and is leaving the simulation.
s10171 is aged 29.985846153846268, hispanic and is leaving the simulation.
s10379 is aged 29.990846153846267, hispanic and is leaving the simulation.
s10867 is aged 29.993846153846267, otherNH and is leaving the simulation.
s11078 is aged 29.98084615384627, otherNH and is leaving the simulation.

Agents who have aged to a new age group are being updated...
s00928 is 21.015076923077036 and has aged to age group 21to29.
s01045 is 21.001076923077036 and has aged to age group 21to29.
s01747 is 21.013076923077037 and has aged to age group 21to29.
s02015 is 21.003076923077035 and has aged to age group 21to29.
s03249 is 21.015076923077036 and has aged to age group 21to29.
s03687 is 21.008076923077038 and has aged to age group 21to29.
s04562 is 21.002076923077038 and has aged to age group 21to29.
s04698 is 21.013076923077037 and has aged to age group 21to29.
s04757 is 21.011076923077038 and has aged to age group 21to29.
s05608 is 21.011076923077038 and has aged to age group 21to29.
s05816 is 21.015076923077036 and has aged to age group 21to29.
s06288 is 21.01707692307704 and has aged to age group 21to29.
s06959 is 21.019076923077037 and has aged to age group 21to29.
s08350 is 21.014076923077038 and has aged to age group 21to29.
s09211 is 21.006076923077035 and has aged to age group 21to29.
s09273 is 21.010076923077037 and has aged to age group 21to29.
s09605 is 21.004076923077037 and has aged to age group 21to29.
s09873 is 21.010076923077037 and has aged to age group 21to29.
s10980 is 21.004076923077037 and has aged to age group 21to29.

New agents are being added to the simulation...
s13929 is age 16.0 and hispanic and is entering the model
s13930 is age 16.0 and blackNH and is entering the model
s13931 is age 16.0 and whiteNH and is entering the model
s13932 is age 16.0 and whiteNH and is entering the model
s13933 is age 16.0 and blackNH and is entering the model
s13934 is age 16.0 and hispanic and is entering the model
s13935 is age 16.0 and whiteNH and is entering the model
s13936 is age 16.0 and blackNH and is entering the model
s13937 is age 16.0 and whiteNH and is entering the model
s13938 is age 16.0 and whiteNH and is entering the model
s13939 is age 16.0 and whiteNH and is entering the model
s13940 is age 16.0 and blackNH and is entering the model
s13941 is age 16.0 and hispanic and is entering the model
s13942 is age 16.0 and whiteNH and is entering the model
s13943 is age 16.0 and whiteNH and is entering the model
s13944 is age 16.0 and hispanic and is entering the model

Agents are attending venues and using apps for week 140 in simulation...


Epidemic Simulation
----------------------------
Simulation: 1/1
Timestep: 140/3640
Prevalence: 1983
Population Size: 11744
----------------------------
The ages, hiv status, and relationship status for the agents are being updated...
s05958 is blackNH, aged 28.088076923077036 in age group 21to29, with relationship status of 1 and is now HIV+.
s06232 is blackNH, aged 28.298076923077037 in age group 21to29, with relationship status of 0 and is now HIV+.
s10254 is hispanic, aged 19.710076923077036 in age group 21to29, with relationship status of 0 and is now HIV+.

Agents are being removed from the simulation...
s00590 is aged 29.984076923077037, whiteNH and is leaving the simulation.
s00891 is aged 29.998076923077036, whiteNH and is leaving the simulation.
s01198 is aged 29.98807692307704, whiteNH and is leaving the simulation.
s01509 is aged 29.996076923077037, whiteNH and is leaving the simulation.
s01922 is aged 29.99707692307704, whiteNH and is leaving the simulation.
s03269 is aged 29.999076923077038, whiteNH and is leaving the simulation.
s03402 is aged 29.993076923077037, whiteNH and is leaving the simulation.
s04596 is aged 29.983076923077036, blackNH and is leaving the simulation.
s05631 is aged 29.999076923077038, blackNH and is leaving the simulation.
s05855 is aged 29.99707692307704, blackNH and is leaving the simulation.
s06024 is aged 29.986076923077036, blackNH and is leaving the simulation.
s06072 is aged 29.99107692307704, blackNH and is leaving the simulation.
s06727 is aged 29.983076923077036, blackNH and is leaving the simulation.
s07091 is aged 29.998076923077036, hispanic and is leaving the simulation.
s09564 is aged 29.984076923077037, hispanic and is leaving the simulation.
s10228 is aged 29.992076923077036, hispanic and is leaving the simulation.
s10582 is aged 29.982076923077038, otherNH and is leaving the simulation.

Agents who have aged to a new age group are being updated...
s02825 is 21.00730769230781 and has aged to age group 21to29.
s02958 is 21.000307692307807 and has aged to age group 21to29.
s03196 is 21.00430769230781 and has aged to age group 21to29.
s03383 is 21.017307692307806 and has aged to age group 21to29.
s03972 is 21.003307692307807 and has aged to age group 21to29.
s04254 is 21.00730769230781 and has aged to age group 21to29.
s04825 is 21.017307692307806 and has aged to age group 21to29.
s05108 is 21.01630769230781 and has aged to age group 21to29.
s05942 is 21.011307692307806 and has aged to age group 21to29.
s06455 is 21.003307692307807 and has aged to age group 21to29.
s07988 is 21.000307692307807 and has aged to age group 21to29.
s08508 is 21.003307692307807 and has aged to age group 21to29.
s09785 is 21.011307692307806 and has aged to age group 21to29.
s09901 is 21.003307692307807 and has aged to age group 21to29.
s11032 is 21.015307692307807 and has aged to age group 21to29.

New agents are being added to the simulation...
s13945 is age 16.0 and whiteNH and is entering the model
s13946 is age 16.0 and hispanic and is entering the model
s13947 is age 16.0 and hispanic and is entering the model
s13948 is age 16.0 and hispanic and is entering the model
s13949 is age 16.0 and hispanic and is entering the model
s13950 is age 16.0 and blackNH and is entering the model
s13951 is age 16.0 and hispanic and is entering the model
s13952 is age 16.0 and whiteNH and is entering the model
s13953 is age 16.0 and whiteNH and is entering the model
s13954 is age 16.0 and hispanic and is entering the model
s13955 is age 16.0 and whiteNH and is entering the model
s13956 is age 16.0 and whiteNH and is entering the model
s13957 is age 16.0 and hispanic and is entering the model

Agents are attending venues and using apps for week 141 in simulation...


Epidemic Simulation
----------------------------
Simulation: 1/1
Timestep: 141/3640
Prevalence: 1981
Population Size: 11740
----------------------------
The ages, hiv status, and relationship status for the agents are being updated...
s03981 is blackNH, aged 23.762307692307807 in age group 16to20, with relationship status of 0 and is now HIV+.
s05685 is blackNH, aged 20.078307692307806 in age group 21to29, with relationship status of 0 and is now HIV+.
s06434 is blackNH, aged 27.47230769230781 in age group 21to29, with relationship status of 0 and is now HIV+.

Agents are being removed from the simulation...
s00576 is aged 29.994307692307807, whiteNH and is leaving the simulation.
s01158 is aged 29.98430769230781, whiteNH and is leaving the simulation.
s01484 is aged 29.988307692307806, whiteNH and is leaving the simulation.
s01676 is aged 29.985307692307806, whiteNH and is leaving the simulation.
s02434 is aged 29.998307692307808, whiteNH and is leaving the simulation.
s03924 is aged 29.982307692307806, blackNH and is leaving the simulation.
s04014 is aged 29.997307692307807, blackNH and is leaving the simulation.
s04086 is aged 29.998307692307808, blackNH and is leaving the simulation.
s04106 is aged 29.994307692307807, blackNH and is leaving the simulation.
s04607 is aged 29.982307692307806, blackNH and is leaving the simulation.
s04688 is aged 23.82130769230781, blackNH and is leaving the simulation.
s04878 is aged 29.990307692307805, blackNH and is leaving the simulation.
s05059 is aged 22.45530769230781, blackNH and is leaving the simulation.
s05251 is aged 19.765307692307807, blackNH and is leaving the simulation.
s05555 is aged 29.812307692307808, blackNH and is leaving the simulation.
s06585 is aged 29.982307692307806, blackNH and is leaving the simulation.
s07039 is aged 29.98430769230781, hispanic and is leaving the simulation.
s08571 is aged 29.990307692307805, hispanic and is leaving the simulation.
s09087 is aged 29.986307692307808, hispanic and is leaving the simulation.
s09120 is aged 29.997307692307807, hispanic and is leaving the simulation.
s09366 is aged 29.993307692307805, hispanic and is leaving the simulation.
s10558 is aged 29.990307692307805, otherNH and is leaving the simulation.
s11414 is aged 29.991307692307807, otherNH and is leaving the simulation.

Agents who have aged to a new age group are being updated...
s00858 is 21.005538461538578 and has aged to age group 21to29.
s01339 is 21.00353846153858 and has aged to age group 21to29.
s02475 is 21.010538461538577 and has aged to age group 21to29.
s02698 is 21.015538461538576 and has aged to age group 21to29.
s02858 is 21.011538461538578 and has aged to age group 21to29.
s02874 is 21.017538461538578 and has aged to age group 21to29.
s03192 is 21.011538461538578 and has aged to age group 21to29.
s03371 is 21.012538461538576 and has aged to age group 21to29.
s03853 is 21.015538461538576 and has aged to age group 21to29.
s04107 is 21.012538461538576 and has aged to age group 21to29.
s04697 is 21.00353846153858 and has aged to age group 21to29.
s04734 is 21.00653846153858 and has aged to age group 21to29.
s06318 is 21.001538461538576 and has aged to age group 21to29.
s08732 is 21.002538461538578 and has aged to age group 21to29.
s08850 is 21.007538461538577 and has aged to age group 21to29.
s10028 is 21.007538461538577 and has aged to age group 21to29.
s10544 is 21.009538461538575 and has aged to age group 21to29.
s10545 is 21.014538461538578 and has aged to age group 21to29.
s11135 is 21.00353846153858 and has aged to age group 21to29.

New agents are being added to the simulation...
s13958 is age 16.0 and whiteNH and is entering the model
s13959 is age 16.0 and whiteNH and is entering the model
s13960 is age 16.0 and hispanic and is entering the model
s13961 is age 16.0 and hispanic and is entering the model
s13962 is age 16.0 and blackNH and is entering the model
s13963 is age 16.0 and whiteNH and is entering the model
s13964 is age 16.0 and otherNH and is entering the model
s13965 is age 16.0 and otherNH and is entering the model
s13966 is age 16.0 and whiteNH and is entering the model
s13967 is age 16.0 and blackNH and is entering the model
s13968 is age 16.0 and whiteNH and is entering the model
s13969 is age 16.0 and whiteNH and is entering the model

Agents are attending venues and using apps for week 142 in simulation...


Epidemic Simulation
----------------------------
Simulation: 1/1
Timestep: 142/3640
Prevalence: 1979
Population Size: 11729
----------------------------
The ages, hiv status, and relationship status for the agents are being updated...
s03838 is blackNH, aged 26.353538461538577 in age group 16to20, with relationship status of 0 and is now HIV+.
s05255 is blackNH, aged 29.844538461538576 in age group 21to29, with relationship status of 1 and is now HIV+.
s07900 is hispanic, aged 29.270538461538578 in age group 16to20, with relationship status of 1 and is now HIV+.
s08058 is hispanic, aged 24.791538461538575 in age group 16to20, with relationship status of 0 and is now HIV+.
s10350 is hispanic, aged 29.571538461538577 in age group 21to29, with relationship status of 0 and is now HIV+.
s13431 is otherNH, aged 16.65384615384618 in age group 16to20, with relationship status of 0 and is now HIV+.

Agents are being removed from the simulation...
s00263 is aged 29.992538461538576, whiteNH and is leaving the simulation.
s00413 is aged 29.989538461538576, whiteNH and is leaving the simulation.
s00740 is aged 29.984538461538577, whiteNH and is leaving the simulation.
s01078 is aged 29.990538461538577, whiteNH and is leaving the simulation.
s01297 is aged 29.995538461538576, whiteNH and is leaving the simulation.
s01757 is aged 29.999538461538577, whiteNH and is leaving the simulation.
s02104 is aged 29.989538461538576, whiteNH and is leaving the simulation.
s02626 is aged 29.99753846153858, whiteNH and is leaving the simulation.
s03194 is aged 29.983538461538576, whiteNH and is leaving the simulation.
s03239 is aged 29.984538461538577, whiteNH and is leaving the simulation.
s03681 is aged 29.989538461538576, whiteNH and is leaving the simulation.
s04039 is aged 29.985538461538578, blackNH and is leaving the simulation.
s05048 is aged 29.998538461538576, blackNH and is leaving the simulation.
s05183 is aged 29.984538461538577, blackNH and is leaving the simulation.
s05359 is aged 29.989538461538576, blackNH and is leaving the simulation.
s06338 is aged 29.981538461538577, blackNH and is leaving the simulation.
s08017 is aged 29.989538461538576, hispanic and is leaving the simulation.
s08801 is aged 29.995538461538576, hispanic and is leaving the simulation.
s08912 is aged 29.99153846153858, hispanic and is leaving the simulation.
s11116 is aged 29.985538461538578, otherNH and is leaving the simulation.
s11191 is aged 29.999538461538577, otherNH and is leaving the simulation.

Agents who have aged to a new age group are being updated...
s01328 is 21.008769230769346 and has aged to age group 21to29.
s05339 is 21.015769230769347 and has aged to age group 21to29.
s06102 is 21.006769230769347 and has aged to age group 21to29.
s07434 is 21.003769230769347 and has aged to age group 21to29.
s08081 is 21.009769230769347 and has aged to age group 21to29.
s08382 is 21.017769230769346 and has aged to age group 21to29.
s09850 is 21.011769230769346 and has aged to age group 21to29.
s10179 is 21.015769230769347 and has aged to age group 21to29.
s10757 is 21.01376923076935 and has aged to age group 21to29.
s11644 is 21.018769230769347 and has aged to age group 21to29.

New agents are being added to the simulation...
s13970 is age 16.0 and blackNH and is entering the model
s13971 is age 16.0 and blackNH and is entering the model
s13972 is age 16.0 and whiteNH and is entering the model
s13973 is age 16.0 and whiteNH and is entering the model
s13974 is age 16.0 and whiteNH and is entering the model
s13975 is age 16.0 and blackNH and is entering the model
s13976 is age 16.0 and hispanic and is entering the model
s13977 is age 16.0 and whiteNH and is entering the model
s13978 is age 16.0 and blackNH and is entering the model
s13979 is age 16.0 and hispanic and is entering the model
s13980 is age 16.0 and whiteNH and is entering the model
s13981 is age 16.0 and hispanic and is entering the model
s13982 is age 16.0 and hispanic and is entering the model
s13983 is age 16.0 and blackNH and is entering the model
s13984 is age 16.0 and blackNH and is entering the model
s13985 is age 16.0 and hispanic and is entering the model
s13986 is age 16.0 and otherNH and is entering the model
s13987 is age 16.0 and whiteNH and is entering the model
s13988 is age 16.0 and whiteNH and is entering the model
s13989 is age 16.0 and blackNH and is entering the model
s13990 is age 16.0 and blackNH and is entering the model
s13991 is age 16.0 and otherNH and is entering the model

Agents are attending venues and using apps for week 143 in simulation...


Epidemic Simulation
----------------------------
Simulation: 1/1
Timestep: 143/3640
Prevalence: 1980
Population Size: 11730
----------------------------
The ages, hiv status, and relationship status for the agents are being updated...
s03990 is blackNH, aged 18.89476923076935 in age group 16to20, with relationship status of 0 and is now HIV+.
s04190 is blackNH, aged 19.48776923076935 in age group 16to20, with relationship status of 0 and is now HIV+.
s04631 is blackNH, aged 20.568769230769348 in age group 16to20, with relationship status of 0 and is now HIV+.
s07682 is hispanic, aged 25.100769230769348 in age group 16to20, with relationship status of 0 and is now HIV+.

Agents are being removed from the simulation...
s00014 is aged 29.98776923076935, whiteNH and is leaving the simulation.
s02047 is aged 29.992769230769348, whiteNH and is leaving the simulation.
s02283 is aged 29.99076923076935, whiteNH and is leaving the simulation.
s06879 is aged 29.99076923076935, hispanic and is leaving the simulation.
s07217 is aged 29.996769230769345, hispanic and is leaving the simulation.
s07590 is aged 29.989769230769348, hispanic and is leaving the simulation.
s07705 is aged 29.994769230769347, hispanic and is leaving the simulation.
s08023 is aged 29.989769230769348, hispanic and is leaving the simulation.
s09264 is aged 29.986769230769347, hispanic and is leaving the simulation.
s09839 is aged 29.998769230769348, hispanic and is leaving the simulation.
s10047 is aged 29.980769230769347, hispanic and is leaving the simulation.
s10301 is aged 29.998769230769348, hispanic and is leaving the simulation.
s10464 is aged 29.997769230769347, otherNH and is leaving the simulation.
s11104 is aged 29.988769230769346, otherNH and is leaving the simulation.

Agents who have aged to a new age group are being updated...
s00859 is 21.003000000000117 and has aged to age group 21to29.
s01452 is 21.017000000000117 and has aged to age group 21to29.
s01969 is 21.019000000000116 and has aged to age group 21to29.
s03173 is 21.00400000000012 and has aged to age group 21to29.
s03792 is 21.00700000000012 and has aged to age group 21to29.
s04796 is 21.00100000000012 and has aged to age group 21to29.
s05858 is 21.015000000000118 and has aged to age group 21to29.
s05917 is 21.019000000000116 and has aged to age group 21to29.
s05941 is 21.000000000000117 and has aged to age group 21to29.
s06457 is 21.006000000000117 and has aged to age group 21to29.
s06870 is 21.003000000000117 and has aged to age group 21to29.
s07460 is 21.00700000000012 and has aged to age group 21to29.
s08944 is 21.019000000000116 and has aged to age group 21to29.
s09420 is 21.00100000000012 and has aged to age group 21to29.
s10168 is 21.014000000000117 and has aged to age group 21to29.
s11028 is 21.000000000000117 and has aged to age group 21to29.
s11541 is 21.002000000000116 and has aged to age group 21to29.

New agents are being added to the simulation...
s13992 is age 16.0 and blackNH and is entering the model
s13993 is age 16.0 and hispanic and is entering the model
s13994 is age 16.0 and hispanic and is entering the model
s13995 is age 16.0 and whiteNH and is entering the model
s13996 is age 16.0 and blackNH and is entering the model
s13997 is age 16.0 and blackNH and is entering the model
s13998 is age 16.0 and whiteNH and is entering the model
s13999 is age 16.0 and whiteNH and is entering the model
s14000 is age 16.0 and blackNH and is entering the model
s14001 is age 16.0 and blackNH and is entering the model
s14002 is age 16.0 and blackNH and is entering the model
s14003 is age 16.0 and whiteNH and is entering the model
s14004 is age 16.0 and otherNH and is entering the model
s14005 is age 16.0 and whiteNH and is entering the model
s14006 is age 16.0 and blackNH and is entering the model
s14007 is age 16.0 and hispanic and is entering the model
s14008 is age 16.0 and whiteNH and is entering the model
s14009 is age 16.0 and hispanic and is entering the model

Agents are attending venues and using apps for week 144 in simulation...


Epidemic Simulation
----------------------------
Simulation: 1/1
Timestep: 144/3640
Prevalence: 1983
Population Size: 11734
----------------------------
The ages, hiv status, and relationship status for the agents are being updated...
s04082 is blackNH, aged 27.056000000000118 in age group 16to20, with relationship status of 0 and is now HIV+.
s12675 is whiteNH, aged 17.615384615384684 in age group 16to20, with relationship status of 0 and is now HIV+.
s13622 is blackNH, aged 16.50000000000002 in age group 16to20, with relationship status of 0 and is now HIV+.

Agents are being removed from the simulation...
s01191 is aged 29.999000000000116, whiteNH and is leaving the simulation.
s01591 is aged 29.992000000000118, whiteNH and is leaving the simulation.
s02191 is aged 29.993000000000116, whiteNH and is leaving the simulation.
s02402 is aged 29.993000000000116, whiteNH and is leaving the simulation.
s02708 is aged 29.98100000000012, whiteNH and is leaving the simulation.
s02870 is aged 29.994000000000117, whiteNH and is leaving the simulation.
s04537 is aged 29.982000000000117, blackNH and is leaving the simulation.
s05741 is aged 29.996000000000116, blackNH and is leaving the simulation.
s05910 is aged 29.986000000000118, blackNH and is leaving the simulation.
s05913 is aged 29.985000000000117, blackNH and is leaving the simulation.
s06041 is aged 29.987000000000116, blackNH and is leaving the simulation.
s06146 is aged 29.990000000000116, blackNH and is leaving the simulation.
s07009 is aged 29.987000000000116, hispanic and is leaving the simulation.
s08036 is aged 29.986000000000118, hispanic and is leaving the simulation.
s08266 is aged 29.99500000000012, hispanic and is leaving the simulation.
s10358 is aged 29.99800000000012, hispanic and is leaving the simulation.
s10444 is aged 29.990000000000116, otherNH and is leaving the simulation.
s11444 is aged 29.99800000000012, otherNH and is leaving the simulation.
s11494 is aged 29.999000000000116, otherNH and is leaving the simulation.

Agents who have aged to a new age group are being updated...
s00373 is 21.018230769230886 and has aged to age group 21to29.
s00801 is 21.016230769230887 and has aged to age group 21to29.
s01282 is 21.015230769230886 and has aged to age group 21to29.
s01690 is 21.01723076923089 and has aged to age group 21to29.
s02746 is 21.006230769230886 and has aged to age group 21to29.
s02798 is 21.009230769230886 and has aged to age group 21to29.
s02836 is 21.00023076923089 and has aged to age group 21to29.
s03046 is 21.006230769230886 and has aged to age group 21to29.
s04104 is 21.006230769230886 and has aged to age group 21to29.
s04211 is 21.010230769230887 and has aged to age group 21to29.
s05364 is 21.016230769230887 and has aged to age group 21to29.
s05828 is 21.010230769230887 and has aged to age group 21to29.
s07253 is 21.01423076923089 and has aged to age group 21to29.
s07347 is 21.002230769230888 and has aged to age group 21to29.
s08599 is 21.008230769230888 and has aged to age group 21to29.
s09235 is 21.013230769230887 and has aged to age group 21to29.
s09544 is 21.012230769230886 and has aged to age group 21to29.
s09685 is 21.00023076923089 and has aged to age group 21to29.
s10126 is 21.013230769230887 and has aged to age group 21to29.

New agents are being added to the simulation...
s14010 is age 16.0 and blackNH and is entering the model
s14011 is age 16.0 and blackNH and is entering the model
s14012 is age 16.0 and blackNH and is entering the model
s14013 is age 16.0 and hispanic and is entering the model
s14014 is age 16.0 and hispanic and is entering the model
s14015 is age 16.0 and blackNH and is entering the model
s14016 is age 16.0 and blackNH and is entering the model
s14017 is age 16.0 and blackNH and is entering the model
s14018 is age 16.0 and blackNH and is entering the model
s14019 is age 16.0 and otherNH and is entering the model
s14020 is age 16.0 and hispanic and is entering the model
s14021 is age 16.0 and whiteNH and is entering the model
s14022 is age 16.0 and hispanic and is entering the model
s14023 is age 16.0 and otherNH and is entering the model
s14024 is age 16.0 and hispanic and is entering the model
s14025 is age 16.0 and hispanic and is entering the model
s14026 is age 16.0 and hispanic and is entering the model

Agents are attending venues and using apps for week 145 in simulation...


Epidemic Simulation
----------------------------
Simulation: 1/1
Timestep: 145/3640
Prevalence: 1980
Population Size: 11732
----------------------------
The ages, hiv status, and relationship status for the agents are being updated...
s05332 is blackNH, aged 23.423230769230887 in age group 21to29, with relationship status of 0 and is now HIV+.
s05808 is blackNH, aged 28.547230769230886 in age group 21to29, with relationship status of 0 and is now HIV+.
s06006 is blackNH, aged 26.070230769230886 in age group 21to29, with relationship status of 0 and is now HIV+.

Agents are being removed from the simulation...
s00402 is aged 29.993230769230887, whiteNH and is leaving the simulation.
s00670 is aged 29.98823076923089, whiteNH and is leaving the simulation.
s01134 is aged 29.986230769230886, whiteNH and is leaving the simulation.
s01391 is aged 29.98823076923089, whiteNH and is leaving the simulation.
s03191 is aged 29.98223076923089, whiteNH and is leaving the simulation.
s03546 is aged 29.998230769230886, whiteNH and is leaving the simulation.
s03974 is aged 29.99723076923089, blackNH and is leaving the simulation.
s04369 is aged 29.989230769230886, blackNH and is leaving the simulation.
s05035 is aged 29.983230769230886, blackNH and is leaving the simulation.
s05660 is aged 29.990230769230887, blackNH and is leaving the simulation.
s08232 is aged 29.99423076923089, hispanic and is leaving the simulation.
s09541 is aged 27.376230769230887, hispanic and is leaving the simulation.
s10329 is aged 29.99123076923089, hispanic and is leaving the simulation.
s10581 is aged 29.999230769230888, otherNH and is leaving the simulation.
s11304 is aged 29.986230769230886, otherNH and is leaving the simulation.
s11305 is aged 29.993230769230887, otherNH and is leaving the simulation.
s11575 is aged 29.995230769230886, otherNH and is leaving the simulation.

Agents who have aged to a new age group are being updated...
s00461 is 21.003461538461657 and has aged to age group 21to29.
s00506 is 21.000461538461657 and has aged to age group 21to29.
s01072 is 21.00746153846166 and has aged to age group 21to29.
s02254 is 21.008461538461656 and has aged to age group 21to29.
s02766 is 21.00746153846166 and has aged to age group 21to29.
s04060 is 21.000461538461657 and has aged to age group 21to29.
s04132 is 21.015461538461658 and has aged to age group 21to29.
s05879 is 21.012461538461658 and has aged to age group 21to29.
s06809 is 21.00746153846166 and has aged to age group 21to29.
s07053 is 21.012461538461658 and has aged to age group 21to29.
s07234 is 21.00746153846166 and has aged to age group 21to29.
s07428 is 21.01046153846166 and has aged to age group 21to29.
s07970 is 21.017461538461657 and has aged to age group 21to29.
s09252 is 21.018461538461658 and has aged to age group 21to29.
s09309 is 21.015461538461658 and has aged to age group 21to29.
s09783 is 21.002461538461656 and has aged to age group 21to29.

New agents are being added to the simulation...
s14027 is age 16.0 and whiteNH and is entering the model
s14028 is age 16.0 and blackNH and is entering the model
s14029 is age 16.0 and hispanic and is entering the model
s14030 is age 16.0 and hispanic and is entering the model
s14031 is age 16.0 and hispanic and is entering the model
s14032 is age 16.0 and whiteNH and is entering the model
s14033 is age 16.0 and whiteNH and is entering the model
s14034 is age 16.0 and otherNH and is entering the model
s14035 is age 16.0 and hispanic and is entering the model
s14036 is age 16.0 and blackNH and is entering the model
s14037 is age 16.0 and otherNH and is entering the model
s14038 is age 16.0 and blackNH and is entering the model
s14039 is age 16.0 and whiteNH and is entering the model
s14040 is age 16.0 and blackNH and is entering the model
s14041 is age 16.0 and whiteNH and is entering the model
s14042 is age 16.0 and blackNH and is entering the model
s14043 is age 16.0 and whiteNH and is entering the model

Agents are attending venues and using apps for week 146 in simulation...


Epidemic Simulation
----------------------------
Simulation: 1/1
Timestep: 146/3640
Prevalence: 1983
Population Size: 11732
----------------------------
The ages, hiv status, and relationship status for the agents are being updated...
s01842 is whiteNH, aged 20.780461538461658 in age group 21to29, with relationship status of 0 and is now HIV+.
s04085 is blackNH, aged 27.86546153846166 in age group 16to20, with relationship status of 0 and is now HIV+.
s04950 is blackNH, aged 19.380461538461656 in age group 21to29, with relationship status of 0 and is now HIV+.
s09586 is hispanic, aged 25.165461538461656 in age group 21to29, with relationship status of 1 and is now HIV+.
s10268 is hispanic, aged 22.485461538461657 in age group 21to29, with relationship status of 0 and is now HIV+.
s11328 is otherNH, aged 24.091461538461658 in age group 21to29, with relationship status of 0 and is now HIV+.
s11438 is otherNH, aged 19.323461538461657 in age group 21to29, with relationship status of 1 and is now HIV+.

Agents are being removed from the simulation...
s01471 is aged 29.998461538461658, whiteNH and is leaving the simulation.
s01899 is aged 29.989461538461658, whiteNH and is leaving the simulation.
s02676 is aged 29.985461538461657, whiteNH and is leaving the simulation.
s02721 is aged 29.983461538461658, whiteNH and is leaving the simulation.
s02805 is aged 29.989461538461658, whiteNH and is leaving the simulation.
s03691 is aged 29.983461538461658, whiteNH and is leaving the simulation.
s04091 is aged 29.99046153846166, blackNH and is leaving the simulation.
s05254 is aged 29.991461538461657, blackNH and is leaving the simulation.
s05703 is aged 29.992461538461658, blackNH and is leaving the simulation.
s05896 is aged 29.993461538461656, blackNH and is leaving the simulation.
s08219 is aged 29.98146153846166, hispanic and is leaving the simulation.
s08710 is aged 29.98146153846166, hispanic and is leaving the simulation.
s09224 is aged 29.996461538461656, hispanic and is leaving the simulation.
s11027 is aged 29.997461538461657, otherNH and is leaving the simulation.
s11624 is aged 29.994461538461657, otherNH and is leaving the simulation.

Agents who have aged to a new age group are being updated...
s00756 is 21.013692307692427 and has aged to age group 21to29.
s00806 is 21.00069230769243 and has aged to age group 21to29.
s01510 is 21.013692307692427 and has aged to age group 21to29.
s02814 is 21.005692307692428 and has aged to age group 21to29.
s03092 is 21.008692307692428 and has aged to age group 21to29.
s03464 is 21.002692307692428 and has aged to age group 21to29.
s05349 is 21.00969230769243 and has aged to age group 21to29.
s05527 is 21.005692307692428 and has aged to age group 21to29.
s05817 is 21.014692307692428 and has aged to age group 21to29.
s05866 is 21.011692307692428 and has aged to age group 21to29.
s06159 is 21.014692307692428 and has aged to age group 21to29.
s06634 is 21.016692307692427 and has aged to age group 21to29.
s08636 is 21.00669230769243 and has aged to age group 21to29.
s08697 is 21.00069230769243 and has aged to age group 21to29.
s09443 is 21.00069230769243 and has aged to age group 21to29.
s09760 is 21.007692307692427 and has aged to age group 21to29.
s10594 is 21.01769230769243 and has aged to age group 21to29.
s10609 is 21.011692307692428 and has aged to age group 21to29.
s11666 is 21.011692307692428 and has aged to age group 21to29.

New agents are being added to the simulation...
s14044 is age 16.0 and whiteNH and is entering the model
s14045 is age 16.0 and whiteNH and is entering the model
s14046 is age 16.0 and hispanic and is entering the model
s14047 is age 16.0 and hispanic and is entering the model
s14048 is age 16.0 and hispanic and is entering the model
s14049 is age 16.0 and otherNH and is entering the model
s14050 is age 16.0 and hispanic and is entering the model
s14051 is age 16.0 and hispanic and is entering the model
s14052 is age 16.0 and hispanic and is entering the model
s14053 is age 16.0 and hispanic and is entering the model

Agents are attending venues and using apps for week 147 in simulation...


Epidemic Simulation
----------------------------
Simulation: 1/1
Timestep: 147/3640
Prevalence: 1982
Population Size: 11727
----------------------------
The ages, hiv status, and relationship status for the agents are being updated...
s05574 is blackNH, aged 26.96869230769243 in age group 21to29, with relationship status of 1 and is now HIV+.
s06487 is blackNH, aged 24.229692307692428 in age group 21to29, with relationship status of 1 and is now HIV+.

Agents are being removed from the simulation...
s03422 is aged 29.981692307692427, whiteNH and is leaving the simulation.
s04748 is aged 29.99469230769243, blackNH and is leaving the simulation.
s04789 is aged 29.995692307692426, blackNH and is leaving the simulation.
s06653 is aged 29.987692307692427, blackNH and is leaving the simulation.
s06823 is aged 29.987692307692427, hispanic and is leaving the simulation.
s06916 is aged 29.987692307692427, hispanic and is leaving the simulation.
s07073 is aged 29.985692307692428, hispanic and is leaving the simulation.
s07928 is aged 29.996692307692427, hispanic and is leaving the simulation.
s08623 is aged 29.995692307692426, hispanic and is leaving the simulation.
s09310 is aged 29.984692307692427, hispanic and is leaving the simulation.

Agents who have aged to a new age group are being updated...
s00210 is 21.001923076923198 and has aged to age group 21to29.
s03329 is 21.018923076923198 and has aged to age group 21to29.
s04652 is 21.012923076923197 and has aged to age group 21to29.
s06101 is 21.011923076923196 and has aged to age group 21to29.
s06517 is 21.012923076923197 and has aged to age group 21to29.
s07385 is 21.0109230769232 and has aged to age group 21to29.
s09507 is 21.011923076923196 and has aged to age group 21to29.
s09697 is 21.000923076923197 and has aged to age group 21to29.

New agents are being added to the simulation...
s14054 is age 16.0 and hispanic and is entering the model
s14055 is age 16.0 and whiteNH and is entering the model
s14056 is age 16.0 and otherNH and is entering the model
s14057 is age 16.0 and blackNH and is entering the model
s14058 is age 16.0 and whiteNH and is entering the model
s14059 is age 16.0 and whiteNH and is entering the model
s14060 is age 16.0 and whiteNH and is entering the model
s14061 is age 16.0 and hispanic and is entering the model
s14062 is age 16.0 and whiteNH and is entering the model
s14063 is age 16.0 and whiteNH and is entering the model
s14064 is age 16.0 and hispanic and is entering the model
s14065 is age 16.0 and whiteNH and is entering the model
s14066 is age 16.0 and blackNH and is entering the model

Agents are attending venues and using apps for week 148 in simulation...


Epidemic Simulation
----------------------------
Simulation: 1/1
Timestep: 148/3640
Prevalence: 1985
Population Size: 11730
----------------------------
The ages, hiv status, and relationship status for the agents are being updated...
s05167 is blackNH, aged 19.2639230769232 in age group 21to29, with relationship status of 1 and is now HIV+.
s06208 is blackNH, aged 20.6679230769232 in age group 21to29, with relationship status of 1 and is now HIV+.
s08717 is hispanic, aged 23.5259230769232 in age group 21to29, with relationship status of 1 and is now HIV+.
s11942 is hispanic, aged 18.519230769230877 in age group 16to20, with relationship status of 0 and is now HIV+.

Agents are being removed from the simulation...
s00597 is aged 29.9939230769232, whiteNH and is leaving the simulation.
s01675 is aged 24.351923076923196, whiteNH and is leaving the simulation.
s02366 is aged 29.992923076923198, whiteNH and is leaving the simulation.
s02655 is aged 29.983923076923197, whiteNH and is leaving the simulation.
s03583 is aged 29.998923076923198, whiteNH and is leaving the simulation.
s04496 is aged 29.992923076923198, blackNH and is leaving the simulation.
s04586 is aged 29.988923076923196, blackNH and is leaving the simulation.
s05263 is aged 29.9939230769232, blackNH and is leaving the simulation.
s06964 is aged 29.9819230769232, hispanic and is leaving the simulation.
s07058 is aged 29.9849230769232, hispanic and is leaving the simulation.
s07837 is aged 29.997923076923197, hispanic and is leaving the simulation.
s08964 is aged 29.997923076923197, hispanic and is leaving the simulation.
s08975 is aged 29.994923076923197, hispanic and is leaving the simulation.
s08997 is aged 29.982923076923196, hispanic and is leaving the simulation.
s09109 is aged 29.992923076923198, hispanic and is leaving the simulation.
s10461 is aged 29.9879230769232, otherNH and is leaving the simulation.
s10534 is aged 29.997923076923197, otherNH and is leaving the simulation.
s10729 is aged 29.9909230769232, otherNH and is leaving the simulation.
s11017 is aged 29.9849230769232, otherNH and is leaving the simulation.
s11537 is aged 29.9969230769232, otherNH and is leaving the simulation.

Agents who have aged to a new age group are being updated...
s01426 is 21.015153846153968 and has aged to age group 21to29.
s02855 is 21.01615384615397 and has aged to age group 21to29.
s03164 is 21.011153846153967 and has aged to age group 21to29.
s03441 is 21.000153846153967 and has aged to age group 21to29.
s03830 is 21.01615384615397 and has aged to age group 21to29.
s03841 is 21.012153846153968 and has aged to age group 21to29.
s05920 is 21.015153846153968 and has aged to age group 21to29.
s06273 is 21.012153846153968 and has aged to age group 21to29.
s08087 is 21.019153846153966 and has aged to age group 21to29.
s09519 is 21.012153846153968 and has aged to age group 21to29.
s10334 is 21.01315384615397 and has aged to age group 21to29.
s11018 is 21.008153846153967 and has aged to age group 21to29.

New agents are being added to the simulation...
s14067 is age 16.0 and whiteNH and is entering the model
s14068 is age 16.0 and whiteNH and is entering the model
s14069 is age 16.0 and otherNH and is entering the model
s14070 is age 16.0 and blackNH and is entering the model
s14071 is age 16.0 and whiteNH and is entering the model
s14072 is age 16.0 and otherNH and is entering the model
s14073 is age 16.0 and whiteNH and is entering the model
s14074 is age 16.0 and hispanic and is entering the model
s14075 is age 16.0 and otherNH and is entering the model
s14076 is age 16.0 and hispanic and is entering the model
s14077 is age 16.0 and hispanic and is entering the model
s14078 is age 16.0 and blackNH and is entering the model
s14079 is age 16.0 and hispanic and is entering the model
s14080 is age 16.0 and blackNH and is entering the model

Agents are attending venues and using apps for week 149 in simulation...


Epidemic Simulation
----------------------------
Simulation: 1/1
Timestep: 149/3640
Prevalence: 1984
Population Size: 11724
----------------------------
The ages, hiv status, and relationship status for the agents are being updated...
s00350 is whiteNH, aged 24.137153846153968 in age group 16to20, with relationship status of 1 and is now HIV+.
s00414 is whiteNH, aged 19.35015384615397 in age group 16to20, with relationship status of 0 and is now HIV+.
s03899 is blackNH, aged 29.456153846153967 in age group 16to20, with relationship status of 0 and is now HIV+.

Agents are being removed from the simulation...
s02103 is aged 29.997153846153967, whiteNH and is leaving the simulation.
s02243 is aged 28.18715384615397, whiteNH and is leaving the simulation.
s02506 is aged 29.994153846153967, whiteNH and is leaving the simulation.
s04253 is aged 29.99515384615397, blackNH and is leaving the simulation.
s04644 is aged 29.986153846153968, blackNH and is leaving the simulation.
s05366 is aged 29.988153846153967, blackNH and is leaving the simulation.
s06509 is aged 29.997153846153967, blackNH and is leaving the simulation.
s07149 is aged 29.989153846153968, hispanic and is leaving the simulation.
s07441 is aged 29.99215384615397, hispanic and is leaving the simulation.
s07974 is aged 29.985153846153967, hispanic and is leaving the simulation.
s08011 is aged 29.987153846153966, hispanic and is leaving the simulation.
s08309 is aged 29.993153846153966, hispanic and is leaving the simulation.
s09377 is aged 29.991153846153967, hispanic and is leaving the simulation.
s10018 is aged 29.989153846153968, hispanic and is leaving the simulation.
s10357 is aged 29.997153846153967, hispanic and is leaving the simulation.
s10391 is aged 29.999153846153966, hispanic and is leaving the simulation.

Agents who have aged to a new age group are being updated...
s00001 is 21.004384615384737 and has aged to age group 21to29.
s00567 is 21.015384615384736 and has aged to age group 21to29.
s01411 is 21.010384615384737 and has aged to age group 21to29.
s02518 is 21.010384615384737 and has aged to age group 21to29.
s02807 is 21.00838461538474 and has aged to age group 21to29.
s04359 is 21.00838461538474 and has aged to age group 21to29.
s05256 is 21.002384615384738 and has aged to age group 21to29.
s05753 is 21.01138461538474 and has aged to age group 21to29.
s05784 is 21.01438461538474 and has aged to age group 21to29.
s05908 is 21.00038461538474 and has aged to age group 21to29.
s06952 is 21.00338461538474 and has aged to age group 21to29.
s09598 is 21.015384615384736 and has aged to age group 21to29.
s09919 is 21.01138461538474 and has aged to age group 21to29.
s11561 is 21.005384615384738 and has aged to age group 21to29.

New agents are being added to the simulation...
s14081 is age 16.0 and whiteNH and is entering the model
s14082 is age 16.0 and whiteNH and is entering the model
s14083 is age 16.0 and hispanic and is entering the model
s14084 is age 16.0 and otherNH and is entering the model
s14085 is age 16.0 and blackNH and is entering the model
s14086 is age 16.0 and blackNH and is entering the model
s14087 is age 16.0 and otherNH and is entering the model
s14088 is age 16.0 and whiteNH and is entering the model
s14089 is age 16.0 and otherNH and is entering the model
s14090 is age 16.0 and hispanic and is entering the model
s14091 is age 16.0 and blackNH and is entering the model
s14092 is age 16.0 and otherNH and is entering the model
s14093 is age 16.0 and whiteNH and is entering the model
s14094 is age 16.0 and hispanic and is entering the model
s14095 is age 16.0 and whiteNH and is entering the model
s14096 is age 16.0 and otherNH and is entering the model
s14097 is age 16.0 and hispanic and is entering the model
s14098 is age 16.0 and blackNH and is entering the model
s14099 is age 16.0 and hispanic and is entering the model
s14100 is age 16.0 and blackNH and is entering the model

Agents are attending venues and using apps for week 150 in simulation...


Epidemic Simulation
----------------------------
Simulation: 1/1
Timestep: 150/3640
Prevalence: 1987
Population Size: 11728
----------------------------
The ages, hiv status, and relationship status for the agents are being updated...
s01283 is whiteNH, aged 24.454384615384736 in age group 16to20, with relationship status of 0 and is now HIV+.
s03027 is whiteNH, aged 29.018384615384736 in age group 21to29, with relationship status of 0 and is now HIV+.
s09830 is hispanic, aged 22.888384615384737 in age group 21to29, with relationship status of 1 and is now HIV+.
s10811 is otherNH, aged 29.829384615384736 in age group 16to20, with relationship status of 0 and is now HIV+.
s12740 is blackNH, aged 17.653846153846224 in age group 16to20, with relationship status of 1 and is now HIV+.
s13425 is blackNH, aged 16.826923076923112 in age group 16to20, with relationship status of 0 and is now HIV+.

Agents are being removed from the simulation...
s00344 is aged 29.984384615384737, whiteNH and is leaving the simulation.
s01818 is aged 29.996384615384738, whiteNH and is leaving the simulation.
s02829 is aged 29.99738461538474, whiteNH and is leaving the simulation.
s02955 is aged 29.98238461538474, whiteNH and is leaving the simulation.
s03141 is aged 29.983384615384736, whiteNH and is leaving the simulation.
s03262 is aged 29.999384615384738, whiteNH and is leaving the simulation.
s03333 is aged 29.992384615384736, whiteNH and is leaving the simulation.
s03478 is aged 29.98538461538474, whiteNH and is leaving the simulation.
s04915 is aged 29.987384615384737, blackNH and is leaving the simulation.
s05255 is aged 29.998384615384737, blackNH and is leaving the simulation.
s08456 is aged 29.986384615384736, hispanic and is leaving the simulation.
s08941 is aged 29.992384615384736, hispanic and is leaving the simulation.
s09991 is aged 29.984384615384737, hispanic and is leaving the simulation.
s10630 is aged 29.998384615384737, otherNH and is leaving the simulation.
s11308 is aged 29.983384615384736, otherNH and is leaving the simulation.

Agents who have aged to a new age group are being updated...
s00232 is 21.00761538461551 and has aged to age group 21to29.
s00382 is 21.000615384615507 and has aged to age group 21to29.
s00420 is 21.00161538461551 and has aged to age group 21to29.
s00962 is 21.014615384615507 and has aged to age group 21to29.
s01724 is 21.000615384615507 and has aged to age group 21to29.
s02809 is 21.017615384615507 and has aged to age group 21to29.
s03079 is 21.018615384615508 and has aged to age group 21to29.
s04368 is 21.012615384615508 and has aged to age group 21to29.
s04906 is 21.014615384615507 and has aged to age group 21to29.
s07488 is 21.01361538461551 and has aged to age group 21to29.
s07543 is 21.005615384615506 and has aged to age group 21to29.
s07610 is 21.01061538461551 and has aged to age group 21to29.
s08966 is 21.00761538461551 and has aged to age group 21to29.
s09343 is 21.011615384615506 and has aged to age group 21to29.
s09578 is 21.01061538461551 and has aged to age group 21to29.
s09950 is 21.00161538461551 and has aged to age group 21to29.
s11083 is 21.01061538461551 and has aged to age group 21to29.
s11170 is 21.008615384615506 and has aged to age group 21to29.
s11219 is 21.011615384615506 and has aged to age group 21to29.
s11300 is 21.003615384615507 and has aged to age group 21to29.

New agents are being added to the simulation...
s14101 is age 16.0 and hispanic and is entering the model
s14102 is age 16.0 and whiteNH and is entering the model
s14103 is age 16.0 and whiteNH and is entering the model
s14104 is age 16.0 and hispanic and is entering the model
s14105 is age 16.0 and blackNH and is entering the model
s14106 is age 16.0 and hispanic and is entering the model
s14107 is age 16.0 and hispanic and is entering the model
s14108 is age 16.0 and blackNH and is entering the model
s14109 is age 16.0 and whiteNH and is entering the model
s14110 is age 16.0 and whiteNH and is entering the model
s14111 is age 16.0 and whiteNH and is entering the model
s14112 is age 16.0 and hispanic and is entering the model
s14113 is age 16.0 and hispanic and is entering the model
s14114 is age 16.0 and blackNH and is entering the model
s14115 is age 16.0 and hispanic and is entering the model
s14116 is age 16.0 and whiteNH and is entering the model

Agents are attending venues and using apps for week 151 in simulation...


Epidemic Simulation
----------------------------
Simulation: 1/1
Timestep: 151/3640
Prevalence: 1985
Population Size: 11729
----------------------------
The ages, hiv status, and relationship status for the agents are being updated...
s01884 is whiteNH, aged 26.785615384615507 in age group 21to29, with relationship status of 0 and is now HIV+.
s10837 is otherNH, aged 23.278615384615506 in age group 21to29, with relationship status of 1 and is now HIV+.
s13432 is whiteNH, aged 16.826923076923112 in age group 16to20, with relationship status of 0 and is now HIV+.

Agents are being removed from the simulation...
s00103 is aged 29.989615384615508, whiteNH and is leaving the simulation.
s00297 is aged 29.98161538461551, whiteNH and is leaving the simulation.
s02404 is aged 29.99361538461551, whiteNH and is leaving the simulation.
s02448 is aged 29.992615384615508, whiteNH and is leaving the simulation.
s03127 is aged 29.98161538461551, whiteNH and is leaving the simulation.
s03540 is aged 29.985615384615507, whiteNH and is leaving the simulation.
s04543 is aged 29.991615384615507, blackNH and is leaving the simulation.
s04810 is aged 29.99861538461551, blackNH and is leaving the simulation.
s05402 is aged 29.99861538461551, blackNH and is leaving the simulation.
s06786 is aged 29.988615384615507, blackNH and is leaving the simulation.
s08071 is aged 29.99061538461551, hispanic and is leaving the simulation.
s08464 is aged 29.985615384615507, hispanic and is leaving the simulation.
s08654 is aged 29.98161538461551, hispanic and is leaving the simulation.
s08668 is aged 29.99361538461551, hispanic and is leaving the simulation.
s09597 is aged 29.99561538461551, hispanic and is leaving the simulation.
s09989 is aged 29.989615384615508, hispanic and is leaving the simulation.
s10610 is aged 29.992615384615508, otherNH and is leaving the simulation.
s10693 is aged 29.994615384615507, otherNH and is leaving the simulation.

Agents who have aged to a new age group are being updated...
s00211 is 21.001846153846277 and has aged to age group 21to29.
s00223 is 21.016846153846277 and has aged to age group 21to29.
s00901 is 21.005846153846278 and has aged to age group 21to29.
s02136 is 21.018846153846276 and has aged to age group 21to29.
s02834 is 21.01784615384628 and has aged to age group 21to29.
s03291 is 21.010846153846277 and has aged to age group 21to29.
s03630 is 21.00684615384628 and has aged to age group 21to29.
s04328 is 21.01284615384628 and has aged to age group 21to29.
s04704 is 21.01284615384628 and has aged to age group 21to29.
s05473 is 21.007846153846277 and has aged to age group 21to29.
s06055 is 21.002846153846278 and has aged to age group 21to29.
s06403 is 21.00084615384628 and has aged to age group 21to29.
s06912 is 21.00384615384628 and has aged to age group 21to29.
s06947 is 21.00084615384628 and has aged to age group 21to29.
s06949 is 21.001846153846277 and has aged to age group 21to29.
s07096 is 21.00384615384628 and has aged to age group 21to29.
s07340 is 21.008846153846278 and has aged to age group 21to29.
s07910 is 21.015846153846276 and has aged to age group 21to29.
s08838 is 21.00084615384628 and has aged to age group 21to29.
s09009 is 21.00984615384628 and has aged to age group 21to29.
s11054 is 21.016846153846277 and has aged to age group 21to29.

New agents are being added to the simulation...
s14117 is age 16.0 and hispanic and is entering the model
s14118 is age 16.0 and whiteNH and is entering the model
s14119 is age 16.0 and whiteNH and is entering the model
s14120 is age 16.0 and whiteNH and is entering the model
s14121 is age 16.0 and hispanic and is entering the model
s14122 is age 16.0 and blackNH and is entering the model
s14123 is age 16.0 and hispanic and is entering the model
s14124 is age 16.0 and whiteNH and is entering the model
s14125 is age 16.0 and whiteNH and is entering the model
s14126 is age 16.0 and whiteNH and is entering the model
s14127 is age 16.0 and whiteNH and is entering the model
s14128 is age 16.0 and otherNH and is entering the model
s14129 is age 16.0 and whiteNH and is entering the model
s14130 is age 16.0 and hispanic and is entering the model
s14131 is age 16.0 and whiteNH and is entering the model
s14132 is age 16.0 and hispanic and is entering the model
s14133 is age 16.0 and whiteNH and is entering the model
s14134 is age 16.0 and otherNH and is entering the model
s14135 is age 16.0 and whiteNH and is entering the model
s14136 is age 16.0 and blackNH and is entering the model

Agents are attending venues and using apps for week 152 in simulation...


Epidemic Simulation
----------------------------
Simulation: 1/1
Timestep: 152/3640
Prevalence: 1991
Population Size: 11731
----------------------------
The ages, hiv status, and relationship status for the agents are being updated...
s00692 is whiteNH, aged 29.708846153846277 in age group 16to20, with relationship status of 0 and is now HIV+.
s02163 is whiteNH, aged 26.79984615384628 in age group 21to29, with relationship status of 0 and is now HIV+.
s04516 is blackNH, aged 26.20684615384628 in age group 16to20, with relationship status of 0 and is now HIV+.
s06130 is blackNH, aged 18.96584615384628 in age group 21to29, with relationship status of 0 and is now HIV+.
s08443 is hispanic, aged 27.848846153846278 in age group 21to29, with relationship status of 0 and is now HIV+.
s08519 is hispanic, aged 27.864846153846276 in age group 21to29, with relationship status of 0 and is now HIV+.
s11568 is otherNH, aged 26.12284615384628 in age group 21to29, with relationship status of 0 and is now HIV+.
s12487 is whiteNH, aged 18.000000000000085 in age group 16to20, with relationship status of 1 and is now HIV+.

Agents are being removed from the simulation...
s00988 is aged 29.98884615384628, whiteNH and is leaving the simulation.
s01147 is aged 29.98884615384628, whiteNH and is leaving the simulation.
s01304 is aged 29.996846153846278, whiteNH and is leaving the simulation.
s02053 is aged 29.990846153846277, whiteNH and is leaving the simulation.
s02683 is aged 29.987846153846277, whiteNH and is leaving the simulation.
s03053 is aged 29.998846153846277, whiteNH and is leaving the simulation.
s03233 is aged 29.990846153846277, whiteNH and is leaving the simulation.
s04054 is aged 29.98884615384628, blackNH and is leaving the simulation.
s04266 is aged 29.992846153846276, blackNH and is leaving the simulation.
s04277 is aged 29.99184615384628, blackNH and is leaving the simulation.
s06249 is aged 28.100846153846277, blackNH and is leaving the simulation.
s06504 is aged 29.996846153846278, blackNH and is leaving the simulation.
s08728 is aged 29.99484615384628, hispanic and is leaving the simulation.
s09127 is aged 29.99784615384628, hispanic and is leaving the simulation.
s09638 is aged 29.984846153846277, hispanic and is leaving the simulation.
s11277 is aged 29.983846153846276, otherNH and is leaving the simulation.
s11363 is aged 29.996846153846278, otherNH and is leaving the simulation.
s11370 is aged 29.99184615384628, otherNH and is leaving the simulation.

Agents who have aged to a new age group are being updated...
s00086 is 21.018076923077047 and has aged to age group 21to29.
s00271 is 21.013076923077048 and has aged to age group 21to29.
s00511 is 21.003076923077046 and has aged to age group 21to29.
s01084 is 21.006076923077046 and has aged to age group 21to29.
s01300 is 21.01707692307705 and has aged to age group 21to29.
s01355 is 21.00507692307705 and has aged to age group 21to29.
s02516 is 21.00207692307705 and has aged to age group 21to29.
s02620 is 21.015076923077046 and has aged to age group 21to29.
s02963 is 21.01707692307705 and has aged to age group 21to29.
s04243 is 21.01107692307705 and has aged to age group 21to29.
s05089 is 21.00207692307705 and has aged to age group 21to29.
s05523 is 21.010076923077047 and has aged to age group 21to29.
s06496 is 21.019076923077048 and has aged to age group 21to29.
s07368 is 21.00807692307705 and has aged to age group 21to29.
s09433 is 21.01407692307705 and has aged to age group 21to29.
s10354 is 21.00007692307705 and has aged to age group 21to29.
s10936 is 21.004076923077047 and has aged to age group 21to29.
s11672 is 21.004076923077047 and has aged to age group 21to29.

New agents are being added to the simulation...
s14137 is age 16.0 and whiteNH and is entering the model
s14138 is age 16.0 and whiteNH and is entering the model
s14139 is age 16.0 and otherNH and is entering the model
s14140 is age 16.0 and whiteNH and is entering the model
s14141 is age 16.0 and otherNH and is entering the model
s14142 is age 16.0 and whiteNH and is entering the model
s14143 is age 16.0 and hispanic and is entering the model
s14144 is age 16.0 and whiteNH and is entering the model
s14145 is age 16.0 and hispanic and is entering the model
s14146 is age 16.0 and hispanic and is entering the model
s14147 is age 16.0 and hispanic and is entering the model
s14148 is age 16.0 and otherNH and is entering the model
s14149 is age 16.0 and hispanic and is entering the model
s14150 is age 16.0 and blackNH and is entering the model
s14151 is age 16.0 and hispanic and is entering the model
s14152 is age 16.0 and otherNH and is entering the model
s14153 is age 16.0 and blackNH and is entering the model

Agents are attending venues and using apps for week 153 in simulation...


Epidemic Simulation
----------------------------
Simulation: 1/1
Timestep: 153/3640
Prevalence: 1997
Population Size: 11730
----------------------------
The ages, hiv status, and relationship status for the agents are being updated...
s01019 is whiteNH, aged 28.84607692307705 in age group 16to20, with relationship status of 0 and is now HIV+.
s02383 is whiteNH, aged 22.70607692307705 in age group 21to29, with relationship status of 1 and is now HIV+.
s02936 is whiteNH, aged 20.777076923077047 in age group 21to29, with relationship status of 0 and is now HIV+.
s04375 is blackNH, aged 28.01407692307705 in age group 16to20, with relationship status of 1 and is now HIV+.
s05531 is blackNH, aged 19.678076923077047 in age group 21to29, with relationship status of 0 and is now HIV+.
s06753 is blackNH, aged 20.652076923077047 in age group 21to29, with relationship status of 0 and is now HIV+.
s07052 is hispanic, aged 21.423076923077048 in age group 21to29, with relationship status of 0 and is now HIV+.
s08354 is hispanic, aged 24.59607692307705 in age group 21to29, with relationship status of 0 and is now HIV+.
s12357 is blackNH, aged 18.192307692307786 in age group 16to20, with relationship status of 1 and is now HIV+.
s12732 is hispanic, aged 17.711538461538535 in age group 16to20, with relationship status of 0 and is now HIV+.
s13021 is blackNH, aged 17.346153846153904 in age group 16to20, with relationship status of 1 and is now HIV+.
s13681 is otherNH, aged 16.5769230769231 in age group 16to20, with relationship status of 0 and is now HIV+.

Agents are being removed from the simulation...
s00401 is aged 29.987076923077048, whiteNH and is leaving the simulation.
s00805 is aged 29.99107692307705, whiteNH and is leaving the simulation.
s01245 is aged 29.98207692307705, whiteNH and is leaving the simulation.
s01516 is aged 29.983076923077046, whiteNH and is leaving the simulation.
s02025 is aged 29.990076923077048, whiteNH and is leaving the simulation.
s02529 is aged 29.989076923077047, whiteNH and is leaving the simulation.
s02723 is aged 29.993076923077048, whiteNH and is leaving the simulation.
s03437 is aged 29.998076923077047, whiteNH and is leaving the simulation.
s03467 is aged 29.989076923077047, whiteNH and is leaving the simulation.
s04018 is aged 29.998076923077047, blackNH and is leaving the simulation.
s05220 is aged 29.99707692307705, blackNH and is leaving the simulation.
s05333 is aged 29.990076923077048, blackNH and is leaving the simulation.
s05519 is aged 29.98207692307705, blackNH and is leaving the simulation.
s06163 is aged 29.990076923077048, blackNH and is leaving the simulation.
s06218 is aged 29.98507692307705, blackNH and is leaving the simulation.
s07644 is aged 29.992076923077047, hispanic and is leaving the simulation.
s08548 is aged 29.987076923077048, hispanic and is leaving the simulation.
s08722 is aged 29.999076923077048, hispanic and is leaving the simulation.
s08905 is aged 29.987076923077048, hispanic and is leaving the simulation.
s09882 is aged 29.992076923077047, hispanic and is leaving the simulation.
s10136 is aged 29.981076923077048, hispanic and is leaving the simulation.
s10338 is aged 29.99407692307705, hispanic and is leaving the simulation.
s10604 is aged 29.998076923077047, otherNH and is leaving the simulation.
s10979 is aged 29.984076923077048, otherNH and is leaving the simulation.
s11118 is aged 29.995076923077047, otherNH and is leaving the simulation.

Agents who have aged to a new age group are being updated...
s01259 is 21.015307692307818 and has aged to age group 21to29.
s02114 is 21.017307692307817 and has aged to age group 21to29.
s02849 is 21.00130769230782 and has aged to age group 21to29.
s02959 is 21.008307692307817 and has aged to age group 21to29.
s03664 is 21.017307692307817 and has aged to age group 21to29.
s03682 is 21.014307692307817 and has aged to age group 21to29.
s04463 is 21.01630769230782 and has aged to age group 21to29.
s05054 is 21.012307692307818 and has aged to age group 21to29.
s09014 is 21.015307692307818 and has aged to age group 21to29.
s09176 is 21.014307692307817 and has aged to age group 21to29.
s10619 is 21.017307692307817 and has aged to age group 21to29.
s10950 is 21.009307692307818 and has aged to age group 21to29.
s11533 is 21.000307692307818 and has aged to age group 21to29.

New agents are being added to the simulation...
s14154 is age 16.0 and otherNH and is entering the model
s14155 is age 16.0 and whiteNH and is entering the model
s14156 is age 16.0 and whiteNH and is entering the model
s14157 is age 16.0 and whiteNH and is entering the model
s14158 is age 16.0 and hispanic and is entering the model
s14159 is age 16.0 and whiteNH and is entering the model
s14160 is age 16.0 and whiteNH and is entering the model
s14161 is age 16.0 and whiteNH and is entering the model
s14162 is age 16.0 and hispanic and is entering the model
s14163 is age 16.0 and blackNH and is entering the model
s14164 is age 16.0 and whiteNH and is entering the model
s14165 is age 16.0 and blackNH and is entering the model
s14166 is age 16.0 and blackNH and is entering the model
s14167 is age 16.0 and blackNH and is entering the model
s14168 is age 16.0 and whiteNH and is entering the model
s14169 is age 16.0 and whiteNH and is entering the model
s14170 is age 16.0 and blackNH and is entering the model
s14171 is age 16.0 and hispanic and is entering the model
s14172 is age 16.0 and whiteNH and is entering the model
s14173 is age 16.0 and whiteNH and is entering the model
s14174 is age 16.0 and hispanic and is entering the model

Agents are attending venues and using apps for week 154 in simulation...


Epidemic Simulation
----------------------------
Simulation: 1/1
Timestep: 154/3640
Prevalence: 1997
Population Size: 11726
----------------------------
The ages, hiv status, and relationship status for the agents are being updated...
s00444 is whiteNH, aged 27.912307692307817 in age group 16to20, with relationship status of 1 and is now HIV+.
s03999 is blackNH, aged 27.698307692307818 in age group 16to20, with relationship status of 0 and is now HIV+.
s04183 is blackNH, aged 19.140307692307818 in age group 16to20, with relationship status of 1 and is now HIV+.
s07076 is hispanic, aged 24.223307692307817 in age group 16to20, with relationship status of 0 and is now HIV+.
s10783 is otherNH, aged 28.419307692307818 in age group 16to20, with relationship status of 0 and is now HIV+.
s12407 is hispanic, aged 18.134615384615476 in age group 16to20, with relationship status of 1 and is now HIV+.

Agents are being removed from the simulation...
s00268 is aged 29.994307692307817, whiteNH and is leaving the simulation.
s00377 is aged 29.99530769230782, whiteNH and is leaving the simulation.
s00620 is aged 29.982307692307817, whiteNH and is leaving the simulation.
s00985 is aged 29.999307692307816, whiteNH and is leaving the simulation.
s02061 is aged 29.996307692307816, whiteNH and is leaving the simulation.
s02233 is aged 29.985307692307817, whiteNH and is leaving the simulation.
s02718 is aged 29.988307692307817, whiteNH and is leaving the simulation.
s03431 is aged 29.994307692307817, whiteNH and is leaving the simulation.
s03506 is aged 29.98130769230782, whiteNH and is leaving the simulation.
s03779 is aged 29.996307692307816, whiteNH and is leaving the simulation.
s04187 is aged 29.98130769230782, blackNH and is leaving the simulation.
s04741 is aged 29.991307692307817, blackNH and is leaving the simulation.
s05507 is aged 29.98430769230782, blackNH and is leaving the simulation.
s06675 is aged 29.99830769230782, blackNH and is leaving the simulation.
s07114 is aged 29.985307692307817, hispanic and is leaving the simulation.
s07387 is aged 29.993307692307816, hispanic and is leaving the simulation.
s07977 is aged 29.98430769230782, hispanic and is leaving the simulation.
s08407 is aged 29.994307692307817, hispanic and is leaving the simulation.
s10283 is aged 29.990307692307816, hispanic and is leaving the simulation.
s11525 is aged 29.98630769230782, otherNH and is leaving the simulation.
s11535 is aged 29.982307692307817, otherNH and is leaving the simulation.

Agents who have aged to a new age group are being updated...
s00664 is 21.00053846153859 and has aged to age group 21to29.
s00978 is 21.00053846153859 and has aged to age group 21to29.
s01156 is 21.01153846153859 and has aged to age group 21to29.
s02004 is 21.01753846153859 and has aged to age group 21to29.
s02196 is 21.013538461538587 and has aged to age group 21to29.
s02215 is 21.012538461538586 and has aged to age group 21to29.
s03318 is 21.001538461538587 and has aged to age group 21to29.
s03575 is 21.00353846153859 and has aged to age group 21to29.
s03976 is 21.013538461538587 and has aged to age group 21to29.
s04470 is 21.018538461538586 and has aged to age group 21to29.
s04886 is 21.009538461538586 and has aged to age group 21to29.
s07549 is 21.00353846153859 and has aged to age group 21to29.
s07552 is 21.004538461538587 and has aged to age group 21to29.
s07763 is 21.002538461538588 and has aged to age group 21to29.
s07891 is 21.009538461538586 and has aged to age group 21to29.
s09048 is 21.01753846153859 and has aged to age group 21to29.
s09157 is 21.01153846153859 and has aged to age group 21to29.
s09567 is 21.001538461538587 and has aged to age group 21to29.
s09974 is 21.010538461538587 and has aged to age group 21to29.

New agents are being added to the simulation...
s14175 is age 16.0 and whiteNH and is entering the model
s14176 is age 16.0 and blackNH and is entering the model
s14177 is age 16.0 and blackNH and is entering the model
s14178 is age 16.0 and otherNH and is entering the model
s14179 is age 16.0 and blackNH and is entering the model
s14180 is age 16.0 and hispanic and is entering the model
s14181 is age 16.0 and hispanic and is entering the model
s14182 is age 16.0 and whiteNH and is entering the model
s14183 is age 16.0 and blackNH and is entering the model
s14184 is age 16.0 and hispanic and is entering the model
s14185 is age 16.0 and hispanic and is entering the model
s14186 is age 16.0 and hispanic and is entering the model
s14187 is age 16.0 and otherNH and is entering the model
s14188 is age 16.0 and whiteNH and is entering the model
s14189 is age 16.0 and hispanic and is entering the model
s14190 is age 16.0 and whiteNH and is entering the model
s14191 is age 16.0 and blackNH and is entering the model
s14192 is age 16.0 and hispanic and is entering the model
s14193 is age 16.0 and otherNH and is entering the model

Agents are attending venues and using apps for week 155 in simulation...


Epidemic Simulation
----------------------------
Simulation: 1/1
Timestep: 155/3640
Prevalence: 1999
Population Size: 11724
----------------------------
The ages, hiv status, and relationship status for the agents are being updated...
s04160 is blackNH, aged 20.057538461538588 in age group 16to20, with relationship status of 0 and is now HIV+.
s05439 is blackNH, aged 21.41053846153859 in age group 21to29, with relationship status of 0 and is now HIV+.
s06132 is blackNH, aged 20.248538461538587 in age group 21to29, with relationship status of 1 and is now HIV+.
s06830 is hispanic, aged 27.58753846153859 in age group 16to20, with relationship status of 0 and is now HIV+.
s08475 is hispanic, aged 20.21853846153859 in age group 21to29, with relationship status of 0 and is now HIV+.

Agents are being removed from the simulation...
s00332 is aged 29.992538461538587, whiteNH and is leaving the simulation.
s00469 is aged 29.999538461538588, whiteNH and is leaving the simulation.
s00481 is aged 29.995538461538587, whiteNH and is leaving the simulation.
s00914 is aged 29.99753846153859, whiteNH and is leaving the simulation.
s01228 is aged 29.983538461538586, whiteNH and is leaving the simulation.
s01267 is aged 29.98253846153859, whiteNH and is leaving the simulation.
s01951 is aged 29.993538461538588, whiteNH and is leaving the simulation.
s02582 is aged 29.98853846153859, whiteNH and is leaving the simulation.
s02837 is aged 29.990538461538588, whiteNH and is leaving the simulation.
s03030 is aged 29.989538461538586, whiteNH and is leaving the simulation.
s04614 is aged 29.99153846153859, blackNH and is leaving the simulation.
s05509 is aged 29.993538461538588, blackNH and is leaving the simulation.
s05868 is aged 29.990538461538588, blackNH and is leaving the simulation.
s05943 is aged 29.993538461538588, blackNH and is leaving the simulation.
s06127 is aged 29.992538461538587, blackNH and is leaving the simulation.
s06527 is aged 29.990538461538588, blackNH and is leaving the simulation.
s06901 is aged 29.99453846153859, hispanic and is leaving the simulation.
s06925 is aged 29.993538461538588, hispanic and is leaving the simulation.
s08866 is aged 29.993538461538588, hispanic and is leaving the simulation.
s08939 is aged 29.99153846153859, hispanic and is leaving the simulation.
s08952 is aged 29.98553846153859, hispanic and is leaving the simulation.
s09642 is aged 29.987538461538588, hispanic and is leaving the simulation.
s10351 is aged 29.98853846153859, hispanic and is leaving the simulation.
s10863 is aged 29.99453846153859, otherNH and is leaving the simulation.
s10963 is aged 29.99753846153859, otherNH and is leaving the simulation.
s11181 is aged 29.986538461538586, otherNH and is leaving the simulation.
s11500 is aged 29.98553846153859, otherNH and is leaving the simulation.
s11652 is aged 29.999538461538588, otherNH and is leaving the simulation.

Agents who have aged to a new age group are being updated...
s00568 is 21.014769230769357 and has aged to age group 21to29.
s02121 is 21.014769230769357 and has aged to age group 21to29.
s02443 is 21.01376923076936 and has aged to age group 21to29.
s02568 is 21.005769230769356 and has aged to age group 21to29.
s03332 is 21.011769230769357 and has aged to age group 21to29.
s05074 is 21.003769230769358 and has aged to age group 21to29.
s06694 is 21.012769230769358 and has aged to age group 21to29.
s07967 is 21.006769230769358 and has aged to age group 21to29.
s08189 is 21.000769230769357 and has aged to age group 21to29.
s08699 is 21.006769230769358 and has aged to age group 21to29.
s08982 is 21.018769230769358 and has aged to age group 21to29.
s09300 is 21.006769230769358 and has aged to age group 21to29.
s09345 is 21.00176923076936 and has aged to age group 21to29.
s09546 is 21.011769230769357 and has aged to age group 21to29.
s10479 is 21.01676923076936 and has aged to age group 21to29.
s10966 is 21.011769230769357 and has aged to age group 21to29.
s10986 is 21.00776923076936 and has aged to age group 21to29.

New agents are being added to the simulation...
s14194 is age 16.0 and whiteNH and is entering the model
s14195 is age 16.0 and hispanic and is entering the model
s14196 is age 16.0 and hispanic and is entering the model
s14197 is age 16.0 and whiteNH and is entering the model
s14198 is age 16.0 and blackNH and is entering the model
s14199 is age 16.0 and whiteNH and is entering the model
s14200 is age 16.0 and blackNH and is entering the model
s14201 is age 16.0 and otherNH and is entering the model
s14202 is age 16.0 and whiteNH and is entering the model
s14203 is age 16.0 and hispanic and is entering the model
s14204 is age 16.0 and blackNH and is entering the model
s14205 is age 16.0 and whiteNH and is entering the model
s14206 is age 16.0 and whiteNH and is entering the model
s14207 is age 16.0 and blackNH and is entering the model
s14208 is age 16.0 and hispanic and is entering the model
s14209 is age 16.0 and otherNH and is entering the model
s14210 is age 16.0 and hispanic and is entering the model
s14211 is age 16.0 and whiteNH and is entering the model

Agents are attending venues and using apps for week 156 in simulation...


Epidemic Simulation
----------------------------
Simulation: 1/1
Timestep: 156/3640
Prevalence: 1999
Population Size: 11714
----------------------------
The ages, hiv status, and relationship status for the agents are being updated...
s01716 is whiteNH, aged 22.092769230769356 in age group 21to29, with relationship status of 0 and is now HIV+.
s08120 is hispanic, aged 26.53676923076936 in age group 21to29, with relationship status of 0 and is now HIV+.
s08214 is hispanic, aged 24.886769230769357 in age group 21to29, with relationship status of 1 and is now HIV+.
s12821 is hispanic, aged 17.653846153846224 in age group 16to20, with relationship status of 1 and is now HIV+.

Agents are being removed from the simulation...
s00246 is aged 29.985769230769357, whiteNH and is leaving the simulation.
s01062 is aged 29.99376923076936, whiteNH and is leaving the simulation.
s02758 is aged 29.99376923076936, whiteNH and is leaving the simulation.
s05612 is aged 29.99076923076936, blackNH and is leaving the simulation.
s05957 is aged 29.983769230769358, blackNH and is leaving the simulation.
s06362 is aged 29.986769230769358, blackNH and is leaving the simulation.
s07263 is aged 29.98476923076936, hispanic and is leaving the simulation.
s07365 is aged 29.99376923076936, hispanic and is leaving the simulation.
s07534 is aged 29.99876923076936, hispanic and is leaving the simulation.
s08092 is aged 29.980769230769358, hispanic and is leaving the simulation.
s08607 is aged 29.989769230769358, hispanic and is leaving the simulation.
s09085 is aged 29.989769230769358, hispanic and is leaving the simulation.
s09089 is aged 22.079769230769358, hispanic and is leaving the simulation.
s09223 is aged 29.98176923076936, hispanic and is leaving the simulation.
s10312 is aged 29.983769230769358, hispanic and is leaving the simulation.
s10672 is aged 29.982769230769357, otherNH and is leaving the simulation.
s11278 is aged 29.99576923076936, otherNH and is leaving the simulation.
s11454 is aged 29.98776923076936, otherNH and is leaving the simulation.

Agents who have aged to a new age group are being updated...
s00322 is 21.00400000000013 and has aged to age group 21to29.
s01436 is 21.016000000000126 and has aged to age group 21to29.
s01860 is 21.019000000000126 and has aged to age group 21to29.
s02652 is 21.000000000000128 and has aged to age group 21to29.
s03725 is 21.00700000000013 and has aged to age group 21to29.
s04541 is 21.017000000000127 and has aged to age group 21to29.
s04732 is 21.00700000000013 and has aged to age group 21to29.
s04967 is 21.01500000000013 and has aged to age group 21to29.
s05287 is 21.00900000000013 and has aged to age group 21to29.
s05329 is 21.005000000000127 and has aged to age group 21to29.
s05492 is 21.019000000000126 and has aged to age group 21to29.
s05576 is 21.00400000000013 and has aged to age group 21to29.
s05769 is 21.01500000000013 and has aged to age group 21to29.
s10140 is 21.014000000000127 and has aged to age group 21to29.
s10169 is 21.00400000000013 and has aged to age group 21to29.
s10739 is 21.01200000000013 and has aged to age group 21to29.

New agents are being added to the simulation...
s14212 is age 16.0 and blackNH and is entering the model
s14213 is age 16.0 and hispanic and is entering the model
s14214 is age 16.0 and hispanic and is entering the model
s14215 is age 16.0 and blackNH and is entering the model
s14216 is age 16.0 and hispanic and is entering the model
s14217 is age 16.0 and hispanic and is entering the model
s14218 is age 16.0 and blackNH and is entering the model
s14219 is age 16.0 and whiteNH and is entering the model
s14220 is age 16.0 and hispanic and is entering the model
s14221 is age 16.0 and whiteNH and is entering the model
s14222 is age 16.0 and hispanic and is entering the model
s14223 is age 16.0 and whiteNH and is entering the model
s14224 is age 16.0 and hispanic and is entering the model
s14225 is age 16.0 and hispanic and is entering the model
s14226 is age 16.0 and hispanic and is entering the model
s14227 is age 16.0 and blackNH and is entering the model
s14228 is age 16.0 and otherNH and is entering the model

Agents are attending venues and using apps for week 157 in simulation...


Epidemic Simulation
----------------------------
Simulation: 1/1
Timestep: 157/3640
Prevalence: 2000
Population Size: 11713
----------------------------
The ages, hiv status, and relationship status for the agents are being updated...
s00565 is whiteNH, aged 20.176000000000126 in age group 16to20, with relationship status of 0 and is now HIV+.
s05857 is blackNH, aged 21.593000000000128 in age group 21to29, with relationship status of 1 and is now HIV+.
s06690 is blackNH, aged 24.889000000000127 in age group 21to29, with relationship status of 0 and is now HIV+.
s07446 is hispanic, aged 19.09100000000013 in age group 16to20, with relationship status of 1 and is now HIV+.
s10065 is hispanic, aged 25.846000000000128 in age group 21to29, with relationship status of 1 and is now HIV+.
s12463 is blackNH, aged 18.115384615384706 in age group 16to20, with relationship status of 1 and is now HIV+.

Agents are being removed from the simulation...
s00680 is aged 29.999000000000127, whiteNH and is leaving the simulation.
s01762 is aged 29.99200000000013, whiteNH and is leaving the simulation.
s02211 is aged 29.985000000000127, whiteNH and is leaving the simulation.
s02330 is aged 29.990000000000126, whiteNH and is leaving the simulation.
s03982 is aged 29.98300000000013, blackNH and is leaving the simulation.
s04542 is aged 29.98600000000013, blackNH and is leaving the simulation.
s05500 is aged 29.982000000000127, blackNH and is leaving the simulation.
s05668 is aged 29.98300000000013, blackNH and is leaving the simulation.
s06056 is aged 29.997000000000128, blackNH and is leaving the simulation.
s07793 is aged 29.99500000000013, hispanic and is leaving the simulation.
s08223 is aged 29.99200000000013, hispanic and is leaving the simulation.
s08791 is aged 29.993000000000126, hispanic and is leaving the simulation.
s09556 is aged 29.988000000000127, hispanic and is leaving the simulation.
s10281 is aged 29.990000000000126, hispanic and is leaving the simulation.
s10400 is aged 29.98600000000013, hispanic and is leaving the simulation.
s10471 is aged 29.985000000000127, otherNH and is leaving the simulation.
s10551 is aged 29.98300000000013, otherNH and is leaving the simulation.
s11141 is aged 29.994000000000128, otherNH and is leaving the simulation.

Agents who have aged to a new age group are being updated...
s00716 is 21.007230769230897 and has aged to age group 21to29.
s01478 is 21.0172307692309 and has aged to age group 21to29.
s01505 is 21.016230769230898 and has aged to age group 21to29.
s01774 is 21.004230769230897 and has aged to age group 21to29.
s01842 is 21.0112307692309 and has aged to age group 21to29.
s02738 is 21.010230769230898 and has aged to age group 21to29.
s04010 is 21.0112307692309 and has aged to age group 21to29.
s04909 is 21.006230769230896 and has aged to age group 21to29.
s04956 is 21.012230769230896 and has aged to age group 21to29.
s05034 is 21.004230769230897 and has aged to age group 21to29.
s05273 is 21.010230769230898 and has aged to age group 21to29.
s07833 is 21.007230769230897 and has aged to age group 21to29.
s08920 is 21.0022307692309 and has aged to age group 21to29.
s08991 is 21.0052307692309 and has aged to age group 21to29.
s09019 is 21.0172307692309 and has aged to age group 21to29.
s09125 is 21.016230769230898 and has aged to age group 21to29.
s10113 is 21.009230769230896 and has aged to age group 21to29.
s10645 is 21.010230769230898 and has aged to age group 21to29.
s11302 is 21.0002307692309 and has aged to age group 21to29.

New agents are being added to the simulation...
s14229 is age 16.0 and whiteNH and is entering the model
s14230 is age 16.0 and hispanic and is entering the model
s14231 is age 16.0 and whiteNH and is entering the model
s14232 is age 16.0 and hispanic and is entering the model
s14233 is age 16.0 and whiteNH and is entering the model
s14234 is age 16.0 and whiteNH and is entering the model
s14235 is age 16.0 and hispanic and is entering the model
s14236 is age 16.0 and whiteNH and is entering the model
s14237 is age 16.0 and whiteNH and is entering the model
s14238 is age 16.0 and hispanic and is entering the model
s14239 is age 16.0 and blackNH and is entering the model
s14240 is age 16.0 and whiteNH and is entering the model

Agents are attending venues and using apps for week 158 in simulation...


Epidemic Simulation
----------------------------
Simulation: 1/1
Timestep: 158/3640
Prevalence: 2000
Population Size: 11707
----------------------------
The ages, hiv status, and relationship status for the agents are being updated...
s00343 is whiteNH, aged 27.140230769230897 in age group 16to20, with relationship status of 0 and is now HIV+.
s06290 is blackNH, aged 27.9092307692309 in age group 21to29, with relationship status of 1 and is now HIV+.
s06793 is blackNH, aged 21.4912307692309 in age group 21to29, with relationship status of 0 and is now HIV+.
s11060 is otherNH, aged 20.6192307692309 in age group 21to29, with relationship status of 0 and is now HIV+.
s11176 is otherNH, aged 29.888230769230898 in age group 21to29, with relationship status of 0 and is now HIV+.

Agents are being removed from the simulation...
s00729 is aged 29.9942307692309, whiteNH and is leaving the simulation.
s01854 is aged 29.9912307692309, whiteNH and is leaving the simulation.
s02023 is aged 29.9882307692309, whiteNH and is leaving the simulation.
s05745 is aged 29.986230769230897, blackNH and is leaving the simulation.
s06334 is aged 29.9942307692309, blackNH and is leaving the simulation.
s06393 is aged 29.992230769230897, blackNH and is leaving the simulation.
s07573 is aged 29.9852307692309, hispanic and is leaving the simulation.
s07850 is aged 29.984230769230898, hispanic and is leaving the simulation.
s09173 is aged 29.9972307692309, hispanic and is leaving the simulation.
s09592 is aged 29.9962307692309, hispanic and is leaving the simulation.
s10811 is aged 29.983230769230897, otherNH and is leaving the simulation.

Agents who have aged to a new age group are being updated...
s00647 is 21.01346153846167 and has aged to age group 21to29.
s00722 is 21.003461538461668 and has aged to age group 21to29.
s01503 is 21.00446153846167 and has aged to age group 21to29.
s01613 is 21.002461538461667 and has aged to age group 21to29.
s01894 is 21.009461538461668 and has aged to age group 21to29.
s02197 is 21.00746153846167 and has aged to age group 21to29.
s02262 is 21.01346153846167 and has aged to age group 21to29.
s02495 is 21.01046153846167 and has aged to age group 21to29.
s02830 is 21.01046153846167 and has aged to age group 21to29.
s03165 is 21.01846153846167 and has aged to age group 21to29.
s03538 is 21.008461538461667 and has aged to age group 21to29.
s03819 is 21.009461538461668 and has aged to age group 21to29.
s03903 is 21.008461538461667 and has aged to age group 21to29.
s05351 is 21.005461538461667 and has aged to age group 21to29.
s06068 is 21.000461538461668 and has aged to age group 21to29.
s07562 is 21.006461538461668 and has aged to age group 21to29.
s07641 is 21.009461538461668 and has aged to age group 21to29.
s07747 is 21.00446153846167 and has aged to age group 21to29.
s07931 is 21.012461538461668 and has aged to age group 21to29.
s08369 is 21.006461538461668 and has aged to age group 21to29.
s09331 is 21.009461538461668 and has aged to age group 21to29.
s09627 is 21.003461538461668 and has aged to age group 21to29.
s10215 is 21.017461538461667 and has aged to age group 21to29.
s10287 is 21.003461538461668 and has aged to age group 21to29.
s10355 is 21.012461538461668 and has aged to age group 21to29.
s11346 is 21.012461538461668 and has aged to age group 21to29.

New agents are being added to the simulation...
s14241 is age 16.0 and hispanic and is entering the model
s14242 is age 16.0 and whiteNH and is entering the model
s14243 is age 16.0 and hispanic and is entering the model
s14244 is age 16.0 and whiteNH and is entering the model
s14245 is age 16.0 and whiteNH and is entering the model
s14246 is age 16.0 and hispanic and is entering the model
s14247 is age 16.0 and hispanic and is entering the model
s14248 is age 16.0 and blackNH and is entering the model
s14249 is age 16.0 and blackNH and is entering the model
s14250 is age 16.0 and hispanic and is entering the model
s14251 is age 16.0 and whiteNH and is entering the model
s14252 is age 16.0 and blackNH and is entering the model

Agents are attending venues and using apps for week 159 in simulation...


Epidemic Simulation
----------------------------
Simulation: 1/1
Timestep: 159/3640
Prevalence: 2002
Population Size: 11708
----------------------------
The ages, hiv status, and relationship status for the agents are being updated...
s04868 is blackNH, aged 28.037461538461667 in age group 16to20, with relationship status of 0 and is now HIV+.
s07096 is hispanic, aged 21.13846153846167 in age group 21to29, with relationship status of 1 and is now HIV+.
s07661 is hispanic, aged 25.781461538461667 in age group 16to20, with relationship status of 0 and is now HIV+.
s08749 is hispanic, aged 27.73646153846167 in age group 21to29, with relationship status of 1 and is now HIV+.
s12622 is hispanic, aged 18.000000000000085 in age group 16to20, with relationship status of 1 and is now HIV+.

Agents are being removed from the simulation...
s00556 is aged 29.994461538461668, whiteNH and is leaving the simulation.
s01727 is aged 29.991461538461667, whiteNH and is leaving the simulation.
s01828 is aged 29.982461538461667, whiteNH and is leaving the simulation.
s02428 is aged 29.991461538461667, whiteNH and is leaving the simulation.
s02760 is aged 29.996461538461666, whiteNH and is leaving the simulation.
s03893 is aged 29.982461538461667, blackNH and is leaving the simulation.
s03987 is aged 27.00746153846167, blackNH and is leaving the simulation.
s04719 is aged 21.55646153846167, blackNH and is leaving the simulation.
s04784 is aged 29.99846153846167, blackNH and is leaving the simulation.
s04840 is aged 29.994461538461668, blackNH and is leaving the simulation.
s06114 is aged 29.990461538461666, blackNH and is leaving the simulation.
s07516 is aged 29.99846153846167, hispanic and is leaving the simulation.
s08123 is aged 29.99546153846167, hispanic and is leaving the simulation.
s08641 is aged 29.99846153846167, hispanic and is leaving the simulation.
s08828 is aged 29.98346153846167, hispanic and is leaving the simulation.
s09641 is aged 29.991461538461667, hispanic and is leaving the simulation.
s09666 is aged 29.999461538461667, hispanic and is leaving the simulation.
s09872 is aged 29.98646153846167, hispanic and is leaving the simulation.
s10138 is aged 29.98646153846167, hispanic and is leaving the simulation.
s10381 is aged 29.99546153846167, hispanic and is leaving the simulation.
s11422 is aged 29.993461538461666, otherNH and is leaving the simulation.
s11428 is aged 29.999461538461667, otherNH and is leaving the simulation.

Agents who have aged to a new age group are being updated...
s00776 is 21.00869230769244 and has aged to age group 21to29.
s01006 is 21.00069230769244 and has aged to age group 21to29.
s01098 is 21.00069230769244 and has aged to age group 21to29.
s01229 is 21.009692307692436 and has aged to age group 21to29.
s01689 is 21.016692307692438 and has aged to age group 21to29.
s01694 is 21.012692307692436 and has aged to age group 21to29.
s03229 is 21.004692307692437 and has aged to age group 21to29.
s03360 is 21.00369230769244 and has aged to age group 21to29.
s03555 is 21.00069230769244 and has aged to age group 21to29.
s04201 is 21.01769230769244 and has aged to age group 21to29.
s05122 is 21.007692307692437 and has aged to age group 21to29.
s05253 is 21.00269230769244 and has aged to age group 21to29.
s06105 is 21.015692307692436 and has aged to age group 21to29.
s06826 is 21.001692307692437 and has aged to age group 21to29.
s06918 is 21.001692307692437 and has aged to age group 21to29.
s07559 is 21.016692307692438 and has aged to age group 21to29.
s08328 is 21.00869230769244 and has aged to age group 21to29.
s08862 is 21.00669230769244 and has aged to age group 21to29.
s09524 is 21.00869230769244 and has aged to age group 21to29.
s10628 is 21.012692307692436 and has aged to age group 21to29.
s10895 is 21.015692307692436 and has aged to age group 21to29.

New agents are being added to the simulation...
s14253 is age 16.0 and hispanic and is entering the model
s14254 is age 16.0 and blackNH and is entering the model
s14255 is age 16.0 and otherNH and is entering the model
s14256 is age 16.0 and whiteNH and is entering the model
s14257 is age 16.0 and hispanic and is entering the model
s14258 is age 16.0 and hispanic and is entering the model
s14259 is age 16.0 and hispanic and is entering the model
s14260 is age 16.0 and blackNH and is entering the model
s14261 is age 16.0 and blackNH and is entering the model
s14262 is age 16.0 and blackNH and is entering the model
s14263 is age 16.0 and hispanic and is entering the model
s14264 is age 16.0 and whiteNH and is entering the model
s14265 is age 16.0 and hispanic and is entering the model
s14266 is age 16.0 and whiteNH and is entering the model
s14267 is age 16.0 and whiteNH and is entering the model
s14268 is age 16.0 and hispanic and is entering the model
s14269 is age 16.0 and otherNH and is entering the model

Agents are attending venues and using apps for week 160 in simulation...


Epidemic Simulation
----------------------------
Simulation: 1/1
Timestep: 160/3640
Prevalence: 2001
Population Size: 11703
----------------------------
The ages, hiv status, and relationship status for the agents are being updated...
s02382 is whiteNH, aged 26.95069230769244 in age group 21to29, with relationship status of 1 and is now HIV+.
s07195 is hispanic, aged 27.615692307692438 in age group 16to20, with relationship status of 0 and is now HIV+.
s11269 is otherNH, aged 23.074692307692438 in age group 21to29, with relationship status of 0 and is now HIV+.

Agents are being removed from the simulation...
s00779 is aged 29.99169230769244, whiteNH and is leaving the simulation.
s01253 is aged 29.984692307692438, whiteNH and is leaving the simulation.
s01892 is aged 29.99769230769244, whiteNH and is leaving the simulation.
s02370 is aged 29.999692307692438, whiteNH and is leaving the simulation.
s02447 is aged 29.992692307692437, whiteNH and is leaving the simulation.
s03069 is aged 29.995692307692437, whiteNH and is leaving the simulation.
s03176 is aged 29.99769230769244, whiteNH and is leaving the simulation.
s03276 is aged 29.99169230769244, whiteNH and is leaving the simulation.
s03788 is aged 29.981692307692438, whiteNH and is leaving the simulation.
s04529 is aged 29.992692307692437, blackNH and is leaving the simulation.
s05037 is aged 29.98269230769244, blackNH and is leaving the simulation.
s05595 is aged 29.98869230769244, blackNH and is leaving the simulation.
s06802 is aged 29.999692307692438, blackNH and is leaving the simulation.
s07190 is aged 29.981692307692438, hispanic and is leaving the simulation.
s07736 is aged 29.99169230769244, hispanic and is leaving the simulation.
s09461 is aged 29.996692307692438, hispanic and is leaving the simulation.
s09962 is aged 29.983692307692436, hispanic and is leaving the simulation.
s10008 is aged 29.98269230769244, hispanic and is leaving the simulation.
s10362 is aged 29.999692307692438, hispanic and is leaving the simulation.
s10469 is aged 29.984692307692438, otherNH and is leaving the simulation.
s10817 is aged 29.992692307692437, otherNH and is leaving the simulation.

Agents who have aged to a new age group are being updated...
s01476 is 21.01692307692321 and has aged to age group 21to29.
s02702 is 21.01692307692321 and has aged to age group 21to29.
s04554 is 21.012923076923208 and has aged to age group 21to29.
s04557 is 21.00192307692321 and has aged to age group 21to29.
s04882 is 21.002923076923206 and has aged to age group 21to29.
s04947 is 21.009923076923208 and has aged to age group 21to29.
s05298 is 21.00792307692321 and has aged to age group 21to29.
s06143 is 21.000923076923208 and has aged to age group 21to29.
s06363 is 21.00492307692321 and has aged to age group 21to29.
s06534 is 21.008923076923207 and has aged to age group 21to29.
s06800 is 21.015923076923208 and has aged to age group 21to29.
s06824 is 21.01392307692321 and has aged to age group 21to29.
s07378 is 21.011923076923207 and has aged to age group 21to29.
s07877 is 21.014923076923207 and has aged to age group 21to29.
s08760 is 21.011923076923207 and has aged to age group 21to29.
s09818 is 21.006923076923208 and has aged to age group 21to29.

New agents are being added to the simulation...
s14270 is age 16.0 and blackNH and is entering the model
s14271 is age 16.0 and hispanic and is entering the model
s14272 is age 16.0 and whiteNH and is entering the model
s14273 is age 16.0 and hispanic and is entering the model
s14274 is age 16.0 and hispanic and is entering the model
s14275 is age 16.0 and whiteNH and is entering the model
s14276 is age 16.0 and hispanic and is entering the model
s14277 is age 16.0 and whiteNH and is entering the model
s14278 is age 16.0 and whiteNH and is entering the model
s14279 is age 16.0 and whiteNH and is entering the model
s14280 is age 16.0 and whiteNH and is entering the model
s14281 is age 16.0 and hispanic and is entering the model
s14282 is age 16.0 and whiteNH and is entering the model
s14283 is age 16.0 and hispanic and is entering the model
s14284 is age 16.0 and blackNH and is entering the model

Agents are attending venues and using apps for week 161 in simulation...


Epidemic Simulation
----------------------------
Simulation: 1/1
Timestep: 161/3640
Prevalence: 2002
Population Size: 11697
----------------------------
The ages, hiv status, and relationship status for the agents are being updated...
s04069 is blackNH, aged 24.03992307692321 in age group 21to29, with relationship status of 1 and is now HIV+.
s04476 is blackNH, aged 21.68292307692321 in age group 21to29, with relationship status of 1 and is now HIV+.
s05641 is blackNH, aged 26.20292307692321 in age group 21to29, with relationship status of 0 and is now HIV+.
s10592 is otherNH, aged 26.62192307692321 in age group 16to20, with relationship status of 0 and is now HIV+.
s12760 is blackNH, aged 17.826923076923155 in age group 16to20, with relationship status of 0 and is now HIV+.

Agents are being removed from the simulation...
s02756 is aged 29.99892307692321, whiteNH and is leaving the simulation.
s04098 is aged 29.98792307692321, blackNH and is leaving the simulation.
s04856 is aged 29.99592307692321, blackNH and is leaving the simulation.
s04901 is aged 29.985923076923207, blackNH and is leaving the simulation.
s06966 is aged 29.994923076923207, hispanic and is leaving the simulation.
s07034 is aged 29.98692307692321, hispanic and is leaving the simulation.
s07412 is aged 29.98992307692321, hispanic and is leaving the simulation.
s08471 is aged 29.991923076923207, hispanic and is leaving the simulation.
s08948 is aged 29.99092307692321, hispanic and is leaving the simulation.
s09763 is aged 29.99292307692321, hispanic and is leaving the simulation.
s09982 is aged 29.985923076923207, hispanic and is leaving the simulation.
s10483 is aged 29.980923076923208, otherNH and is leaving the simulation.
s11168 is aged 29.98192307692321, otherNH and is leaving the simulation.

Agents who have aged to a new age group are being updated...
s01768 is 21.01615384615398 and has aged to age group 21to29.
s02440 is 21.011153846153977 and has aged to age group 21to29.
s02664 is 21.000153846153978 and has aged to age group 21to29.
s03550 is 21.003153846153978 and has aged to age group 21to29.
s04662 is 21.00615384615398 and has aged to age group 21to29.
s04854 is 21.003153846153978 and has aged to age group 21to29.
s05551 is 21.00415384615398 and has aged to age group 21to29.
s08226 is 21.017153846153978 and has aged to age group 21to29.
s08958 is 21.01315384615398 and has aged to age group 21to29.
s09757 is 21.002153846153977 and has aged to age group 21to29.
s10611 is 21.01515384615398 and has aged to age group 21to29.
s10674 is 21.01615384615398 and has aged to age group 21to29.
s11117 is 21.01815384615398 and has aged to age group 21to29.

New agents are being added to the simulation...
s14285 is age 16.0 and otherNH and is entering the model
s14286 is age 16.0 and whiteNH and is entering the model
s14287 is age 16.0 and otherNH and is entering the model
s14288 is age 16.0 and hispanic and is entering the model
s14289 is age 16.0 and whiteNH and is entering the model
s14290 is age 16.0 and hispanic and is entering the model
s14291 is age 16.0 and hispanic and is entering the model
s14292 is age 16.0 and blackNH and is entering the model
s14293 is age 16.0 and blackNH and is entering the model
s14294 is age 16.0 and hispanic and is entering the model
s14295 is age 16.0 and blackNH and is entering the model
s14296 is age 16.0 and hispanic and is entering the model
s14297 is age 16.0 and hispanic and is entering the model

Agents are attending venues and using apps for week 162 in simulation...


Epidemic Simulation
----------------------------
Simulation: 1/1
Timestep: 162/3640
Prevalence: 2003
Population Size: 11697
----------------------------
The ages, hiv status, and relationship status for the agents are being updated...
s01027 is whiteNH, aged 22.122153846153978 in age group 21to29, with relationship status of 1 and is now HIV+.
s03140 is whiteNH, aged 25.72415384615398 in age group 21to29, with relationship status of 0 and is now HIV+.
s08655 is hispanic, aged 23.57015384615398 in age group 21to29, with relationship status of 0 and is now HIV+.
s09104 is hispanic, aged 24.726153846153977 in age group 21to29, with relationship status of 0 and is now HIV+.
s09277 is hispanic, aged 28.32915384615398 in age group 21to29, with relationship status of 1 and is now HIV+.
s12893 is otherNH, aged 17.673076923076994 in age group 16to20, with relationship status of 0 and is now HIV+.

Agents are being removed from the simulation...
s01375 is aged 29.988153846153978, whiteNH and is leaving the simulation.
s03237 is aged 29.98415384615398, whiteNH and is leaving the simulation.
s03629 is aged 29.987153846153976, whiteNH and is leaving the simulation.
s04962 is aged 29.98915384615398, blackNH and is leaving the simulation.
s05285 is aged 29.987153846153976, blackNH and is leaving the simulation.
s06414 is aged 29.994153846153978, blackNH and is leaving the simulation.
s07247 is aged 29.994153846153978, hispanic and is leaving the simulation.
s08239 is aged 29.993153846153977, hispanic and is leaving the simulation.
s08287 is aged 29.982153846153977, hispanic and is leaving the simulation.
s08924 is aged 29.985153846153977, hispanic and is leaving the simulation.
s09847 is aged 29.98115384615398, hispanic and is leaving the simulation.
s10746 is aged 29.990153846153977, otherNH and is leaving the simulation.

Agents who have aged to a new age group are being updated...
s00012 is 21.00538461538475 and has aged to age group 21to29.
s01347 is 21.012384615384747 and has aged to age group 21to29.
s02022 is 21.015384615384747 and has aged to age group 21to29.
s02028 is 21.01138461538475 and has aged to age group 21to29.
s03166 is 21.00538461538475 and has aged to age group 21to29.
s03198 is 21.015384615384747 and has aged to age group 21to29.
s03950 is 21.00538461538475 and has aged to age group 21to29.
s04285 is 21.00538461538475 and has aged to age group 21to29.
s04666 is 21.01438461538475 and has aged to age group 21to29.
s09568 is 21.009384615384747 and has aged to age group 21to29.
s10678 is 21.018384615384747 and has aged to age group 21to29.
s10809 is 21.00238461538475 and has aged to age group 21to29.
s11094 is 21.01138461538475 and has aged to age group 21to29.

New agents are being added to the simulation...
s14298 is age 16.0 and whiteNH and is entering the model
s14299 is age 16.0 and blackNH and is entering the model
s14300 is age 16.0 and hispanic and is entering the model
s14301 is age 16.0 and whiteNH and is entering the model
s14302 is age 16.0 and whiteNH and is entering the model
s14303 is age 16.0 and blackNH and is entering the model
s14304 is age 16.0 and whiteNH and is entering the model
s14305 is age 16.0 and blackNH and is entering the model
s14306 is age 16.0 and whiteNH and is entering the model
s14307 is age 16.0 and whiteNH and is entering the model
s14308 is age 16.0 and blackNH and is entering the model
s14309 is age 16.0 and hispanic and is entering the model
s14310 is age 16.0 and whiteNH and is entering the model
s14311 is age 16.0 and whiteNH and is entering the model
s14312 is age 16.0 and blackNH and is entering the model
s14313 is age 16.0 and blackNH and is entering the model

Agents are attending venues and using apps for week 163 in simulation...


Epidemic Simulation
----------------------------
Simulation: 1/1
Timestep: 163/3640
Prevalence: 2006
Population Size: 11701
----------------------------
The ages, hiv status, and relationship status for the agents are being updated...
s02643 is whiteNH, aged 28.67438461538475 in age group 21to29, with relationship status of 1 and is now HIV+.
s03916 is blackNH, aged 23.34238461538475 in age group 21to29, with relationship status of 1 and is now HIV+.
s05141 is blackNH, aged 22.09938461538475 in age group 21to29, with relationship status of 0 and is now HIV+.
s06683 is blackNH, aged 26.02038461538475 in age group 21to29, with relationship status of 0 and is now HIV+.
s08692 is hispanic, aged 24.72938461538475 in age group 21to29, with relationship status of 1 and is now HIV+.
s09696 is hispanic, aged 26.301384615384748 in age group 21to29, with relationship status of 0 and is now HIV+.

Agents are being removed from the simulation...
s00159 is aged 29.99438461538475, whiteNH and is leaving the simulation.
s01117 is aged 29.99738461538475, whiteNH and is leaving the simulation.
s01303 is aged 29.98538461538475, whiteNH and is leaving the simulation.
s01379 is aged 29.99438461538475, whiteNH and is leaving the simulation.
s02258 is aged 29.99938461538475, whiteNH and is leaving the simulation.
s02913 is aged 29.992384615384747, whiteNH and is leaving the simulation.
s03012 is aged 29.981384615384748, whiteNH and is leaving the simulation.
s03245 is aged 21.896384615384747, whiteNH and is leaving the simulation.
s03400 is aged 29.987384615384748, whiteNH and is leaving the simulation.
s03949 is aged 29.99138461538475, blackNH and is leaving the simulation.
s04763 is aged 29.990384615384748, blackNH and is leaving the simulation.
s06785 is aged 29.987384615384748, blackNH and is leaving the simulation.
s09569 is aged 29.99638461538475, hispanic and is leaving the simulation.
s10257 is aged 29.99138461538475, hispanic and is leaving the simulation.
s10828 is aged 29.992384615384747, otherNH and is leaving the simulation.
s10919 is aged 29.983384615384747, otherNH and is leaving the simulation.
s11176 is aged 29.984384615384748, otherNH and is leaving the simulation.
s11289 is aged 29.986384615384747, otherNH and is leaving the simulation.
s11580 is aged 29.987384615384748, otherNH and is leaving the simulation.
s11588 is aged 29.99938461538475, otherNH and is leaving the simulation.
s11656 is aged 29.986384615384747, otherNH and is leaving the simulation.

Agents who have aged to a new age group are being updated...
s03750 is 21.00761538461552 and has aged to age group 21to29.
s05193 is 21.01561538461552 and has aged to age group 21to29.
s05825 is 21.01661538461552 and has aged to age group 21to29.
s07174 is 21.006615384615518 and has aged to age group 21to29.
s08024 is 21.00761538461552 and has aged to age group 21to29.
s08322 is 21.00761538461552 and has aged to age group 21to29.
s08909 is 21.000615384615518 and has aged to age group 21to29.
s09494 is 21.01561538461552 and has aged to age group 21to29.
s11362 is 21.003615384615518 and has aged to age group 21to29.
s11394 is 21.00161538461552 and has aged to age group 21to29.

New agents are being added to the simulation...
s14314 is age 16.0 and hispanic and is entering the model
s14315 is age 16.0 and blackNH and is entering the model
s14316 is age 16.0 and blackNH and is entering the model
s14317 is age 16.0 and whiteNH and is entering the model
s14318 is age 16.0 and hispanic and is entering the model
s14319 is age 16.0 and otherNH and is entering the model
s14320 is age 16.0 and hispanic and is entering the model
s14321 is age 16.0 and hispanic and is entering the model
s14322 is age 16.0 and whiteNH and is entering the model

Agents are attending venues and using apps for week 164 in simulation...


Epidemic Simulation
----------------------------
Simulation: 1/1
Timestep: 164/3640
Prevalence: 2005
Population Size: 11689
----------------------------
The ages, hiv status, and relationship status for the agents are being updated...
s03190 is whiteNH, aged 24.16461538461552 in age group 21to29, with relationship status of 1 and is now HIV+.
s08290 is hispanic, aged 19.54161538461552 in age group 21to29, with relationship status of 1 and is now HIV+.

Agents are being removed from the simulation...
s01923 is aged 29.98461538461552, whiteNH and is leaving the simulation.
s02279 is aged 29.99561538461552, whiteNH and is leaving the simulation.
s02545 is aged 29.99261538461552, whiteNH and is leaving the simulation.
s03220 is aged 29.99561538461552, whiteNH and is leaving the simulation.
s04524 is aged 29.985615384615517, blackNH and is leaving the simulation.
s04712 is aged 29.98961538461552, blackNH and is leaving the simulation.
s04723 is aged 29.99561538461552, blackNH and is leaving the simulation.
s04867 is aged 29.99061538461552, blackNH and is leaving the simulation.
s05931 is aged 29.98761538461552, blackNH and is leaving the simulation.
s06107 is aged 29.999615384615517, blackNH and is leaving the simulation.
s06577 is aged 29.98461538461552, blackNH and is leaving the simulation.
s07632 is aged 29.99861538461552, hispanic and is leaving the simulation.
s09189 is aged 29.99361538461552, hispanic and is leaving the simulation.
s09303 is aged 29.994615384615518, hispanic and is leaving the simulation.
s09691 is aged 29.99261538461552, hispanic and is leaving the simulation.
s10350 is aged 29.994615384615518, hispanic and is leaving the simulation.
s10753 is aged 29.99061538461552, otherNH and is leaving the simulation.
s12773 is aged 17.865384615384695, blackNH and is leaving the simulation.

Agents who have aged to a new age group are being updated...
s00526 is 21.00584615384629 and has aged to age group 21to29.
s01049 is 21.00584615384629 and has aged to age group 21to29.
s01535 is 21.013846153846288 and has aged to age group 21to29.
s01606 is 21.01184615384629 and has aged to age group 21to29.
s01953 is 21.01784615384629 and has aged to age group 21to29.
s01991 is 21.01184615384629 and has aged to age group 21to29.
s02936 is 21.007846153846288 and has aged to age group 21to29.
s03417 is 21.001846153846287 and has aged to age group 21to29.
s03836 is 21.018846153846287 and has aged to age group 21to29.
s04315 is 21.004846153846287 and has aged to age group 21to29.
s04526 is 21.016846153846288 and has aged to age group 21to29.
s05071 is 21.018846153846287 and has aged to age group 21to29.
s05446 is 21.00984615384629 and has aged to age group 21to29.
s06186 is 21.00284615384629 and has aged to age group 21to29.
s08524 is 21.015846153846287 and has aged to age group 21to29.
s08611 is 21.00884615384629 and has aged to age group 21to29.
s09004 is 21.00584615384629 and has aged to age group 21to29.
s09695 is 21.00984615384629 and has aged to age group 21to29.
s10072 is 21.013846153846288 and has aged to age group 21to29.
s10470 is 21.00384615384629 and has aged to age group 21to29.

New agents are being added to the simulation...
s14323 is age 16.0 and blackNH and is entering the model
s14324 is age 16.0 and whiteNH and is entering the model
s14325 is age 16.0 and otherNH and is entering the model
s14326 is age 16.0 and otherNH and is entering the model
s14327 is age 16.0 and whiteNH and is entering the model
s14328 is age 16.0 and hispanic and is entering the model
s14329 is age 16.0 and hispanic and is entering the model
s14330 is age 16.0 and whiteNH and is entering the model
s14331 is age 16.0 and hispanic and is entering the model
s14332 is age 16.0 and whiteNH and is entering the model
s14333 is age 16.0 and whiteNH and is entering the model
s14334 is age 16.0 and whiteNH and is entering the model
s14335 is age 16.0 and whiteNH and is entering the model
s14336 is age 16.0 and whiteNH and is entering the model
s14337 is age 16.0 and blackNH and is entering the model
s14338 is age 16.0 and hispanic and is entering the model
s14339 is age 16.0 and blackNH and is entering the model
s14340 is age 16.0 and whiteNH and is entering the model
s14341 is age 16.0 and blackNH and is entering the model
s14342 is age 16.0 and otherNH and is entering the model
s14343 is age 16.0 and otherNH and is entering the model
s14344 is age 16.0 and hispanic and is entering the model
s14345 is age 16.0 and hispanic and is entering the model
s14346 is age 16.0 and blackNH and is entering the model
s14347 is age 16.0 and otherNH and is entering the model
s14348 is age 16.0 and blackNH and is entering the model
s14349 is age 16.0 and whiteNH and is entering the model
s14350 is age 16.0 and whiteNH and is entering the model

Agents are attending venues and using apps for week 165 in simulation...


Epidemic Simulation
----------------------------
Simulation: 1/1
Timestep: 165/3640
Prevalence: 2003
Population Size: 11699
----------------------------
The ages, hiv status, and relationship status for the agents are being updated...
s02095 is whiteNH, aged 28.083846153846288 in age group 21to29, with relationship status of 1 and is now HIV+.
s05917 is blackNH, aged 21.422846153846287 in age group 21to29, with relationship status of 0 and is now HIV+.
s08095 is hispanic, aged 20.085846153846287 in age group 16to20, with relationship status of 1 and is now HIV+.
s10931 is otherNH, aged 27.62584615384629 in age group 21to29, with relationship status of 1 and is now HIV+.
s13567 is blackNH, aged 16.942307692307732 in age group 16to20, with relationship status of 0 and is now HIV+.

Agents are being removed from the simulation...
s00682 is aged 29.99784615384629, whiteNH and is leaving the simulation.
s00694 is aged 29.993846153846288, whiteNH and is leaving the simulation.
s01011 is aged 29.989846153846287, whiteNH and is leaving the simulation.
s01153 is aged 29.99184615384629, whiteNH and is leaving the simulation.
s01787 is aged 29.987846153846288, whiteNH and is leaving the simulation.
s02216 is aged 29.992846153846287, whiteNH and is leaving the simulation.
s02478 is aged 29.983846153846287, whiteNH and is leaving the simulation.
s02507 is aged 29.984846153846288, whiteNH and is leaving the simulation.
s03549 is aged 29.981846153846288, whiteNH and is leaving the simulation.
s04461 is aged 29.983846153846287, blackNH and is leaving the simulation.
s05567 is aged 29.981846153846288, blackNH and is leaving the simulation.
s06396 is aged 29.981846153846288, blackNH and is leaving the simulation.
s07036 is aged 29.990846153846288, hispanic and is leaving the simulation.
s07167 is aged 29.980846153846286, hispanic and is leaving the simulation.
s07542 is aged 29.995846153846287, hispanic and is leaving the simulation.
s08557 is aged 29.998846153846287, hispanic and is leaving the simulation.
s08741 is aged 29.984846153846288, hispanic and is leaving the simulation.
s08914 is aged 29.993846153846288, hispanic and is leaving the simulation.
s09130 is aged 29.98884615384629, hispanic and is leaving the simulation.
s09459 is aged 29.987846153846288, hispanic and is leaving the simulation.
s09753 is aged 29.989846153846287, hispanic and is leaving the simulation.
s10522 is aged 29.984846153846288, otherNH and is leaving the simulation.
s10737 is aged 29.99184615384629, otherNH and is leaving the simulation.
s11263 is aged 29.99984615384629, otherNH and is leaving the simulation.

Agents who have aged to a new age group are being updated...
s03940 is 21.018076923077057 and has aged to age group 21to29.
s03946 is 21.00507692307706 and has aged to age group 21to29.
s04631 is 21.01107692307706 and has aged to age group 21to29.
s06208 is 21.01407692307706 and has aged to age group 21to29.
s06395 is 21.012076923077057 and has aged to age group 21to29.
s06934 is 21.007076923077058 and has aged to age group 21to29.
s07497 is 21.018076923077057 and has aged to age group 21to29.
s07730 is 21.010076923077058 and has aged to age group 21to29.
s08238 is 21.01607692307706 and has aged to age group 21to29.
s08240 is 21.006076923077057 and has aged to age group 21to29.
s08845 is 21.01407692307706 and has aged to age group 21to29.
s09186 is 21.01907692307706 and has aged to age group 21to29.
s09280 is 21.00507692307706 and has aged to age group 21to29.
s09496 is 21.010076923077058 and has aged to age group 21to29.
s10767 is 21.012076923077057 and has aged to age group 21to29.

New agents are being added to the simulation...
s14351 is age 16.0 and hispanic and is entering the model
s14352 is age 16.0 and hispanic and is entering the model
s14353 is age 16.0 and whiteNH and is entering the model
s14354 is age 16.0 and hispanic and is entering the model
s14355 is age 16.0 and whiteNH and is entering the model
s14356 is age 16.0 and otherNH and is entering the model
s14357 is age 16.0 and otherNH and is entering the model
s14358 is age 16.0 and whiteNH and is entering the model
s14359 is age 16.0 and whiteNH and is entering the model
s14360 is age 16.0 and blackNH and is entering the model
s14361 is age 16.0 and hispanic and is entering the model
s14362 is age 16.0 and hispanic and is entering the model
s14363 is age 16.0 and whiteNH and is entering the model
s14364 is age 16.0 and whiteNH and is entering the model
s14365 is age 16.0 and hispanic and is entering the model

Agents are attending venues and using apps for week 166 in simulation...


Epidemic Simulation
----------------------------
Simulation: 1/1
Timestep: 166/3640
Prevalence: 2003
Population Size: 11690
----------------------------
The ages, hiv status, and relationship status for the agents are being updated...
s00333 is whiteNH, aged 25.37107692307706 in age group 16to20, with relationship status of 1 and is now HIV+.
s04745 is blackNH, aged 29.876076923077058 in age group 16to20, with relationship status of 0 and is now HIV+.
s06310 is blackNH, aged 29.16507692307706 in age group 21to29, with relationship status of 1 and is now HIV+.
s07173 is hispanic, aged 28.280076923077058 in age group 16to20, with relationship status of 1 and is now HIV+.

Agents are being removed from the simulation...
s00384 is aged 29.981076923077058, whiteNH and is leaving the simulation.
s01982 is aged 29.99707692307706, whiteNH and is leaving the simulation.
s02523 is aged 29.99907692307706, whiteNH and is leaving the simulation.
s02571 is aged 29.983076923077057, whiteNH and is leaving the simulation.
s02864 is aged 29.986076923077057, whiteNH and is leaving the simulation.
s03059 is aged 29.99907692307706, whiteNH and is leaving the simulation.
s04135 is aged 29.99307692307706, blackNH and is leaving the simulation.
s04682 is aged 29.98507692307706, blackNH and is leaving the simulation.
s05372 is aged 29.98207692307706, blackNH and is leaving the simulation.
s05918 is aged 29.986076923077057, blackNH and is leaving the simulation.
s06820 is aged 29.99907692307706, blackNH and is leaving the simulation.
s07429 is aged 29.98707692307706, hispanic and is leaving the simulation.
s08535 is aged 29.998076923077058, hispanic and is leaving the simulation.
s08665 is aged 29.998076923077058, hispanic and is leaving the simulation.
s08848 is aged 29.99607692307706, hispanic and is leaving the simulation.
s08853 is aged 29.99907692307706, hispanic and is leaving the simulation.
s09230 is aged 29.98407692307706, hispanic and is leaving the simulation.
s10462 is aged 29.99907692307706, otherNH and is leaving the simulation.
s11286 is aged 29.983076923077057, otherNH and is leaving the simulation.

Agents who have aged to a new age group are being updated...
s00434 is 21.01630769230783 and has aged to age group 21to29.
s00459 is 21.002307692307827 and has aged to age group 21to29.
s01080 is 21.01230769230783 and has aged to age group 21to29.
s01157 is 21.014307692307828 and has aged to age group 21to29.
s02077 is 21.011307692307827 and has aged to age group 21to29.
s02389 is 21.00630769230783 and has aged to age group 21to29.
s02423 is 21.00030769230783 and has aged to age group 21to29.
s02785 is 21.01630769230783 and has aged to age group 21to29.
s03796 is 21.01230769230783 and has aged to age group 21to29.
s04283 is 21.00430769230783 and has aged to age group 21to29.
s05196 is 21.00930769230783 and has aged to age group 21to29.
s06891 is 21.014307692307828 and has aged to age group 21to29.
s07013 is 21.00030769230783 and has aged to age group 21to29.
s07296 is 21.01830769230783 and has aged to age group 21to29.
s09411 is 21.00930769230783 and has aged to age group 21to29.
s11019 is 21.008307692307827 and has aged to age group 21to29.

New agents are being added to the simulation...
s14366 is age 16.0 and blackNH and is entering the model
s14367 is age 16.0 and hispanic and is entering the model
s14368 is age 16.0 and whiteNH and is entering the model
s14369 is age 16.0 and hispanic and is entering the model
s14370 is age 16.0 and blackNH and is entering the model
s14371 is age 16.0 and whiteNH and is entering the model
s14372 is age 16.0 and hispanic and is entering the model
s14373 is age 16.0 and whiteNH and is entering the model
s14374 is age 16.0 and blackNH and is entering the model
s14375 is age 16.0 and otherNH and is entering the model
s14376 is age 16.0 and hispanic and is entering the model
s14377 is age 16.0 and otherNH and is entering the model

Agents are attending venues and using apps for week 167 in simulation...


Epidemic Simulation
----------------------------
Simulation: 1/1
Timestep: 167/3640
Prevalence: 2003
Population Size: 11683
----------------------------
The ages, hiv status, and relationship status for the agents are being updated...
s03524 is whiteNH, aged 25.392307692307828 in age group 21to29, with relationship status of 0 and is now HIV+.
s05277 is blackNH, aged 29.017307692307828 in age group 21to29, with relationship status of 1 and is now HIV+.
s13274 is whiteNH, aged 17.326923076923133 in age group 16to20, with relationship status of 1 and is now HIV+.
s14314 is hispanic, aged 16.05769230769231 in age group 16to20, with relationship status of 0 and is now HIV+.

Agents are being removed from the simulation...
s00520 is aged 29.996307692307827, whiteNH and is leaving the simulation.
s00692 is aged 29.997307692307828, whiteNH and is leaving the simulation.
s00903 is aged 29.98330769230783, whiteNH and is leaving the simulation.
s01792 is aged 29.99230769230783, whiteNH and is leaving the simulation.
s02924 is aged 29.991307692307828, whiteNH and is leaving the simulation.
s04038 is aged 29.99830769230783, blackNH and is leaving the simulation.
s05981 is aged 29.994307692307828, blackNH and is leaving the simulation.
s06864 is aged 29.988307692307828, hispanic and is leaving the simulation.
s08336 is aged 29.991307692307828, hispanic and is leaving the simulation.
s08881 is aged 29.99230769230783, hispanic and is leaving the simulation.
s10309 is aged 29.99230769230783, hispanic and is leaving the simulation.
s10632 is aged 29.98430769230783, otherNH and is leaving the simulation.
s11270 is aged 29.985307692307828, otherNH and is leaving the simulation.
s11503 is aged 29.994307692307828, otherNH and is leaving the simulation.

Agents who have aged to a new age group are being updated...
s02278 is 21.001538461538598 and has aged to age group 21to29.
s02656 is 21.0025384615386 and has aged to age group 21to29.
s03389 is 21.0115384615386 and has aged to age group 21to29.
s03801 is 21.0005384615386 and has aged to age group 21to29.
s04444 is 21.013538461538598 and has aged to age group 21to29.
s06600 is 21.012538461538597 and has aged to age group 21to29.
s06969 is 21.0065384615386 and has aged to age group 21to29.
s08221 is 21.0065384615386 and has aged to age group 21to29.
s08284 is 21.0085384615386 and has aged to age group 21to29.
s10889 is 21.016538461538598 and has aged to age group 21to29.
s11039 is 21.015538461538597 and has aged to age group 21to29.
s11642 is 21.007538461538598 and has aged to age group 21to29.

New agents are being added to the simulation...
s14378 is age 16.0 and hispanic and is entering the model
s14379 is age 16.0 and blackNH and is entering the model
s14380 is age 16.0 and blackNH and is entering the model
s14381 is age 16.0 and whiteNH and is entering the model
s14382 is age 16.0 and whiteNH and is entering the model
s14383 is age 16.0 and blackNH and is entering the model
s14384 is age 16.0 and whiteNH and is entering the model
s14385 is age 16.0 and hispanic and is entering the model
s14386 is age 16.0 and hispanic and is entering the model
s14387 is age 16.0 and whiteNH and is entering the model
s14388 is age 16.0 and otherNH and is entering the model
s14389 is age 16.0 and hispanic and is entering the model
s14390 is age 16.0 and whiteNH and is entering the model
s14391 is age 16.0 and hispanic and is entering the model
s14392 is age 16.0 and whiteNH and is entering the model
s14393 is age 16.0 and whiteNH and is entering the model
s14394 is age 16.0 and whiteNH and is entering the model
s14395 is age 16.0 and whiteNH and is entering the model

Agents are attending venues and using apps for week 168 in simulation...


Epidemic Simulation
----------------------------
Simulation: 1/1
Timestep: 168/3640
Prevalence: 2011
Population Size: 11687
----------------------------
The ages, hiv status, and relationship status for the agents are being updated...
s00373 is whiteNH, aged 21.460538461538597 in age group 21to29, with relationship status of 1 and is now HIV+.
s00825 is whiteNH, aged 23.6505384615386 in age group 21to29, with relationship status of 0 and is now HIV+.
s04563 is blackNH, aged 27.949538461538598 in age group 16to20, with relationship status of 1 and is now HIV+.
s05662 is blackNH, aged 28.8975384615386 in age group 21to29, with relationship status of 1 and is now HIV+.
s05780 is blackNH, aged 24.2215384615386 in age group 21to29, with relationship status of 1 and is now HIV+.
s06416 is blackNH, aged 28.388538461538598 in age group 21to29, with relationship status of 1 and is now HIV+.
s08439 is hispanic, aged 27.4625384615386 in age group 21to29, with relationship status of 0 and is now HIV+.
s11276 is otherNH, aged 19.693538461538598 in age group 21to29, with relationship status of 0 and is now HIV+.
s12178 is blackNH, aged 18.673076923077037 in age group 16to20, with relationship status of 1 and is now HIV+.
s13562 is hispanic, aged 17.019230769230813 in age group 16to20, with relationship status of 1 and is now HIV+.

Agents are being removed from the simulation...
s03286 is aged 29.9825384615386, whiteNH and is leaving the simulation.
s03790 is aged 29.995538461538597, whiteNH and is leaving the simulation.
s03846 is aged 29.989538461538597, blackNH and is leaving the simulation.
s04672 is aged 29.9825384615386, blackNH and is leaving the simulation.
s05208 is aged 29.9885384615386, blackNH and is leaving the simulation.
s05452 is aged 29.9975384615386, blackNH and is leaving the simulation.
s06126 is aged 29.9885384615386, blackNH and is leaving the simulation.
s06265 is aged 29.992538461538597, blackNH and is leaving the simulation.
s06827 is aged 29.9825384615386, hispanic and is leaving the simulation.
s06926 is aged 29.9945384615386, hispanic and is leaving the simulation.
s07623 is aged 29.992538461538597, hispanic and is leaving the simulation.
s08231 is aged 29.9875384615386, hispanic and is leaving the simulation.
s08727 is aged 29.9825384615386, hispanic and is leaving the simulation.
s09998 is aged 29.9935384615386, hispanic and is leaving the simulation.
s10201 is aged 29.983538461538597, hispanic and is leaving the simulation.
s10407 is aged 29.998538461538597, hispanic and is leaving the simulation.
s10503 is aged 29.9935384615386, otherNH and is leaving the simulation.
s10826 is aged 29.984538461538598, otherNH and is leaving the simulation.

Agents who have aged to a new age group are being updated...
s00214 is 21.01376923076937 and has aged to age group 21to29.
s01427 is 21.011769230769367 and has aged to age group 21to29.
s02060 is 21.00776923076937 and has aged to age group 21to29.
s03279 is 21.01876923076937 and has aged to age group 21to29.
s03767 is 21.00676923076937 and has aged to age group 21to29.
s03817 is 21.002769230769367 and has aged to age group 21to29.
s04227 is 21.00676923076937 and has aged to age group 21to29.
s04481 is 21.01576923076937 and has aged to age group 21to29.
s04654 is 21.000769230769368 and has aged to age group 21to29.
s05120 is 21.017769230769368 and has aged to age group 21to29.
s06679 is 21.01576923076937 and has aged to age group 21to29.
s06963 is 21.000769230769368 and has aged to age group 21to29.
s08774 is 21.00976923076937 and has aged to age group 21to29.
s09193 is 21.01676923076937 and has aged to age group 21to29.
s09764 is 21.017769230769368 and has aged to age group 21to29.
s11051 is 21.017769230769368 and has aged to age group 21to29.
s11070 is 21.017769230769368 and has aged to age group 21to29.
s11298 is 21.01876923076937 and has aged to age group 21to29.

New agents are being added to the simulation...
s14396 is age 16.0 and whiteNH and is entering the model
s14397 is age 16.0 and blackNH and is entering the model
s14398 is age 16.0 and whiteNH and is entering the model
s14399 is age 16.0 and whiteNH and is entering the model
s14400 is age 16.0 and whiteNH and is entering the model
s14401 is age 16.0 and whiteNH and is entering the model
s14402 is age 16.0 and blackNH and is entering the model
s14403 is age 16.0 and hispanic and is entering the model
s14404 is age 16.0 and whiteNH and is entering the model
s14405 is age 16.0 and hispanic and is entering the model
s14406 is age 16.0 and whiteNH and is entering the model
s14407 is age 16.0 and whiteNH and is entering the model
s14408 is age 16.0 and hispanic and is entering the model
s14409 is age 16.0 and blackNH and is entering the model
s14410 is age 16.0 and hispanic and is entering the model
s14411 is age 16.0 and hispanic and is entering the model
s14412 is age 16.0 and hispanic and is entering the model

Agents are attending venues and using apps for week 169 in simulation...


Epidemic Simulation
----------------------------
Simulation: 1/1
Timestep: 169/3640
Prevalence: 2010
Population Size: 11686
----------------------------
The ages, hiv status, and relationship status for the agents are being updated...
s04311 is blackNH, aged 28.93176923076937 in age group 16to20, with relationship status of 0 and is now HIV+.
s06729 is blackNH, aged 26.82476923076937 in age group 21to29, with relationship status of 1 and is now HIV+.
s10150 is hispanic, aged 27.85876923076937 in age group 21to29, with relationship status of 1 and is now HIV+.
s10740 is otherNH, aged 28.94076923076937 in age group 16to20, with relationship status of 0 and is now HIV+.

Agents are being removed from the simulation...
s01094 is aged 29.994769230769368, whiteNH and is leaving the simulation.
s01930 is aged 29.988769230769368, whiteNH and is leaving the simulation.
s02142 is aged 29.98676923076937, whiteNH and is leaving the simulation.
s02659 is aged 29.991769230769368, whiteNH and is leaving the simulation.
s05010 is aged 29.99876923076937, blackNH and is leaving the simulation.
s05379 is aged 29.988769230769368, blackNH and is leaving the simulation.
s05736 is aged 29.991769230769368, blackNH and is leaving the simulation.
s08814 is aged 29.99376923076937, hispanic and is leaving the simulation.
s08937 is aged 29.991769230769368, hispanic and is leaving the simulation.
s11565 is aged 29.997769230769368, otherNH and is leaving the simulation.

Agents who have aged to a new age group are being updated...
s00539 is 21.002000000000137 and has aged to age group 21to29.
s01807 is 21.00900000000014 and has aged to age group 21to29.
s02459 is 21.01300000000014 and has aged to age group 21to29.
s04181 is 21.01000000000014 and has aged to age group 21to29.
s04777 is 21.01300000000014 and has aged to age group 21to29.
s04780 is 21.011000000000138 and has aged to age group 21to29.
s04903 is 21.005000000000138 and has aged to age group 21to29.
s05533 is 21.00100000000014 and has aged to age group 21to29.
s06544 is 21.005000000000138 and has aged to age group 21to29.
s06629 is 21.00300000000014 and has aged to age group 21to29.
s07201 is 21.01000000000014 and has aged to age group 21to29.
s07688 is 21.01500000000014 and has aged to age group 21to29.
s10137 is 21.01300000000014 and has aged to age group 21to29.
s10566 is 21.01500000000014 and has aged to age group 21to29.
s11050 is 21.00900000000014 and has aged to age group 21to29.
s11369 is 21.011000000000138 and has aged to age group 21to29.
s11635 is 21.00400000000014 and has aged to age group 21to29.

New agents are being added to the simulation...
s14413 is age 16.0 and blackNH and is entering the model
s14414 is age 16.0 and hispanic and is entering the model
s14415 is age 16.0 and hispanic and is entering the model
s14416 is age 16.0 and blackNH and is entering the model
s14417 is age 16.0 and whiteNH and is entering the model
s14418 is age 16.0 and hispanic and is entering the model
s14419 is age 16.0 and whiteNH and is entering the model
s14420 is age 16.0 and whiteNH and is entering the model
s14421 is age 16.0 and whiteNH and is entering the model
s14422 is age 16.0 and whiteNH and is entering the model
s14423 is age 16.0 and whiteNH and is entering the model
s14424 is age 16.0 and blackNH and is entering the model
s14425 is age 16.0 and whiteNH and is entering the model
s14426 is age 16.0 and whiteNH and is entering the model
s14427 is age 16.0 and whiteNH and is entering the model
s14428 is age 16.0 and blackNH and is entering the model
s14429 is age 16.0 and blackNH and is entering the model
s14430 is age 16.0 and whiteNH and is entering the model
s14431 is age 16.0 and whiteNH and is entering the model

Agents are attending venues and using apps for week 170 in simulation...


Epidemic Simulation
----------------------------
Simulation: 1/1
Timestep: 170/3640
Prevalence: 2012
Population Size: 11695
----------------------------
The ages, hiv status, and relationship status for the agents are being updated...
s05185 is blackNH, aged 21.77300000000014 in age group 21to29, with relationship status of 1 and is now HIV+.
s05639 is blackNH, aged 26.76500000000014 in age group 21to29, with relationship status of 0 and is now HIV+.
s06765 is blackNH, aged 22.726000000000138 in age group 21to29, with relationship status of 0 and is now HIV+.
s09068 is hispanic, aged 26.653000000000137 in age group 21to29, with relationship status of 1 and is now HIV+.
s12594 is otherNH, aged 18.230769230769326 in age group 16to20, with relationship status of 0 and is now HIV+.

Agents are being removed from the simulation...
s00725 is aged 29.996000000000137, whiteNH and is leaving the simulation.
s01817 is aged 29.991000000000138, whiteNH and is leaving the simulation.
s02566 is aged 29.99700000000014, whiteNH and is leaving the simulation.
s02685 is aged 29.987000000000137, whiteNH and is leaving the simulation.
s02733 is aged 29.99500000000014, whiteNH and is leaving the simulation.
s03589 is aged 29.996000000000137, whiteNH and is leaving the simulation.
s04544 is aged 29.993000000000137, blackNH and is leaving the simulation.
s04998 is aged 29.996000000000137, blackNH and is leaving the simulation.
s05916 is aged 29.99700000000014, blackNH and is leaving the simulation.
s06305 is aged 29.98300000000014, blackNH and is leaving the simulation.
s06718 is aged 27.22500000000014, blackNH and is leaving the simulation.
s07595 is aged 29.98300000000014, hispanic and is leaving the simulation.
s07753 is aged 29.985000000000138, hispanic and is leaving the simulation.
s07856 is aged 29.98400000000014, hispanic and is leaving the simulation.
s09266 is aged 29.988000000000138, hispanic and is leaving the simulation.
s10178 is aged 29.99500000000014, hispanic and is leaving the simulation.
s10436 is aged 29.99800000000014, otherNH and is leaving the simulation.
s11077 is aged 29.985000000000138, otherNH and is leaving the simulation.

Agents who have aged to a new age group are being updated...
s00340 is 21.00023076923091 and has aged to age group 21to29.
s02000 is 21.00023076923091 and has aged to age group 21to29.
s02935 is 21.00323076923091 and has aged to age group 21to29.
s03831 is 21.00523076923091 and has aged to age group 21to29.
s04447 is 21.018230769230907 and has aged to age group 21to29.
s06050 is 21.012230769230907 and has aged to age group 21to29.
s06365 is 21.01023076923091 and has aged to age group 21to29.
s11532 is 21.009230769230907 and has aged to age group 21to29.

New agents are being added to the simulation...
s14432 is age 16.0 and hispanic and is entering the model
s14433 is age 16.0 and blackNH and is entering the model
s14434 is age 16.0 and whiteNH and is entering the model
s14435 is age 16.0 and otherNH and is entering the model
s14436 is age 16.0 and hispanic and is entering the model
s14437 is age 16.0 and hispanic and is entering the model
s14438 is age 16.0 and hispanic and is entering the model
s14439 is age 16.0 and blackNH and is entering the model
s14440 is age 16.0 and whiteNH and is entering the model
s14441 is age 16.0 and whiteNH and is entering the model
s14442 is age 16.0 and whiteNH and is entering the model
s14443 is age 16.0 and hispanic and is entering the model
s14444 is age 16.0 and blackNH and is entering the model

Agents are attending venues and using apps for week 171 in simulation...


Epidemic Simulation
----------------------------
Simulation: 1/1
Timestep: 171/3640
Prevalence: 2016
Population Size: 11690
----------------------------
The ages, hiv status, and relationship status for the agents are being updated...
s04638 is blackNH, aged 28.975230769230908 in age group 16to20, with relationship status of 1 and is now HIV+.
s05325 is blackNH, aged 19.506230769230907 in age group 21to29, with relationship status of 0 and is now HIV+.
s11478 is otherNH, aged 20.66823076923091 in age group 21to29, with relationship status of 0 and is now HIV+.
s12176 is hispanic, aged 18.730769230769347 in age group 16to20, with relationship status of 0 and is now HIV+.
s13413 is blackNH, aged 17.250000000000053 in age group 16to20, with relationship status of 1 and is now HIV+.
s14397 is blackNH, aged 16.03846153846154 in age group 16to20, with relationship status of 0 and is now HIV+.

Agents are being removed from the simulation...
s00047 is aged 29.99023076923091, whiteNH and is leaving the simulation.
s00298 is aged 29.98523076923091, whiteNH and is leaving the simulation.
s00451 is aged 29.99423076923091, whiteNH and is leaving the simulation.
s00754 is aged 29.98223076923091, whiteNH and is leaving the simulation.
s01619 is aged 29.98423076923091, whiteNH and is leaving the simulation.
s01736 is aged 29.99923076923091, whiteNH and is leaving the simulation.
s02608 is aged 29.99723076923091, whiteNH and is leaving the simulation.
s02897 is aged 29.983230769230907, whiteNH and is leaving the simulation.
s03800 is aged 29.99723076923091, whiteNH and is leaving the simulation.
s03953 is aged 29.995230769230908, blackNH and is leaving the simulation.
s04963 is aged 29.98723076923091, blackNH and is leaving the simulation.
s06241 is aged 29.995230769230908, blackNH and is leaving the simulation.
s06752 is aged 29.98823076923091, blackNH and is leaving the simulation.
s07078 is aged 29.99423076923091, hispanic and is leaving the simulation.
s08511 is aged 29.995230769230908, hispanic and is leaving the simulation.
s08643 is aged 29.98223076923091, hispanic and is leaving the simulation.
s08657 is aged 29.992230769230908, hispanic and is leaving the simulation.
s08926 is aged 29.989230769230907, hispanic and is leaving the simulation.
s10010 is aged 29.99723076923091, hispanic and is leaving the simulation.
s10032 is aged 29.99423076923091, hispanic and is leaving the simulation.
s11507 is aged 29.98823076923091, otherNH and is leaving the simulation.

Agents who have aged to a new age group are being updated...
s01009 is 21.00946153846168 and has aged to age group 21to29.
s01772 is 21.01546153846168 and has aged to age group 21to29.
s02403 is 21.00746153846168 and has aged to age group 21to29.
s03917 is 21.01546153846168 and has aged to age group 21to29.
s04261 is 21.00746153846168 and has aged to age group 21to29.
s04894 is 21.005461538461677 and has aged to age group 21to29.
s06621 is 21.00646153846168 and has aged to age group 21to29.
s06753 is 21.017461538461678 and has aged to age group 21to29.
s06788 is 21.01846153846168 and has aged to age group 21to29.
s07133 is 21.00746153846168 and has aged to age group 21to29.
s07731 is 21.011461538461678 and has aged to age group 21to29.
s08131 is 21.00446153846168 and has aged to age group 21to29.
s08374 is 21.002461538461677 and has aged to age group 21to29.
s09562 is 21.01646153846168 and has aged to age group 21to29.
s09774 is 21.00046153846168 and has aged to age group 21to29.
s09963 is 21.00146153846168 and has aged to age group 21to29.
s10634 is 21.00746153846168 and has aged to age group 21to29.

New agents are being added to the simulation...
s14445 is age 16.0 and whiteNH and is entering the model
s14446 is age 16.0 and whiteNH and is entering the model
s14447 is age 16.0 and blackNH and is entering the model
s14448 is age 16.0 and otherNH and is entering the model
s14449 is age 16.0 and otherNH and is entering the model
s14450 is age 16.0 and whiteNH and is entering the model
s14451 is age 16.0 and whiteNH and is entering the model
s14452 is age 16.0 and whiteNH and is entering the model
s14453 is age 16.0 and whiteNH and is entering the model
s14454 is age 16.0 and whiteNH and is entering the model
s14455 is age 16.0 and hispanic and is entering the model
s14456 is age 16.0 and blackNH and is entering the model
s14457 is age 16.0 and blackNH and is entering the model
s14458 is age 16.0 and whiteNH and is entering the model
s14459 is age 16.0 and whiteNH and is entering the model
s14460 is age 16.0 and hispanic and is entering the model
s14461 is age 16.0 and hispanic and is entering the model

Agents are attending venues and using apps for week 172 in simulation...


Epidemic Simulation
----------------------------
Simulation: 1/1
Timestep: 172/3640
Prevalence: 2015
Population Size: 11686
----------------------------
The ages, hiv status, and relationship status for the agents are being updated...
s05656 is blackNH, aged 28.59346153846168 in age group 21to29, with relationship status of 1 and is now HIV+.
s13512 is blackNH, aged 17.134615384615433 in age group 16to20, with relationship status of 0 and is now HIV+.

Agents are being removed from the simulation...
s00376 is aged 29.99546153846168, whiteNH and is leaving the simulation.
s00845 is aged 29.98446153846168, whiteNH and is leaving the simulation.
s01159 is aged 29.99546153846168, whiteNH and is leaving the simulation.
s01203 is aged 29.990461538461677, whiteNH and is leaving the simulation.
s01469 is aged 29.99746153846168, whiteNH and is leaving the simulation.
s03850 is aged 29.98346153846168, blackNH and is leaving the simulation.
s04303 is aged 29.990461538461677, blackNH and is leaving the simulation.
s04675 is aged 29.98746153846168, blackNH and is leaving the simulation.
s04745 is aged 29.991461538461678, blackNH and is leaving the simulation.
s04907 is aged 29.98946153846168, blackNH and is leaving the simulation.
s05482 is aged 29.993461538461677, blackNH and is leaving the simulation.
s05757 is aged 29.993461538461677, blackNH and is leaving the simulation.
s05823 is aged 29.99846153846168, blackNH and is leaving the simulation.
s05904 is aged 29.99846153846168, blackNH and is leaving the simulation.
s07094 is aged 29.985461538461678, hispanic and is leaving the simulation.
s07867 is aged 29.991461538461678, hispanic and is leaving the simulation.
s07984 is aged 29.99846153846168, hispanic and is leaving the simulation.
s08031 is aged 29.98946153846168, hispanic and is leaving the simulation.
s09704 is aged 29.99246153846168, hispanic and is leaving the simulation.
s09759 is aged 29.996461538461677, hispanic and is leaving the simulation.
s10688 is aged 29.990461538461677, otherNH and is leaving the simulation.
s10939 is aged 29.98746153846168, otherNH and is leaving the simulation.
s11471 is aged 29.985461538461678, otherNH and is leaving the simulation.

Agents who have aged to a new age group are being updated...
s00669 is 21.00269230769245 and has aged to age group 21to29.
s00724 is 21.004692307692448 and has aged to age group 21to29.
s02379 is 21.01469230769245 and has aged to age group 21to29.
s03488 is 21.015692307692447 and has aged to age group 21to29.
s05450 is 21.01469230769245 and has aged to age group 21to29.
s06390 is 21.01169230769245 and has aged to age group 21to29.
s07878 is 21.01669230769245 and has aged to age group 21to29.
s08144 is 21.00869230769245 and has aged to age group 21to29.
s08450 is 21.01669230769245 and has aged to age group 21to29.
s08667 is 21.00569230769245 and has aged to age group 21to29.
s09865 is 21.01769230769245 and has aged to age group 21to29.

New agents are being added to the simulation...
s14462 is age 16.0 and otherNH and is entering the model
s14463 is age 16.0 and whiteNH and is entering the model
s14464 is age 16.0 and blackNH and is entering the model
s14465 is age 16.0 and otherNH and is entering the model
s14466 is age 16.0 and hispanic and is entering the model
s14467 is age 16.0 and whiteNH and is entering the model
s14468 is age 16.0 and otherNH and is entering the model
s14469 is age 16.0 and otherNH and is entering the model
s14470 is age 16.0 and whiteNH and is entering the model
s14471 is age 16.0 and hispanic and is entering the model
s14472 is age 16.0 and hispanic and is entering the model
s14473 is age 16.0 and whiteNH and is entering the model
s14474 is age 16.0 and whiteNH and is entering the model
s14475 is age 16.0 and otherNH and is entering the model
s14476 is age 16.0 and whiteNH and is entering the model
s14477 is age 16.0 and blackNH and is entering the model
s14478 is age 16.0 and hispanic and is entering the model
s14479 is age 16.0 and hispanic and is entering the model
s14480 is age 16.0 and otherNH and is entering the model
s14481 is age 16.0 and hispanic and is entering the model
s14482 is age 16.0 and whiteNH and is entering the model
s14483 is age 16.0 and whiteNH and is entering the model
s14484 is age 16.0 and otherNH and is entering the model
s14485 is age 16.0 and hispanic and is entering the model
s14486 is age 16.0 and whiteNH and is entering the model

Agents are attending venues and using apps for week 173 in simulation...


Epidemic Simulation
----------------------------
Simulation: 1/1
Timestep: 173/3640
Prevalence: 2017
Population Size: 11688
----------------------------
The ages, hiv status, and relationship status for the agents are being updated...
s00536 is whiteNH, aged 22.728692307692448 in age group 21to29, with relationship status of 1 and is now HIV+.
s06769 is blackNH, aged 28.919692307692447 in age group 21to29, with relationship status of 0 and is now HIV+.
s08238 is hispanic, aged 21.15069230769245 in age group 21to29, with relationship status of 0 and is now HIV+.
s09761 is hispanic, aged 25.222692307692448 in age group 21to29, with relationship status of 0 and is now HIV+.
s12334 is blackNH, aged 18.596153846153957 in age group 16to20, with relationship status of 0 and is now HIV+.
s12833 is otherNH, aged 17.961538461538545 in age group 16to20, with relationship status of 0 and is now HIV+.
s13004 is blackNH, aged 17.769230769230845 in age group 16to20, with relationship status of 0 and is now HIV+.

Agents are being removed from the simulation...
s00243 is aged 29.99969230769245, whiteNH and is leaving the simulation.
s01299 is aged 29.99069230769245, whiteNH and is leaving the simulation.
s01919 is aged 29.983692307692447, whiteNH and is leaving the simulation.
s02130 is aged 29.98269230769245, whiteNH and is leaving the simulation.
s02235 is aged 29.981692307692448, whiteNH and is leaving the simulation.
s02737 is aged 29.99969230769245, whiteNH and is leaving the simulation.
s02740 is aged 29.99069230769245, whiteNH and is leaving the simulation.
s04755 is aged 29.986692307692447, blackNH and is leaving the simulation.
s07168 is aged 29.98469230769245, hispanic and is leaving the simulation.
s09463 is aged 29.98869230769245, hispanic and is leaving the simulation.
s10465 is aged 29.99369230769245, otherNH and is leaving the simulation.
s11272 is aged 29.992692307692447, otherNH and is leaving the simulation.
s11294 is aged 29.983692307692447, otherNH and is leaving the simulation.
s11448 is aged 29.99369230769245, otherNH and is leaving the simulation.

Agents who have aged to a new age group are being updated...
s00109 is 21.00992307692322 and has aged to age group 21to29.
s01321 is 21.011923076923217 and has aged to age group 21to29.
s03100 is 21.005923076923217 and has aged to age group 21to29.
s03130 is 21.01892307692322 and has aged to age group 21to29.
s03576 is 21.00092307692322 and has aged to age group 21to29.
s05184 is 21.01092307692322 and has aged to age group 21to29.
s05420 is 21.005923076923217 and has aged to age group 21to29.
s06672 is 21.00792307692322 and has aged to age group 21to29.
s06896 is 21.008923076923217 and has aged to age group 21to29.
s09425 is 21.00192307692322 and has aged to age group 21to29.
s10414 is 21.00192307692322 and has aged to age group 21to29.
s10695 is 21.002923076923217 and has aged to age group 21to29.
s11506 is 21.014923076923218 and has aged to age group 21to29.
s11646 is 21.005923076923217 and has aged to age group 21to29.

New agents are being added to the simulation...
s14487 is age 16.0 and whiteNH and is entering the model
s14488 is age 16.0 and hispanic and is entering the model
s14489 is age 16.0 and otherNH and is entering the model
s14490 is age 16.0 and hispanic and is entering the model
s14491 is age 16.0 and whiteNH and is entering the model
s14492 is age 16.0 and otherNH and is entering the model
s14493 is age 16.0 and hispanic and is entering the model
s14494 is age 16.0 and hispanic and is entering the model
s14495 is age 16.0 and whiteNH and is entering the model
s14496 is age 16.0 and hispanic and is entering the model
s14497 is age 16.0 and hispanic and is entering the model
s14498 is age 16.0 and hispanic and is entering the model
s14499 is age 16.0 and whiteNH and is entering the model
s14500 is age 16.0 and blackNH and is entering the model
s14501 is age 16.0 and blackNH and is entering the model
s14502 is age 16.0 and whiteNH and is entering the model
s14503 is age 16.0 and hispanic and is entering the model
s14504 is age 16.0 and hispanic and is entering the model
s14505 is age 16.0 and otherNH and is entering the model
s14506 is age 16.0 and blackNH and is entering the model
s14507 is age 16.0 and whiteNH and is entering the model
s14508 is age 16.0 and otherNH and is entering the model
s14509 is age 16.0 and blackNH and is entering the model
s14510 is age 16.0 and hispanic and is entering the model

Agents are attending venues and using apps for week 174 in simulation...


Epidemic Simulation
----------------------------
Simulation: 1/1
Timestep: 174/3640
Prevalence: 2023
Population Size: 11698
----------------------------
The ages, hiv status, and relationship status for the agents are being updated...
s04210 is blackNH, aged 23.99692307692322 in age group 21to29, with relationship status of 0 and is now HIV+.
s04523 is blackNH, aged 28.74592307692322 in age group 16to20, with relationship status of 0 and is now HIV+.
s05360 is blackNH, aged 27.369923076923218 in age group 21to29, with relationship status of 1 and is now HIV+.
s06302 is blackNH, aged 26.60892307692322 in age group 21to29, with relationship status of 1 and is now HIV+.
s06348 is blackNH, aged 24.171923076923218 in age group 21to29, with relationship status of 0 and is now HIV+.
s09361 is hispanic, aged 26.14792307692322 in age group 21to29, with relationship status of 1 and is now HIV+.
s11821 is blackNH, aged 19.15384615384629 in age group 16to20, with relationship status of 1 and is now HIV+.
s12035 is hispanic, aged 18.942307692307818 in age group 16to20, with relationship status of 0 and is now HIV+.

Agents are being removed from the simulation...
s00881 is aged 29.99092307692322, whiteNH and is leaving the simulation.
s01202 is aged 29.98192307692322, whiteNH and is leaving the simulation.
s01252 is aged 29.99392307692322, whiteNH and is leaving the simulation.
s01959 is aged 29.991923076923218, whiteNH and is leaving the simulation.
s03136 is aged 29.98792307692322, whiteNH and is leaving the simulation.
s03494 is aged 29.991923076923218, whiteNH and is leaving the simulation.
s03638 is aged 29.99892307692322, whiteNH and is leaving the simulation.
s04469 is aged 29.982923076923218, blackNH and is leaving the simulation.
s04756 is aged 29.98692307692322, blackNH and is leaving the simulation.
s05950 is aged 26.39192307692322, blackNH and is leaving the simulation.
s06168 is aged 29.988923076923218, blackNH and is leaving the simulation.
s07482 is aged 29.99392307692322, hispanic and is leaving the simulation.
s08103 is aged 29.99992307692322, hispanic and is leaving the simulation.
s08986 is aged 29.997923076923218, hispanic and is leaving the simulation.
s10735 is aged 29.99992307692322, otherNH and is leaving the simulation.

Agents who have aged to a new age group are being updated...
s01518 is 21.017153846153988 and has aged to age group 21to29.
s03519 is 21.01215384615399 and has aged to age group 21to29.
s06486 is 21.01615384615399 and has aged to age group 21to29.
s06860 is 21.01315384615399 and has aged to age group 21to29.
s08719 is 21.017153846153988 and has aged to age group 21to29.
s08974 is 21.00115384615399 and has aged to age group 21to29.
s10277 is 21.00715384615399 and has aged to age group 21to29.
s10361 is 21.017153846153988 and has aged to age group 21to29.
s10498 is 21.00915384615399 and has aged to age group 21to29.
s11696 is 21.00415384615399 and has aged to age group 21to29.

New agents are being added to the simulation...
s14511 is age 16.0 and whiteNH and is entering the model
s14512 is age 16.0 and whiteNH and is entering the model
s14513 is age 16.0 and otherNH and is entering the model
s14514 is age 16.0 and otherNH and is entering the model
s14515 is age 16.0 and whiteNH and is entering the model
s14516 is age 16.0 and whiteNH and is entering the model
s14517 is age 16.0 and whiteNH and is entering the model
s14518 is age 16.0 and whiteNH and is entering the model
s14519 is age 16.0 and hispanic and is entering the model
s14520 is age 16.0 and blackNH and is entering the model
s14521 is age 16.0 and otherNH and is entering the model
s14522 is age 16.0 and blackNH and is entering the model
s14523 is age 16.0 and otherNH and is entering the model
s14524 is age 16.0 and blackNH and is entering the model
s14525 is age 16.0 and otherNH and is entering the model
s14526 is age 16.0 and otherNH and is entering the model
s14527 is age 16.0 and whiteNH and is entering the model
s14528 is age 16.0 and blackNH and is entering the model
s14529 is age 16.0 and whiteNH and is entering the model

Agents are attending venues and using apps for week 175 in simulation...


Epidemic Simulation
----------------------------
Simulation: 1/1
Timestep: 175/3640
Prevalence: 2021
Population Size: 11702
----------------------------
The ages, hiv status, and relationship status for the agents are being updated...
s04189 is blackNH, aged 27.06815384615399 in age group 16to20, with relationship status of 1 and is now HIV+.

Agents are being removed from the simulation...
s00034 is aged 29.985153846153988, whiteNH and is leaving the simulation.
s00409 is aged 29.993153846153987, whiteNH and is leaving the simulation.
s00429 is aged 29.98415384615399, whiteNH and is leaving the simulation.
s02092 is aged 29.99415384615399, whiteNH and is leaving the simulation.
s03203 is aged 29.99815384615399, whiteNH and is leaving the simulation.
s04657 is aged 29.99115384615399, blackNH and is leaving the simulation.
s05517 is aged 29.99115384615399, blackNH and is leaving the simulation.
s06095 is aged 29.98815384615399, blackNH and is leaving the simulation.
s09444 is aged 29.993153846153987, hispanic and is leaving the simulation.
s10203 is aged 29.985153846153988, hispanic and is leaving the simulation.

Agents who have aged to a new age group are being updated...
s00237 is 21.01138461538476 and has aged to age group 21to29.
s00387 is 21.01338461538476 and has aged to age group 21to29.
s00544 is 21.004384615384758 and has aged to age group 21to29.
s01196 is 21.00238461538476 and has aged to age group 21to29.
s03341 is 21.006384615384757 and has aged to age group 21to29.
s03632 is 21.015384615384757 and has aged to age group 21to29.
s04087 is 21.015384615384757 and has aged to age group 21to29.
s05160 is 21.01038461538476 and has aged to age group 21to29.
s06473 is 21.009384615384757 and has aged to age group 21to29.
s06755 is 21.015384615384757 and has aged to age group 21to29.
s06973 is 21.01438461538476 and has aged to age group 21to29.
s08711 is 21.00538461538476 and has aged to age group 21to29.
s08744 is 21.009384615384757 and has aged to age group 21to29.
s09506 is 21.01638461538476 and has aged to age group 21to29.
s11174 is 21.001384615384758 and has aged to age group 21to29.

New agents are being added to the simulation...
s14530 is age 16.0 and hispanic and is entering the model
s14531 is age 16.0 and blackNH and is entering the model
s14532 is age 16.0 and hispanic and is entering the model
s14533 is age 16.0 and blackNH and is entering the model
s14534 is age 16.0 and whiteNH and is entering the model
s14535 is age 16.0 and whiteNH and is entering the model
s14536 is age 16.0 and blackNH and is entering the model
s14537 is age 16.0 and whiteNH and is entering the model
s14538 is age 16.0 and blackNH and is entering the model
s14539 is age 16.0 and whiteNH and is entering the model
s14540 is age 16.0 and whiteNH and is entering the model
s14541 is age 16.0 and blackNH and is entering the model
s14542 is age 16.0 and otherNH and is entering the model
s14543 is age 16.0 and blackNH and is entering the model
s14544 is age 16.0 and blackNH and is entering the model
s14545 is age 16.0 and whiteNH and is entering the model
s14546 is age 16.0 and whiteNH and is entering the model
s14547 is age 16.0 and blackNH and is entering the model

Agents are attending venues and using apps for week 176 in simulation...

